focus,relation,related,hits,target_cpu_percent
ntdll.dll!***unknown***,callee,kernel32.dll!***unknown***,41641,96.10644387001477
kernel32.dll!***unknown***,callee,laneflow-urban-harness.exe!__scrt_common_main_seh,32979,76.11475258493353
kernel32.dll!***unknown***,callee,laneflow-urban-harness.exe!std::sys::thread::windows::impl$0::new::thread_start,8662,19.99169128508124
kernel32.dll!***unknown***,caller,ntdll.dll!***unknown***,41641,96.10644387001477
"laneflow-urban-harness.exe!std::sys::backtrace::__rust_begin_short_backtrace<void (*)(),tuple$<> >",callee,laneflow-urban-harness.exe!laneflow_urban_harness::main,32979,76.11475258493353
"laneflow-urban-harness.exe!std::sys::backtrace::__rust_begin_short_backtrace<void (*)(),tuple$<> >",caller,laneflow-urban-harness.exe!std::rt::lang_start::closure$0<tuple$<> >,32979,76.11475258493353
laneflow-urban-harness.exe!std::rt::lang_start_internal,callee,laneflow-urban-harness.exe!std::rt::lang_start::closure$0<tuple$<> >,32979,76.11475258493353
laneflow-urban-harness.exe!std::rt::lang_start_internal,caller,laneflow-urban-harness.exe!main,32979,76.11475258493353
laneflow-urban-harness.exe!std::rt::lang_start::closure$0<tuple$<> >,callee,"laneflow-urban-harness.exe!std::sys::backtrace::__rust_begin_short_backtrace<void (*)(),tuple$<> >",32979,76.11475258493353
laneflow-urban-harness.exe!std::rt::lang_start::closure$0<tuple$<> >,caller,laneflow-urban-harness.exe!std::rt::lang_start_internal,32979,76.11475258493353
laneflow-urban-harness.exe!main,callee,laneflow-urban-harness.exe!std::rt::lang_start_internal,32979,76.11475258493353
laneflow-urban-harness.exe!main,caller,laneflow-urban-harness.exe!__scrt_common_main_seh,32979,76.11475258493353
laneflow-urban-harness.exe!laneflow_urban_harness::short_prefix::run,callee,laneflow-urban-harness.exe!laneflow_urban_harness::runner::Harness::advance,32130,74.15528064992614
laneflow-urban-harness.exe!laneflow_urban_harness::short_prefix::run,callee,laneflow-urban-harness.exe!laneflow_urban_harness::research_quality::Quality::observe,657,1.5163404726735599
laneflow-urban-harness.exe!laneflow_urban_harness::short_prefix::run,callee,"laneflow-urban-harness.exe!serde_json::ser::to_writer<ref_mut$<std::io::buffered::bufwriter::BufWriter<std::fs::File> >,enum2$<serde_json::value::Value> >",178,0.4108197932053176
laneflow-urban-harness.exe!laneflow_urban_harness::short_prefix::run,callee,laneflow-urban-harness.exe!std::io::stdio::_eprint,7,0.01615583456425406
laneflow-urban-harness.exe!laneflow_urban_harness::short_prefix::run,callee,laneflow-urban-harness.exe!std::io::Write::write_fmt<std::io::buffered::bufwriter::BufWriter<std::fs::File> > (trimmed),4,0.009231905465288036
laneflow-urban-harness.exe!laneflow_urban_harness::short_prefix::run,callee,"laneflow-urban-harness.exe!laneflow_urban_harness::runner::_::impl$0::serialize<ref_mut$<serde_json::ser::Serializer<ref_mut$<std::io::buffered::bufwriter::BufWriter<std::fs::File> >,serde_json::ser::CompactFormatter> > > (trimmed)",2,0.004615952732644018
laneflow-urban-harness.exe!laneflow_urban_harness::short_prefix::run,callee,laneflow-urban-harness.exe!lf707_profile::read_boundary (trimmed),1,0.002307976366322009
laneflow-urban-harness.exe!laneflow_urban_harness::short_prefix::run,caller,laneflow-urban-harness.exe!laneflow_urban_harness::main,32979,76.11475258493353
laneflow-urban-harness.exe!laneflow_urban_harness::main,callee,laneflow-urban-harness.exe!laneflow_urban_harness::short_prefix::run,32979,76.11475258493353
laneflow-urban-harness.exe!laneflow_urban_harness::main,caller,"laneflow-urban-harness.exe!std::sys::backtrace::__rust_begin_short_backtrace<void (*)(),tuple$<> >",32979,76.11475258493353
laneflow-urban-harness.exe!__scrt_common_main_seh,callee,laneflow-urban-harness.exe!main,32979,76.11475258493353
laneflow-urban-harness.exe!__scrt_common_main_seh,caller,kernel32.dll!***unknown***,32979,76.11475258493353
laneflow-urban-harness.exe!laneflow_urban_harness::runner::Harness::advance,callee,laneflow-urban-harness.exe!laneflow_urban_harness::observe::state,12889,29.747507385524372
laneflow-urban-harness.exe!laneflow_urban_harness::runner::Harness::advance,callee,laneflow-urban-harness.exe!laneflow_runtime::facade::TrafficWorld::step,9399,21.692669867060562
laneflow-urban-harness.exe!laneflow_urban_harness::runner::Harness::advance,callee,laneflow-urban-harness.exe!laneflow_urban_harness::observe::counts,3369,7.775572378138848
laneflow-urban-harness.exe!laneflow_urban_harness::runner::Harness::advance,callee,laneflow-urban-harness.exe!laneflow_urban_harness::observe::events,1999,4.613644756277695
laneflow-urban-harness.exe!laneflow_urban_harness::runner::Harness::advance,callee,laneflow-urban-harness.exe!laneflow_urban_harness::runner::Harness::execute,1470,3.392725258493353
laneflow-urban-harness.exe!laneflow_urban_harness::runner::Harness::advance,callee,laneflow-urban-harness.exe!laneflow_urban_harness::observe::parking_invariants,1349,3.11346011816839
laneflow-urban-harness.exe!laneflow_urban_harness::runner::Harness::advance,callee,"laneflow-urban-harness.exe!alloc::vec::spec_from_iter_nested::impl$1::from_iter<enum2$<core::option::Option<laneflow_runtime::kernel::vehicle::VehicleState> >,core::iter::adapters::map::Map<core::slice::iter::Iter<laneflow_urban_harness::runner::Individual>,laneflow_urban_harness::runner::impl$2::advance::closure_env$1> >",563,1.299390694239291
laneflow-urban-harness.exe!laneflow_urban_harness::runner::Harness::advance,callee,laneflow-urban-harness.exe!laneflow_urban_harness::observe::red_waiters,439,1.013201624815362
laneflow-urban-harness.exe!laneflow_urban_harness::runner::Harness::advance,callee,"laneflow-urban-harness.exe!alloc::collections::btree::map::impl$0::drop<alloc::string::String,enum2$<serde_json::value::Value>,alloc::alloc::Global>",184,0.42466765140324964
laneflow-urban-harness.exe!laneflow_urban_harness::runner::Harness::advance,callee,"laneflow-urban-harness.exe!serde_json::ser::to_vec<alloc::vec::Vec<enum2$<serde_json::value::Value>,alloc::alloc::Global> >",151,0.34850443131462333
laneflow-urban-harness.exe!laneflow_urban_harness::runner::Harness::advance,callee,ntdll.dll!***unknown***,150,0.3461964549483013
laneflow-urban-harness.exe!laneflow_urban_harness::runner::Harness::advance,callee,laneflow-urban-harness.exe!laneflow_urban_harness::sha256,33,0.07616322008862629
laneflow-urban-harness.exe!laneflow_urban_harness::runner::Harness::advance,callee,laneflow-urban-harness.exe!laneflow_urban_harness::runner::signal_signature,21,0.04846750369276218
laneflow-urban-harness.exe!laneflow_urban_harness::runner::Harness::advance,callee,"laneflow-urban-harness.exe!alloc::collections::btree::map::impl$0::drop<u32,u8,alloc::alloc::Global>",10,0.02307976366322009
laneflow-urban-harness.exe!laneflow_urban_harness::runner::Harness::advance,callee,"laneflow-urban-harness.exe!alloc::collections::btree::map::impl$93::eq<u32,u8,alloc::alloc::Global>",9,0.02077178729689808
laneflow-urban-harness.exe!laneflow_urban_harness::runner::Harness::advance,callee,"laneflow-urban-harness.exe!core::slice::sort::stable::driftsort_main<laneflow_urban_harness::runner::Request,alloc::slice::impl$0::sort_by_key::closure_env$0<laneflow_urban_harness::runner::Request,tuple$<u8,u64,usize,u32,u32>,laneflow_urban_harness::runner::impl$2::advance::closure_env$0>,alloc::vec::Vec<laneflow_urban_harness::runner::Request,alloc::alloc::Global> > (trimmed)",2,0.004615952732644018
laneflow-urban-harness.exe!laneflow_urban_harness::runner::Harness::advance,callee,ntkrnlmp.exe!***unknown***,1,0.002307976366322009
laneflow-urban-harness.exe!laneflow_urban_harness::runner::Harness::advance,callee,ntdll.dll!***unknown*** (trimmed),1,0.002307976366322009
laneflow-urban-harness.exe!laneflow_urban_harness::runner::Harness::advance,callee,laneflow-urban-harness.exe!core::ptr::drop_glue<enum2$<serde_json::value::Value> >,1,0.002307976366322009
laneflow-urban-harness.exe!laneflow_urban_harness::runner::Harness::advance,caller,laneflow-urban-harness.exe!laneflow_urban_harness::short_prefix::run,32130,74.15528064992614
laneflow-urban-harness.exe!laneflow_urban_harness::observe::state,callee,laneflow-urban-harness.exe!laneflow_urban_harness::observe::Hash::flush,2914,6.725443131462334
laneflow-urban-harness.exe!laneflow_urban_harness::observe::state,callee,laneflow-urban-harness.exe!laneflow_urban_harness::observe::Hash::id,1534,3.5404357459379616
laneflow-urban-harness.exe!laneflow_urban_harness::observe::state,callee,laneflow-urban-harness.exe!laneflow_urban_harness::observe::Hash::bytes,1467,3.385801329394387
laneflow-urban-harness.exe!laneflow_urban_harness::observe::state,callee,"laneflow-urban-harness.exe!core::slice::sort::unstable::ipnsort<tuple$<u32,u64,u64,laneflow_urban_harness::runner::IndividualId>,bool (*)(ref$<tuple$<u32,u64,u64,laneflow_urban_harness::runner::IndividualId> >,ref$<tuple$<u32,u64,u64,laneflow_urban_harness::runner::IndividualId> >)>",1418,3.2727104874446087
laneflow-urban-harness.exe!laneflow_urban_harness::observe::state,callee,laneflow-urban-harness.exe!laneflow_runtime::facade::TrafficWorld::parking_binding,1199,2.7672636632200884
laneflow-urban-harness.exe!laneflow_urban_harness::observe::state,callee,"laneflow-urban-harness.exe!core::hash::BuildHasher::hash_one<std::hash::random::RandomState,ref$<laneflow_runtime::kernel::handle::RouteHandle> >",511,1.1793759231905465
laneflow-urban-harness.exe!laneflow_urban_harness::observe::state,callee,laneflow-urban-harness.exe!laneflow_runtime::facade::TrafficWorld::conflict_reservation,307,0.7085487444608567
laneflow-urban-harness.exe!laneflow_urban_harness::observe::state,callee,"laneflow-urban-harness.exe!alloc::raw_vec::RawVec<enum2$<serde_core::private::content::Content>,alloc::alloc::Global>::grow_one<enum2$<serde_core::private::content::Content>,alloc::alloc::Global>",298,0.6877769571639586
laneflow-urban-harness.exe!laneflow_urban_harness::observe::state,callee,"laneflow-urban-harness.exe!core::hash::BuildHasher::hash_one<std::hash::random::RandomState,ref$<enum2$<laneflow_runtime::kernel::parking::ParkingTarget> > >",183,0.4223596750369276
laneflow-urban-harness.exe!laneflow_urban_harness::observe::state,callee,laneflow-urban-harness.exe!lf707_profile::quality_motion,122,0.2815731166912851
laneflow-urban-harness.exe!laneflow_urban_harness::observe::state,callee,laneflow-urban-harness.exe!laneflow_runtime::facade::TrafficWorld::vehicle,119,0.27464918759231904
laneflow-urban-harness.exe!laneflow_urban_harness::observe::state,callee,"laneflow-urban-harness.exe!hashbrown::map::HashMap<u32,laneflow_urban_harness::runner::IndividualId,std::hash::random::RandomState,alloc::alloc::Global>::insert<u32,laneflow_urban_harness::runner::IndividualId,std::hash::random::RandomState,alloc::alloc::Global>",107,0.24695347119645494
laneflow-urban-harness.exe!laneflow_urban_harness::observe::state,callee,laneflow-urban-harness.exe!laneflow_runtime::facade::TrafficWorld::route_edges,107,0.24695347119645494
laneflow-urban-harness.exe!laneflow_urban_harness::observe::state,callee,ntdll.dll!***unknown***,84,0.19387001477104873
laneflow-urban-harness.exe!laneflow_urban_harness::observe::state,callee,laneflow-urban-harness.exe!laneflow_urban_harness::runner::Harness::stable_individual,65,0.15001846381093056
laneflow-urban-harness.exe!laneflow_urban_harness::observe::state,callee,laneflow-urban-harness.exe!laneflow_urban_harness::observe::range,49,0.11309084194977843
laneflow-urban-harness.exe!laneflow_urban_harness::observe::state,callee,ntkrnlmp.exe!***unknown***,43,0.09924298375184638
laneflow-urban-harness.exe!laneflow_urban_harness::observe::state,callee,"laneflow-urban-harness.exe!serde_core::ser::Serializer::collect_seq<ref_mut$<serde_json::ser::Serializer<ref_mut$<alloc::vec::Vec<u8,alloc::alloc::Global> >,serde_json::ser::CompactFormatter> >,ref$<alloc::vec::Vec<enum2$<serde_json::value::Value>,alloc::alloc::Global> > >",41,0.09462703101920236
laneflow-urban-harness.exe!laneflow_urban_harness::observe::state,callee,laneflow-urban-harness.exe!core::ptr::drop_glue<enum2$<serde_json::value::Value> >,14,0.03231166912850812
laneflow-urban-harness.exe!laneflow_urban_harness::observe::state,callee,ntdll.dll!***unknown***,11,0.025387740029542097
laneflow-urban-harness.exe!laneflow_urban_harness::observe::state,callee,ntkrnlmp.exe!***unknown***,3,0.006923929098966027
laneflow-urban-harness.exe!laneflow_urban_harness::observe::state,callee,"laneflow-urban-harness.exe!alloc::string::impl$10::from_iter<core::iter::adapters::map::Map<core::slice::iter::Iter<u8>,laneflow_urban_harness::hex::closure_env$0> > (trimmed)",3,0.006923929098966027
laneflow-urban-harness.exe!laneflow_urban_harness::observe::state,callee,laneflow-urban-harness.exe!laneflow_runtime::facade::TrafficWorld::waiting_zone (trimmed),3,0.006923929098966027
laneflow-urban-harness.exe!laneflow_urban_harness::observe::state,callee,laneflow-urban-harness.exe!std::alloc::__default_lib_allocator::__rdl_dealloc,3,0.006923929098966027
laneflow-urban-harness.exe!laneflow_urban_harness::observe::state,callee,"laneflow-urban-harness.exe!serde_json::value::ser::impl$0::serialize<ref_mut$<serde_json::ser::Serializer<ref_mut$<alloc::vec::Vec<u8,alloc::alloc::Global> >,serde_json::ser::CompactFormatter> > >",2,0.004615952732644018
laneflow-urban-harness.exe!laneflow_urban_harness::observe::state,callee,ntdll.dll!***unknown*** (trimmed),1,0.002307976366322009
laneflow-urban-harness.exe!laneflow_urban_harness::observe::state,callee,"laneflow-urban-harness.exe!enum2$<alloc::collections::btree::map::entry::Entry<u32,u32,alloc::alloc::Global> >::or_default<u32,u32,alloc::alloc::Global> (trimmed)",1,0.002307976366322009
laneflow-urban-harness.exe!laneflow_urban_harness::observe::state,callee,laneflow-urban-harness.exe!laneflow_runtime::facade::TrafficWorld::committed_signal_groups,1,0.002307976366322009
laneflow-urban-harness.exe!laneflow_urban_harness::observe::state,callee,laneflow-urban-harness.exe!std::hash::random::impl$0::new::KEYS::constant$0::closure$1::__RUST_STD_INTERNAL_VAL (trimmed),1,0.002307976366322009
laneflow-urban-harness.exe!laneflow_urban_harness::observe::state,caller,laneflow-urban-harness.exe!laneflow_urban_harness::runner::Harness::advance,12889,29.747507385524372
laneflow-urban-harness.exe!laneflow_runtime::kernel::state::WorldState::step,callee,laneflow-urban-harness.exe!laneflow_runtime::kernel::phase::StepWorkspace::prepare_commit,7985,18.42919128508124
laneflow-urban-harness.exe!laneflow_runtime::kernel::state::WorldState::step,callee,laneflow-urban-harness.exe!laneflow_runtime::kernel::occupancy::rebuild_occupancy_index,790,1.823301329394387
laneflow-urban-harness.exe!laneflow_runtime::kernel::state::WorldState::step,callee,laneflow-urban-harness.exe!laneflow_runtime::kernel::phase::CommittedStateMut::commit,601,1.3870937961595273
laneflow-urban-harness.exe!laneflow_runtime::kernel::state::WorldState::step,callee,laneflow-urban-harness.exe!laneflow_runtime::kernel::state::WorldState::conflict_state_valid,23,0.053083456425406204
laneflow-urban-harness.exe!laneflow_runtime::kernel::state::WorldState::step,caller,laneflow-urban-harness.exe!laneflow_runtime::facade::TrafficWorld::step,9399,21.692669867060562
laneflow-urban-harness.exe!laneflow_runtime::facade::TrafficWorld::step,callee,laneflow-urban-harness.exe!laneflow_runtime::kernel::state::WorldState::step,9399,21.692669867060562
laneflow-urban-harness.exe!laneflow_runtime::facade::TrafficWorld::step,caller,laneflow-urban-harness.exe!laneflow_urban_harness::runner::Harness::advance,9399,21.692669867060562
laneflow-urban-harness.exe!std::sys::thread::windows::impl$0::new::thread_start,callee,"laneflow-urban-harness.exe!core::ops::function::FnOnce::call_once<std::thread::lifecycle::spawn_unchecked::closure_env$1<laneflow_runtime::kernel::execution::impl$4::start::closure$2::closure_env$0,tuple$<> >,tuple$<> >",8662,19.99169128508124
laneflow-urban-harness.exe!std::sys::thread::windows::impl$0::new::thread_start,caller,kernel32.dll!***unknown***,8662,19.99169128508124
"laneflow-urban-harness.exe!std::sys::backtrace::__rust_begin_short_backtrace<laneflow_runtime::kernel::execution::impl$4::start::closure$2::closure_env$0,tuple$<> >",callee,laneflow-urban-harness.exe!rayon_core::registry::ThreadBuilder::run,8662,19.99169128508124
"laneflow-urban-harness.exe!std::sys::backtrace::__rust_begin_short_backtrace<laneflow_runtime::kernel::execution::impl$4::start::closure$2::closure_env$0,tuple$<> >",caller,"laneflow-urban-harness.exe!core::ops::function::FnOnce::call_once<std::thread::lifecycle::spawn_unchecked::closure_env$1<laneflow_runtime::kernel::execution::impl$4::start::closure$2::closure_env$0,tuple$<> >,tuple$<> >",8662,19.99169128508124
laneflow-urban-harness.exe!rayon_core::registry::WorkerThread::wait_until_cold,callee,"laneflow-urban-harness.exe!rayon_core::job::impl$6::execute<rayon_core::scope::impl$0::spawn::closure_env$0<laneflow_runtime::kernel::execution::impl$4::try_for_each_chunk::closure$0::closure_env$0<laneflow_runtime::kernel::tick::VehicleMotionOutcome,laneflow_runtime::kernel::tick::prepare_motion_dispatched::closure_env$0> > >",6501,15.00415435745938
laneflow-urban-harness.exe!rayon_core::registry::WorkerThread::wait_until_cold,callee,"laneflow-urban-harness.exe!rayon_core::job::impl$6::execute<rayon_core::scope::impl$0::spawn::closure_env$0<laneflow_runtime::kernel::execution::impl$4::try_for_each_chunk::closure$0::closure_env$0<enum2$<laneflow_runtime::kernel::conflict_tick::CandidateReport>,laneflow_runtime::kernel::conflict_tick::impl$6::prepare_conflict_candidates_dispatched::closure_env$2> > >",1399,3.22885893648449
laneflow-urban-harness.exe!rayon_core::registry::WorkerThread::wait_until_cold,callee,"laneflow-urban-harness.exe!rayon_core::job::impl$6::execute<rayon_core::scope::impl$0::spawn::closure_env$0<laneflow_runtime::kernel::execution::impl$4::try_for_each_chunk::closure$0::closure_env$0<laneflow_runtime::kernel::tick::WaitingPreviewEntry,laneflow_runtime::kernel::waiting::prepare_waiting_previews_dispatched::closure_env$0> > >",566,1.306314623338257
laneflow-urban-harness.exe!rayon_core::registry::WorkerThread::wait_until_cold,callee,laneflow-urban-harness.exe!rayon_core::sleep::Sleep::sleep<rayon_core::registry::impl$10::wait_until_cold::closure_env$0>,91,0.2100258493353028
laneflow-urban-harness.exe!rayon_core::registry::WorkerThread::wait_until_cold,callee,laneflow-urban-harness.exe!rayon_core::sleep::Sleep::wake_any_threads,42,0.09693500738552437
laneflow-urban-harness.exe!rayon_core::registry::WorkerThread::wait_until_cold,callee,Kernelbase.dll!***unknown***,30,0.06923929098966027
laneflow-urban-harness.exe!rayon_core::registry::WorkerThread::wait_until_cold,callee,laneflow-urban-harness.exe!rayon_core::registry::WorkerThread::find_work,27,0.06231536189069424
laneflow-urban-harness.exe!rayon_core::registry::WorkerThread::wait_until_cold,callee,ntdll.dll!***unknown***,3,0.006923929098966027
laneflow-urban-harness.exe!rayon_core::registry::WorkerThread::wait_until_cold,callee,ntdll.dll!***unknown*** (trimmed),1,0.002307976366322009
laneflow-urban-harness.exe!rayon_core::registry::WorkerThread::wait_until_cold,callee,laneflow-urban-harness.exe!crossbeam_deque::deque::Stealer<rayon_core::job::JobRef>::steal<rayon_core::job::JobRef>,1,0.002307976366322009
laneflow-urban-harness.exe!rayon_core::registry::WorkerThread::wait_until_cold,caller,laneflow-urban-harness.exe!rayon_core::registry::ThreadBuilder::run,8662,19.99169128508124
laneflow-urban-harness.exe!rayon_core::registry::ThreadBuilder::run,callee,laneflow-urban-harness.exe!rayon_core::registry::WorkerThread::wait_until_cold,8662,19.99169128508124
laneflow-urban-harness.exe!rayon_core::registry::ThreadBuilder::run,caller,"laneflow-urban-harness.exe!std::sys::backtrace::__rust_begin_short_backtrace<laneflow_runtime::kernel::execution::impl$4::start::closure$2::closure_env$0,tuple$<> >",8662,19.99169128508124
"laneflow-urban-harness.exe!core::ops::function::FnOnce::call_once<std::thread::lifecycle::spawn_unchecked::closure_env$1<laneflow_runtime::kernel::execution::impl$4::start::closure$2::closure_env$0,tuple$<> >,tuple$<> >",callee,"laneflow-urban-harness.exe!std::sys::backtrace::__rust_begin_short_backtrace<laneflow_runtime::kernel::execution::impl$4::start::closure$2::closure_env$0,tuple$<> >",8662,19.99169128508124
"laneflow-urban-harness.exe!core::ops::function::FnOnce::call_once<std::thread::lifecycle::spawn_unchecked::closure_env$1<laneflow_runtime::kernel::execution::impl$4::start::closure$2::closure_env$0,tuple$<> >,tuple$<> >",caller,laneflow-urban-harness.exe!std::sys::thread::windows::impl$0::new::thread_start,8662,19.99169128508124
laneflow-urban-harness.exe!laneflow_runtime::kernel::tick::MotionTaskView::vehicle_motion_outcome,callee,laneflow-urban-harness.exe!laneflow_runtime::kernel::phase::StepReadView::calculate_active_vehicle_motion,4903,11.31600812407681
laneflow-urban-harness.exe!laneflow_runtime::kernel::tick::MotionTaskView::vehicle_motion_outcome,callee,"laneflow-urban-harness.exe!hashbrown::map::HashMap<laneflow_runtime::kernel::handle::VehicleHandle,enum2$<laneflow_runtime::kernel::parking::ParkingBinding>,std::hash::random::RandomState,alloc::alloc::Global>::get<laneflow_runtime::kernel::handle::VehicleHandle,enum2$<laneflow_runtime::kernel::parking::ParkingBinding>,std::hash::random::RandomState,alloc::alloc::Global,laneflow_runtime::kernel::handle::VehicleHandle>",942,2.1741137370753325
laneflow-urban-harness.exe!laneflow_runtime::kernel::tick::MotionTaskView::vehicle_motion_outcome,callee,laneflow-urban-harness.exe!laneflow_runtime::kernel::conflict::ConflictRead::owner_at,368,0.8493353028064993
laneflow-urban-harness.exe!laneflow_runtime::kernel::tick::MotionTaskView::vehicle_motion_outcome,callee,laneflow-urban-harness.exe!laneflow_runtime::kernel::phase::StepReadView::parking_state_valid_with_binding,114,0.263109305760709
laneflow-urban-harness.exe!laneflow_runtime::kernel::tick::MotionTaskView::vehicle_motion_outcome,callee,laneflow-urban-harness.exe!laneflow_runtime::kernel::tick::impl$5::vehicle_motion_outcome::closure$3,47,0.10847488921713441
laneflow-urban-harness.exe!laneflow_runtime::kernel::tick::MotionTaskView::vehicle_motion_outcome,callee,laneflow-urban-harness.exe!laneflow_runtime::kernel::boundary::advance,39,0.09001107828655834
laneflow-urban-harness.exe!laneflow_runtime::kernel::tick::MotionTaskView::vehicle_motion_outcome,callee,ntkrnlmp.exe!***unknown***,8,0.01846381093057607
laneflow-urban-harness.exe!laneflow_runtime::kernel::tick::MotionTaskView::vehicle_motion_outcome,callee,ntkrnlmp.exe!***unknown***,2,0.004615952732644018
laneflow-urban-harness.exe!laneflow_runtime::kernel::tick::MotionTaskView::vehicle_motion_outcome,caller,"laneflow-urban-harness.exe!rayon_core::scope::ScopeBase::execute_job_closure<rayon_core::scope::impl$0::spawn::closure$0::closure_env$0<laneflow_runtime::kernel::execution::impl$4::try_for_each_chunk::closure$0::closure_env$0<laneflow_runtime::kernel::tick::VehicleMotionOutcome,laneflow_runtime::kernel::tick::prepare_motion_dispatched::closure_env$0> >,tuple$<> >",6204,14.318685376661742
laneflow-urban-harness.exe!laneflow_runtime::kernel::tick::MotionTaskView::vehicle_motion_outcome,caller,"laneflow-urban-harness.exe!enum2$<laneflow_runtime::kernel::execution::ExecutionResources>::try_for_each_chunk<laneflow_runtime::kernel::tick::VehicleMotionOutcome,laneflow_runtime::kernel::tick::prepare_motion_dispatched::closure_env$0>",2065,4.765971196454949
laneflow-urban-harness.exe!laneflow_runtime::kernel::phase::StepWorkspace::prepare_commit,callee,laneflow-urban-harness.exe!laneflow_runtime::kernel::phase::StepWorkspace::stage_vehicle_transitions,7291,16.827455686853767
laneflow-urban-harness.exe!laneflow_runtime::kernel::phase::StepWorkspace::prepare_commit,callee,laneflow-urban-harness.exe!laneflow_runtime::kernel::waiting::prepare_waiting_previews_dispatched,599,1.3824778434268834
laneflow-urban-harness.exe!laneflow_runtime::kernel::phase::StepWorkspace::prepare_commit,callee,laneflow-urban-harness.exe!laneflow_runtime::kernel::phase::StepReadView::waiting_semantic_member_count,88,0.20310192023633677
laneflow-urban-harness.exe!laneflow_runtime::kernel::phase::StepWorkspace::prepare_commit,callee,vcruntime140.dll!***unknown***,1,0.002307976366322009
laneflow-urban-harness.exe!laneflow_runtime::kernel::phase::StepWorkspace::prepare_commit,callee,vcruntime140.dll!***unknown*** (trimmed),1,0.002307976366322009
laneflow-urban-harness.exe!laneflow_runtime::kernel::phase::StepWorkspace::prepare_commit,callee,vcruntime140.dll!***unknown*** (trimmed),1,0.002307976366322009
laneflow-urban-harness.exe!laneflow_runtime::kernel::phase::StepWorkspace::prepare_commit,callee,vcruntime140.dll!***unknown*** (trimmed),1,0.002307976366322009
laneflow-urban-harness.exe!laneflow_runtime::kernel::phase::StepWorkspace::prepare_commit,caller,laneflow-urban-harness.exe!laneflow_runtime::kernel::state::WorldState::step,7985,18.42919128508124
"laneflow-urban-harness.exe!core::slice::sort::unstable::quicksort::quicksort<tuple$<u32,u64,u64,laneflow_urban_harness::runner::IndividualId>,bool (*)(ref$<tuple$<u32,u64,u64,laneflow_urban_harness::runner::IndividualId> >,ref$<tuple$<u32,u64,u64,laneflow_urban_harness::runner::IndividualId> >)>",callee,"laneflow-urban-harness.exe!core::slice::sort::unstable::quicksort::quicksort<tuple$<u32,u64,u64,laneflow_urban_harness::runner::IndividualId>,bool (*)(ref$<tuple$<u32,u64,u64,laneflow_urban_harness::runner::IndividualId> >,ref$<tuple$<u32,u64,u64,laneflow_urban_harness::runner::IndividualId> >)>",6502,15.006462333825702
"laneflow-urban-harness.exe!core::slice::sort::unstable::quicksort::quicksort<tuple$<u32,u64,u64,laneflow_urban_harness::runner::IndividualId>,bool (*)(ref$<tuple$<u32,u64,u64,laneflow_urban_harness::runner::IndividualId> >,ref$<tuple$<u32,u64,u64,laneflow_urban_harness::runner::IndividualId> >)>",callee,"laneflow-urban-harness.exe!core::slice::sort::shared::smallsort::small_sort_general<tuple$<u32,u64,u64,laneflow_urban_harness::runner::IndividualId>,bool (*)(ref$<tuple$<u32,u64,u64,laneflow_urban_harness::runner::IndividualId> >,ref$<tuple$<u32,u64,u64,laneflow_urban_harness::runner::IndividualId> >)>",785,1.811761447562777
"laneflow-urban-harness.exe!core::slice::sort::unstable::quicksort::quicksort<tuple$<u32,u64,u64,laneflow_urban_harness::runner::IndividualId>,bool (*)(ref$<tuple$<u32,u64,u64,laneflow_urban_harness::runner::IndividualId> >,ref$<tuple$<u32,u64,u64,laneflow_urban_harness::runner::IndividualId> >)>",callee,"laneflow-urban-harness.exe!core::slice::sort::shared::pivot::median3_rec<tuple$<u32,u64,u64,laneflow_urban_harness::runner::IndividualId>,bool (*)(ref$<tuple$<u32,u64,u64,laneflow_urban_harness::runner::IndividualId> >,ref$<tuple$<u32,u64,u64,laneflow_urban_harness::runner::IndividualId> >)>",33,0.07616322008862629
"laneflow-urban-harness.exe!core::slice::sort::unstable::quicksort::quicksort<tuple$<u32,u64,u64,laneflow_urban_harness::runner::IndividualId>,bool (*)(ref$<tuple$<u32,u64,u64,laneflow_urban_harness::runner::IndividualId> >,ref$<tuple$<u32,u64,u64,laneflow_urban_harness::runner::IndividualId> >)>",callee,ntkrnlmp.exe!***unknown***,2,0.004615952732644018
"laneflow-urban-harness.exe!core::slice::sort::unstable::quicksort::quicksort<tuple$<u32,u64,u64,laneflow_urban_harness::runner::IndividualId>,bool (*)(ref$<tuple$<u32,u64,u64,laneflow_urban_harness::runner::IndividualId> >,ref$<tuple$<u32,u64,u64,laneflow_urban_harness::runner::IndividualId> >)>",caller,"laneflow-urban-harness.exe!core::slice::sort::unstable::quicksort::quicksort<tuple$<u32,u64,u64,laneflow_urban_harness::runner::IndividualId>,bool (*)(ref$<tuple$<u32,u64,u64,laneflow_urban_harness::runner::IndividualId> >,ref$<tuple$<u32,u64,u64,laneflow_urban_harness::runner::IndividualId> >)>",6502,15.006462333825702
"laneflow-urban-harness.exe!core::slice::sort::unstable::quicksort::quicksort<tuple$<u32,u64,u64,laneflow_urban_harness::runner::IndividualId>,bool (*)(ref$<tuple$<u32,u64,u64,laneflow_urban_harness::runner::IndividualId> >,ref$<tuple$<u32,u64,u64,laneflow_urban_harness::runner::IndividualId> >)>",caller,"laneflow-urban-harness.exe!core::slice::sort::unstable::ipnsort<tuple$<u32,u64,u64,laneflow_urban_harness::runner::IndividualId>,bool (*)(ref$<tuple$<u32,u64,u64,laneflow_urban_harness::runner::IndividualId> >,ref$<tuple$<u32,u64,u64,laneflow_urban_harness::runner::IndividualId> >)>",1417,3.2704025110782866
laneflow-urban-harness.exe!laneflow_runtime::kernel::phase::StepWorkspace::stage_vehicle_transitions,callee,laneflow-urban-harness.exe!laneflow_runtime::kernel::tick::prepare_motion_dispatched,2941,6.787758493353028
laneflow-urban-harness.exe!laneflow_runtime::kernel::phase::StepWorkspace::stage_vehicle_transitions,callee,laneflow-urban-harness.exe!laneflow_runtime::kernel::phase::StepReadView::scope_near_gate,563,1.299390694239291
laneflow-urban-harness.exe!laneflow_runtime::kernel::phase::StepWorkspace::stage_vehicle_transitions,callee,"laneflow-urban-harness.exe!enum2$<laneflow_runtime::kernel::execution::ExecutionResources>::try_for_each_chunk<enum2$<laneflow_runtime::kernel::conflict_tick::CandidateReport>,laneflow_runtime::kernel::conflict_tick::impl$6::prepare_conflict_candidates_dispatched::closure_env$2>",489,1.1286004431314622
laneflow-urban-harness.exe!laneflow_runtime::kernel::phase::StepWorkspace::stage_vehicle_transitions,callee,laneflow-urban-harness.exe!laneflow_runtime::kernel::phase::StepReadView::conflict_eligibility_valid_with_signals,188,0.43389955686853765
laneflow-urban-harness.exe!laneflow_runtime::kernel::phase::StepWorkspace::stage_vehicle_transitions,callee,laneflow-urban-harness.exe!laneflow_runtime::kernel::conflict::ConflictRead::reservation,163,0.37620014771048743
laneflow-urban-harness.exe!laneflow_runtime::kernel::phase::StepWorkspace::stage_vehicle_transitions,callee,"laneflow-urban-harness.exe!core::slice::sort::unstable::ipnsort<laneflow_runtime::kernel::conflict_tick::ConflictCandidate,core::slice::impl$0::sort_unstable_by_key::closure_env$0<laneflow_runtime::kernel::conflict_tick::ConflictCandidate,tuple$<laneflow_runtime::kernel::conflict::ConflictCandidateOrderKey,u32>,laneflow_runtime::kernel::conflict_tick::impl$6::prepare_conflict_candidates::closure_env$1> >",120,0.27695716395864106
laneflow-urban-harness.exe!laneflow_runtime::kernel::phase::StepWorkspace::stage_vehicle_transitions,callee,laneflow-urban-harness.exe!laneflow_runtime::kernel::conflict::ConflictRead::cells_unavailable,108,0.24926144756277696
laneflow-urban-harness.exe!laneflow_runtime::kernel::phase::StepWorkspace::stage_vehicle_transitions,callee,laneflow-urban-harness.exe!laneflow_runtime::kernel::conflict::ConflictRead::owner_at,105,0.24233751846381094
laneflow-urban-harness.exe!laneflow_runtime::kernel::phase::StepWorkspace::stage_vehicle_transitions,callee,laneflow-urban-harness.exe!laneflow_runtime::kernel::conflict::ConflictResolution::insert_approach_owner_reduced,92,0.21233382570162482
laneflow-urban-harness.exe!laneflow_runtime::kernel::phase::StepWorkspace::stage_vehicle_transitions,callee,laneflow-urban-harness.exe!laneflow_runtime::kernel::phase::StepWorkspace::finalize_waiting_outputs,87,0.20079394387001476
laneflow-urban-harness.exe!laneflow_runtime::kernel::phase::StepWorkspace::stage_vehicle_transitions,callee,"laneflow-urban-harness.exe!core::slice::impl$0::sort_unstable_by_key<laneflow_runtime::kernel::conflict_tick::ConflictDecision,tuple$<u32,u32,enum2$<core::option::Option<laneflow_runtime::kernel::conflict::ConflictPassageAddress> > >,laneflow_runtime::kernel::conflict_tick::impl$6::finalize_conflict_step::closure_env$15>",82,0.18925406203840472
laneflow-urban-harness.exe!laneflow_runtime::kernel::phase::StepWorkspace::stage_vehicle_transitions,callee,laneflow-urban-harness.exe!laneflow_static_network::relations::SharedRelationClosure::vehicle_profile,80,0.18463810930576072
laneflow-urban-harness.exe!laneflow_runtime::kernel::phase::StepWorkspace::stage_vehicle_transitions,callee,laneflow-urban-harness.exe!laneflow_runtime::kernel::conflict_tick::ConflictSchedule::next,62,0.14309453471196454
laneflow-urban-harness.exe!laneflow_runtime::kernel::phase::StepWorkspace::stage_vehicle_transitions,callee,laneflow-urban-harness.exe!laneflow_runtime::kernel::world::fill_signal_aspects,43,0.09924298375184638
laneflow-urban-harness.exe!laneflow_runtime::kernel::phase::StepWorkspace::stage_vehicle_transitions,callee,laneflow-urban-harness.exe!laneflow_runtime::kernel::phase::StepReadView::derive_waiting_traversal_with_signals,27,0.06231536189069424
laneflow-urban-harness.exe!laneflow_runtime::kernel::phase::StepWorkspace::stage_vehicle_transitions,callee,laneflow-urban-harness.exe!laneflow_runtime::kernel::conflict::ConflictWrite::try_acquire,22,0.050775480059084194
laneflow-urban-harness.exe!laneflow_runtime::kernel::phase::StepWorkspace::stage_vehicle_transitions,callee,vcruntime140.dll!***unknown***,12,0.027695716395864108
laneflow-urban-harness.exe!laneflow_runtime::kernel::phase::StepWorkspace::stage_vehicle_transitions,callee,laneflow-urban-harness.exe!laneflow_runtime::kernel::conflict_tick::ConflictSchedule::prepare,11,0.025387740029542097
laneflow-urban-harness.exe!laneflow_runtime::kernel::phase::StepWorkspace::stage_vehicle_transitions,callee,laneflow-urban-harness.exe!core::ptr::drop_glue<enum2$<laneflow_runtime::kernel::execution::DispatchSlot<enum2$<laneflow_runtime::kernel::conflict_tick::CandidateReport> > > >,8,0.01846381093057607
laneflow-urban-harness.exe!laneflow_runtime::kernel::phase::StepWorkspace::stage_vehicle_transitions,callee,laneflow-urban-harness.exe!laneflow_runtime::kernel::boundary::Workspace::all_clear,8,0.01846381093057607
laneflow-urban-harness.exe!laneflow_runtime::kernel::phase::StepWorkspace::stage_vehicle_transitions,callee,vcruntime140.dll!***unknown***,7,0.01615583456425406
laneflow-urban-harness.exe!laneflow_runtime::kernel::phase::StepWorkspace::stage_vehicle_transitions,callee,vcruntime140.dll!***unknown***,5,0.011539881831610045
laneflow-urban-harness.exe!laneflow_runtime::kernel::phase::StepWorkspace::stage_vehicle_transitions,callee,ntkrnlmp.exe!***unknown***,4,0.009231905465288036
laneflow-urban-harness.exe!laneflow_runtime::kernel::phase::StepWorkspace::stage_vehicle_transitions,callee,vcruntime140.dll!***unknown***,4,0.009231905465288036
laneflow-urban-harness.exe!laneflow_runtime::kernel::phase::StepWorkspace::stage_vehicle_transitions,callee,vcruntime140.dll!***unknown***,4,0.009231905465288036
laneflow-urban-harness.exe!laneflow_runtime::kernel::phase::StepWorkspace::stage_vehicle_transitions,callee,laneflow-urban-harness.exe!alloc::raw_vec::RawVecInner<alloc::alloc::Global>::try_reserve<alloc::alloc::Global> (trimmed),4,0.009231905465288036
laneflow-urban-harness.exe!laneflow_runtime::kernel::phase::StepWorkspace::stage_vehicle_transitions,callee,vcruntime140.dll!***unknown***,3,0.006923929098966027
laneflow-urban-harness.exe!laneflow_runtime::kernel::phase::StepWorkspace::stage_vehicle_transitions,callee,ntkrnlmp.exe!***unknown***,2,0.004615952732644018
laneflow-urban-harness.exe!laneflow_runtime::kernel::phase::StepWorkspace::stage_vehicle_transitions,callee,vcruntime140.dll!***unknown***,2,0.004615952732644018
laneflow-urban-harness.exe!laneflow_runtime::kernel::phase::StepWorkspace::stage_vehicle_transitions,callee,vcruntime140.dll!***unknown***,2,0.004615952732644018
laneflow-urban-harness.exe!laneflow_runtime::kernel::phase::StepWorkspace::stage_vehicle_transitions,callee,vcruntime140.dll!***unknown*** (trimmed),2,0.004615952732644018
laneflow-urban-harness.exe!laneflow_runtime::kernel::phase::StepWorkspace::stage_vehicle_transitions,callee,laneflow-urban-harness.exe!laneflow_runtime::kernel::conflict_tick::reserve<laneflow_runtime::kernel::conflict_tick::ConflictDecision> (trimmed),2,0.004615952732644018
laneflow-urban-harness.exe!laneflow_runtime::kernel::phase::StepWorkspace::stage_vehicle_transitions,callee,ntkrnlmp.exe!***unknown*** (trimmed),1,0.002307976366322009
laneflow-urban-harness.exe!laneflow_runtime::kernel::phase::StepWorkspace::stage_vehicle_transitions,callee,vcruntime140.dll!***unknown***,1,0.002307976366322009
laneflow-urban-harness.exe!laneflow_runtime::kernel::phase::StepWorkspace::stage_vehicle_transitions,callee,vcruntime140.dll!***unknown***,1,0.002307976366322009
laneflow-urban-harness.exe!laneflow_runtime::kernel::phase::StepWorkspace::stage_vehicle_transitions,callee,vcruntime140.dll!***unknown*** (trimmed),1,0.002307976366322009
laneflow-urban-harness.exe!laneflow_runtime::kernel::phase::StepWorkspace::stage_vehicle_transitions,callee,vcruntime140.dll!***unknown*** (trimmed),1,0.002307976366322009
laneflow-urban-harness.exe!laneflow_runtime::kernel::phase::StepWorkspace::stage_vehicle_transitions,callee,vcruntime140.dll!***unknown*** (trimmed),1,0.002307976366322009
laneflow-urban-harness.exe!laneflow_runtime::kernel::phase::StepWorkspace::stage_vehicle_transitions,callee,vcruntime140.dll!***unknown***,1,0.002307976366322009
laneflow-urban-harness.exe!laneflow_runtime::kernel::phase::StepWorkspace::stage_vehicle_transitions,callee,vcruntime140.dll!***unknown***,1,0.002307976366322009
laneflow-urban-harness.exe!laneflow_runtime::kernel::phase::StepWorkspace::stage_vehicle_transitions,callee,vcruntime140.dll!***unknown*** (trimmed),1,0.002307976366322009
laneflow-urban-harness.exe!laneflow_runtime::kernel::phase::StepWorkspace::stage_vehicle_transitions,callee,vcruntime140.dll!***unknown***,1,0.002307976366322009
laneflow-urban-harness.exe!laneflow_runtime::kernel::phase::StepWorkspace::stage_vehicle_transitions,callee,vcruntime140.dll!***unknown***,1,0.002307976366322009
laneflow-urban-harness.exe!laneflow_runtime::kernel::phase::StepWorkspace::stage_vehicle_transitions,callee,laneflow-urban-harness.exe!laneflow_runtime::kernel::waiting_graph::WaitingGraph::rollback (trimmed),1,0.002307976366322009
laneflow-urban-harness.exe!laneflow_runtime::kernel::phase::StepWorkspace::stage_vehicle_transitions,caller,laneflow-urban-harness.exe!laneflow_runtime::kernel::phase::StepWorkspace::prepare_commit,7291,16.827455686853767
"laneflow-urban-harness.exe!rayon_core::scope::ScopeBase::execute_job_closure<rayon_core::scope::impl$0::spawn::closure$0::closure_env$0<laneflow_runtime::kernel::execution::impl$4::try_for_each_chunk::closure$0::closure_env$0<laneflow_runtime::kernel::tick::VehicleMotionOutcome,laneflow_runtime::kernel::tick::prepare_motion_dispatched::closure_env$0> >,tuple$<> >",callee,laneflow-urban-harness.exe!laneflow_runtime::kernel::tick::MotionTaskView::vehicle_motion_outcome,6204,14.318685376661742
"laneflow-urban-harness.exe!rayon_core::scope::ScopeBase::execute_job_closure<rayon_core::scope::impl$0::spawn::closure$0::closure_env$0<laneflow_runtime::kernel::execution::impl$4::try_for_each_chunk::closure$0::closure_env$0<laneflow_runtime::kernel::tick::VehicleMotionOutcome,laneflow_runtime::kernel::tick::prepare_motion_dispatched::closure_env$0> >,tuple$<> >",callee,vcruntime140.dll!***unknown***,39,0.09001107828655834
"laneflow-urban-harness.exe!rayon_core::scope::ScopeBase::execute_job_closure<rayon_core::scope::impl$0::spawn::closure$0::closure_env$0<laneflow_runtime::kernel::execution::impl$4::try_for_each_chunk::closure$0::closure_env$0<laneflow_runtime::kernel::tick::VehicleMotionOutcome,laneflow_runtime::kernel::tick::prepare_motion_dispatched::closure_env$0> >,tuple$<> >",callee,vcruntime140.dll!***unknown***,25,0.05769940915805022
"laneflow-urban-harness.exe!rayon_core::scope::ScopeBase::execute_job_closure<rayon_core::scope::impl$0::spawn::closure$0::closure_env$0<laneflow_runtime::kernel::execution::impl$4::try_for_each_chunk::closure$0::closure_env$0<laneflow_runtime::kernel::tick::VehicleMotionOutcome,laneflow_runtime::kernel::tick::prepare_motion_dispatched::closure_env$0> >,tuple$<> >",callee,vcruntime140.dll!***unknown***,16,0.03692762186115214
"laneflow-urban-harness.exe!rayon_core::scope::ScopeBase::execute_job_closure<rayon_core::scope::impl$0::spawn::closure$0::closure_env$0<laneflow_runtime::kernel::execution::impl$4::try_for_each_chunk::closure$0::closure_env$0<laneflow_runtime::kernel::tick::VehicleMotionOutcome,laneflow_runtime::kernel::tick::prepare_motion_dispatched::closure_env$0> >,tuple$<> >",callee,vcruntime140.dll!***unknown***,16,0.03692762186115214
"laneflow-urban-harness.exe!rayon_core::scope::ScopeBase::execute_job_closure<rayon_core::scope::impl$0::spawn::closure$0::closure_env$0<laneflow_runtime::kernel::execution::impl$4::try_for_each_chunk::closure$0::closure_env$0<laneflow_runtime::kernel::tick::VehicleMotionOutcome,laneflow_runtime::kernel::tick::prepare_motion_dispatched::closure_env$0> >,tuple$<> >",callee,vcruntime140.dll!***unknown***,15,0.03461964549483013
"laneflow-urban-harness.exe!rayon_core::scope::ScopeBase::execute_job_closure<rayon_core::scope::impl$0::spawn::closure$0::closure_env$0<laneflow_runtime::kernel::execution::impl$4::try_for_each_chunk::closure$0::closure_env$0<laneflow_runtime::kernel::tick::VehicleMotionOutcome,laneflow_runtime::kernel::tick::prepare_motion_dispatched::closure_env$0> >,tuple$<> >",callee,vcruntime140.dll!***unknown***,14,0.03231166912850812
"laneflow-urban-harness.exe!rayon_core::scope::ScopeBase::execute_job_closure<rayon_core::scope::impl$0::spawn::closure$0::closure_env$0<laneflow_runtime::kernel::execution::impl$4::try_for_each_chunk::closure$0::closure_env$0<laneflow_runtime::kernel::tick::VehicleMotionOutcome,laneflow_runtime::kernel::tick::prepare_motion_dispatched::closure_env$0> >,tuple$<> >",callee,vcruntime140.dll!***unknown***,11,0.025387740029542097
"laneflow-urban-harness.exe!rayon_core::scope::ScopeBase::execute_job_closure<rayon_core::scope::impl$0::spawn::closure$0::closure_env$0<laneflow_runtime::kernel::execution::impl$4::try_for_each_chunk::closure$0::closure_env$0<laneflow_runtime::kernel::tick::VehicleMotionOutcome,laneflow_runtime::kernel::tick::prepare_motion_dispatched::closure_env$0> >,tuple$<> >",callee,vcruntime140.dll!***unknown***,11,0.025387740029542097
"laneflow-urban-harness.exe!rayon_core::scope::ScopeBase::execute_job_closure<rayon_core::scope::impl$0::spawn::closure$0::closure_env$0<laneflow_runtime::kernel::execution::impl$4::try_for_each_chunk::closure$0::closure_env$0<laneflow_runtime::kernel::tick::VehicleMotionOutcome,laneflow_runtime::kernel::tick::prepare_motion_dispatched::closure_env$0> >,tuple$<> >",callee,vcruntime140.dll!***unknown***,9,0.02077178729689808
"laneflow-urban-harness.exe!rayon_core::scope::ScopeBase::execute_job_closure<rayon_core::scope::impl$0::spawn::closure$0::closure_env$0<laneflow_runtime::kernel::execution::impl$4::try_for_each_chunk::closure$0::closure_env$0<laneflow_runtime::kernel::tick::VehicleMotionOutcome,laneflow_runtime::kernel::tick::prepare_motion_dispatched::closure_env$0> >,tuple$<> >",callee,vcruntime140.dll!***unknown***,6,0.013847858197932054
"laneflow-urban-harness.exe!rayon_core::scope::ScopeBase::execute_job_closure<rayon_core::scope::impl$0::spawn::closure$0::closure_env$0<laneflow_runtime::kernel::execution::impl$4::try_for_each_chunk::closure$0::closure_env$0<laneflow_runtime::kernel::tick::VehicleMotionOutcome,laneflow_runtime::kernel::tick::prepare_motion_dispatched::closure_env$0> >,tuple$<> >",callee,vcruntime140.dll!***unknown***,5,0.011539881831610045
"laneflow-urban-harness.exe!rayon_core::scope::ScopeBase::execute_job_closure<rayon_core::scope::impl$0::spawn::closure$0::closure_env$0<laneflow_runtime::kernel::execution::impl$4::try_for_each_chunk::closure$0::closure_env$0<laneflow_runtime::kernel::tick::VehicleMotionOutcome,laneflow_runtime::kernel::tick::prepare_motion_dispatched::closure_env$0> >,tuple$<> >",callee,vcruntime140.dll!***unknown***,5,0.011539881831610045
"laneflow-urban-harness.exe!rayon_core::scope::ScopeBase::execute_job_closure<rayon_core::scope::impl$0::spawn::closure$0::closure_env$0<laneflow_runtime::kernel::execution::impl$4::try_for_each_chunk::closure$0::closure_env$0<laneflow_runtime::kernel::tick::VehicleMotionOutcome,laneflow_runtime::kernel::tick::prepare_motion_dispatched::closure_env$0> >,tuple$<> >",callee,vcruntime140.dll!***unknown***,5,0.011539881831610045
"laneflow-urban-harness.exe!rayon_core::scope::ScopeBase::execute_job_closure<rayon_core::scope::impl$0::spawn::closure$0::closure_env$0<laneflow_runtime::kernel::execution::impl$4::try_for_each_chunk::closure$0::closure_env$0<laneflow_runtime::kernel::tick::VehicleMotionOutcome,laneflow_runtime::kernel::tick::prepare_motion_dispatched::closure_env$0> >,tuple$<> >",callee,laneflow-urban-harness.exe!rayon_core::latch::impl$11::set,5,0.011539881831610045
"laneflow-urban-harness.exe!rayon_core::scope::ScopeBase::execute_job_closure<rayon_core::scope::impl$0::spawn::closure$0::closure_env$0<laneflow_runtime::kernel::execution::impl$4::try_for_each_chunk::closure$0::closure_env$0<laneflow_runtime::kernel::tick::VehicleMotionOutcome,laneflow_runtime::kernel::tick::prepare_motion_dispatched::closure_env$0> >,tuple$<> >",callee,laneflow-urban-harness.exe!memcpy,5,0.011539881831610045
"laneflow-urban-harness.exe!rayon_core::scope::ScopeBase::execute_job_closure<rayon_core::scope::impl$0::spawn::closure$0::closure_env$0<laneflow_runtime::kernel::execution::impl$4::try_for_each_chunk::closure$0::closure_env$0<laneflow_runtime::kernel::tick::VehicleMotionOutcome,laneflow_runtime::kernel::tick::prepare_motion_dispatched::closure_env$0> >,tuple$<> >",callee,vcruntime140.dll!***unknown***,4,0.009231905465288036
"laneflow-urban-harness.exe!rayon_core::scope::ScopeBase::execute_job_closure<rayon_core::scope::impl$0::spawn::closure$0::closure_env$0<laneflow_runtime::kernel::execution::impl$4::try_for_each_chunk::closure$0::closure_env$0<laneflow_runtime::kernel::tick::VehicleMotionOutcome,laneflow_runtime::kernel::tick::prepare_motion_dispatched::closure_env$0> >,tuple$<> >",callee,vcruntime140.dll!***unknown***,4,0.009231905465288036
"laneflow-urban-harness.exe!rayon_core::scope::ScopeBase::execute_job_closure<rayon_core::scope::impl$0::spawn::closure$0::closure_env$0<laneflow_runtime::kernel::execution::impl$4::try_for_each_chunk::closure$0::closure_env$0<laneflow_runtime::kernel::tick::VehicleMotionOutcome,laneflow_runtime::kernel::tick::prepare_motion_dispatched::closure_env$0> >,tuple$<> >",callee,vcruntime140.dll!***unknown***,4,0.009231905465288036
"laneflow-urban-harness.exe!rayon_core::scope::ScopeBase::execute_job_closure<rayon_core::scope::impl$0::spawn::closure$0::closure_env$0<laneflow_runtime::kernel::execution::impl$4::try_for_each_chunk::closure$0::closure_env$0<laneflow_runtime::kernel::tick::VehicleMotionOutcome,laneflow_runtime::kernel::tick::prepare_motion_dispatched::closure_env$0> >,tuple$<> >",callee,vcruntime140.dll!***unknown***,3,0.006923929098966027
"laneflow-urban-harness.exe!rayon_core::scope::ScopeBase::execute_job_closure<rayon_core::scope::impl$0::spawn::closure$0::closure_env$0<laneflow_runtime::kernel::execution::impl$4::try_for_each_chunk::closure$0::closure_env$0<laneflow_runtime::kernel::tick::VehicleMotionOutcome,laneflow_runtime::kernel::tick::prepare_motion_dispatched::closure_env$0> >,tuple$<> >",callee,vcruntime140.dll!***unknown***,3,0.006923929098966027
"laneflow-urban-harness.exe!rayon_core::scope::ScopeBase::execute_job_closure<rayon_core::scope::impl$0::spawn::closure$0::closure_env$0<laneflow_runtime::kernel::execution::impl$4::try_for_each_chunk::closure$0::closure_env$0<laneflow_runtime::kernel::tick::VehicleMotionOutcome,laneflow_runtime::kernel::tick::prepare_motion_dispatched::closure_env$0> >,tuple$<> >",callee,vcruntime140.dll!***unknown***,2,0.004615952732644018
"laneflow-urban-harness.exe!rayon_core::scope::ScopeBase::execute_job_closure<rayon_core::scope::impl$0::spawn::closure$0::closure_env$0<laneflow_runtime::kernel::execution::impl$4::try_for_each_chunk::closure$0::closure_env$0<laneflow_runtime::kernel::tick::VehicleMotionOutcome,laneflow_runtime::kernel::tick::prepare_motion_dispatched::closure_env$0> >,tuple$<> >",callee,vcruntime140.dll!***unknown***,2,0.004615952732644018
"laneflow-urban-harness.exe!rayon_core::scope::ScopeBase::execute_job_closure<rayon_core::scope::impl$0::spawn::closure$0::closure_env$0<laneflow_runtime::kernel::execution::impl$4::try_for_each_chunk::closure$0::closure_env$0<laneflow_runtime::kernel::tick::VehicleMotionOutcome,laneflow_runtime::kernel::tick::prepare_motion_dispatched::closure_env$0> >,tuple$<> >",callee,vcruntime140.dll!***unknown*** (trimmed),2,0.004615952732644018
"laneflow-urban-harness.exe!rayon_core::scope::ScopeBase::execute_job_closure<rayon_core::scope::impl$0::spawn::closure$0::closure_env$0<laneflow_runtime::kernel::execution::impl$4::try_for_each_chunk::closure$0::closure_env$0<laneflow_runtime::kernel::tick::VehicleMotionOutcome,laneflow_runtime::kernel::tick::prepare_motion_dispatched::closure_env$0> >,tuple$<> >",callee,vcruntime140.dll!***unknown***,2,0.004615952732644018
"laneflow-urban-harness.exe!rayon_core::scope::ScopeBase::execute_job_closure<rayon_core::scope::impl$0::spawn::closure$0::closure_env$0<laneflow_runtime::kernel::execution::impl$4::try_for_each_chunk::closure$0::closure_env$0<laneflow_runtime::kernel::tick::VehicleMotionOutcome,laneflow_runtime::kernel::tick::prepare_motion_dispatched::closure_env$0> >,tuple$<> >",callee,vcruntime140.dll!***unknown*** (trimmed),1,0.002307976366322009
"laneflow-urban-harness.exe!rayon_core::scope::ScopeBase::execute_job_closure<rayon_core::scope::impl$0::spawn::closure$0::closure_env$0<laneflow_runtime::kernel::execution::impl$4::try_for_each_chunk::closure$0::closure_env$0<laneflow_runtime::kernel::tick::VehicleMotionOutcome,laneflow_runtime::kernel::tick::prepare_motion_dispatched::closure_env$0> >,tuple$<> >",callee,vcruntime140.dll!***unknown*** (trimmed),1,0.002307976366322009
"laneflow-urban-harness.exe!rayon_core::scope::ScopeBase::execute_job_closure<rayon_core::scope::impl$0::spawn::closure$0::closure_env$0<laneflow_runtime::kernel::execution::impl$4::try_for_each_chunk::closure$0::closure_env$0<laneflow_runtime::kernel::tick::VehicleMotionOutcome,laneflow_runtime::kernel::tick::prepare_motion_dispatched::closure_env$0> >,tuple$<> >",callee,vcruntime140.dll!***unknown*** (trimmed),1,0.002307976366322009
"laneflow-urban-harness.exe!rayon_core::scope::ScopeBase::execute_job_closure<rayon_core::scope::impl$0::spawn::closure$0::closure_env$0<laneflow_runtime::kernel::execution::impl$4::try_for_each_chunk::closure$0::closure_env$0<laneflow_runtime::kernel::tick::VehicleMotionOutcome,laneflow_runtime::kernel::tick::prepare_motion_dispatched::closure_env$0> >,tuple$<> >",callee,vcruntime140.dll!***unknown*** (trimmed),1,0.002307976366322009
"laneflow-urban-harness.exe!rayon_core::scope::ScopeBase::execute_job_closure<rayon_core::scope::impl$0::spawn::closure$0::closure_env$0<laneflow_runtime::kernel::execution::impl$4::try_for_each_chunk::closure$0::closure_env$0<laneflow_runtime::kernel::tick::VehicleMotionOutcome,laneflow_runtime::kernel::tick::prepare_motion_dispatched::closure_env$0> >,tuple$<> >",callee,vcruntime140.dll!***unknown*** (trimmed),1,0.002307976366322009
"laneflow-urban-harness.exe!rayon_core::scope::ScopeBase::execute_job_closure<rayon_core::scope::impl$0::spawn::closure$0::closure_env$0<laneflow_runtime::kernel::execution::impl$4::try_for_each_chunk::closure$0::closure_env$0<laneflow_runtime::kernel::tick::VehicleMotionOutcome,laneflow_runtime::kernel::tick::prepare_motion_dispatched::closure_env$0> >,tuple$<> >",callee,vcruntime140.dll!***unknown*** (trimmed),1,0.002307976366322009
"laneflow-urban-harness.exe!rayon_core::scope::ScopeBase::execute_job_closure<rayon_core::scope::impl$0::spawn::closure$0::closure_env$0<laneflow_runtime::kernel::execution::impl$4::try_for_each_chunk::closure$0::closure_env$0<laneflow_runtime::kernel::tick::VehicleMotionOutcome,laneflow_runtime::kernel::tick::prepare_motion_dispatched::closure_env$0> >,tuple$<> >",callee,vcruntime140.dll!***unknown*** (trimmed),1,0.002307976366322009
"laneflow-urban-harness.exe!rayon_core::scope::ScopeBase::execute_job_closure<rayon_core::scope::impl$0::spawn::closure$0::closure_env$0<laneflow_runtime::kernel::execution::impl$4::try_for_each_chunk::closure$0::closure_env$0<laneflow_runtime::kernel::tick::VehicleMotionOutcome,laneflow_runtime::kernel::tick::prepare_motion_dispatched::closure_env$0> >,tuple$<> >",callee,vcruntime140.dll!***unknown*** (trimmed),1,0.002307976366322009
"laneflow-urban-harness.exe!rayon_core::scope::ScopeBase::execute_job_closure<rayon_core::scope::impl$0::spawn::closure$0::closure_env$0<laneflow_runtime::kernel::execution::impl$4::try_for_each_chunk::closure$0::closure_env$0<laneflow_runtime::kernel::tick::VehicleMotionOutcome,laneflow_runtime::kernel::tick::prepare_motion_dispatched::closure_env$0> >,tuple$<> >",callee,vcruntime140.dll!***unknown***,1,0.002307976366322009
"laneflow-urban-harness.exe!rayon_core::scope::ScopeBase::execute_job_closure<rayon_core::scope::impl$0::spawn::closure$0::closure_env$0<laneflow_runtime::kernel::execution::impl$4::try_for_each_chunk::closure$0::closure_env$0<laneflow_runtime::kernel::tick::VehicleMotionOutcome,laneflow_runtime::kernel::tick::prepare_motion_dispatched::closure_env$0> >,tuple$<> >",callee,vcruntime140.dll!***unknown*** (trimmed),1,0.002307976366322009
"laneflow-urban-harness.exe!rayon_core::scope::ScopeBase::execute_job_closure<rayon_core::scope::impl$0::spawn::closure$0::closure_env$0<laneflow_runtime::kernel::execution::impl$4::try_for_each_chunk::closure$0::closure_env$0<laneflow_runtime::kernel::tick::VehicleMotionOutcome,laneflow_runtime::kernel::tick::prepare_motion_dispatched::closure_env$0> >,tuple$<> >",caller,"laneflow-urban-harness.exe!rayon_core::job::impl$6::execute<rayon_core::scope::impl$0::spawn::closure_env$0<laneflow_runtime::kernel::execution::impl$4::try_for_each_chunk::closure$0::closure_env$0<laneflow_runtime::kernel::tick::VehicleMotionOutcome,laneflow_runtime::kernel::tick::prepare_motion_dispatched::closure_env$0> > >",6501,15.00415435745938
"laneflow-urban-harness.exe!rayon_core::job::impl$6::execute<rayon_core::scope::impl$0::spawn::closure_env$0<laneflow_runtime::kernel::execution::impl$4::try_for_each_chunk::closure$0::closure_env$0<laneflow_runtime::kernel::tick::VehicleMotionOutcome,laneflow_runtime::kernel::tick::prepare_motion_dispatched::closure_env$0> > >",callee,"laneflow-urban-harness.exe!rayon_core::scope::ScopeBase::execute_job_closure<rayon_core::scope::impl$0::spawn::closure$0::closure_env$0<laneflow_runtime::kernel::execution::impl$4::try_for_each_chunk::closure$0::closure_env$0<laneflow_runtime::kernel::tick::VehicleMotionOutcome,laneflow_runtime::kernel::tick::prepare_motion_dispatched::closure_env$0> >,tuple$<> >",6501,15.00415435745938
"laneflow-urban-harness.exe!rayon_core::job::impl$6::execute<rayon_core::scope::impl$0::spawn::closure_env$0<laneflow_runtime::kernel::execution::impl$4::try_for_each_chunk::closure$0::closure_env$0<laneflow_runtime::kernel::tick::VehicleMotionOutcome,laneflow_runtime::kernel::tick::prepare_motion_dispatched::closure_env$0> > >",caller,laneflow-urban-harness.exe!rayon_core::registry::WorkerThread::wait_until_cold,6501,15.00415435745938
laneflow-urban-harness.exe!laneflow_runtime::kernel::phase::StepReadView::calculate_active_vehicle_motion,callee,laneflow-urban-harness.exe!laneflow_runtime::kernel::tick::si_comfort_travel,1416,3.2680945347119645
laneflow-urban-harness.exe!laneflow_runtime::kernel::phase::StepReadView::calculate_active_vehicle_motion,callee,laneflow-urban-harness.exe!laneflow_runtime::kernel::occupancy::OccupancyIndex::leader_relation,988,2.2802806499261448
laneflow-urban-harness.exe!laneflow_runtime::kernel::phase::StepReadView::calculate_active_vehicle_motion,callee,laneflow-urban-harness.exe!laneflow_runtime::kernel::tick::leader_query_horizon,765,1.7656019202363369
laneflow-urban-harness.exe!laneflow_runtime::kernel::phase::StepReadView::calculate_active_vehicle_motion,callee,laneflow-urban-harness.exe!laneflow_runtime::kernel::phase::StepReadView::gate_policy_decision_with_signals,538,1.2416912850812407
laneflow-urban-harness.exe!laneflow_runtime::kernel::phase::StepReadView::calculate_active_vehicle_motion,callee,laneflow-urban-harness.exe!laneflow_runtime::kernel::phase::StepReadView::hop_permitted,398,0.9185745937961596
laneflow-urban-harness.exe!laneflow_runtime::kernel::phase::StepReadView::calculate_active_vehicle_motion,callee,laneflow-urban-harness.exe!laneflow_runtime::kernel::tick::apply_travel_mm<laneflow_runtime::kernel::tick::impl$4::calculate_active_vehicle_motion::closure_env$4>,156,0.36004431314623336
laneflow-urban-harness.exe!laneflow_runtime::kernel::phase::StepReadView::calculate_active_vehicle_motion,callee,laneflow-urban-harness.exe!laneflow_static_network::relations::SharedRelationClosure::vehicle_profile,114,0.263109305760709
laneflow-urban-harness.exe!laneflow_runtime::kernel::phase::StepReadView::calculate_active_vehicle_motion,callee,ucrtbase.dll!***unknown***,35,0.08077917282127031
laneflow-urban-harness.exe!laneflow_runtime::kernel::phase::StepReadView::calculate_active_vehicle_motion,callee,ucrtbase.dll!***unknown***,32,0.07385524372230429
laneflow-urban-harness.exe!laneflow_runtime::kernel::phase::StepReadView::calculate_active_vehicle_motion,callee,ucrtbase.dll!***unknown***,6,0.013847858197932054
laneflow-urban-harness.exe!laneflow_runtime::kernel::phase::StepReadView::calculate_active_vehicle_motion,callee,ntkrnlmp.exe!***unknown***,5,0.011539881831610045
laneflow-urban-harness.exe!laneflow_runtime::kernel::phase::StepReadView::calculate_active_vehicle_motion,callee,ntkrnlmp.exe!***unknown***,4,0.009231905465288036
laneflow-urban-harness.exe!laneflow_runtime::kernel::phase::StepReadView::calculate_active_vehicle_motion,callee,laneflow-urban-harness.exe!rint (trimmed),1,0.002307976366322009
laneflow-urban-harness.exe!laneflow_runtime::kernel::phase::StepReadView::calculate_active_vehicle_motion,caller,laneflow-urban-harness.exe!laneflow_runtime::kernel::tick::MotionTaskView::vehicle_motion_outcome,4903,11.31600812407681
laneflow-urban-harness.exe!laneflow_runtime::kernel::phase::StepReadView::calculate_active_vehicle_motion,caller,"laneflow-urban-harness.exe!enum2$<core::option::Option<laneflow_runtime::kernel::tick::MotionPreview> >::or_else<laneflow_runtime::kernel::tick::MotionPreview,laneflow_runtime::kernel::conflict_tick::impl$9::evaluate_candidate::closure_env$8>",754,1.7402141802067947
laneflow-urban-harness.exe!laneflow_runtime::kernel::phase::StepReadView::calculate_active_vehicle_motion,caller,laneflow-urban-harness.exe!laneflow_runtime::kernel::phase::StepReadView::preview_active_vehicle_with_waiting_stop,8,0.01846381093057607
laneflow-urban-harness.exe!laneflow_urban_harness::observe::Hash::flush,callee,laneflow-urban-harness.exe!sha2::sha256::x86_sha::compress,4867,11.232920974889216
laneflow-urban-harness.exe!laneflow_urban_harness::observe::Hash::flush,callee,laneflow-urban-harness.exe!sha2::sha256::compress256,97,0.22387370753323485
laneflow-urban-harness.exe!laneflow_urban_harness::observe::Hash::flush,callee,vcruntime140.dll!***unknown***,47,0.10847488921713441
laneflow-urban-harness.exe!laneflow_urban_harness::observe::Hash::flush,callee,vcruntime140.dll!***unknown***,42,0.09693500738552437
laneflow-urban-harness.exe!laneflow_urban_harness::observe::Hash::flush,callee,vcruntime140.dll!***unknown***,23,0.053083456425406204
laneflow-urban-harness.exe!laneflow_urban_harness::observe::Hash::flush,callee,vcruntime140.dll!***unknown***,14,0.03231166912850812
laneflow-urban-harness.exe!laneflow_urban_harness::observe::Hash::flush,callee,vcruntime140.dll!***unknown***,8,0.01846381093057607
laneflow-urban-harness.exe!laneflow_urban_harness::observe::Hash::flush,callee,vcruntime140.dll!***unknown***,7,0.01615583456425406
laneflow-urban-harness.exe!laneflow_urban_harness::observe::Hash::flush,callee,laneflow-urban-harness.exe!memcpy,7,0.01615583456425406
laneflow-urban-harness.exe!laneflow_urban_harness::observe::Hash::flush,callee,vcruntime140.dll!***unknown***,4,0.009231905465288036
laneflow-urban-harness.exe!laneflow_urban_harness::observe::Hash::flush,callee,vcruntime140.dll!***unknown***,4,0.009231905465288036
laneflow-urban-harness.exe!laneflow_urban_harness::observe::Hash::flush,callee,ntkrnlmp.exe!***unknown***,1,0.002307976366322009
laneflow-urban-harness.exe!laneflow_urban_harness::observe::Hash::flush,callee,vcruntime140.dll!***unknown***,1,0.002307976366322009
laneflow-urban-harness.exe!laneflow_urban_harness::observe::Hash::flush,caller,laneflow-urban-harness.exe!laneflow_urban_harness::observe::state,2914,6.725443131462334
laneflow-urban-harness.exe!laneflow_urban_harness::observe::Hash::flush,caller,laneflow-urban-harness.exe!laneflow_urban_harness::observe::Hash::id,1383,3.1919313146233383
laneflow-urban-harness.exe!laneflow_urban_harness::observe::Hash::flush,caller,laneflow-urban-harness.exe!laneflow_urban_harness::observe::Hash::bytes,1164,2.6864844903988185
laneflow-urban-harness.exe!laneflow_urban_harness::observe::Hash::flush,caller,laneflow-urban-harness.exe!laneflow_urban_harness::observe::events,76,0.17540620384047267
laneflow-urban-harness.exe!sha2::sha256::x86_sha::compress,callee,ntkrnlmp.exe!***unknown***,5,0.011539881831610045
laneflow-urban-harness.exe!sha2::sha256::x86_sha::compress,callee,ntkrnlmp.exe!***unknown***,4,0.009231905465288036
laneflow-urban-harness.exe!sha2::sha256::x86_sha::compress,callee,ntkrnlmp.exe!***unknown***,2,0.004615952732644018
laneflow-urban-harness.exe!sha2::sha256::x86_sha::compress,caller,laneflow-urban-harness.exe!laneflow_urban_harness::observe::Hash::flush,4867,11.232920974889216
laneflow-urban-harness.exe!sha2::sha256::x86_sha::compress,caller,laneflow-urban-harness.exe!laneflow_urban_harness::sha256,32,0.07385524372230429
"laneflow-urban-harness.exe!hashbrown::map::HashMap<laneflow_runtime::kernel::handle::VehicleHandle,enum2$<laneflow_runtime::kernel::parking::ParkingBinding>,std::hash::random::RandomState,alloc::alloc::Global>::get<laneflow_runtime::kernel::handle::VehicleHandle,enum2$<laneflow_runtime::kernel::parking::ParkingBinding>,std::hash::random::RandomState,alloc::alloc::Global,laneflow_runtime::kernel::handle::VehicleHandle>",callee,ntkrnlmp.exe!***unknown***,4,0.009231905465288036
"laneflow-urban-harness.exe!hashbrown::map::HashMap<laneflow_runtime::kernel::handle::VehicleHandle,enum2$<laneflow_runtime::kernel::parking::ParkingBinding>,std::hash::random::RandomState,alloc::alloc::Global>::get<laneflow_runtime::kernel::handle::VehicleHandle,enum2$<laneflow_runtime::kernel::parking::ParkingBinding>,std::hash::random::RandomState,alloc::alloc::Global,laneflow_runtime::kernel::handle::VehicleHandle>",callee,ntkrnlmp.exe!***unknown***,3,0.006923929098966027
"laneflow-urban-harness.exe!hashbrown::map::HashMap<laneflow_runtime::kernel::handle::VehicleHandle,enum2$<laneflow_runtime::kernel::parking::ParkingBinding>,std::hash::random::RandomState,alloc::alloc::Global>::get<laneflow_runtime::kernel::handle::VehicleHandle,enum2$<laneflow_runtime::kernel::parking::ParkingBinding>,std::hash::random::RandomState,alloc::alloc::Global,laneflow_runtime::kernel::handle::VehicleHandle>",callee,ntkrnlmp.exe!***unknown***,2,0.004615952732644018
"laneflow-urban-harness.exe!hashbrown::map::HashMap<laneflow_runtime::kernel::handle::VehicleHandle,enum2$<laneflow_runtime::kernel::parking::ParkingBinding>,std::hash::random::RandomState,alloc::alloc::Global>::get<laneflow_runtime::kernel::handle::VehicleHandle,enum2$<laneflow_runtime::kernel::parking::ParkingBinding>,std::hash::random::RandomState,alloc::alloc::Global,laneflow_runtime::kernel::handle::VehicleHandle>",caller,laneflow-urban-harness.exe!laneflow_runtime::facade::TrafficWorld::parking_binding,3193,7.369368537666174
"laneflow-urban-harness.exe!hashbrown::map::HashMap<laneflow_runtime::kernel::handle::VehicleHandle,enum2$<laneflow_runtime::kernel::parking::ParkingBinding>,std::hash::random::RandomState,alloc::alloc::Global>::get<laneflow_runtime::kernel::handle::VehicleHandle,enum2$<laneflow_runtime::kernel::parking::ParkingBinding>,std::hash::random::RandomState,alloc::alloc::Global,laneflow_runtime::kernel::handle::VehicleHandle>",caller,laneflow-urban-harness.exe!laneflow_runtime::kernel::tick::MotionTaskView::vehicle_motion_outcome,942,2.1741137370753325
"laneflow-urban-harness.exe!hashbrown::map::HashMap<laneflow_runtime::kernel::handle::VehicleHandle,enum2$<laneflow_runtime::kernel::parking::ParkingBinding>,std::hash::random::RandomState,alloc::alloc::Global>::get<laneflow_runtime::kernel::handle::VehicleHandle,enum2$<laneflow_runtime::kernel::parking::ParkingBinding>,std::hash::random::RandomState,alloc::alloc::Global,laneflow_runtime::kernel::handle::VehicleHandle>",caller,"laneflow-urban-harness.exe!enum2$<core::option::Option<laneflow_runtime::kernel::tick::MotionPreview> >::or_else<laneflow_runtime::kernel::tick::MotionPreview,laneflow_runtime::kernel::conflict_tick::impl$9::evaluate_candidate::closure_env$8>",42,0.09693500738552437
"laneflow-urban-harness.exe!hashbrown::map::HashMap<laneflow_runtime::kernel::handle::VehicleHandle,enum2$<laneflow_runtime::kernel::parking::ParkingBinding>,std::hash::random::RandomState,alloc::alloc::Global>::get<laneflow_runtime::kernel::handle::VehicleHandle,enum2$<laneflow_runtime::kernel::parking::ParkingBinding>,std::hash::random::RandomState,alloc::alloc::Global,laneflow_runtime::kernel::handle::VehicleHandle>",caller,laneflow-urban-harness.exe!laneflow_runtime::kernel::phase::StepReadView::preview_active_vehicle_with_waiting_stop,3,0.006923929098966027
laneflow-urban-harness.exe!laneflow_runtime::facade::TrafficWorld::parking_binding,callee,"laneflow-urban-harness.exe!hashbrown::map::HashMap<laneflow_runtime::kernel::handle::VehicleHandle,enum2$<laneflow_runtime::kernel::parking::ParkingBinding>,std::hash::random::RandomState,alloc::alloc::Global>::get<laneflow_runtime::kernel::handle::VehicleHandle,enum2$<laneflow_runtime::kernel::parking::ParkingBinding>,std::hash::random::RandomState,alloc::alloc::Global,laneflow_runtime::kernel::handle::VehicleHandle>",3193,7.369368537666174
laneflow-urban-harness.exe!laneflow_runtime::facade::TrafficWorld::parking_binding,callee,ntkrnlmp.exe!***unknown***,1,0.002307976366322009
laneflow-urban-harness.exe!laneflow_runtime::facade::TrafficWorld::parking_binding,caller,laneflow-urban-harness.exe!laneflow_urban_harness::observe::counts,1932,4.459010339734121
laneflow-urban-harness.exe!laneflow_runtime::facade::TrafficWorld::parking_binding,caller,laneflow-urban-harness.exe!laneflow_urban_harness::observe::state,1199,2.7672636632200884
laneflow-urban-harness.exe!laneflow_runtime::facade::TrafficWorld::parking_binding,caller,laneflow-urban-harness.exe!laneflow_urban_harness::observe::parking_invariants,852,1.9663958641063515
laneflow-urban-harness.exe!laneflow_runtime::facade::TrafficWorld::parking_binding,caller,laneflow-urban-harness.exe!laneflow_urban_harness::runner::Harness::execute,10,0.02307976366322009
laneflow-urban-harness.exe!laneflow_urban_harness::observe::counts,callee,laneflow-urban-harness.exe!laneflow_runtime::facade::TrafficWorld::parking_binding,1932,4.459010339734121
laneflow-urban-harness.exe!laneflow_urban_harness::observe::counts,callee,"laneflow-urban-harness.exe!core::hash::BuildHasher::hash_one<std::hash::random::RandomState,ref$<laneflow_runtime::kernel::handle::RouteHandle> >",672,1.5509601181683899
laneflow-urban-harness.exe!laneflow_urban_harness::observe::counts,callee,laneflow-urban-harness.exe!laneflow_runtime::facade::TrafficWorld::vehicle,153,0.35312038404726737
laneflow-urban-harness.exe!laneflow_urban_harness::observe::counts,callee,ntkrnlmp.exe!***unknown***,4,0.009231905465288036
laneflow-urban-harness.exe!laneflow_urban_harness::observe::counts,callee,ntkrnlmp.exe!***unknown***,2,0.004615952732644018
laneflow-urban-harness.exe!laneflow_urban_harness::observe::counts,caller,laneflow-urban-harness.exe!laneflow_urban_harness::runner::Harness::advance,3369,7.775572378138848
laneflow-urban-harness.exe!laneflow_runtime::kernel::tick::prepare_motion_dispatched,callee,"laneflow-urban-harness.exe!enum2$<laneflow_runtime::kernel::execution::ExecutionResources>::try_for_each_chunk<laneflow_runtime::kernel::tick::VehicleMotionOutcome,laneflow_runtime::kernel::tick::prepare_motion_dispatched::closure_env$0>",2226,5.137555391432792
laneflow-urban-harness.exe!laneflow_runtime::kernel::tick::prepare_motion_dispatched,callee,laneflow-urban-harness.exe!laneflow_runtime::kernel::boundary::consume,236,0.544682422451994
laneflow-urban-harness.exe!laneflow_runtime::kernel::tick::prepare_motion_dispatched,callee,"laneflow-urban-harness.exe!alloc::vec::Vec<enum2$<laneflow_runtime::kernel::execution::DispatchSlot<laneflow_runtime::kernel::tick::VehicleMotionOutcome> >,alloc::alloc::Global>::resize<enum2$<laneflow_runtime::kernel::execution::DispatchSlot<laneflow_runtime::kernel::tick::VehicleMotionOutcome> >,alloc::alloc::Global>",52,0.12001477104874446
laneflow-urban-harness.exe!laneflow_runtime::kernel::tick::prepare_motion_dispatched,callee,ntkrnlmp.exe!***unknown***,1,0.002307976366322009
laneflow-urban-harness.exe!laneflow_runtime::kernel::tick::prepare_motion_dispatched,caller,laneflow-urban-harness.exe!laneflow_runtime::kernel::phase::StepWorkspace::stage_vehicle_transitions,2941,6.787758493353028
"laneflow-urban-harness.exe!enum2$<laneflow_runtime::kernel::execution::ExecutionResources>::try_for_each_chunk<laneflow_runtime::kernel::tick::VehicleMotionOutcome,laneflow_runtime::kernel::tick::prepare_motion_dispatched::closure_env$0>",callee,laneflow-urban-harness.exe!laneflow_runtime::kernel::tick::MotionTaskView::vehicle_motion_outcome,2065,4.765971196454949
"laneflow-urban-harness.exe!enum2$<laneflow_runtime::kernel::execution::ExecutionResources>::try_for_each_chunk<laneflow_runtime::kernel::tick::VehicleMotionOutcome,laneflow_runtime::kernel::tick::prepare_motion_dispatched::closure_env$0>",callee,laneflow-urban-harness.exe!rayon_core::sleep::Sleep::wake_any_threads,32,0.07385524372230429
"laneflow-urban-harness.exe!enum2$<laneflow_runtime::kernel::execution::ExecutionResources>::try_for_each_chunk<laneflow_runtime::kernel::tick::VehicleMotionOutcome,laneflow_runtime::kernel::tick::prepare_motion_dispatched::closure_env$0>",callee,vcruntime140.dll!***unknown***,13,0.030003692762186115
"laneflow-urban-harness.exe!enum2$<laneflow_runtime::kernel::execution::ExecutionResources>::try_for_each_chunk<laneflow_runtime::kernel::tick::VehicleMotionOutcome,laneflow_runtime::kernel::tick::prepare_motion_dispatched::closure_env$0>",callee,vcruntime140.dll!***unknown***,9,0.02077178729689808
"laneflow-urban-harness.exe!enum2$<laneflow_runtime::kernel::execution::ExecutionResources>::try_for_each_chunk<laneflow_runtime::kernel::tick::VehicleMotionOutcome,laneflow_runtime::kernel::tick::prepare_motion_dispatched::closure_env$0>",callee,vcruntime140.dll!***unknown***,8,0.01846381093057607
"laneflow-urban-harness.exe!enum2$<laneflow_runtime::kernel::execution::ExecutionResources>::try_for_each_chunk<laneflow_runtime::kernel::tick::VehicleMotionOutcome,laneflow_runtime::kernel::tick::prepare_motion_dispatched::closure_env$0>",callee,vcruntime140.dll!***unknown***,7,0.01615583456425406
"laneflow-urban-harness.exe!enum2$<laneflow_runtime::kernel::execution::ExecutionResources>::try_for_each_chunk<laneflow_runtime::kernel::tick::VehicleMotionOutcome,laneflow_runtime::kernel::tick::prepare_motion_dispatched::closure_env$0>",callee,laneflow-urban-harness.exe!rayon_core::latch::LockLatch::wait,7,0.01615583456425406
"laneflow-urban-harness.exe!enum2$<laneflow_runtime::kernel::execution::ExecutionResources>::try_for_each_chunk<laneflow_runtime::kernel::tick::VehicleMotionOutcome,laneflow_runtime::kernel::tick::prepare_motion_dispatched::closure_env$0>",callee,vcruntime140.dll!***unknown***,6,0.013847858197932054
"laneflow-urban-harness.exe!enum2$<laneflow_runtime::kernel::execution::ExecutionResources>::try_for_each_chunk<laneflow_runtime::kernel::tick::VehicleMotionOutcome,laneflow_runtime::kernel::tick::prepare_motion_dispatched::closure_env$0>",callee,vcruntime140.dll!***unknown***,4,0.009231905465288036
"laneflow-urban-harness.exe!enum2$<laneflow_runtime::kernel::execution::ExecutionResources>::try_for_each_chunk<laneflow_runtime::kernel::tick::VehicleMotionOutcome,laneflow_runtime::kernel::tick::prepare_motion_dispatched::closure_env$0>",callee,vcruntime140.dll!***unknown***,4,0.009231905465288036
"laneflow-urban-harness.exe!enum2$<laneflow_runtime::kernel::execution::ExecutionResources>::try_for_each_chunk<laneflow_runtime::kernel::tick::VehicleMotionOutcome,laneflow_runtime::kernel::tick::prepare_motion_dispatched::closure_env$0>",callee,vcruntime140.dll!***unknown***,4,0.009231905465288036
"laneflow-urban-harness.exe!enum2$<laneflow_runtime::kernel::execution::ExecutionResources>::try_for_each_chunk<laneflow_runtime::kernel::tick::VehicleMotionOutcome,laneflow_runtime::kernel::tick::prepare_motion_dispatched::closure_env$0>",callee,vcruntime140.dll!***unknown***,3,0.006923929098966027
"laneflow-urban-harness.exe!enum2$<laneflow_runtime::kernel::execution::ExecutionResources>::try_for_each_chunk<laneflow_runtime::kernel::tick::VehicleMotionOutcome,laneflow_runtime::kernel::tick::prepare_motion_dispatched::closure_env$0>",callee,vcruntime140.dll!***unknown***,3,0.006923929098966027
"laneflow-urban-harness.exe!enum2$<laneflow_runtime::kernel::execution::ExecutionResources>::try_for_each_chunk<laneflow_runtime::kernel::tick::VehicleMotionOutcome,laneflow_runtime::kernel::tick::prepare_motion_dispatched::closure_env$0>",callee,vcruntime140.dll!***unknown***,3,0.006923929098966027
"laneflow-urban-harness.exe!enum2$<laneflow_runtime::kernel::execution::ExecutionResources>::try_for_each_chunk<laneflow_runtime::kernel::tick::VehicleMotionOutcome,laneflow_runtime::kernel::tick::prepare_motion_dispatched::closure_env$0>",callee,vcruntime140.dll!***unknown***,3,0.006923929098966027
"laneflow-urban-harness.exe!enum2$<laneflow_runtime::kernel::execution::ExecutionResources>::try_for_each_chunk<laneflow_runtime::kernel::tick::VehicleMotionOutcome,laneflow_runtime::kernel::tick::prepare_motion_dispatched::closure_env$0>",callee,ntdll.dll!***unknown***,2,0.004615952732644018
"laneflow-urban-harness.exe!enum2$<laneflow_runtime::kernel::execution::ExecutionResources>::try_for_each_chunk<laneflow_runtime::kernel::tick::VehicleMotionOutcome,laneflow_runtime::kernel::tick::prepare_motion_dispatched::closure_env$0>",callee,vcruntime140.dll!***unknown***,2,0.004615952732644018
"laneflow-urban-harness.exe!enum2$<laneflow_runtime::kernel::execution::ExecutionResources>::try_for_each_chunk<laneflow_runtime::kernel::tick::VehicleMotionOutcome,laneflow_runtime::kernel::tick::prepare_motion_dispatched::closure_env$0>",callee,vcruntime140.dll!***unknown***,2,0.004615952732644018
"laneflow-urban-harness.exe!enum2$<laneflow_runtime::kernel::execution::ExecutionResources>::try_for_each_chunk<laneflow_runtime::kernel::tick::VehicleMotionOutcome,laneflow_runtime::kernel::tick::prepare_motion_dispatched::closure_env$0>",callee,vcruntime140.dll!***unknown***,2,0.004615952732644018
"laneflow-urban-harness.exe!enum2$<laneflow_runtime::kernel::execution::ExecutionResources>::try_for_each_chunk<laneflow_runtime::kernel::tick::VehicleMotionOutcome,laneflow_runtime::kernel::tick::prepare_motion_dispatched::closure_env$0>",callee,vcruntime140.dll!***unknown*** (trimmed),2,0.004615952732644018
"laneflow-urban-harness.exe!enum2$<laneflow_runtime::kernel::execution::ExecutionResources>::try_for_each_chunk<laneflow_runtime::kernel::tick::VehicleMotionOutcome,laneflow_runtime::kernel::tick::prepare_motion_dispatched::closure_env$0>",callee,vcruntime140.dll!***unknown***,2,0.004615952732644018
"laneflow-urban-harness.exe!enum2$<laneflow_runtime::kernel::execution::ExecutionResources>::try_for_each_chunk<laneflow_runtime::kernel::tick::VehicleMotionOutcome,laneflow_runtime::kernel::tick::prepare_motion_dispatched::closure_env$0>",callee,vcruntime140.dll!***unknown***,1,0.002307976366322009
"laneflow-urban-harness.exe!enum2$<laneflow_runtime::kernel::execution::ExecutionResources>::try_for_each_chunk<laneflow_runtime::kernel::tick::VehicleMotionOutcome,laneflow_runtime::kernel::tick::prepare_motion_dispatched::closure_env$0>",callee,vcruntime140.dll!***unknown*** (trimmed),1,0.002307976366322009
"laneflow-urban-harness.exe!enum2$<laneflow_runtime::kernel::execution::ExecutionResources>::try_for_each_chunk<laneflow_runtime::kernel::tick::VehicleMotionOutcome,laneflow_runtime::kernel::tick::prepare_motion_dispatched::closure_env$0>",callee,vcruntime140.dll!***unknown***,1,0.002307976366322009
"laneflow-urban-harness.exe!enum2$<laneflow_runtime::kernel::execution::ExecutionResources>::try_for_each_chunk<laneflow_runtime::kernel::tick::VehicleMotionOutcome,laneflow_runtime::kernel::tick::prepare_motion_dispatched::closure_env$0>",callee,vcruntime140.dll!***unknown***,1,0.002307976366322009
"laneflow-urban-harness.exe!enum2$<laneflow_runtime::kernel::execution::ExecutionResources>::try_for_each_chunk<laneflow_runtime::kernel::tick::VehicleMotionOutcome,laneflow_runtime::kernel::tick::prepare_motion_dispatched::closure_env$0>",callee,vcruntime140.dll!***unknown***,1,0.002307976366322009
"laneflow-urban-harness.exe!enum2$<laneflow_runtime::kernel::execution::ExecutionResources>::try_for_each_chunk<laneflow_runtime::kernel::tick::VehicleMotionOutcome,laneflow_runtime::kernel::tick::prepare_motion_dispatched::closure_env$0>",callee,vcruntime140.dll!***unknown*** (trimmed),1,0.002307976366322009
"laneflow-urban-harness.exe!enum2$<laneflow_runtime::kernel::execution::ExecutionResources>::try_for_each_chunk<laneflow_runtime::kernel::tick::VehicleMotionOutcome,laneflow_runtime::kernel::tick::prepare_motion_dispatched::closure_env$0>",callee,laneflow-urban-harness.exe!memcpy,1,0.002307976366322009
"laneflow-urban-harness.exe!enum2$<laneflow_runtime::kernel::execution::ExecutionResources>::try_for_each_chunk<laneflow_runtime::kernel::tick::VehicleMotionOutcome,laneflow_runtime::kernel::tick::prepare_motion_dispatched::closure_env$0>",caller,laneflow-urban-harness.exe!laneflow_runtime::kernel::tick::prepare_motion_dispatched,2226,5.137555391432792
laneflow-urban-harness.exe!laneflow_urban_harness::observe::events,callee,"laneflow-urban-harness.exe!core::hash::BuildHasher::hash_one<std::hash::random::RandomState,ref$<laneflow_runtime::kernel::handle::RouteHandle> >",447,1.031665435745938
laneflow-urban-harness.exe!laneflow_urban_harness::observe::events,callee,laneflow-urban-harness.exe!laneflow_urban_harness::observe::passage,185,0.42697562776957165
laneflow-urban-harness.exe!laneflow_urban_harness::observe::events,callee,"laneflow-urban-harness.exe!serde_core::ser::Serializer::collect_seq<ref_mut$<serde_json::ser::Serializer<ref_mut$<alloc::vec::Vec<u8,alloc::alloc::Global> >,serde_json::ser::CompactFormatter> >,ref$<alloc::vec::Vec<enum2$<serde_json::value::Value>,alloc::alloc::Global> > >",113,0.260801329394387
laneflow-urban-harness.exe!laneflow_urban_harness::observe::events,callee,laneflow-urban-harness.exe!laneflow_urban_harness::runner::Harness::stable_individual,110,0.253877400295421
laneflow-urban-harness.exe!laneflow_urban_harness::observe::events,callee,laneflow-urban-harness.exe!laneflow_urban_harness::observe::Hash::bytes,82,0.18925406203840472
laneflow-urban-harness.exe!laneflow_urban_harness::observe::events,callee,laneflow-urban-harness.exe!laneflow_urban_harness::observe::Hash::flush,76,0.17540620384047267
laneflow-urban-harness.exe!laneflow_urban_harness::observe::events,callee,laneflow-urban-harness.exe!laneflow_runtime::facade::TrafficWorld::vehicle,74,0.17079025110782867
laneflow-urban-harness.exe!laneflow_urban_harness::observe::events,callee,laneflow-urban-harness.exe!laneflow_urban_harness::observe::Hash::id,58,0.13386262924667652
laneflow-urban-harness.exe!laneflow_urban_harness::observe::events,callee,ntdll.dll!***unknown***,48,0.11078286558345643
laneflow-urban-harness.exe!laneflow_urban_harness::observe::events,callee,laneflow-urban-harness.exe!core::ptr::drop_glue<enum2$<serde_json::value::Value> >,47,0.10847488921713441
laneflow-urban-harness.exe!laneflow_urban_harness::observe::events,callee,ntdll.dll!***unknown***,33,0.07616322008862629
laneflow-urban-harness.exe!laneflow_urban_harness::observe::events,callee,"laneflow-urban-harness.exe!alloc::collections::btree::map::BTreeMap<alloc::string::String,enum2$<serde_json::value::Value>,alloc::alloc::Global>::insert<alloc::string::String,enum2$<serde_json::value::Value>,alloc::alloc::Global>",13,0.030003692762186115
laneflow-urban-harness.exe!laneflow_urban_harness::observe::events,callee,laneflow-urban-harness.exe!std::alloc::__default_lib_allocator::__rdl_dealloc,6,0.013847858197932054
laneflow-urban-harness.exe!laneflow_urban_harness::observe::events,callee,"laneflow-urban-harness.exe!serde_core::ser::Serializer::collect_seq<serde_json::value::ser::Serializer,ref$<alloc::vec::Vec<enum2$<serde_json::value::Value>,alloc::alloc::Global> > >",4,0.009231905465288036
laneflow-urban-harness.exe!laneflow_urban_harness::observe::events,callee,laneflow-urban-harness.exe!laneflow_urban_harness::runner::_::impl$0::serialize<serde_json::value::ser::Serializer>,4,0.009231905465288036
laneflow-urban-harness.exe!laneflow_urban_harness::observe::events,callee,"laneflow-urban-harness.exe!serde_json::value::ser::impl$0::serialize<ref_mut$<serde_json::ser::Serializer<ref_mut$<alloc::vec::Vec<u8,alloc::alloc::Global> >,serde_json::ser::CompactFormatter> > >",3,0.006923929098966027
laneflow-urban-harness.exe!laneflow_urban_harness::observe::events,callee,laneflow-urban-harness.exe!serde_json::value::to_value<ref$<ref$<str$> > >,3,0.006923929098966027
laneflow-urban-harness.exe!laneflow_urban_harness::observe::events,callee,laneflow-urban-harness.exe!core::str::iter::SplitInternal<char>::next<char> (trimmed),2,0.004615952732644018
laneflow-urban-harness.exe!laneflow_urban_harness::observe::events,callee,laneflow-urban-harness.exe!laneflow_runtime::facade::TrafficWorld::tick_index (trimmed),2,0.004615952732644018
laneflow-urban-harness.exe!laneflow_urban_harness::observe::events,callee,laneflow-urban-harness.exe!std::sys::alloc::windows::process_heap_alloc,2,0.004615952732644018
laneflow-urban-harness.exe!laneflow_urban_harness::observe::events,callee,ntdll.dll!***unknown*** (trimmed),1,0.002307976366322009
laneflow-urban-harness.exe!laneflow_urban_harness::observe::events,callee,ntdll.dll!***unknown*** (trimmed),1,0.002307976366322009
laneflow-urban-harness.exe!laneflow_urban_harness::observe::events,callee,ntdll.dll!***unknown*** (trimmed),1,0.002307976366322009
laneflow-urban-harness.exe!laneflow_urban_harness::observe::events,callee,ntdll.dll!***unknown*** (trimmed),1,0.002307976366322009
laneflow-urban-harness.exe!laneflow_urban_harness::observe::events,callee,laneflow-urban-harness.exe!_RNvCs6rREvFdRhLb_7___rustc12___rust_alloc (trimmed),1,0.002307976366322009
laneflow-urban-harness.exe!laneflow_urban_harness::observe::events,callee,"laneflow-urban-harness.exe!core::iter::adapters::map::impl$2::fold<alloc::string::String,core::slice::iter::Iter<u8>,laneflow_urban_harness::hex::closure_env$0,tuple$<>,core::iter::traits::iterator::Iterator::for_each::call::closure_env$0<alloc::string::String,alloc::string::impl$22::extend::closure_env$0<core::iter::adapters::map::Map<core::slice::iter::Iter<u8>,laneflow_urban_harness::hex::closure_env$0> > > > (trimmed)",1,0.002307976366322009
laneflow-urban-harness.exe!laneflow_urban_harness::observe::events,callee,"laneflow-urban-harness.exe!alloc::collections::btree::map::BTreeMap<tuple$<laneflow_urban_harness::runner::IndividualId,alloc::string::String,u32>,u32,alloc::alloc::Global>::insert<tuple$<laneflow_urban_harness::runner::IndividualId,alloc::string::String,u32>,u32,alloc::alloc::Global> (trimmed)",1,0.002307976366322009
laneflow-urban-harness.exe!laneflow_urban_harness::observe::events,callee,laneflow-urban-harness.exe!laneflow_runtime::facade::TrafficWorld::conflict_passage_occurrence_locator (trimmed),1,0.002307976366322009
laneflow-urban-harness.exe!laneflow_urban_harness::observe::events,callee,laneflow-urban-harness.exe!std::alloc::__default_lib_allocator::__rdl_alloc,1,0.002307976366322009
laneflow-urban-harness.exe!laneflow_urban_harness::observe::events,callee,laneflow-urban-harness.exe!alloc::fmt::format::format_inner (trimmed),1,0.002307976366322009
laneflow-urban-harness.exe!laneflow_urban_harness::observe::events,caller,laneflow-urban-harness.exe!laneflow_urban_harness::runner::Harness::advance,1999,4.613644756277695
"laneflow-urban-harness.exe!laneflow_runtime::kernel::execution::run_dispatch_chunk<enum2$<laneflow_runtime::kernel::conflict_tick::CandidateReport>,laneflow_runtime::kernel::conflict_tick::impl$6::prepare_conflict_candidates_dispatched::closure_env$2>",callee,laneflow-urban-harness.exe!laneflow_runtime::kernel::conflict_tick::ConflictTaskView::evaluate_candidate,1757,4.05511447562777
"laneflow-urban-harness.exe!laneflow_runtime::kernel::execution::run_dispatch_chunk<enum2$<laneflow_runtime::kernel::conflict_tick::CandidateReport>,laneflow_runtime::kernel::conflict_tick::impl$6::prepare_conflict_candidates_dispatched::closure_env$2>",callee,vcruntime140.dll!***unknown***,5,0.011539881831610045
"laneflow-urban-harness.exe!laneflow_runtime::kernel::execution::run_dispatch_chunk<enum2$<laneflow_runtime::kernel::conflict_tick::CandidateReport>,laneflow_runtime::kernel::conflict_tick::impl$6::prepare_conflict_candidates_dispatched::closure_env$2>",callee,vcruntime140.dll!***unknown***,4,0.009231905465288036
"laneflow-urban-harness.exe!laneflow_runtime::kernel::execution::run_dispatch_chunk<enum2$<laneflow_runtime::kernel::conflict_tick::CandidateReport>,laneflow_runtime::kernel::conflict_tick::impl$6::prepare_conflict_candidates_dispatched::closure_env$2>",callee,vcruntime140.dll!***unknown***,4,0.009231905465288036
"laneflow-urban-harness.exe!laneflow_runtime::kernel::execution::run_dispatch_chunk<enum2$<laneflow_runtime::kernel::conflict_tick::CandidateReport>,laneflow_runtime::kernel::conflict_tick::impl$6::prepare_conflict_candidates_dispatched::closure_env$2>",callee,vcruntime140.dll!***unknown***,3,0.006923929098966027
"laneflow-urban-harness.exe!laneflow_runtime::kernel::execution::run_dispatch_chunk<enum2$<laneflow_runtime::kernel::conflict_tick::CandidateReport>,laneflow_runtime::kernel::conflict_tick::impl$6::prepare_conflict_candidates_dispatched::closure_env$2>",callee,vcruntime140.dll!***unknown***,2,0.004615952732644018
"laneflow-urban-harness.exe!laneflow_runtime::kernel::execution::run_dispatch_chunk<enum2$<laneflow_runtime::kernel::conflict_tick::CandidateReport>,laneflow_runtime::kernel::conflict_tick::impl$6::prepare_conflict_candidates_dispatched::closure_env$2>",callee,vcruntime140.dll!***unknown***,2,0.004615952732644018
"laneflow-urban-harness.exe!laneflow_runtime::kernel::execution::run_dispatch_chunk<enum2$<laneflow_runtime::kernel::conflict_tick::CandidateReport>,laneflow_runtime::kernel::conflict_tick::impl$6::prepare_conflict_candidates_dispatched::closure_env$2>",callee,vcruntime140.dll!***unknown***,2,0.004615952732644018
"laneflow-urban-harness.exe!laneflow_runtime::kernel::execution::run_dispatch_chunk<enum2$<laneflow_runtime::kernel::conflict_tick::CandidateReport>,laneflow_runtime::kernel::conflict_tick::impl$6::prepare_conflict_candidates_dispatched::closure_env$2>",callee,vcruntime140.dll!***unknown***,2,0.004615952732644018
"laneflow-urban-harness.exe!laneflow_runtime::kernel::execution::run_dispatch_chunk<enum2$<laneflow_runtime::kernel::conflict_tick::CandidateReport>,laneflow_runtime::kernel::conflict_tick::impl$6::prepare_conflict_candidates_dispatched::closure_env$2>",callee,vcruntime140.dll!***unknown***,2,0.004615952732644018
"laneflow-urban-harness.exe!laneflow_runtime::kernel::execution::run_dispatch_chunk<enum2$<laneflow_runtime::kernel::conflict_tick::CandidateReport>,laneflow_runtime::kernel::conflict_tick::impl$6::prepare_conflict_candidates_dispatched::closure_env$2>",callee,vcruntime140.dll!***unknown***,1,0.002307976366322009
"laneflow-urban-harness.exe!laneflow_runtime::kernel::execution::run_dispatch_chunk<enum2$<laneflow_runtime::kernel::conflict_tick::CandidateReport>,laneflow_runtime::kernel::conflict_tick::impl$6::prepare_conflict_candidates_dispatched::closure_env$2>",callee,vcruntime140.dll!***unknown***,1,0.002307976366322009
"laneflow-urban-harness.exe!laneflow_runtime::kernel::execution::run_dispatch_chunk<enum2$<laneflow_runtime::kernel::conflict_tick::CandidateReport>,laneflow_runtime::kernel::conflict_tick::impl$6::prepare_conflict_candidates_dispatched::closure_env$2>",callee,vcruntime140.dll!***unknown*** (trimmed),1,0.002307976366322009
"laneflow-urban-harness.exe!laneflow_runtime::kernel::execution::run_dispatch_chunk<enum2$<laneflow_runtime::kernel::conflict_tick::CandidateReport>,laneflow_runtime::kernel::conflict_tick::impl$6::prepare_conflict_candidates_dispatched::closure_env$2>",callee,vcruntime140.dll!***unknown*** (trimmed),1,0.002307976366322009
"laneflow-urban-harness.exe!laneflow_runtime::kernel::execution::run_dispatch_chunk<enum2$<laneflow_runtime::kernel::conflict_tick::CandidateReport>,laneflow_runtime::kernel::conflict_tick::impl$6::prepare_conflict_candidates_dispatched::closure_env$2>",callee,vcruntime140.dll!***unknown*** (trimmed),1,0.002307976366322009
"laneflow-urban-harness.exe!laneflow_runtime::kernel::execution::run_dispatch_chunk<enum2$<laneflow_runtime::kernel::conflict_tick::CandidateReport>,laneflow_runtime::kernel::conflict_tick::impl$6::prepare_conflict_candidates_dispatched::closure_env$2>",callee,vcruntime140.dll!***unknown*** (trimmed),1,0.002307976366322009
"laneflow-urban-harness.exe!laneflow_runtime::kernel::execution::run_dispatch_chunk<enum2$<laneflow_runtime::kernel::conflict_tick::CandidateReport>,laneflow_runtime::kernel::conflict_tick::impl$6::prepare_conflict_candidates_dispatched::closure_env$2>",callee,vcruntime140.dll!***unknown*** (trimmed),1,0.002307976366322009
"laneflow-urban-harness.exe!laneflow_runtime::kernel::execution::run_dispatch_chunk<enum2$<laneflow_runtime::kernel::conflict_tick::CandidateReport>,laneflow_runtime::kernel::conflict_tick::impl$6::prepare_conflict_candidates_dispatched::closure_env$2>",callee,vcruntime140.dll!***unknown***,1,0.002307976366322009
"laneflow-urban-harness.exe!laneflow_runtime::kernel::execution::run_dispatch_chunk<enum2$<laneflow_runtime::kernel::conflict_tick::CandidateReport>,laneflow_runtime::kernel::conflict_tick::impl$6::prepare_conflict_candidates_dispatched::closure_env$2>",callee,laneflow-urban-harness.exe!core::ptr::drop_glue<enum2$<laneflow_runtime::kernel::execution::DispatchSlot<enum2$<laneflow_runtime::kernel::conflict_tick::CandidateReport> > > > (trimmed),1,0.002307976366322009
"laneflow-urban-harness.exe!laneflow_runtime::kernel::execution::run_dispatch_chunk<enum2$<laneflow_runtime::kernel::conflict_tick::CandidateReport>,laneflow_runtime::kernel::conflict_tick::impl$6::prepare_conflict_candidates_dispatched::closure_env$2>",caller,"laneflow-urban-harness.exe!rayon_core::scope::ScopeBase::execute_job_closure<rayon_core::scope::impl$0::spawn::closure$0::closure_env$0<laneflow_runtime::kernel::execution::impl$4::try_for_each_chunk::closure$0::closure_env$0<enum2$<laneflow_runtime::kernel::conflict_tick::CandidateReport>,laneflow_runtime::kernel::conflict_tick::impl$6::prepare_conflict_candidates_dispatched::closure_env$2> >,tuple$<> >",1392,3.212703101920236
"laneflow-urban-harness.exe!laneflow_runtime::kernel::execution::run_dispatch_chunk<enum2$<laneflow_runtime::kernel::conflict_tick::CandidateReport>,laneflow_runtime::kernel::conflict_tick::impl$6::prepare_conflict_candidates_dispatched::closure_env$2>",caller,"laneflow-urban-harness.exe!enum2$<laneflow_runtime::kernel::execution::ExecutionResources>::try_for_each_chunk<enum2$<laneflow_runtime::kernel::conflict_tick::CandidateReport>,laneflow_runtime::kernel::conflict_tick::impl$6::prepare_conflict_candidates_dispatched::closure_env$2>",445,1.027049483013294
"laneflow-urban-harness.exe!core::hash::BuildHasher::hash_one<std::hash::random::RandomState,ref$<laneflow_runtime::kernel::handle::RouteHandle> >",callee,laneflow-urban-harness.exe!std::hash::random::impl$4::write,1180,2.7234121122599704
"laneflow-urban-harness.exe!core::hash::BuildHasher::hash_one<std::hash::random::RandomState,ref$<laneflow_runtime::kernel::handle::RouteHandle> >",callee,ntkrnlmp.exe!***unknown***,1,0.002307976366322009
"laneflow-urban-harness.exe!core::hash::BuildHasher::hash_one<std::hash::random::RandomState,ref$<laneflow_runtime::kernel::handle::RouteHandle> >",caller,laneflow-urban-harness.exe!laneflow_urban_harness::observe::counts,672,1.5509601181683899
"laneflow-urban-harness.exe!core::hash::BuildHasher::hash_one<std::hash::random::RandomState,ref$<laneflow_runtime::kernel::handle::RouteHandle> >",caller,laneflow-urban-harness.exe!laneflow_urban_harness::observe::state,511,1.1793759231905465
"laneflow-urban-harness.exe!core::hash::BuildHasher::hash_one<std::hash::random::RandomState,ref$<laneflow_runtime::kernel::handle::RouteHandle> >",caller,laneflow-urban-harness.exe!laneflow_urban_harness::observe::events,447,1.031665435745938
"laneflow-urban-harness.exe!core::hash::BuildHasher::hash_one<std::hash::random::RandomState,ref$<laneflow_runtime::kernel::handle::RouteHandle> >",caller,laneflow-urban-harness.exe!laneflow_urban_harness::observe::red_waiters,92,0.21233382570162482
"laneflow-urban-harness.exe!core::hash::BuildHasher::hash_one<std::hash::random::RandomState,ref$<laneflow_runtime::kernel::handle::RouteHandle> >",caller,"laneflow-urban-harness.exe!hashbrown::map::HashMap<laneflow_runtime::kernel::handle::VehicleHandle,tuple$<>,std::hash::random::RandomState,alloc::alloc::Global>::insert<laneflow_runtime::kernel::handle::VehicleHandle,tuple$<>,std::hash::random::RandomState,alloc::alloc::Global>",34,0.07847119645494831
"laneflow-urban-harness.exe!core::hash::BuildHasher::hash_one<std::hash::random::RandomState,ref$<laneflow_runtime::kernel::handle::RouteHandle> >",caller,laneflow-urban-harness.exe!laneflow_urban_harness::runner::Harness::stable_individual,32,0.07385524372230429
"laneflow-urban-harness.exe!core::hash::BuildHasher::hash_one<std::hash::random::RandomState,ref$<laneflow_runtime::kernel::handle::RouteHandle> >",caller,laneflow-urban-harness.exe!laneflow_urban_harness::observe::passage,13,0.030003692762186115
"laneflow-urban-harness.exe!core::hash::BuildHasher::hash_one<std::hash::random::RandomState,ref$<laneflow_runtime::kernel::handle::RouteHandle> >",caller,laneflow-urban-harness.exe!laneflow_urban_harness::observe::range,5,0.011539881831610045
laneflow-urban-harness.exe!laneflow_runtime::kernel::conflict_tick::ConflictTaskView::evaluate_candidate,callee,"laneflow-urban-harness.exe!enum2$<core::option::Option<laneflow_runtime::kernel::tick::MotionPreview> >::or_else<laneflow_runtime::kernel::tick::MotionPreview,laneflow_runtime::kernel::conflict_tick::impl$9::evaluate_candidate::closure_env$8>",828,1.9110044313146233
laneflow-urban-harness.exe!laneflow_runtime::kernel::conflict_tick::ConflictTaskView::evaluate_candidate,callee,laneflow-urban-harness.exe!laneflow_runtime::kernel::conflict_tick::evaluate_gate_hop,426,0.9831979320531757
laneflow-urban-harness.exe!laneflow_runtime::kernel::conflict_tick::ConflictTaskView::evaluate_candidate,callee,laneflow-urban-harness.exe!laneflow_runtime::kernel::conflict_tick::ConflictTaskView::prepare_resource_candidate_task,280,0.6462333825701625
laneflow-urban-harness.exe!laneflow_runtime::kernel::conflict_tick::ConflictTaskView::evaluate_candidate,callee,laneflow-urban-harness.exe!laneflow_runtime::kernel::conflict_tick::ConflictTaskView::waiting_stop_for,13,0.030003692762186115
laneflow-urban-harness.exe!laneflow_runtime::kernel::conflict_tick::ConflictTaskView::evaluate_candidate,callee,laneflow-urban-harness.exe!laneflow_static_network::relations::SharedRelationClosure::vehicle_profile,9,0.02077178729689808
laneflow-urban-harness.exe!laneflow_runtime::kernel::conflict_tick::ConflictTaskView::evaluate_candidate,callee,ucrtbase.dll!***unknown***,2,0.004615952732644018
laneflow-urban-harness.exe!laneflow_runtime::kernel::conflict_tick::ConflictTaskView::evaluate_candidate,callee,ntkrnlmp.exe!***unknown***,1,0.002307976366322009
laneflow-urban-harness.exe!laneflow_runtime::kernel::conflict_tick::ConflictTaskView::evaluate_candidate,callee,ntkrnlmp.exe!***unknown***,1,0.002307976366322009
laneflow-urban-harness.exe!laneflow_runtime::kernel::conflict_tick::ConflictTaskView::evaluate_candidate,callee,vcruntime140.dll!***unknown***,1,0.002307976366322009
laneflow-urban-harness.exe!laneflow_runtime::kernel::conflict_tick::ConflictTaskView::evaluate_candidate,callee,vcruntime140.dll!***unknown***,1,0.002307976366322009
laneflow-urban-harness.exe!laneflow_runtime::kernel::conflict_tick::ConflictTaskView::evaluate_candidate,callee,vcruntime140.dll!***unknown***,1,0.002307976366322009
laneflow-urban-harness.exe!laneflow_runtime::kernel::conflict_tick::ConflictTaskView::evaluate_candidate,callee,vcruntime140.dll!***unknown***,1,0.002307976366322009
laneflow-urban-harness.exe!laneflow_runtime::kernel::conflict_tick::ConflictTaskView::evaluate_candidate,callee,"laneflow-urban-harness.exe!core::slice::impl$0::partition_point<laneflow_runtime::kernel::tables::WaitingOccurrence,laneflow_runtime::kernel::tick::impl$5::conflict_stop_for::closure_env$6> (trimmed)",1,0.002307976366322009
laneflow-urban-harness.exe!laneflow_runtime::kernel::conflict_tick::ConflictTaskView::evaluate_candidate,caller,"laneflow-urban-harness.exe!laneflow_runtime::kernel::execution::run_dispatch_chunk<enum2$<laneflow_runtime::kernel::conflict_tick::CandidateReport>,laneflow_runtime::kernel::conflict_tick::impl$6::prepare_conflict_candidates_dispatched::closure_env$2>",1757,4.05511447562777
laneflow-urban-harness.exe!laneflow_urban_harness::observe::Hash::id,callee,laneflow-urban-harness.exe!laneflow_urban_harness::observe::Hash::flush,1383,3.1919313146233383
laneflow-urban-harness.exe!laneflow_urban_harness::observe::Hash::id,caller,laneflow-urban-harness.exe!laneflow_urban_harness::observe::state,1534,3.5404357459379616
laneflow-urban-harness.exe!laneflow_urban_harness::observe::Hash::id,caller,laneflow-urban-harness.exe!laneflow_urban_harness::observe::events,58,0.13386262924667652
laneflow-urban-harness.exe!laneflow_urban_harness::observe::Hash::bytes,callee,laneflow-urban-harness.exe!laneflow_urban_harness::observe::Hash::flush,1164,2.6864844903988185
laneflow-urban-harness.exe!laneflow_urban_harness::observe::Hash::bytes,callee,vcruntime140.dll!***unknown***,71,0.16386632200886264
laneflow-urban-harness.exe!laneflow_urban_harness::observe::Hash::bytes,callee,vcruntime140.dll!***unknown***,32,0.07385524372230429
laneflow-urban-harness.exe!laneflow_urban_harness::observe::Hash::bytes,callee,vcruntime140.dll!***unknown***,27,0.06231536189069424
laneflow-urban-harness.exe!laneflow_urban_harness::observe::Hash::bytes,callee,vcruntime140.dll!***unknown***,14,0.03231166912850812
laneflow-urban-harness.exe!laneflow_urban_harness::observe::Hash::bytes,callee,vcruntime140.dll!***unknown***,13,0.030003692762186115
laneflow-urban-harness.exe!laneflow_urban_harness::observe::Hash::bytes,callee,laneflow-urban-harness.exe!memcpy,12,0.027695716395864108
laneflow-urban-harness.exe!laneflow_urban_harness::observe::Hash::bytes,callee,vcruntime140.dll!***unknown***,9,0.02077178729689808
laneflow-urban-harness.exe!laneflow_urban_harness::observe::Hash::bytes,callee,vcruntime140.dll!***unknown***,2,0.004615952732644018
laneflow-urban-harness.exe!laneflow_urban_harness::observe::Hash::bytes,callee,vcruntime140.dll!***unknown***,2,0.004615952732644018
laneflow-urban-harness.exe!laneflow_urban_harness::observe::Hash::bytes,caller,laneflow-urban-harness.exe!laneflow_urban_harness::observe::state,1467,3.385801329394387
laneflow-urban-harness.exe!laneflow_urban_harness::observe::Hash::bytes,caller,laneflow-urban-harness.exe!laneflow_urban_harness::observe::events,82,0.18925406203840472
laneflow-urban-harness.exe!std::hash::random::impl$4::write,callee,ntkrnlmp.exe!***unknown***,1,0.002307976366322009
laneflow-urban-harness.exe!std::hash::random::impl$4::write,caller,"laneflow-urban-harness.exe!core::hash::BuildHasher::hash_one<std::hash::random::RandomState,ref$<laneflow_runtime::kernel::handle::RouteHandle> >",1180,2.7234121122599704
laneflow-urban-harness.exe!std::hash::random::impl$4::write,caller,"laneflow-urban-harness.exe!core::hash::BuildHasher::hash_one<std::hash::random::RandomState,ref$<enum2$<laneflow_runtime::kernel::parking::ParkingTarget> > >",264,0.6093057607090103
laneflow-urban-harness.exe!std::hash::random::impl$4::write,caller,"laneflow-urban-harness.exe!core::hash::BuildHasher::hash_one<std::hash::random::RandomState,ref$<u32> >",41,0.09462703101920236
laneflow-urban-harness.exe!laneflow_urban_harness::runner::Harness::execute,callee,"laneflow-urban-harness.exe!laneflow_urban_harness::runner::Harness::measure_command<enum2$<core::result::Result<enum2$<core::result::Result<laneflow_runtime::kernel::vehicle::VehicleReplaceRecord,enum2$<laneflow_runtime::kernel::error::ReplaceError> > >,enum2$<laneflow_urban_harness::Error> > >,laneflow_urban_harness::runner::impl$2::execute::closure_env$2>",526,1.2139955686853767
laneflow-urban-harness.exe!laneflow_urban_harness::runner::Harness::execute,callee,"laneflow-urban-harness.exe!laneflow_urban_harness::runner::Harness::measure_command<enum2$<core::result::Result<laneflow_runtime::kernel::parking::ParkingLeaveRecord,enum2$<laneflow_runtime::kernel::error::ParkingError> > >,laneflow_urban_harness::runner::impl$2::execute::closure_env$4>",405,0.9347304283604135
laneflow-urban-harness.exe!laneflow_urban_harness::runner::Harness::execute,callee,"laneflow-urban-harness.exe!alloc::collections::btree::map::BTreeMap<alloc::string::String,enum2$<serde_json::value::Value>,alloc::alloc::Global>::insert<alloc::string::String,enum2$<serde_json::value::Value>,alloc::alloc::Global>",129,0.29772895125553916
laneflow-urban-harness.exe!laneflow_urban_harness::runner::Harness::execute,callee,laneflow-urban-harness.exe!laneflow_urban_harness::runner::_::impl$0::serialize<serde_json::value::ser::Serializer>,83,0.19156203840472674
laneflow-urban-harness.exe!laneflow_urban_harness::runner::Harness::execute,callee,"laneflow-urban-harness.exe!serde_core::ser::impls::impl$107::serialize<enum2$<serde_json::value::Value>,serde_json::value::ser::Serializer>",75,0.17309822747415066
laneflow-urban-harness.exe!laneflow_urban_harness::runner::Harness::execute,callee,ntdll.dll!***unknown***,54,0.12463072378138848
laneflow-urban-harness.exe!laneflow_urban_harness::runner::Harness::execute,callee,"laneflow-urban-harness.exe!core::slice::iter::impl$171::find<laneflow_urban_generator::catalog::ParkingTarget,laneflow_urban_harness::plan::impl$3::for_case::closure_env$43>",32,0.07385524372230429
laneflow-urban-harness.exe!laneflow_urban_harness::runner::Harness::execute,callee,"laneflow-urban-harness.exe!alloc::collections::btree::map::impl$0::drop<alloc::string::String,enum2$<serde_json::value::Value>,alloc::alloc::Global>",18,0.04154357459379616
laneflow-urban-harness.exe!laneflow_urban_harness::runner::Harness::execute,callee,"laneflow-urban-harness.exe!alloc::collections::btree::map::BTreeMap<alloc::string::String,laneflow_runtime::kernel::handle::RouteHandle,alloc::alloc::Global>::get<alloc::string::String,laneflow_runtime::kernel::handle::RouteHandle,alloc::alloc::Global,alloc::string::String>",16,0.03692762186115214
laneflow-urban-harness.exe!laneflow_urban_harness::runner::Harness::execute,callee,laneflow-urban-harness.exe!std::sys::alloc::windows::process_heap_alloc,14,0.03231166912850812
laneflow-urban-harness.exe!laneflow_urban_harness::runner::Harness::execute,callee,laneflow-urban-harness.exe!serde_json::value::to_value<ref$<ref$<str$> > >,13,0.030003692762186115
laneflow-urban-harness.exe!laneflow_urban_harness::runner::Harness::execute,callee,laneflow-urban-harness.exe!laneflow_urban_harness::runner::Harness::enqueue,12,0.027695716395864108
laneflow-urban-harness.exe!laneflow_urban_harness::runner::Harness::execute,callee,laneflow-urban-harness.exe!laneflow_runtime::facade::TrafficWorld::parking_binding,10,0.02307976366322009
laneflow-urban-harness.exe!laneflow_urban_harness::runner::Harness::execute,callee,"laneflow-urban-harness.exe!alloc::collections::btree::map::BTreeMap<alloc::string::String,u64,alloc::alloc::Global>::entry<alloc::string::String,u64,alloc::alloc::Global>",9,0.02077178729689808
laneflow-urban-harness.exe!laneflow_urban_harness::runner::Harness::execute,callee,"laneflow-urban-harness.exe!alloc::collections::btree::map::BTreeMap<u32,alloc::collections::btree::set_val::SetValZST,alloc::alloc::Global>::insert<u32,alloc::collections::btree::set_val::SetValZST,alloc::alloc::Global>",9,0.02077178729689808
laneflow-urban-harness.exe!laneflow_urban_harness::runner::Harness::execute,callee,laneflow-urban-harness.exe!laneflow_urban_harness::runner::impl$39::clone,9,0.02077178729689808
laneflow-urban-harness.exe!laneflow_urban_harness::runner::Harness::execute,callee,ntdll.dll!***unknown***,7,0.01615583456425406
laneflow-urban-harness.exe!laneflow_urban_harness::runner::Harness::execute,callee,laneflow-urban-harness.exe!alloc::raw_vec::RawVecInner<alloc::alloc::Global>::try_allocate_in<alloc::alloc::Global>,6,0.013847858197932054
laneflow-urban-harness.exe!laneflow_urban_harness::runner::Harness::execute,callee,laneflow-urban-harness.exe!laneflow_runtime::facade::TrafficWorld::vehicle,5,0.011539881831610045
laneflow-urban-harness.exe!laneflow_urban_harness::runner::Harness::execute,callee,laneflow-urban-harness.exe!laneflow_urban_harness::runner::Harness::stable_individual,4,0.009231905465288036
laneflow-urban-harness.exe!laneflow_urban_harness::runner::Harness::execute,callee,laneflow-urban-harness.exe!laneflow_runtime::facade::TrafficWorld::command_cursor (trimmed),2,0.004615952732644018
laneflow-urban-harness.exe!laneflow_urban_harness::runner::Harness::execute,callee,laneflow-urban-harness.exe!std::alloc::__default_lib_allocator::__rdl_dealloc,2,0.004615952732644018
laneflow-urban-harness.exe!laneflow_urban_harness::runner::Harness::execute,callee,ntdll.dll!***unknown*** (trimmed),1,0.002307976366322009
laneflow-urban-harness.exe!laneflow_urban_harness::runner::Harness::execute,callee,ntdll.dll!***unknown*** (trimmed),1,0.002307976366322009
laneflow-urban-harness.exe!laneflow_urban_harness::runner::Harness::execute,callee,vcruntime140.dll!***unknown*** (trimmed),1,0.002307976366322009
laneflow-urban-harness.exe!laneflow_urban_harness::runner::Harness::execute,callee,vcruntime140.dll!***unknown***,1,0.002307976366322009
laneflow-urban-harness.exe!laneflow_urban_harness::runner::Harness::execute,callee,laneflow-urban-harness.exe!_RNvCs6rREvFdRhLb_7___rustc35___rust_no_alloc_shim_is_unstable_v2,1,0.002307976366322009
laneflow-urban-harness.exe!laneflow_urban_harness::runner::Harness::execute,callee,"laneflow-urban-harness.exe!alloc::collections::btree::map::BTreeMap<u32,alloc::collections::btree::set_val::SetValZST,alloc::alloc::Global>::remove<u32,alloc::collections::btree::set_val::SetValZST,alloc::alloc::Global,u32> (trimmed)",1,0.002307976366322009
laneflow-urban-harness.exe!laneflow_urban_harness::runner::Harness::execute,callee,"laneflow-urban-harness.exe!alloc::vec::Vec<enum2$<serde_json::value::Value>,alloc::alloc::Global>::push_mut<enum2$<serde_json::value::Value>,alloc::alloc::Global> (trimmed)",1,0.002307976366322009
laneflow-urban-harness.exe!laneflow_urban_harness::runner::Harness::execute,callee,"laneflow-urban-harness.exe!hashbrown::map::HashMap<laneflow_runtime::kernel::handle::VehicleHandle,usize,std::hash::random::RandomState,alloc::alloc::Global>::remove<laneflow_runtime::kernel::handle::VehicleHandle,usize,std::hash::random::RandomState,alloc::alloc::Global,laneflow_runtime::kernel::handle::VehicleHandle> (trimmed)",1,0.002307976366322009
laneflow-urban-harness.exe!laneflow_urban_harness::runner::Harness::execute,caller,laneflow-urban-harness.exe!laneflow_urban_harness::runner::Harness::advance,1470,3.392725258493353
"laneflow-urban-harness.exe!core::slice::sort::unstable::ipnsort<tuple$<u32,u64,u64,laneflow_urban_harness::runner::IndividualId>,bool (*)(ref$<tuple$<u32,u64,u64,laneflow_urban_harness::runner::IndividualId> >,ref$<tuple$<u32,u64,u64,laneflow_urban_harness::runner::IndividualId> >)>",callee,"laneflow-urban-harness.exe!core::slice::sort::unstable::quicksort::quicksort<tuple$<u32,u64,u64,laneflow_urban_harness::runner::IndividualId>,bool (*)(ref$<tuple$<u32,u64,u64,laneflow_urban_harness::runner::IndividualId> >,ref$<tuple$<u32,u64,u64,laneflow_urban_harness::runner::IndividualId> >)>",1417,3.2704025110782866
"laneflow-urban-harness.exe!core::slice::sort::unstable::ipnsort<tuple$<u32,u64,u64,laneflow_urban_harness::runner::IndividualId>,bool (*)(ref$<tuple$<u32,u64,u64,laneflow_urban_harness::runner::IndividualId> >,ref$<tuple$<u32,u64,u64,laneflow_urban_harness::runner::IndividualId> >)>",callee,"laneflow-urban-harness.exe!core::slice::sort::shared::smallsort::small_sort_general<tuple$<u32,u64,u64,laneflow_urban_harness::runner::IndividualId>,bool (*)(ref$<tuple$<u32,u64,u64,laneflow_urban_harness::runner::IndividualId> >,ref$<tuple$<u32,u64,u64,laneflow_urban_harness::runner::IndividualId> >)>",1,0.002307976366322009
"laneflow-urban-harness.exe!core::slice::sort::unstable::ipnsort<tuple$<u32,u64,u64,laneflow_urban_harness::runner::IndividualId>,bool (*)(ref$<tuple$<u32,u64,u64,laneflow_urban_harness::runner::IndividualId> >,ref$<tuple$<u32,u64,u64,laneflow_urban_harness::runner::IndividualId> >)>",caller,laneflow-urban-harness.exe!laneflow_urban_harness::observe::state,1418,3.2727104874446087
laneflow-urban-harness.exe!laneflow_runtime::kernel::tick::si_comfort_travel,callee,"laneflow-urban-harness.exe!core::slice::impl$0::partition_point<laneflow_runtime::kernel::tables::SpeedLimitDrop,laneflow_runtime::kernel::tick::constrain_upcoming_speed_limits::closure_env$0>",64,0.14771048744460857
laneflow-urban-harness.exe!laneflow_runtime::kernel::tick::si_comfort_travel,callee,ntkrnlmp.exe!***unknown***,4,0.009231905465288036
laneflow-urban-harness.exe!laneflow_runtime::kernel::tick::si_comfort_travel,caller,laneflow-urban-harness.exe!laneflow_runtime::kernel::phase::StepReadView::calculate_active_vehicle_motion,1416,3.2680945347119645
"laneflow-urban-harness.exe!rayon_core::scope::ScopeBase::execute_job_closure<rayon_core::scope::impl$0::spawn::closure$0::closure_env$0<laneflow_runtime::kernel::execution::impl$4::try_for_each_chunk::closure$0::closure_env$0<enum2$<laneflow_runtime::kernel::conflict_tick::CandidateReport>,laneflow_runtime::kernel::conflict_tick::impl$6::prepare_conflict_candidates_dispatched::closure_env$2> >,tuple$<> >",callee,"laneflow-urban-harness.exe!laneflow_runtime::kernel::execution::run_dispatch_chunk<enum2$<laneflow_runtime::kernel::conflict_tick::CandidateReport>,laneflow_runtime::kernel::conflict_tick::impl$6::prepare_conflict_candidates_dispatched::closure_env$2>",1392,3.212703101920236
"laneflow-urban-harness.exe!rayon_core::scope::ScopeBase::execute_job_closure<rayon_core::scope::impl$0::spawn::closure$0::closure_env$0<laneflow_runtime::kernel::execution::impl$4::try_for_each_chunk::closure$0::closure_env$0<enum2$<laneflow_runtime::kernel::conflict_tick::CandidateReport>,laneflow_runtime::kernel::conflict_tick::impl$6::prepare_conflict_candidates_dispatched::closure_env$2> >,tuple$<> >",callee,laneflow-urban-harness.exe!rayon_core::latch::impl$11::set,7,0.01615583456425406
"laneflow-urban-harness.exe!rayon_core::scope::ScopeBase::execute_job_closure<rayon_core::scope::impl$0::spawn::closure$0::closure_env$0<laneflow_runtime::kernel::execution::impl$4::try_for_each_chunk::closure$0::closure_env$0<enum2$<laneflow_runtime::kernel::conflict_tick::CandidateReport>,laneflow_runtime::kernel::conflict_tick::impl$6::prepare_conflict_candidates_dispatched::closure_env$2> >,tuple$<> >",caller,"laneflow-urban-harness.exe!rayon_core::job::impl$6::execute<rayon_core::scope::impl$0::spawn::closure_env$0<laneflow_runtime::kernel::execution::impl$4::try_for_each_chunk::closure$0::closure_env$0<enum2$<laneflow_runtime::kernel::conflict_tick::CandidateReport>,laneflow_runtime::kernel::conflict_tick::impl$6::prepare_conflict_candidates_dispatched::closure_env$2> > >",1399,3.22885893648449
"laneflow-urban-harness.exe!rayon_core::job::impl$6::execute<rayon_core::scope::impl$0::spawn::closure_env$0<laneflow_runtime::kernel::execution::impl$4::try_for_each_chunk::closure$0::closure_env$0<enum2$<laneflow_runtime::kernel::conflict_tick::CandidateReport>,laneflow_runtime::kernel::conflict_tick::impl$6::prepare_conflict_candidates_dispatched::closure_env$2> > >",callee,"laneflow-urban-harness.exe!rayon_core::scope::ScopeBase::execute_job_closure<rayon_core::scope::impl$0::spawn::closure$0::closure_env$0<laneflow_runtime::kernel::execution::impl$4::try_for_each_chunk::closure$0::closure_env$0<enum2$<laneflow_runtime::kernel::conflict_tick::CandidateReport>,laneflow_runtime::kernel::conflict_tick::impl$6::prepare_conflict_candidates_dispatched::closure_env$2> >,tuple$<> >",1399,3.22885893648449
"laneflow-urban-harness.exe!rayon_core::job::impl$6::execute<rayon_core::scope::impl$0::spawn::closure_env$0<laneflow_runtime::kernel::execution::impl$4::try_for_each_chunk::closure$0::closure_env$0<enum2$<laneflow_runtime::kernel::conflict_tick::CandidateReport>,laneflow_runtime::kernel::conflict_tick::impl$6::prepare_conflict_candidates_dispatched::closure_env$2> > >",caller,laneflow-urban-harness.exe!rayon_core::registry::WorkerThread::wait_until_cold,1399,3.22885893648449
laneflow-urban-harness.exe!laneflow_urban_harness::observe::parking_invariants,callee,laneflow-urban-harness.exe!laneflow_runtime::facade::TrafficWorld::parking_binding,852,1.9663958641063515
laneflow-urban-harness.exe!laneflow_urban_harness::observe::parking_invariants,callee,"laneflow-urban-harness.exe!core::hash::BuildHasher::hash_one<std::hash::random::RandomState,ref$<enum2$<laneflow_runtime::kernel::parking::ParkingTarget> > >",212,0.48929098966026585
laneflow-urban-harness.exe!laneflow_urban_harness::observe::parking_invariants,callee,"laneflow-urban-harness.exe!hashbrown::raw::RawTable<tuple$<enum2$<laneflow_runtime::kernel::parking::ParkingTarget>,tuple$<u64,u64> >,alloc::alloc::Global>::reserve_rehash<tuple$<enum2$<laneflow_runtime::kernel::parking::ParkingTarget>,tuple$<u64,u64> >,alloc::alloc::Global,hashbrown::map::make_hasher::closure_env$0<enum2$<laneflow_runtime::kernel::parking::ParkingTarget>,tuple$<u64,u64>,std::hash::random::RandomState> >",49,0.11309084194977843
laneflow-urban-harness.exe!laneflow_urban_harness::observe::parking_invariants,callee,laneflow-urban-harness.exe!laneflow_runtime::facade::TrafficWorld::parking_space_state,16,0.03692762186115214
laneflow-urban-harness.exe!laneflow_urban_harness::observe::parking_invariants,callee,laneflow-urban-harness.exe!laneflow_runtime::facade::TrafficWorld::parking_facility_counts,10,0.02307976366322009
laneflow-urban-harness.exe!laneflow_urban_harness::observe::parking_invariants,callee,laneflow-urban-harness.exe!laneflow_static_network::relations::SharedRelationClosure::parking_facility,3,0.006923929098966027
laneflow-urban-harness.exe!laneflow_urban_harness::observe::parking_invariants,callee,ntdll.dll!***unknown***,1,0.002307976366322009
laneflow-urban-harness.exe!laneflow_urban_harness::observe::parking_invariants,caller,laneflow-urban-harness.exe!laneflow_urban_harness::runner::Harness::advance,1349,3.11346011816839
laneflow-urban-harness.exe!laneflow_runtime::kernel::phase::StepReadView::gate_policy_decision_with_signals,callee,laneflow-urban-harness.exe!laneflow_static_network::policy::PolicyView::gate,274,0.6323855243722304
laneflow-urban-harness.exe!laneflow_runtime::kernel::phase::StepReadView::gate_policy_decision_with_signals,callee,laneflow-urban-harness.exe!laneflow_static_network::relations::SharedRelationClosure::maneuver_gate,183,0.4223596750369276
laneflow-urban-harness.exe!laneflow_runtime::kernel::phase::StepReadView::gate_policy_decision_with_signals,callee,laneflow-urban-harness.exe!laneflow_static_network::relations::SharedRelationClosure::vehicle_profile,86,0.19848596750369277
laneflow-urban-harness.exe!laneflow_runtime::kernel::phase::StepReadView::gate_policy_decision_with_signals,callee,laneflow-urban-harness.exe!laneflow_static_network::policy::SharedPolicyNetwork::policy,41,0.09462703101920236
laneflow-urban-harness.exe!laneflow_runtime::kernel::phase::StepReadView::gate_policy_decision_with_signals,callee,ntkrnlmp.exe!***unknown***,1,0.002307976366322009
laneflow-urban-harness.exe!laneflow_runtime::kernel::phase::StepReadView::gate_policy_decision_with_signals,caller,laneflow-urban-harness.exe!laneflow_runtime::kernel::phase::StepReadView::calculate_active_vehicle_motion,538,1.2416912850812407
laneflow-urban-harness.exe!laneflow_runtime::kernel::phase::StepReadView::gate_policy_decision_with_signals,caller,laneflow-urban-harness.exe!laneflow_runtime::kernel::phase::StepReadView::hop_permitted,355,0.8193316100443131
laneflow-urban-harness.exe!laneflow_runtime::kernel::phase::StepReadView::gate_policy_decision_with_signals,caller,laneflow-urban-harness.exe!laneflow_runtime::kernel::conflict_tick::evaluate_gate_hop,110,0.253877400295421
laneflow-urban-harness.exe!laneflow_runtime::kernel::phase::StepReadView::gate_policy_decision_with_signals,caller,laneflow-urban-harness.exe!laneflow_runtime::kernel::phase::StepReadView::conflict_eligibility_valid_with_signals,38,0.08770310192023634
laneflow-urban-harness.exe!laneflow_runtime::kernel::phase::StepReadView::gate_policy_decision_with_signals,caller,laneflow-urban-harness.exe!laneflow_runtime::kernel::tick::apply_travel_mm<laneflow_runtime::kernel::tick::impl$4::calculate_active_vehicle_motion::closure_env$4>,7,0.01615583456425406
laneflow-urban-harness.exe!laneflow_runtime::kernel::phase::StepReadView::gate_policy_decision_with_signals,caller,laneflow-urban-harness.exe!laneflow_runtime::kernel::phase::StepReadView::derive_waiting_traversal_with_signals,1,0.002307976366322009
laneflow-urban-harness.exe!laneflow_runtime::kernel::occupancy::OccupancyIndex::leader_relation,callee,ntkrnlmp.exe!***unknown***,2,0.004615952732644018
laneflow-urban-harness.exe!laneflow_runtime::kernel::occupancy::OccupancyIndex::leader_relation,caller,laneflow-urban-harness.exe!laneflow_runtime::kernel::phase::StepReadView::calculate_active_vehicle_motion,988,2.2802806499261448
laneflow-urban-harness.exe!laneflow_runtime::kernel::occupancy::OccupancyIndex::leader_relation,caller,laneflow-urban-harness.exe!laneflow_runtime::kernel::conflict_tick::ConflictTaskView::downstream_plan_prechecks,16,0.03692762186115214
laneflow-urban-harness.exe!laneflow_runtime::kernel::conflict::ConflictRead::owner_at,callee,ntkrnlmp.exe!***unknown***,2,0.004615952732644018
laneflow-urban-harness.exe!laneflow_runtime::kernel::conflict::ConflictRead::owner_at,callee,ntkrnlmp.exe!***unknown***,1,0.002307976366322009
laneflow-urban-harness.exe!laneflow_runtime::kernel::conflict::ConflictRead::owner_at,caller,laneflow-urban-harness.exe!laneflow_runtime::kernel::tick::MotionTaskView::vehicle_motion_outcome,368,0.8493353028064993
laneflow-urban-harness.exe!laneflow_runtime::kernel::conflict::ConflictRead::owner_at,caller,laneflow-urban-harness.exe!laneflow_runtime::facade::TrafficWorld::conflict_reservation,225,0.519294682422452
laneflow-urban-harness.exe!laneflow_runtime::kernel::conflict::ConflictRead::owner_at,caller,laneflow-urban-harness.exe!laneflow_runtime::kernel::conflict::ConflictRead::reservation,113,0.260801329394387
laneflow-urban-harness.exe!laneflow_runtime::kernel::conflict::ConflictRead::owner_at,caller,laneflow-urban-harness.exe!laneflow_runtime::kernel::phase::StepWorkspace::stage_vehicle_transitions,105,0.24233751846381094
laneflow-urban-harness.exe!laneflow_runtime::kernel::conflict::ConflictRead::owner_at,caller,laneflow-urban-harness.exe!laneflow_runtime::kernel::phase::StepWorkspace::finalize_waiting_outputs,29,0.06693131462333826
laneflow-urban-harness.exe!laneflow_runtime::kernel::conflict::ConflictRead::owner_at,caller,laneflow-urban-harness.exe!laneflow_runtime::kernel::phase::StepReadView::conflict_eligibility_valid_with_signals,6,0.013847858197932054
laneflow-urban-harness.exe!laneflow_runtime::kernel::conflict::ConflictRead::owner_at,caller,laneflow-urban-harness.exe!laneflow_runtime::kernel::state::WorldState::conflict_state_valid,3,0.006923929098966027
laneflow-urban-harness.exe!laneflow_runtime::kernel::conflict::ConflictRead::owner_at,caller,"laneflow-urban-harness.exe!core::slice::iter::impl$171::all<tuple$<usize,laneflow_runtime::kernel::handle::VehicleHandle,u64>,laneflow_runtime::kernel::conflict::impl$26::authority_owners_valid::closure_env$8<laneflow_runtime::kernel::world::impl$3::conflict_state_valid::closure_env$1> > (trimmed)",2,0.004615952732644018
laneflow-urban-harness.exe!laneflow_runtime::kernel::conflict::ConflictRead::owner_at,caller,laneflow-urban-harness.exe!laneflow_runtime::kernel::conflict::ConflictRead::state_valid (trimmed),1,0.002307976366322009
laneflow-urban-harness.exe!laneflow_runtime::kernel::conflict::ConflictRead::owner_at,caller,laneflow-urban-harness.exe!laneflow_runtime::kernel::conflict::ConflictWrite::finish_releases (trimmed),1,0.002307976366322009
"laneflow-urban-harness.exe!enum2$<core::option::Option<laneflow_runtime::kernel::tick::MotionPreview> >::or_else<laneflow_runtime::kernel::tick::MotionPreview,laneflow_runtime::kernel::conflict_tick::impl$9::evaluate_candidate::closure_env$8>",callee,laneflow-urban-harness.exe!laneflow_runtime::kernel::phase::StepReadView::calculate_active_vehicle_motion,754,1.7402141802067947
"laneflow-urban-harness.exe!enum2$<core::option::Option<laneflow_runtime::kernel::tick::MotionPreview> >::or_else<laneflow_runtime::kernel::tick::MotionPreview,laneflow_runtime::kernel::conflict_tick::impl$9::evaluate_candidate::closure_env$8>",callee,"laneflow-urban-harness.exe!hashbrown::map::HashMap<laneflow_runtime::kernel::handle::VehicleHandle,enum2$<laneflow_runtime::kernel::parking::ParkingBinding>,std::hash::random::RandomState,alloc::alloc::Global>::get<laneflow_runtime::kernel::handle::VehicleHandle,enum2$<laneflow_runtime::kernel::parking::ParkingBinding>,std::hash::random::RandomState,alloc::alloc::Global,laneflow_runtime::kernel::handle::VehicleHandle>",42,0.09693500738552437
"laneflow-urban-harness.exe!enum2$<core::option::Option<laneflow_runtime::kernel::tick::MotionPreview> >::or_else<laneflow_runtime::kernel::tick::MotionPreview,laneflow_runtime::kernel::conflict_tick::impl$9::evaluate_candidate::closure_env$8>",callee,ntkrnlmp.exe!***unknown***,1,0.002307976366322009
"laneflow-urban-harness.exe!enum2$<core::option::Option<laneflow_runtime::kernel::tick::MotionPreview> >::or_else<laneflow_runtime::kernel::tick::MotionPreview,laneflow_runtime::kernel::conflict_tick::impl$9::evaluate_candidate::closure_env$8>",caller,laneflow-urban-harness.exe!laneflow_runtime::kernel::conflict_tick::ConflictTaskView::evaluate_candidate,828,1.9110044313146233
laneflow-urban-harness.exe!laneflow_runtime::kernel::occupancy::rebuild_occupancy_index,callee,laneflow-urban-harness.exe!laneflow_runtime::kernel::tables::for_each_admission_interval<laneflow_runtime::kernel::occupancy::visit_occupancy_records::closure_env$0<laneflow_runtime::kernel::occupancy::rebuild_occupancy_index::closure_env$1> >,245,0.5654542097488922
laneflow-urban-harness.exe!laneflow_runtime::kernel::occupancy::rebuild_occupancy_index,callee,laneflow-urban-harness.exe!laneflow_runtime::kernel::occupancy::OccupancyIndex::sort_buckets,147,0.3392725258493353
laneflow-urban-harness.exe!laneflow_runtime::kernel::occupancy::rebuild_occupancy_index,callee,laneflow-urban-harness.exe!laneflow_runtime::kernel::occupancy::OccupancyIndex::finish_layout,32,0.07385524372230429
laneflow-urban-harness.exe!laneflow_runtime::kernel::occupancy::rebuild_occupancy_index,callee,vcruntime140.dll!***unknown***,2,0.004615952732644018
laneflow-urban-harness.exe!laneflow_runtime::kernel::occupancy::rebuild_occupancy_index,callee,ntkrnlmp.exe!***unknown***,1,0.002307976366322009
laneflow-urban-harness.exe!laneflow_runtime::kernel::occupancy::rebuild_occupancy_index,callee,vcruntime140.dll!***unknown*** (trimmed),1,0.002307976366322009
laneflow-urban-harness.exe!laneflow_runtime::kernel::occupancy::rebuild_occupancy_index,callee,vcruntime140.dll!***unknown*** (trimmed),1,0.002307976366322009
laneflow-urban-harness.exe!laneflow_runtime::kernel::occupancy::rebuild_occupancy_index,caller,laneflow-urban-harness.exe!laneflow_runtime::kernel::state::WorldState::step,790,1.823301329394387
laneflow-urban-harness.exe!laneflow_runtime::kernel::occupancy::rebuild_occupancy_index,caller,laneflow-urban-harness.exe!laneflow_runtime::kernel::state::WorldState::ensure_current_occupancy,5,0.011539881831610045
"laneflow-urban-harness.exe!core::slice::sort::shared::smallsort::small_sort_general<tuple$<u32,u64,u64,laneflow_urban_harness::runner::IndividualId>,bool (*)(ref$<tuple$<u32,u64,u64,laneflow_urban_harness::runner::IndividualId> >,ref$<tuple$<u32,u64,u64,laneflow_urban_harness::runner::IndividualId> >)>",callee,"laneflow-urban-harness.exe!core::slice::sort::shared::smallsort::sort4_stable<tuple$<u32,u64,u64,laneflow_urban_harness::runner::IndividualId>,bool (*)(ref$<tuple$<u32,u64,u64,laneflow_urban_harness::runner::IndividualId> >,ref$<tuple$<u32,u64,u64,laneflow_urban_harness::runner::IndividualId> >)>",44,0.10155096011816839
"laneflow-urban-harness.exe!core::slice::sort::shared::smallsort::small_sort_general<tuple$<u32,u64,u64,laneflow_urban_harness::runner::IndividualId>,bool (*)(ref$<tuple$<u32,u64,u64,laneflow_urban_harness::runner::IndividualId> >,ref$<tuple$<u32,u64,u64,laneflow_urban_harness::runner::IndividualId> >)>",callee,ntkrnlmp.exe!***unknown***,1,0.002307976366322009
"laneflow-urban-harness.exe!core::slice::sort::shared::smallsort::small_sort_general<tuple$<u32,u64,u64,laneflow_urban_harness::runner::IndividualId>,bool (*)(ref$<tuple$<u32,u64,u64,laneflow_urban_harness::runner::IndividualId> >,ref$<tuple$<u32,u64,u64,laneflow_urban_harness::runner::IndividualId> >)>",callee,ntkrnlmp.exe!***unknown***,1,0.002307976366322009
"laneflow-urban-harness.exe!core::slice::sort::shared::smallsort::small_sort_general<tuple$<u32,u64,u64,laneflow_urban_harness::runner::IndividualId>,bool (*)(ref$<tuple$<u32,u64,u64,laneflow_urban_harness::runner::IndividualId> >,ref$<tuple$<u32,u64,u64,laneflow_urban_harness::runner::IndividualId> >)>",caller,"laneflow-urban-harness.exe!core::slice::sort::unstable::quicksort::quicksort<tuple$<u32,u64,u64,laneflow_urban_harness::runner::IndividualId>,bool (*)(ref$<tuple$<u32,u64,u64,laneflow_urban_harness::runner::IndividualId> >,ref$<tuple$<u32,u64,u64,laneflow_urban_harness::runner::IndividualId> >)>",785,1.811761447562777
"laneflow-urban-harness.exe!core::slice::sort::shared::smallsort::small_sort_general<tuple$<u32,u64,u64,laneflow_urban_harness::runner::IndividualId>,bool (*)(ref$<tuple$<u32,u64,u64,laneflow_urban_harness::runner::IndividualId> >,ref$<tuple$<u32,u64,u64,laneflow_urban_harness::runner::IndividualId> >)>",caller,"laneflow-urban-harness.exe!core::slice::sort::unstable::ipnsort<tuple$<u32,u64,u64,laneflow_urban_harness::runner::IndividualId>,bool (*)(ref$<tuple$<u32,u64,u64,laneflow_urban_harness::runner::IndividualId> >,ref$<tuple$<u32,u64,u64,laneflow_urban_harness::runner::IndividualId> >)>",1,0.002307976366322009
laneflow-urban-harness.exe!laneflow_runtime::kernel::phase::StepReadView::scope_near_gate,callee,laneflow-urban-harness.exe!laneflow_static_network::relations::SharedRelationClosure::vehicle_profile,58,0.13386262924667652
laneflow-urban-harness.exe!laneflow_runtime::kernel::phase::StepReadView::scope_near_gate,callee,laneflow-urban-harness.exe!laneflow_runtime::kernel::tables::distance_to_occurrence_start,51,0.11770679468242246
laneflow-urban-harness.exe!laneflow_runtime::kernel::phase::StepReadView::scope_near_gate,callee,ntkrnlmp.exe!***unknown***,2,0.004615952732644018
laneflow-urban-harness.exe!laneflow_runtime::kernel::phase::StepReadView::scope_near_gate,callee,ntkrnlmp.exe!***unknown***,1,0.002307976366322009
laneflow-urban-harness.exe!laneflow_runtime::kernel::phase::StepReadView::scope_near_gate,caller,laneflow-urban-harness.exe!laneflow_runtime::kernel::phase::StepWorkspace::stage_vehicle_transitions,563,1.299390694239291
laneflow-urban-harness.exe!laneflow_runtime::kernel::phase::StepReadView::scope_near_gate,caller,laneflow-urban-harness.exe!laneflow_runtime::kernel::phase::StepReadView::waiting_preview_entry,212,0.48929098966026585
laneflow-urban-harness.exe!laneflow_runtime::kernel::tick::leader_query_horizon,callee,ucrtbase.dll!***unknown***,95,0.21925775480059084
laneflow-urban-harness.exe!laneflow_runtime::kernel::tick::leader_query_horizon,callee,ucrtbase.dll!***unknown***,63,0.14540251107828656
laneflow-urban-harness.exe!laneflow_runtime::kernel::tick::leader_query_horizon,callee,ucrtbase.dll!***unknown***,5,0.011539881831610045
laneflow-urban-harness.exe!laneflow_runtime::kernel::tick::leader_query_horizon,callee,ntkrnlmp.exe!***unknown***,1,0.002307976366322009
laneflow-urban-harness.exe!laneflow_runtime::kernel::tick::leader_query_horizon,caller,laneflow-urban-harness.exe!laneflow_runtime::kernel::phase::StepReadView::calculate_active_vehicle_motion,765,1.7656019202363369
laneflow-urban-harness.exe!laneflow_urban_harness::research_quality::Quality::observe,callee,"laneflow-urban-harness.exe!hashbrown::map::HashMap<laneflow_runtime::kernel::handle::VehicleHandle,tuple$<>,std::hash::random::RandomState,alloc::alloc::Global>::insert<laneflow_runtime::kernel::handle::VehicleHandle,tuple$<>,std::hash::random::RandomState,alloc::alloc::Global>",151,0.34850443131462333
laneflow-urban-harness.exe!laneflow_urban_harness::research_quality::Quality::observe,callee,laneflow-urban-harness.exe!laneflow_runtime::facade::TrafficWorld::vehicle,92,0.21233382570162482
laneflow-urban-harness.exe!laneflow_urban_harness::research_quality::Quality::observe,callee,"laneflow-urban-harness.exe!hashbrown::raw::RawTable<tuple$<u32,std::collections::hash::set::HashSet<laneflow_runtime::kernel::handle::VehicleHandle,std::hash::random::RandomState,alloc::alloc::Global> >,alloc::alloc::Global>::reserve_rehash<tuple$<u32,std::collections::hash::set::HashSet<laneflow_runtime::kernel::handle::VehicleHandle,std::hash::random::RandomState,alloc::alloc::Global> >,alloc::alloc::Global,hashbrown::map::make_hasher::closure_env$0<u32,std::collections::hash::set::HashSet<laneflow_runtime::kernel::handle::VehicleHandle,std::hash::random::RandomState,alloc::alloc::Global>,std::hash::random::RandomState> >",63,0.14540251107828656
laneflow-urban-harness.exe!laneflow_urban_harness::research_quality::Quality::observe,callee,ntdll.dll!***unknown***,58,0.13386262924667652
laneflow-urban-harness.exe!laneflow_urban_harness::research_quality::Quality::observe,callee,"laneflow-urban-harness.exe!core::hash::BuildHasher::hash_one<std::hash::random::RandomState,ref$<u32> >",16,0.03692762186115214
laneflow-urban-harness.exe!laneflow_urban_harness::research_quality::Quality::observe,callee,laneflow-urban-harness.exe!std::hash::random::impl$0::new::KEYS::constant$0::closure$1::__RUST_STD_INTERNAL_VAL (trimmed),3,0.006923929098966027
laneflow-urban-harness.exe!laneflow_urban_harness::research_quality::Quality::observe,callee,ntdll.dll!***unknown*** (trimmed),1,0.002307976366322009
laneflow-urban-harness.exe!laneflow_urban_harness::research_quality::Quality::observe,callee,laneflow-urban-harness.exe!std::alloc::__default_lib_allocator::__rdl_dealloc,1,0.002307976366322009
laneflow-urban-harness.exe!laneflow_urban_harness::research_quality::Quality::observe,callee,laneflow-urban-harness.exe!std::time::Instant::elapsed (trimmed),1,0.002307976366322009
laneflow-urban-harness.exe!laneflow_urban_harness::research_quality::Quality::observe,caller,laneflow-urban-harness.exe!laneflow_urban_harness::short_prefix::run,657,1.5163404726735599
ntkrnlmp.exe!***unknown***,callee,ntkrnlmp.exe!***unknown***,306,0.7062407680945347
ntkrnlmp.exe!***unknown***,callee,ntkrnlmp.exe!***unknown***,155,0.3577363367799114
ntkrnlmp.exe!***unknown***,callee,ntkrnlmp.exe!***unknown***,101,0.2331056129985229
ntkrnlmp.exe!***unknown***,callee,ntkrnlmp.exe!***unknown***,45,0.1038589364844904
ntkrnlmp.exe!***unknown***,callee,ntkrnlmp.exe!***unknown***,22,0.050775480059084194
ntkrnlmp.exe!***unknown***,callee,ntkrnlmp.exe!***unknown*** (trimmed),3,0.006923929098966027
ntkrnlmp.exe!***unknown***,callee,ntkrnlmp.exe!***unknown*** (trimmed),3,0.006923929098966027
ntkrnlmp.exe!***unknown***,callee,ntkrnlmp.exe!***unknown*** (trimmed),2,0.004615952732644018
ntkrnlmp.exe!***unknown***,callee,ntkrnlmp.exe!***unknown*** (trimmed),1,0.002307976366322009
ntkrnlmp.exe!***unknown***,callee,ntkrnlmp.exe!***unknown*** (trimmed),1,0.002307976366322009
ntkrnlmp.exe!***unknown***,callee,ntkrnlmp.exe!***unknown*** (trimmed),1,0.002307976366322009
ntkrnlmp.exe!***unknown***,callee,ntkrnlmp.exe!***unknown*** (trimmed),1,0.002307976366322009
ntkrnlmp.exe!***unknown***,callee,ntkrnlmp.exe!***unknown*** (trimmed),1,0.002307976366322009
ntkrnlmp.exe!***unknown***,callee,ntkrnlmp.exe!***unknown*** (trimmed),1,0.002307976366322009
ntkrnlmp.exe!***unknown***,callee,ntkrnlmp.exe!***unknown*** (trimmed),1,0.002307976366322009
ntkrnlmp.exe!***unknown***,caller,ntdll.dll!***unknown***,299,0.6900849335302807
ntkrnlmp.exe!***unknown***,caller,ntdll.dll!***unknown***,141,0.32542466765140327
ntkrnlmp.exe!***unknown***,caller,ntdll.dll!***unknown***,99,0.22848966026587889
ntkrnlmp.exe!***unknown***,caller,ntdll.dll!***unknown***,44,0.10155096011816839
ntkrnlmp.exe!***unknown***,caller,ntdll.dll!***unknown***,21,0.04846750369276218
ntkrnlmp.exe!***unknown***,caller,ntdll.dll!***unknown***,7,0.01615583456425406
ntkrnlmp.exe!***unknown***,caller,ntdll.dll!***unknown***,5,0.011539881831610045
laneflow-urban-harness.exe!laneflow_runtime::facade::TrafficWorld::vehicle,callee,ntkrnlmp.exe!***unknown***,1,0.002307976366322009
laneflow-urban-harness.exe!laneflow_runtime::facade::TrafficWorld::vehicle,caller,"laneflow-urban-harness.exe!alloc::vec::spec_from_iter_nested::impl$1::from_iter<enum2$<core::option::Option<laneflow_runtime::kernel::vehicle::VehicleState> >,core::iter::adapters::map::Map<core::slice::iter::Iter<laneflow_urban_harness::runner::Individual>,laneflow_urban_harness::runner::impl$2::advance::closure_env$1> >",196,0.45236336779911374
laneflow-urban-harness.exe!laneflow_runtime::facade::TrafficWorld::vehicle,caller,laneflow-urban-harness.exe!laneflow_urban_harness::observe::counts,153,0.35312038404726737
laneflow-urban-harness.exe!laneflow_runtime::facade::TrafficWorld::vehicle,caller,laneflow-urban-harness.exe!laneflow_urban_harness::observe::state,119,0.27464918759231904
laneflow-urban-harness.exe!laneflow_runtime::facade::TrafficWorld::vehicle,caller,laneflow-urban-harness.exe!laneflow_urban_harness::research_quality::Quality::observe,92,0.21233382570162482
laneflow-urban-harness.exe!laneflow_runtime::facade::TrafficWorld::vehicle,caller,laneflow-urban-harness.exe!laneflow_urban_harness::observe::events,74,0.17079025110782867
laneflow-urban-harness.exe!laneflow_runtime::facade::TrafficWorld::vehicle,caller,laneflow-urban-harness.exe!laneflow_urban_harness::runner::Harness::execute,5,0.011539881831610045
ntdll.dll!***unknown***,callee,ntdll.dll!***unknown***,302,0.6970088626292467
ntdll.dll!***unknown***,callee,ntdll.dll!***unknown***,42,0.09693500738552437
ntdll.dll!***unknown***,callee,ntdll.dll!***unknown***,40,0.09231905465288036
ntdll.dll!***unknown***,callee,ntdll.dll!***unknown***,26,0.06000738552437223
ntdll.dll!***unknown***,callee,ntdll.dll!***unknown***,24,0.055391432791728215
ntdll.dll!***unknown***,callee,ntdll.dll!***unknown***,21,0.04846750369276218
ntdll.dll!***unknown***,callee,ntdll.dll!***unknown***,14,0.03231166912850812
ntdll.dll!***unknown***,callee,ntdll.dll!***unknown***,13,0.030003692762186115
ntdll.dll!***unknown***,callee,ntdll.dll!***unknown***,12,0.027695716395864108
ntdll.dll!***unknown***,callee,ntdll.dll!***unknown***,12,0.027695716395864108
ntdll.dll!***unknown***,callee,ntdll.dll!***unknown***,11,0.025387740029542097
ntdll.dll!***unknown***,callee,ntdll.dll!***unknown***,8,0.01846381093057607
ntdll.dll!***unknown***,callee,ntdll.dll!***unknown***,7,0.01615583456425406
ntdll.dll!***unknown***,callee,ntdll.dll!***unknown***,7,0.01615583456425406
ntdll.dll!***unknown***,callee,ntdll.dll!***unknown***,6,0.013847858197932054
ntdll.dll!***unknown***,callee,ntdll.dll!***unknown***,5,0.011539881831610045
ntdll.dll!***unknown***,callee,ntdll.dll!***unknown*** (trimmed),4,0.009231905465288036
ntdll.dll!***unknown***,callee,ntdll.dll!***unknown*** (trimmed),4,0.009231905465288036
ntdll.dll!***unknown***,callee,ntdll.dll!***unknown*** (trimmed),3,0.006923929098966027
ntdll.dll!***unknown***,callee,ntdll.dll!***unknown*** (trimmed),3,0.006923929098966027
ntdll.dll!***unknown***,callee,ntdll.dll!***unknown*** (trimmed),3,0.006923929098966027
ntdll.dll!***unknown***,callee,ntdll.dll!***unknown*** (trimmed),2,0.004615952732644018
ntdll.dll!***unknown***,callee,ntdll.dll!***unknown*** (trimmed),2,0.004615952732644018
ntdll.dll!***unknown***,callee,ntdll.dll!***unknown*** (trimmed),2,0.004615952732644018
ntdll.dll!***unknown***,callee,ntdll.dll!***unknown*** (trimmed),2,0.004615952732644018
ntdll.dll!***unknown***,callee,ntdll.dll!***unknown*** (trimmed),2,0.004615952732644018
ntdll.dll!***unknown***,callee,ntdll.dll!***unknown*** (trimmed),2,0.004615952732644018
ntdll.dll!***unknown***,callee,ntdll.dll!***unknown*** (trimmed),2,0.004615952732644018
ntdll.dll!***unknown***,callee,ntdll.dll!***unknown*** (trimmed),1,0.002307976366322009
ntdll.dll!***unknown***,callee,ntdll.dll!***unknown*** (trimmed),1,0.002307976366322009
ntdll.dll!***unknown***,callee,ntdll.dll!***unknown*** (trimmed),1,0.002307976366322009
ntdll.dll!***unknown***,callee,ntdll.dll!***unknown*** (trimmed),1,0.002307976366322009
ntdll.dll!***unknown***,callee,ntdll.dll!***unknown*** (trimmed),1,0.002307976366322009
ntdll.dll!***unknown***,callee,ntdll.dll!***unknown*** (trimmed),1,0.002307976366322009
ntdll.dll!***unknown***,callee,ntdll.dll!***unknown*** (trimmed),1,0.002307976366322009
ntdll.dll!***unknown***,callee,ntdll.dll!***unknown*** (trimmed),1,0.002307976366322009
ntdll.dll!***unknown***,callee,ntdll.dll!***unknown*** (trimmed),1,0.002307976366322009
ntdll.dll!***unknown***,callee,ntdll.dll!***unknown*** (trimmed),1,0.002307976366322009
ntdll.dll!***unknown***,callee,ntdll.dll!***unknown*** (trimmed),1,0.002307976366322009
ntdll.dll!***unknown***,callee,ntdll.dll!***unknown*** (trimmed),1,0.002307976366322009
ntdll.dll!***unknown***,callee,ntdll.dll!***unknown*** (trimmed),1,0.002307976366322009
ntdll.dll!***unknown***,callee,ntdll.dll!***unknown*** (trimmed),1,0.002307976366322009
ntdll.dll!***unknown***,callee,ntdll.dll!***unknown*** (trimmed),1,0.002307976366322009
ntdll.dll!***unknown***,callee,ntdll.dll!***unknown*** (trimmed),1,0.002307976366322009
ntdll.dll!***unknown***,callee,ntdll.dll!***unknown*** (trimmed),1,0.002307976366322009
ntdll.dll!***unknown***,callee,ntdll.dll!***unknown*** (trimmed),1,0.002307976366322009
ntdll.dll!***unknown***,callee,ntdll.dll!***unknown*** (trimmed),1,0.002307976366322009
ntdll.dll!***unknown***,callee,ntdll.dll!***unknown*** (trimmed),1,0.002307976366322009
ntdll.dll!***unknown***,callee,ntdll.dll!***unknown*** (trimmed),1,0.002307976366322009
ntdll.dll!***unknown***,caller,laneflow-urban-harness.exe!laneflow_urban_harness::runner::Harness::advance,150,0.3461964549483013
ntdll.dll!***unknown***,caller,laneflow-urban-harness.exe!laneflow_urban_harness::observe::state,84,0.19387001477104873
ntdll.dll!***unknown***,caller,"laneflow-urban-harness.exe!core::ptr::drop_glue<alloc::collections::btree::map::IntoIter<alloc::string::String,enum2$<serde_json::value::Value>,alloc::alloc::Global> >",63,0.14540251107828656
ntdll.dll!***unknown***,caller,laneflow-urban-harness.exe!laneflow_urban_harness::research_quality::Quality::observe,58,0.13386262924667652
ntdll.dll!***unknown***,caller,laneflow-urban-harness.exe!laneflow_urban_harness::observe::events,48,0.11078286558345643
ntdll.dll!***unknown***,caller,ntdll.dll!***unknown***,47,0.10847488921713441
ntdll.dll!***unknown***,caller,"laneflow-urban-harness.exe!alloc::collections::btree::map::IntoIter<alloc::string::String,laneflow_urban_harness::artifacts::FileDigest,alloc::alloc::Global>::dying_next<alloc::string::String,laneflow_urban_harness::artifacts::FileDigest,alloc::alloc::Global>",38,0.08770310192023634
ntdll.dll!***unknown***,caller,laneflow-urban-harness.exe!core::ptr::drop_glue<enum2$<serde_json::value::Value> >,35,0.08077917282127031
ntdll.dll!***unknown***,caller,laneflow-urban-harness.exe!core::ptr::drop_glue<enum2$<serde_json::value::Value> >,24,0.055391432791728215
ntdll.dll!***unknown***,caller,ntdll.dll!***unknown***,21,0.04846750369276218
ntdll.dll!***unknown***,caller,ntdll.dll!***unknown***,16,0.03692762186115214
ntdll.dll!***unknown***,caller,laneflow-urban-harness.exe!laneflow_urban_harness::runner::Harness::execute,7,0.01615583456425406
ntdll.dll!***unknown***,caller,"laneflow-urban-harness.exe!alloc::collections::btree::map::impl$0::drop<u32,u8,alloc::alloc::Global>",4,0.009231905465288036
ntdll.dll!***unknown***,caller,"laneflow-urban-harness.exe!alloc::collections::btree::map::BTreeMap<alloc::string::String,u64,alloc::alloc::Global>::entry<alloc::string::String,u64,alloc::alloc::Global>",3,0.006923929098966027
ntdll.dll!***unknown***,caller,"laneflow-urban-harness.exe!hashbrown::raw::RawTable<tuple$<u32,laneflow_urban_harness::runner::IndividualId>,alloc::alloc::Global>::reserve_rehash<tuple$<u32,laneflow_urban_harness::runner::IndividualId>,alloc::alloc::Global,hashbrown::map::make_hasher::closure_env$0<u32,laneflow_urban_harness::runner::IndividualId,std::hash::random::RandomState> >",3,0.006923929098966027
ntdll.dll!***unknown***,caller,laneflow-urban-harness.exe!rayon_core::registry::WorkerThread::wait_until_cold,3,0.006923929098966027
ntdll.dll!***unknown***,caller,ntdll.dll!***unknown*** (trimmed),1,0.002307976366322009
ntdll.dll!***unknown***,caller,laneflow-urban-harness.exe!core::ptr::drop_glue<enum2$<serde_json::value::Value> >,1,0.002307976366322009
ntdll.dll!***unknown***,caller,"laneflow-urban-harness.exe!core::iter::adapters::map::impl$2::fold<alloc::string::String,core::slice::iter::Iter<u8>,laneflow_urban_harness::hex::closure_env$0,tuple$<>,core::iter::traits::iterator::Iterator::for_each::call::closure_env$0<alloc::string::String,alloc::string::impl$22::extend::closure_env$0<core::iter::adapters::map::Map<core::slice::iter::Iter<u8>,laneflow_urban_harness::hex::closure_env$0> > > > (trimmed)",1,0.002307976366322009
ntdll.dll!***unknown***,caller,laneflow-urban-harness.exe!laneflow_urban_harness::observe::red_waiters,1,0.002307976366322009
ntdll.dll!***unknown***,caller,laneflow-urban-harness.exe!laneflow_urban_harness::observe::parking_invariants,1,0.002307976366322009
ntdll.dll!***unknown***,caller,"laneflow-urban-harness.exe!hashbrown::raw::RawTable<tuple$<enum2$<laneflow_runtime::kernel::parking::ParkingTarget>,tuple$<u64,u64> >,alloc::alloc::Global>::reserve_rehash<tuple$<enum2$<laneflow_runtime::kernel::parking::ParkingTarget>,tuple$<u64,u64> >,alloc::alloc::Global,hashbrown::map::make_hasher::closure_env$0<enum2$<laneflow_runtime::kernel::parking::ParkingTarget>,tuple$<u64,u64>,std::hash::random::RandomState> >",1,0.002307976366322009
ntdll.dll!***unknown***,caller,"laneflow-urban-harness.exe!hashbrown::raw::RawTable<tuple$<u32,std::collections::hash::set::HashSet<laneflow_runtime::kernel::handle::VehicleHandle,std::hash::random::RandomState,alloc::alloc::Global> >,alloc::alloc::Global>::reserve_rehash<tuple$<u32,std::collections::hash::set::HashSet<laneflow_runtime::kernel::handle::VehicleHandle,std::hash::random::RandomState,alloc::alloc::Global> >,alloc::alloc::Global,hashbrown::map::make_hasher::closure_env$0<u32,std::collections::hash::set::HashSet<laneflow_runtime::kernel::handle::VehicleHandle,std::hash::random::RandomState,alloc::alloc::Global>,std::hash::random::RandomState> >",1,0.002307976366322009
laneflow-urban-harness.exe!laneflow_runtime::kernel::phase::CommittedStateMut::commit,callee,laneflow-urban-harness.exe!laneflow_runtime::kernel::phase::CommittedStateMut::rebuild_waiting_member_rows,84,0.19387001477104873
laneflow-urban-harness.exe!laneflow_runtime::kernel::phase::CommittedStateMut::commit,callee,vcruntime140.dll!***unknown***,78,0.18002215657311668
laneflow-urban-harness.exe!laneflow_runtime::kernel::phase::CommittedStateMut::commit,callee,vcruntime140.dll!***unknown***,7,0.01615583456425406
laneflow-urban-harness.exe!laneflow_runtime::kernel::phase::CommittedStateMut::commit,callee,vcruntime140.dll!***unknown***,6,0.013847858197932054
laneflow-urban-harness.exe!laneflow_runtime::kernel::phase::CommittedStateMut::commit,callee,vcruntime140.dll!***unknown*** (trimmed),4,0.009231905465288036
laneflow-urban-harness.exe!laneflow_runtime::kernel::phase::CommittedStateMut::commit,callee,vcruntime140.dll!***unknown*** (trimmed),2,0.004615952732644018
laneflow-urban-harness.exe!laneflow_runtime::kernel::phase::CommittedStateMut::commit,callee,vcruntime140.dll!***unknown*** (trimmed),2,0.004615952732644018
laneflow-urban-harness.exe!laneflow_runtime::kernel::phase::CommittedStateMut::commit,callee,vcruntime140.dll!***unknown*** (trimmed),2,0.004615952732644018
laneflow-urban-harness.exe!laneflow_runtime::kernel::phase::CommittedStateMut::commit,callee,vcruntime140.dll!***unknown*** (trimmed),2,0.004615952732644018
laneflow-urban-harness.exe!laneflow_runtime::kernel::phase::CommittedStateMut::commit,callee,laneflow-urban-harness.exe!laneflow_runtime::kernel::conflict::ConflictWrite::finish_releases (trimmed),2,0.004615952732644018
laneflow-urban-harness.exe!laneflow_runtime::kernel::phase::CommittedStateMut::commit,caller,laneflow-urban-harness.exe!laneflow_runtime::kernel::state::WorldState::step,601,1.3870937961595273
laneflow-urban-harness.exe!laneflow_runtime::kernel::waiting::prepare_waiting_previews_dispatched,callee,"laneflow-urban-harness.exe!enum2$<laneflow_runtime::kernel::execution::ExecutionResources>::try_for_each_chunk<laneflow_runtime::kernel::tick::WaitingPreviewEntry,laneflow_runtime::kernel::waiting::prepare_waiting_previews_dispatched::closure_env$0>",243,0.5608382570162481
laneflow-urban-harness.exe!laneflow_runtime::kernel::waiting::prepare_waiting_previews_dispatched,callee,"laneflow-urban-harness.exe!alloc::vec::Vec<enum2$<laneflow_runtime::kernel::execution::DispatchSlot<laneflow_runtime::kernel::tick::WaitingPreviewEntry> >,alloc::alloc::Global>::resize<enum2$<laneflow_runtime::kernel::execution::DispatchSlot<laneflow_runtime::kernel::tick::WaitingPreviewEntry> >,alloc::alloc::Global>",43,0.09924298375184638
laneflow-urban-harness.exe!laneflow_runtime::kernel::waiting::prepare_waiting_previews_dispatched,caller,laneflow-urban-harness.exe!laneflow_runtime::kernel::phase::StepWorkspace::prepare_commit,599,1.3824778434268834
ntkrnlmp.exe!***unknown***,callee,ntkrnlmp.exe!***unknown***,592,1.3663220088626293
ntkrnlmp.exe!***unknown***,callee,ntkrnlmp.exe!***unknown*** (trimmed),2,0.004615952732644018
ntkrnlmp.exe!***unknown***,caller,ntkrnlmp.exe!***unknown***,594,1.3709379615952733
ntkrnlmp.exe!***unknown***,callee,ntkrnlmp.exe!***unknown***,594,1.3709379615952733
ntkrnlmp.exe!***unknown***,caller,ntkrnlmp.exe!***unknown***,594,1.3709379615952733
ntkrnlmp.exe!***unknown***,callee,ntkrnlmp.exe!***unknown***,594,1.3709379615952733
ntkrnlmp.exe!***unknown***,caller,ntkrnlmp.exe!***unknown***,554,1.278618906942393
ntkrnlmp.exe!***unknown***,caller,ntkrnlmp.exe!***unknown***,40,0.09231905465288036
ntkrnlmp.exe!***unknown***,callee,ntkrnlmp.exe!***unknown***,558,1.2878508124076808
ntkrnlmp.exe!***unknown***,callee,ntkrnlmp.exe!***unknown***,16,0.03692762186115214
ntkrnlmp.exe!***unknown***,callee,ntkrnlmp.exe!***unknown***,5,0.011539881831610045
ntkrnlmp.exe!***unknown***,callee,ntkrnlmp.exe!***unknown*** (trimmed),4,0.009231905465288036
ntkrnlmp.exe!***unknown***,callee,ntkrnlmp.exe!***unknown*** (trimmed),2,0.004615952732644018
ntkrnlmp.exe!***unknown***,callee,ntkrnlmp.exe!***unknown*** (trimmed),1,0.002307976366322009
ntkrnlmp.exe!***unknown***,callee,ntkrnlmp.exe!***unknown*** (trimmed),1,0.002307976366322009
ntkrnlmp.exe!***unknown***,callee,ntkrnlmp.exe!***unknown*** (trimmed),1,0.002307976366322009
ntkrnlmp.exe!***unknown***,callee,ntkrnlmp.exe!***unknown*** (trimmed),1,0.002307976366322009
ntkrnlmp.exe!***unknown***,callee,ntkrnlmp.exe!***unknown*** (trimmed),1,0.002307976366322009
ntkrnlmp.exe!***unknown***,callee,ntkrnlmp.exe!***unknown*** (trimmed),1,0.002307976366322009
ntkrnlmp.exe!***unknown***,callee,ntkrnlmp.exe!***unknown*** (trimmed),1,0.002307976366322009
ntkrnlmp.exe!***unknown***,caller,ntkrnlmp.exe!***unknown***,592,1.3663220088626293
ntkrnlmp.exe!***unknown***,callee,ntkrnlmp.exe!***unknown***,554,1.278618906942393
ntkrnlmp.exe!***unknown***,callee,ntkrnlmp.exe!***unknown***,29,0.06693131462333826
ntkrnlmp.exe!***unknown***,callee,ntkrnlmp.exe!***unknown***,5,0.011539881831610045
ntkrnlmp.exe!***unknown***,callee,ntkrnlmp.exe!***unknown*** (trimmed),2,0.004615952732644018
ntkrnlmp.exe!***unknown***,caller,ntkrnlmp.exe!***unknown***,536,1.2370753323485968
ntkrnlmp.exe!***unknown***,caller,ntkrnlmp.exe!***unknown***,35,0.08077917282127031
ntkrnlmp.exe!***unknown***,caller,ntkrnlmp.exe!***unknown***,13,0.030003692762186115
ntkrnlmp.exe!***unknown***,caller,ntkrnlmp.exe!***unknown***,6,0.013847858197932054
"laneflow-urban-harness.exe!rayon_core::scope::ScopeBase::execute_job_closure<rayon_core::scope::impl$0::spawn::closure$0::closure_env$0<laneflow_runtime::kernel::execution::impl$4::try_for_each_chunk::closure$0::closure_env$0<laneflow_runtime::kernel::tick::WaitingPreviewEntry,laneflow_runtime::kernel::waiting::prepare_waiting_previews_dispatched::closure_env$0> >,tuple$<> >",callee,laneflow-urban-harness.exe!laneflow_runtime::kernel::phase::StepReadView::waiting_preview_entry,314,0.7247045790251108
"laneflow-urban-harness.exe!rayon_core::scope::ScopeBase::execute_job_closure<rayon_core::scope::impl$0::spawn::closure$0::closure_env$0<laneflow_runtime::kernel::execution::impl$4::try_for_each_chunk::closure$0::closure_env$0<laneflow_runtime::kernel::tick::WaitingPreviewEntry,laneflow_runtime::kernel::waiting::prepare_waiting_previews_dispatched::closure_env$0> >,tuple$<> >",callee,vcruntime140.dll!***unknown***,72,0.16617429837518463
"laneflow-urban-harness.exe!rayon_core::scope::ScopeBase::execute_job_closure<rayon_core::scope::impl$0::spawn::closure$0::closure_env$0<laneflow_runtime::kernel::execution::impl$4::try_for_each_chunk::closure$0::closure_env$0<laneflow_runtime::kernel::tick::WaitingPreviewEntry,laneflow_runtime::kernel::waiting::prepare_waiting_previews_dispatched::closure_env$0> >,tuple$<> >",callee,vcruntime140.dll!***unknown***,31,0.07154726735598227
"laneflow-urban-harness.exe!rayon_core::scope::ScopeBase::execute_job_closure<rayon_core::scope::impl$0::spawn::closure$0::closure_env$0<laneflow_runtime::kernel::execution::impl$4::try_for_each_chunk::closure$0::closure_env$0<laneflow_runtime::kernel::tick::WaitingPreviewEntry,laneflow_runtime::kernel::waiting::prepare_waiting_previews_dispatched::closure_env$0> >,tuple$<> >",callee,vcruntime140.dll!***unknown***,22,0.050775480059084194
"laneflow-urban-harness.exe!rayon_core::scope::ScopeBase::execute_job_closure<rayon_core::scope::impl$0::spawn::closure$0::closure_env$0<laneflow_runtime::kernel::execution::impl$4::try_for_each_chunk::closure$0::closure_env$0<laneflow_runtime::kernel::tick::WaitingPreviewEntry,laneflow_runtime::kernel::waiting::prepare_waiting_previews_dispatched::closure_env$0> >,tuple$<> >",callee,vcruntime140.dll!***unknown***,19,0.04385155096011817
"laneflow-urban-harness.exe!rayon_core::scope::ScopeBase::execute_job_closure<rayon_core::scope::impl$0::spawn::closure$0::closure_env$0<laneflow_runtime::kernel::execution::impl$4::try_for_each_chunk::closure$0::closure_env$0<laneflow_runtime::kernel::tick::WaitingPreviewEntry,laneflow_runtime::kernel::waiting::prepare_waiting_previews_dispatched::closure_env$0> >,tuple$<> >",callee,vcruntime140.dll!***unknown***,14,0.03231166912850812
"laneflow-urban-harness.exe!rayon_core::scope::ScopeBase::execute_job_closure<rayon_core::scope::impl$0::spawn::closure$0::closure_env$0<laneflow_runtime::kernel::execution::impl$4::try_for_each_chunk::closure$0::closure_env$0<laneflow_runtime::kernel::tick::WaitingPreviewEntry,laneflow_runtime::kernel::waiting::prepare_waiting_previews_dispatched::closure_env$0> >,tuple$<> >",callee,vcruntime140.dll!***unknown***,10,0.02307976366322009
"laneflow-urban-harness.exe!rayon_core::scope::ScopeBase::execute_job_closure<rayon_core::scope::impl$0::spawn::closure$0::closure_env$0<laneflow_runtime::kernel::execution::impl$4::try_for_each_chunk::closure$0::closure_env$0<laneflow_runtime::kernel::tick::WaitingPreviewEntry,laneflow_runtime::kernel::waiting::prepare_waiting_previews_dispatched::closure_env$0> >,tuple$<> >",callee,vcruntime140.dll!***unknown***,9,0.02077178729689808
"laneflow-urban-harness.exe!rayon_core::scope::ScopeBase::execute_job_closure<rayon_core::scope::impl$0::spawn::closure$0::closure_env$0<laneflow_runtime::kernel::execution::impl$4::try_for_each_chunk::closure$0::closure_env$0<laneflow_runtime::kernel::tick::WaitingPreviewEntry,laneflow_runtime::kernel::waiting::prepare_waiting_previews_dispatched::closure_env$0> >,tuple$<> >",callee,vcruntime140.dll!***unknown***,7,0.01615583456425406
"laneflow-urban-harness.exe!rayon_core::scope::ScopeBase::execute_job_closure<rayon_core::scope::impl$0::spawn::closure$0::closure_env$0<laneflow_runtime::kernel::execution::impl$4::try_for_each_chunk::closure$0::closure_env$0<laneflow_runtime::kernel::tick::WaitingPreviewEntry,laneflow_runtime::kernel::waiting::prepare_waiting_previews_dispatched::closure_env$0> >,tuple$<> >",callee,vcruntime140.dll!***unknown***,6,0.013847858197932054
"laneflow-urban-harness.exe!rayon_core::scope::ScopeBase::execute_job_closure<rayon_core::scope::impl$0::spawn::closure$0::closure_env$0<laneflow_runtime::kernel::execution::impl$4::try_for_each_chunk::closure$0::closure_env$0<laneflow_runtime::kernel::tick::WaitingPreviewEntry,laneflow_runtime::kernel::waiting::prepare_waiting_previews_dispatched::closure_env$0> >,tuple$<> >",callee,vcruntime140.dll!***unknown***,4,0.009231905465288036
"laneflow-urban-harness.exe!rayon_core::scope::ScopeBase::execute_job_closure<rayon_core::scope::impl$0::spawn::closure$0::closure_env$0<laneflow_runtime::kernel::execution::impl$4::try_for_each_chunk::closure$0::closure_env$0<laneflow_runtime::kernel::tick::WaitingPreviewEntry,laneflow_runtime::kernel::waiting::prepare_waiting_previews_dispatched::closure_env$0> >,tuple$<> >",callee,vcruntime140.dll!***unknown***,3,0.006923929098966027
"laneflow-urban-harness.exe!rayon_core::scope::ScopeBase::execute_job_closure<rayon_core::scope::impl$0::spawn::closure$0::closure_env$0<laneflow_runtime::kernel::execution::impl$4::try_for_each_chunk::closure$0::closure_env$0<laneflow_runtime::kernel::tick::WaitingPreviewEntry,laneflow_runtime::kernel::waiting::prepare_waiting_previews_dispatched::closure_env$0> >,tuple$<> >",callee,vcruntime140.dll!***unknown***,3,0.006923929098966027
"laneflow-urban-harness.exe!rayon_core::scope::ScopeBase::execute_job_closure<rayon_core::scope::impl$0::spawn::closure$0::closure_env$0<laneflow_runtime::kernel::execution::impl$4::try_for_each_chunk::closure$0::closure_env$0<laneflow_runtime::kernel::tick::WaitingPreviewEntry,laneflow_runtime::kernel::waiting::prepare_waiting_previews_dispatched::closure_env$0> >,tuple$<> >",callee,vcruntime140.dll!***unknown***,2,0.004615952732644018
"laneflow-urban-harness.exe!rayon_core::scope::ScopeBase::execute_job_closure<rayon_core::scope::impl$0::spawn::closure$0::closure_env$0<laneflow_runtime::kernel::execution::impl$4::try_for_each_chunk::closure$0::closure_env$0<laneflow_runtime::kernel::tick::WaitingPreviewEntry,laneflow_runtime::kernel::waiting::prepare_waiting_previews_dispatched::closure_env$0> >,tuple$<> >",callee,vcruntime140.dll!***unknown***,2,0.004615952732644018
"laneflow-urban-harness.exe!rayon_core::scope::ScopeBase::execute_job_closure<rayon_core::scope::impl$0::spawn::closure$0::closure_env$0<laneflow_runtime::kernel::execution::impl$4::try_for_each_chunk::closure$0::closure_env$0<laneflow_runtime::kernel::tick::WaitingPreviewEntry,laneflow_runtime::kernel::waiting::prepare_waiting_previews_dispatched::closure_env$0> >,tuple$<> >",callee,vcruntime140.dll!***unknown***,2,0.004615952732644018
"laneflow-urban-harness.exe!rayon_core::scope::ScopeBase::execute_job_closure<rayon_core::scope::impl$0::spawn::closure$0::closure_env$0<laneflow_runtime::kernel::execution::impl$4::try_for_each_chunk::closure$0::closure_env$0<laneflow_runtime::kernel::tick::WaitingPreviewEntry,laneflow_runtime::kernel::waiting::prepare_waiting_previews_dispatched::closure_env$0> >,tuple$<> >",callee,laneflow-urban-harness.exe!memcpy,2,0.004615952732644018
"laneflow-urban-harness.exe!rayon_core::scope::ScopeBase::execute_job_closure<rayon_core::scope::impl$0::spawn::closure$0::closure_env$0<laneflow_runtime::kernel::execution::impl$4::try_for_each_chunk::closure$0::closure_env$0<laneflow_runtime::kernel::tick::WaitingPreviewEntry,laneflow_runtime::kernel::waiting::prepare_waiting_previews_dispatched::closure_env$0> >,tuple$<> >",callee,vcruntime140.dll!***unknown***,1,0.002307976366322009
"laneflow-urban-harness.exe!rayon_core::scope::ScopeBase::execute_job_closure<rayon_core::scope::impl$0::spawn::closure$0::closure_env$0<laneflow_runtime::kernel::execution::impl$4::try_for_each_chunk::closure$0::closure_env$0<laneflow_runtime::kernel::tick::WaitingPreviewEntry,laneflow_runtime::kernel::waiting::prepare_waiting_previews_dispatched::closure_env$0> >,tuple$<> >",callee,vcruntime140.dll!***unknown***,1,0.002307976366322009
"laneflow-urban-harness.exe!rayon_core::scope::ScopeBase::execute_job_closure<rayon_core::scope::impl$0::spawn::closure$0::closure_env$0<laneflow_runtime::kernel::execution::impl$4::try_for_each_chunk::closure$0::closure_env$0<laneflow_runtime::kernel::tick::WaitingPreviewEntry,laneflow_runtime::kernel::waiting::prepare_waiting_previews_dispatched::closure_env$0> >,tuple$<> >",callee,vcruntime140.dll!***unknown*** (trimmed),1,0.002307976366322009
"laneflow-urban-harness.exe!rayon_core::scope::ScopeBase::execute_job_closure<rayon_core::scope::impl$0::spawn::closure$0::closure_env$0<laneflow_runtime::kernel::execution::impl$4::try_for_each_chunk::closure$0::closure_env$0<laneflow_runtime::kernel::tick::WaitingPreviewEntry,laneflow_runtime::kernel::waiting::prepare_waiting_previews_dispatched::closure_env$0> >,tuple$<> >",callee,vcruntime140.dll!***unknown*** (trimmed),1,0.002307976366322009
"laneflow-urban-harness.exe!rayon_core::scope::ScopeBase::execute_job_closure<rayon_core::scope::impl$0::spawn::closure$0::closure_env$0<laneflow_runtime::kernel::execution::impl$4::try_for_each_chunk::closure$0::closure_env$0<laneflow_runtime::kernel::tick::WaitingPreviewEntry,laneflow_runtime::kernel::waiting::prepare_waiting_previews_dispatched::closure_env$0> >,tuple$<> >",callee,vcruntime140.dll!***unknown*** (trimmed),1,0.002307976366322009
"laneflow-urban-harness.exe!rayon_core::scope::ScopeBase::execute_job_closure<rayon_core::scope::impl$0::spawn::closure$0::closure_env$0<laneflow_runtime::kernel::execution::impl$4::try_for_each_chunk::closure$0::closure_env$0<laneflow_runtime::kernel::tick::WaitingPreviewEntry,laneflow_runtime::kernel::waiting::prepare_waiting_previews_dispatched::closure_env$0> >,tuple$<> >",callee,vcruntime140.dll!***unknown*** (trimmed),1,0.002307976366322009
"laneflow-urban-harness.exe!rayon_core::scope::ScopeBase::execute_job_closure<rayon_core::scope::impl$0::spawn::closure$0::closure_env$0<laneflow_runtime::kernel::execution::impl$4::try_for_each_chunk::closure$0::closure_env$0<laneflow_runtime::kernel::tick::WaitingPreviewEntry,laneflow_runtime::kernel::waiting::prepare_waiting_previews_dispatched::closure_env$0> >,tuple$<> >",callee,vcruntime140.dll!***unknown*** (trimmed),1,0.002307976366322009
"laneflow-urban-harness.exe!rayon_core::scope::ScopeBase::execute_job_closure<rayon_core::scope::impl$0::spawn::closure$0::closure_env$0<laneflow_runtime::kernel::execution::impl$4::try_for_each_chunk::closure$0::closure_env$0<laneflow_runtime::kernel::tick::WaitingPreviewEntry,laneflow_runtime::kernel::waiting::prepare_waiting_previews_dispatched::closure_env$0> >,tuple$<> >",callee,laneflow-urban-harness.exe!rayon_core::latch::impl$11::set,1,0.002307976366322009
"laneflow-urban-harness.exe!rayon_core::scope::ScopeBase::execute_job_closure<rayon_core::scope::impl$0::spawn::closure$0::closure_env$0<laneflow_runtime::kernel::execution::impl$4::try_for_each_chunk::closure$0::closure_env$0<laneflow_runtime::kernel::tick::WaitingPreviewEntry,laneflow_runtime::kernel::waiting::prepare_waiting_previews_dispatched::closure_env$0> >,tuple$<> >",caller,"laneflow-urban-harness.exe!rayon_core::job::impl$6::execute<rayon_core::scope::impl$0::spawn::closure_env$0<laneflow_runtime::kernel::execution::impl$4::try_for_each_chunk::closure$0::closure_env$0<laneflow_runtime::kernel::tick::WaitingPreviewEntry,laneflow_runtime::kernel::waiting::prepare_waiting_previews_dispatched::closure_env$0> > >",566,1.306314623338257
"laneflow-urban-harness.exe!rayon_core::job::impl$6::execute<rayon_core::scope::impl$0::spawn::closure_env$0<laneflow_runtime::kernel::execution::impl$4::try_for_each_chunk::closure$0::closure_env$0<laneflow_runtime::kernel::tick::WaitingPreviewEntry,laneflow_runtime::kernel::waiting::prepare_waiting_previews_dispatched::closure_env$0> > >",callee,"laneflow-urban-harness.exe!rayon_core::scope::ScopeBase::execute_job_closure<rayon_core::scope::impl$0::spawn::closure$0::closure_env$0<laneflow_runtime::kernel::execution::impl$4::try_for_each_chunk::closure$0::closure_env$0<laneflow_runtime::kernel::tick::WaitingPreviewEntry,laneflow_runtime::kernel::waiting::prepare_waiting_previews_dispatched::closure_env$0> >,tuple$<> >",566,1.306314623338257
"laneflow-urban-harness.exe!rayon_core::job::impl$6::execute<rayon_core::scope::impl$0::spawn::closure_env$0<laneflow_runtime::kernel::execution::impl$4::try_for_each_chunk::closure$0::closure_env$0<laneflow_runtime::kernel::tick::WaitingPreviewEntry,laneflow_runtime::kernel::waiting::prepare_waiting_previews_dispatched::closure_env$0> > >",caller,laneflow-urban-harness.exe!rayon_core::registry::WorkerThread::wait_until_cold,566,1.306314623338257
"laneflow-urban-harness.exe!alloc::vec::spec_from_iter_nested::impl$1::from_iter<enum2$<core::option::Option<laneflow_runtime::kernel::vehicle::VehicleState> >,core::iter::adapters::map::Map<core::slice::iter::Iter<laneflow_urban_harness::runner::Individual>,laneflow_urban_harness::runner::impl$2::advance::closure_env$1> >",callee,laneflow-urban-harness.exe!laneflow_runtime::facade::TrafficWorld::vehicle,196,0.45236336779911374
"laneflow-urban-harness.exe!alloc::vec::spec_from_iter_nested::impl$1::from_iter<enum2$<core::option::Option<laneflow_runtime::kernel::vehicle::VehicleState> >,core::iter::adapters::map::Map<core::slice::iter::Iter<laneflow_urban_harness::runner::Individual>,laneflow_urban_harness::runner::impl$2::advance::closure_env$1> >",callee,ntkrnlmp.exe!***unknown***,162,0.3738921713441654
"laneflow-urban-harness.exe!alloc::vec::spec_from_iter_nested::impl$1::from_iter<enum2$<core::option::Option<laneflow_runtime::kernel::vehicle::VehicleState> >,core::iter::adapters::map::Map<core::slice::iter::Iter<laneflow_urban_harness::runner::Individual>,laneflow_urban_harness::runner::impl$2::advance::closure_env$1> >",callee,ntdll.dll!***unknown***,14,0.03231166912850812
"laneflow-urban-harness.exe!alloc::vec::spec_from_iter_nested::impl$1::from_iter<enum2$<core::option::Option<laneflow_runtime::kernel::vehicle::VehicleState> >,core::iter::adapters::map::Map<core::slice::iter::Iter<laneflow_urban_harness::runner::Individual>,laneflow_urban_harness::runner::impl$2::advance::closure_env$1> >",callee,ntkrnlmp.exe!***unknown***,2,0.004615952732644018
"laneflow-urban-harness.exe!alloc::vec::spec_from_iter_nested::impl$1::from_iter<enum2$<core::option::Option<laneflow_runtime::kernel::vehicle::VehicleState> >,core::iter::adapters::map::Map<core::slice::iter::Iter<laneflow_urban_harness::runner::Individual>,laneflow_urban_harness::runner::impl$2::advance::closure_env$1> >",caller,laneflow-urban-harness.exe!laneflow_urban_harness::runner::Harness::advance,563,1.299390694239291
ntkrnlmp.exe!***unknown***,callee,ntkrnlmp.exe!***unknown***,536,1.2370753323485968
ntkrnlmp.exe!***unknown***,callee,ntkrnlmp.exe!***unknown***,24,0.055391432791728215
ntkrnlmp.exe!***unknown***,caller,laneflow-urban-harness.exe!sha2::sha256::x86_sha::compress,4,0.009231905465288036
ntkrnlmp.exe!***unknown***,caller,laneflow-urban-harness.exe!laneflow_runtime::kernel::tick::MotionTaskView::vehicle_motion_outcome,2,0.004615952732644018
ntkrnlmp.exe!***unknown***,caller,ntkrnlmp.exe!***unknown***,1,0.002307976366322009
ntkrnlmp.exe!***unknown***,caller,ntkrnlmp.exe!***unknown*** (trimmed),1,0.002307976366322009
ntkrnlmp.exe!***unknown***,caller,ntkrnlmp.exe!***unknown*** (trimmed),1,0.002307976366322009
ntkrnlmp.exe!***unknown***,caller,ntkrnlmp.exe!***unknown***,1,0.002307976366322009
ntkrnlmp.exe!***unknown***,caller,laneflow-urban-harness.exe!std::hash::random::impl$4::write,1,0.002307976366322009
ntkrnlmp.exe!***unknown***,caller,laneflow-urban-harness.exe!laneflow_runtime::kernel::tick::prepare_motion_dispatched,1,0.002307976366322009
ntkrnlmp.exe!***unknown***,caller,laneflow-urban-harness.exe!laneflow_runtime::kernel::conflict::ConflictRead::owner_at,1,0.002307976366322009
ntkrnlmp.exe!***unknown***,callee,dxgkrnl.sys!***unknown***,272,0.6277695716395865
ntkrnlmp.exe!***unknown***,callee,nvlddmkm.sys!***unknown***,94,0.21694977843426883
ntkrnlmp.exe!***unknown***,callee,nvlddmkm.sys!***unknown***,70,0.16155834564254062
ntkrnlmp.exe!***unknown***,callee,NDIS.SYS!***unknown***,26,0.06000738552437223
ntkrnlmp.exe!***unknown***,callee,wdf01000.sys!***unknown***,25,0.05769940915805022
ntkrnlmp.exe!***unknown***,callee,ntkrnlmp.exe!***unknown***,15,0.03461964549483013
ntkrnlmp.exe!***unknown***,callee,nvlddmkm.sys!***unknown***,12,0.027695716395864108
ntkrnlmp.exe!***unknown***,callee,ntkrnlmp.exe!***unknown***,8,0.01846381093057607
ntkrnlmp.exe!***unknown***,callee,nvlddmkm.sys!***unknown***,7,0.01615583456425406
ntkrnlmp.exe!***unknown***,callee,ntkrnlmp.exe!***unknown***,5,0.011539881831610045
ntkrnlmp.exe!***unknown***,callee,tcpip.sys!***unknown***,5,0.011539881831610045
ntkrnlmp.exe!***unknown***,callee,WinHvR.sys!***unknown*** (trimmed),4,0.009231905465288036
ntkrnlmp.exe!***unknown***,callee,nvlddmkm.sys!***unknown*** (trimmed),2,0.004615952732644018
ntkrnlmp.exe!***unknown***,callee,nvlddmkm.sys!***unknown*** (trimmed),2,0.004615952732644018
ntkrnlmp.exe!***unknown***,callee,wdf01000.sys!***unknown*** (trimmed),1,0.002307976366322009
ntkrnlmp.exe!***unknown***,callee,ntkrnlmp.exe!***unknown*** (trimmed),1,0.002307976366322009
ntkrnlmp.exe!***unknown***,callee,ntkrnlmp.exe!***unknown*** (trimmed),1,0.002307976366322009
ntkrnlmp.exe!***unknown***,callee,ntkrnlmp.exe!***unknown*** (trimmed),1,0.002307976366322009
ntkrnlmp.exe!***unknown***,callee,dxgkrnl.sys!***unknown*** (trimmed),1,0.002307976366322009
ntkrnlmp.exe!***unknown***,callee,tcpip.sys!***unknown*** (trimmed),1,0.002307976366322009
ntkrnlmp.exe!***unknown***,callee,tcpip.sys!***unknown*** (trimmed),1,0.002307976366322009
ntkrnlmp.exe!***unknown***,callee,WinHvR.sys!***unknown*** (trimmed),1,0.002307976366322009
ntkrnlmp.exe!***unknown***,callee,nvlddmkm.sys!***unknown*** (trimmed),1,0.002307976366322009
ntkrnlmp.exe!***unknown***,callee,nvlddmkm.sys!***unknown*** (trimmed),1,0.002307976366322009
ntkrnlmp.exe!***unknown***,callee,nvpcf.sys!***unknown*** (trimmed),1,0.002307976366322009
ntkrnlmp.exe!***unknown***,caller,ntkrnlmp.exe!***unknown***,558,1.2878508124076808
"laneflow-urban-harness.exe!laneflow_urban_harness::runner::Harness::measure_command<enum2$<core::result::Result<enum2$<core::result::Result<laneflow_runtime::kernel::vehicle::VehicleReplaceRecord,enum2$<laneflow_runtime::kernel::error::ReplaceError> > >,enum2$<laneflow_urban_harness::Error> > >,laneflow_urban_harness::runner::impl$2::execute::closure_env$2>",callee,laneflow-urban-harness.exe!laneflow_runtime::facade::TrafficWorld::replace_completed_vehicle,524,1.2093796159527326
"laneflow-urban-harness.exe!laneflow_urban_harness::runner::Harness::measure_command<enum2$<core::result::Result<enum2$<core::result::Result<laneflow_runtime::kernel::vehicle::VehicleReplaceRecord,enum2$<laneflow_runtime::kernel::error::ReplaceError> > >,enum2$<laneflow_urban_harness::Error> > >,laneflow_urban_harness::runner::impl$2::execute::closure_env$2>",callee,laneflow-urban-harness.exe!std::time::Instant::now,2,0.004615952732644018
"laneflow-urban-harness.exe!laneflow_urban_harness::runner::Harness::measure_command<enum2$<core::result::Result<enum2$<core::result::Result<laneflow_runtime::kernel::vehicle::VehicleReplaceRecord,enum2$<laneflow_runtime::kernel::error::ReplaceError> > >,enum2$<laneflow_urban_harness::Error> > >,laneflow_urban_harness::runner::impl$2::execute::closure_env$2>",caller,laneflow-urban-harness.exe!laneflow_urban_harness::runner::Harness::execute,526,1.2139955686853767
laneflow-urban-harness.exe!laneflow_runtime::kernel::state::WorldState::replace_completed_vehicle,callee,laneflow-urban-harness.exe!laneflow_runtime::kernel::state::WorldState::rebuild_active_order,209,0.48236706056129985
laneflow-urban-harness.exe!laneflow_runtime::kernel::state::WorldState::replace_completed_vehicle,callee,laneflow-urban-harness.exe!laneflow_runtime::kernel::state::WorldState::overlap_blocker,35,0.08077917282127031
laneflow-urban-harness.exe!laneflow_runtime::kernel::state::WorldState::replace_completed_vehicle,callee,laneflow-urban-harness.exe!laneflow_runtime::kernel::state::WorldState::overlap_relation (trimmed),1,0.002307976366322009
laneflow-urban-harness.exe!laneflow_runtime::kernel::state::WorldState::replace_completed_vehicle,callee,laneflow-urban-harness.exe!laneflow_runtime::kernel::state::WorldState::route_suffix_denied (trimmed),1,0.002307976366322009
laneflow-urban-harness.exe!laneflow_runtime::kernel::state::WorldState::replace_completed_vehicle,caller,laneflow-urban-harness.exe!laneflow_runtime::facade::TrafficWorld::replace_completed_vehicle,524,1.2093796159527326
laneflow-urban-harness.exe!laneflow_runtime::facade::TrafficWorld::replace_completed_vehicle,callee,laneflow-urban-harness.exe!laneflow_runtime::kernel::state::WorldState::replace_completed_vehicle,524,1.2093796159527326
laneflow-urban-harness.exe!laneflow_runtime::facade::TrafficWorld::replace_completed_vehicle,caller,"laneflow-urban-harness.exe!laneflow_urban_harness::runner::Harness::measure_command<enum2$<core::result::Result<enum2$<core::result::Result<laneflow_runtime::kernel::vehicle::VehicleReplaceRecord,enum2$<laneflow_runtime::kernel::error::ReplaceError> > >,enum2$<laneflow_urban_harness::Error> > >,laneflow_urban_harness::runner::impl$2::execute::closure_env$2>",524,1.2093796159527326
ntdll.dll!***unknown***,callee,ntdll.dll!***unknown***,363,0.8377954209748892
ntdll.dll!***unknown***,callee,ntdll.dll!***unknown***,83,0.19156203840472674
ntdll.dll!***unknown***,callee,ntdll.dll!***unknown***,12,0.027695716395864108
ntdll.dll!***unknown***,callee,ntdll.dll!***unknown***,7,0.01615583456425406
ntdll.dll!***unknown***,callee,ntdll.dll!***unknown***,5,0.011539881831610045
ntdll.dll!***unknown***,callee,ntdll.dll!***unknown*** (trimmed),4,0.009231905465288036
ntdll.dll!***unknown***,callee,ntdll.dll!***unknown*** (trimmed),3,0.006923929098966027
ntdll.dll!***unknown***,callee,ntdll.dll!***unknown*** (trimmed),2,0.004615952732644018
ntdll.dll!***unknown***,callee,ntdll.dll!***unknown*** (trimmed),2,0.004615952732644018
ntdll.dll!***unknown***,callee,ntdll.dll!***unknown*** (trimmed),2,0.004615952732644018
ntdll.dll!***unknown***,callee,ntdll.dll!***unknown*** (trimmed),2,0.004615952732644018
ntdll.dll!***unknown***,callee,ntdll.dll!***unknown*** (trimmed),2,0.004615952732644018
ntdll.dll!***unknown***,callee,ntdll.dll!***unknown*** (trimmed),1,0.002307976366322009
ntdll.dll!***unknown***,callee,ntdll.dll!***unknown*** (trimmed),1,0.002307976366322009
ntdll.dll!***unknown***,callee,ntdll.dll!***unknown*** (trimmed),1,0.002307976366322009
ntdll.dll!***unknown***,callee,ntdll.dll!***unknown*** (trimmed),1,0.002307976366322009
ntdll.dll!***unknown***,callee,ntdll.dll!***unknown*** (trimmed),1,0.002307976366322009
ntdll.dll!***unknown***,callee,ntdll.dll!***unknown*** (trimmed),1,0.002307976366322009
ntdll.dll!***unknown***,callee,ntdll.dll!***unknown*** (trimmed),1,0.002307976366322009
ntdll.dll!***unknown***,callee,ntdll.dll!***unknown*** (trimmed),1,0.002307976366322009
ntdll.dll!***unknown***,callee,ntdll.dll!***unknown*** (trimmed),1,0.002307976366322009
ntdll.dll!***unknown***,callee,ntdll.dll!***unknown*** (trimmed),1,0.002307976366322009
ntdll.dll!***unknown***,callee,ntdll.dll!***unknown*** (trimmed),1,0.002307976366322009
ntdll.dll!***unknown***,callee,ntdll.dll!***unknown*** (trimmed),1,0.002307976366322009
ntdll.dll!***unknown***,callee,ntdll.dll!***unknown*** (trimmed),1,0.002307976366322009
ntdll.dll!***unknown***,callee,ntdll.dll!***unknown*** (trimmed),1,0.002307976366322009
ntdll.dll!***unknown***,callee,ntdll.dll!***unknown*** (trimmed),1,0.002307976366322009
ntdll.dll!***unknown***,caller,"laneflow-urban-harness.exe!alloc::collections::btree::map::entry::VacantEntry<alloc::string::String,enum2$<serde_json::value::Value>,alloc::alloc::Global>::insert_entry<alloc::string::String,enum2$<serde_json::value::Value>,alloc::alloc::Global>",69,0.1592503692762186
ntdll.dll!***unknown***,caller,laneflow-urban-harness.exe!laneflow_urban_harness::observe::passage,65,0.15001846381093056
ntdll.dll!***unknown***,caller,"laneflow-urban-harness.exe!hashbrown::raw::RawTable<tuple$<laneflow_runtime::kernel::handle::VehicleHandle,tuple$<> >,alloc::alloc::Global>::reserve_rehash<tuple$<laneflow_runtime::kernel::handle::VehicleHandle,tuple$<> >,alloc::alloc::Global,hashbrown::map::make_hasher::closure_env$0<laneflow_runtime::kernel::handle::VehicleHandle,tuple$<>,std::hash::random::RandomState> >",63,0.14540251107828656
ntdll.dll!***unknown***,caller,laneflow-urban-harness.exe!laneflow_urban_harness::runner::Harness::execute,54,0.12463072378138848
ntdll.dll!***unknown***,caller,ntdll.dll!***unknown***,38,0.08770310192023634
ntdll.dll!***unknown***,caller,laneflow-urban-harness.exe!laneflow_urban_harness::observe::events,33,0.07616322008862629
ntdll.dll!***unknown***,caller,laneflow-urban-harness.exe!laneflow_urban_harness::observe::range,26,0.06000738552437223
ntdll.dll!***unknown***,caller,laneflow-urban-harness.exe!serde_json::value::ser::impl$8::serialize_field<u32>,18,0.04154357459379616
ntdll.dll!***unknown***,caller,"laneflow-urban-harness.exe!serde_core::ser::SerializeMap::serialize_entry<enum2$<serde_json::value::ser::SerializeMap>,alloc::string::String,enum2$<serde_json::value::Value> >",18,0.04154357459379616
ntdll.dll!***unknown***,caller,"laneflow-urban-harness.exe!alloc::vec::spec_from_iter_nested::impl$1::from_iter<enum2$<core::option::Option<laneflow_runtime::kernel::vehicle::VehicleState> >,core::iter::adapters::map::Map<core::slice::iter::Iter<laneflow_urban_harness::runner::Individual>,laneflow_urban_harness::runner::impl$2::advance::closure_env$1> >",14,0.03231166912850812
ntdll.dll!***unknown***,caller,laneflow-urban-harness.exe!serde_json::value::to_value<ref$<ref$<str$> > >,12,0.027695716395864108
ntdll.dll!***unknown***,caller,"laneflow-urban-harness.exe!hashbrown::raw::RawTable<tuple$<enum2$<laneflow_runtime::kernel::parking::ParkingTarget>,tuple$<u64,u64> >,alloc::alloc::Global>::reserve_rehash<tuple$<enum2$<laneflow_runtime::kernel::parking::ParkingTarget>,tuple$<u64,u64> >,alloc::alloc::Global,hashbrown::map::make_hasher::closure_env$0<enum2$<laneflow_runtime::kernel::parking::ParkingTarget>,tuple$<u64,u64>,std::hash::random::RandomState> >",12,0.027695716395864108
ntdll.dll!***unknown***,caller,laneflow-urban-harness.exe!laneflow_urban_harness::observe::state,11,0.025387740029542097
ntdll.dll!***unknown***,caller,"laneflow-urban-harness.exe!hashbrown::raw::RawTable<tuple$<u32,laneflow_urban_harness::runner::IndividualId>,alloc::alloc::Global>::reserve_rehash<tuple$<u32,laneflow_urban_harness::runner::IndividualId>,alloc::alloc::Global,hashbrown::map::make_hasher::closure_env$0<u32,laneflow_urban_harness::runner::IndividualId,std::hash::random::RandomState> >",11,0.025387740029542097
ntdll.dll!***unknown***,caller,"laneflow-urban-harness.exe!serde_core::ser::impls::impl$107::serialize<enum2$<serde_json::value::Value>,serde_json::value::ser::Serializer>",10,0.02307976366322009
ntdll.dll!***unknown***,caller,ntdll.dll!***unknown***,9,0.02077178729689808
ntdll.dll!***unknown***,caller,ntdll.dll!***unknown***,8,0.01846381093057607
ntdll.dll!***unknown***,caller,laneflow-urban-harness.exe!alloc::raw_vec::RawVecInner<alloc::alloc::Global>::try_allocate_in<alloc::alloc::Global>,6,0.013847858197932054
ntdll.dll!***unknown***,caller,laneflow-urban-harness.exe!alloc::string::impl$6::clone,6,0.013847858197932054
ntdll.dll!***unknown***,caller,"laneflow-urban-harness.exe!alloc::vec::spec_from_iter_nested::impl$1::from_iter<tuple$<laneflow_static_contract::typed::Ordinal<laneflow_static_contract::typed::SignalGroupKind>,laneflow_static_contract::values::SignalAspect>,core::iter::adapters::map::Map<core::iter::adapters::enumerate::Enumerate<core::slice::iter::Iter<laneflow_static_contract::values::SignalAspect> >,laneflow_runtime::kernel::world::impl$3::committed_signal_groups::closure_env$0> >",5,0.011539881831610045
ntdll.dll!***unknown***,caller,"laneflow-urban-harness.exe!hashbrown::raw::RawTable<tuple$<u32,std::collections::hash::set::HashSet<laneflow_runtime::kernel::handle::VehicleHandle,std::hash::random::RandomState,alloc::alloc::Global> >,alloc::alloc::Global>::reserve_rehash<tuple$<u32,std::collections::hash::set::HashSet<laneflow_runtime::kernel::handle::VehicleHandle,std::hash::random::RandomState,alloc::alloc::Global> >,alloc::alloc::Global,hashbrown::map::make_hasher::closure_env$0<u32,std::collections::hash::set::HashSet<laneflow_runtime::kernel::handle::VehicleHandle,std::hash::random::RandomState,alloc::alloc::Global>,std::hash::random::RandomState> >",3,0.006923929098966027
ntdll.dll!***unknown***,caller,laneflow-urban-harness.exe!serde_json::value::ser::impl$1::serialize_seq (trimmed),2,0.004615952732644018
ntdll.dll!***unknown***,caller,"laneflow-urban-harness.exe!enum2$<laneflow_runtime::kernel::execution::ExecutionResources>::try_for_each_chunk<enum2$<laneflow_runtime::kernel::conflict_tick::CandidateReport>,laneflow_runtime::kernel::conflict_tick::impl$6::prepare_conflict_candidates_dispatched::closure_env$2>",2,0.004615952732644018
ntdll.dll!***unknown***,caller,"laneflow-urban-harness.exe!enum2$<laneflow_runtime::kernel::execution::ExecutionResources>::try_for_each_chunk<laneflow_runtime::kernel::tick::VehicleMotionOutcome,laneflow_runtime::kernel::tick::prepare_motion_dispatched::closure_env$0>",2,0.004615952732644018
ntdll.dll!***unknown***,caller,"laneflow-urban-harness.exe!hashbrown::raw::RawTable<tuple$<u32,bool>,alloc::alloc::Global>::reserve_rehash<tuple$<u32,bool>,alloc::alloc::Global,hashbrown::map::make_hasher::closure_env$0<u32,bool,std::hash::random::RandomState> > (trimmed)",2,0.004615952732644018
ntdll.dll!***unknown***,caller,"laneflow-urban-harness.exe!alloc::vec::spec_from_iter::impl$0::from_iter<tuple$<u32,u8>,core::iter::adapters::GenericShunt<core::iter::adapters::map::Map<core::slice::iter::Iter<tuple$<laneflow_static_contract::typed::Ordinal<laneflow_static_contract::typed::SignalGroupKind>,laneflow_static_contract::values::SignalAspect> >,laneflow_urban_harness::runner::signal_signature::closure_env$0>,enum2$<core::result::Result<enum2$<core::convert::Infallible>,enum2$<laneflow_urban_harness::Error> > > > >",1,0.002307976366322009
ntdll.dll!***unknown***,caller,"laneflow-urban-harness.exe!core::slice::sort::stable::driftsort_main<tuple$<u32,u8>,alloc::slice::impl$0::sort_by::closure_env$0<tuple$<u32,u8>,alloc::collections::btree::map::impl$88::from_iter::closure_env$0<u32,u8,core::iter::adapters::GenericShunt<core::iter::adapters::map::Map<core::slice::iter::Iter<tuple$<laneflow_static_contract::typed::Ordinal<laneflow_static_contract::typed::SignalGroupKind>,laneflow_static_contract::values::SignalAspect> >,laneflow_urban_harness::runner::signal_signature::closure_env$0>,enum2$<core::result::Result<enum2$<core::convert::Infallible>,enum2$<laneflow_urban_harness::Error> > > > > >,alloc::vec::Vec<tuple$<u32,u8>,alloc::alloc::Global> > (trimmed)",1,0.002307976366322009
ntdll.dll!***unknown***,caller,"laneflow-urban-harness.exe!alloc::collections::btree::node::NodeRef<enum2$<alloc::collections::btree::node::marker::Owned>,u32,u8,enum2$<alloc::collections::btree::node::marker::LeafOrInternal> >::bulk_push<u32,u8,alloc::collections::btree::dedup_sorted_iter::DedupSortedIter<u32,u8,alloc::vec::into_iter::IntoIter<tuple$<u32,u8>,alloc::alloc::Global> >,alloc::alloc::Global>",1,0.002307976366322009
ntdll.dll!***unknown***,caller,laneflow-urban-harness.exe!alloc::raw_vec::RawVecInner<alloc::alloc::Global>::finish_grow<alloc::alloc::Global>,1,0.002307976366322009
"laneflow-urban-harness.exe!enum2$<laneflow_runtime::kernel::execution::ExecutionResources>::try_for_each_chunk<enum2$<laneflow_runtime::kernel::conflict_tick::CandidateReport>,laneflow_runtime::kernel::conflict_tick::impl$6::prepare_conflict_candidates_dispatched::closure_env$2>",callee,"laneflow-urban-harness.exe!laneflow_runtime::kernel::execution::run_dispatch_chunk<enum2$<laneflow_runtime::kernel::conflict_tick::CandidateReport>,laneflow_runtime::kernel::conflict_tick::impl$6::prepare_conflict_candidates_dispatched::closure_env$2>",445,1.027049483013294
"laneflow-urban-harness.exe!enum2$<laneflow_runtime::kernel::execution::ExecutionResources>::try_for_each_chunk<enum2$<laneflow_runtime::kernel::conflict_tick::CandidateReport>,laneflow_runtime::kernel::conflict_tick::impl$6::prepare_conflict_candidates_dispatched::closure_env$2>",callee,laneflow-urban-harness.exe!rayon_core::sleep::Sleep::wake_any_threads,29,0.06693131462333826
"laneflow-urban-harness.exe!enum2$<laneflow_runtime::kernel::execution::ExecutionResources>::try_for_each_chunk<enum2$<laneflow_runtime::kernel::conflict_tick::CandidateReport>,laneflow_runtime::kernel::conflict_tick::impl$6::prepare_conflict_candidates_dispatched::closure_env$2>",callee,laneflow-urban-harness.exe!rayon_core::latch::LockLatch::wait,10,0.02307976366322009
"laneflow-urban-harness.exe!enum2$<laneflow_runtime::kernel::execution::ExecutionResources>::try_for_each_chunk<enum2$<laneflow_runtime::kernel::conflict_tick::CandidateReport>,laneflow_runtime::kernel::conflict_tick::impl$6::prepare_conflict_candidates_dispatched::closure_env$2>",callee,ntdll.dll!***unknown***,2,0.004615952732644018
"laneflow-urban-harness.exe!enum2$<laneflow_runtime::kernel::execution::ExecutionResources>::try_for_each_chunk<enum2$<laneflow_runtime::kernel::conflict_tick::CandidateReport>,laneflow_runtime::kernel::conflict_tick::impl$6::prepare_conflict_candidates_dispatched::closure_env$2>",callee,laneflow-urban-harness.exe!rayon_core::registry::Registry::inject_or_push (trimmed),1,0.002307976366322009
"laneflow-urban-harness.exe!enum2$<laneflow_runtime::kernel::execution::ExecutionResources>::try_for_each_chunk<enum2$<laneflow_runtime::kernel::conflict_tick::CandidateReport>,laneflow_runtime::kernel::conflict_tick::impl$6::prepare_conflict_candidates_dispatched::closure_env$2>",caller,laneflow-urban-harness.exe!laneflow_runtime::kernel::phase::StepWorkspace::stage_vehicle_transitions,489,1.1286004431314622
laneflow-urban-harness.exe!laneflow_runtime::kernel::phase::StepReadView::waiting_preview_entry,callee,laneflow-urban-harness.exe!laneflow_runtime::kernel::phase::StepReadView::scope_near_gate,212,0.48929098966026585
laneflow-urban-harness.exe!laneflow_runtime::kernel::phase::StepReadView::waiting_preview_entry,callee,laneflow-urban-harness.exe!laneflow_runtime::kernel::phase::StepReadView::preview_active_vehicle_with_waiting_stop,11,0.025387740029542097
laneflow-urban-harness.exe!laneflow_runtime::kernel::phase::StepReadView::waiting_preview_entry,caller,"laneflow-urban-harness.exe!rayon_core::scope::ScopeBase::execute_job_closure<rayon_core::scope::impl$0::spawn::closure$0::closure_env$0<laneflow_runtime::kernel::execution::impl$4::try_for_each_chunk::closure$0::closure_env$0<laneflow_runtime::kernel::tick::WaitingPreviewEntry,laneflow_runtime::kernel::waiting::prepare_waiting_previews_dispatched::closure_env$0> >,tuple$<> >",314,0.7247045790251108
laneflow-urban-harness.exe!laneflow_runtime::kernel::phase::StepReadView::waiting_preview_entry,caller,"laneflow-urban-harness.exe!enum2$<laneflow_runtime::kernel::execution::ExecutionResources>::try_for_each_chunk<laneflow_runtime::kernel::tick::WaitingPreviewEntry,laneflow_runtime::kernel::waiting::prepare_waiting_previews_dispatched::closure_env$0>",128,0.29542097488921715
laneflow-urban-harness.exe!laneflow_urban_harness::observe::red_waiters,callee,"laneflow-urban-harness.exe!core::hash::BuildHasher::hash_one<std::hash::random::RandomState,ref$<laneflow_runtime::kernel::handle::RouteHandle> >",92,0.21233382570162482
laneflow-urban-harness.exe!laneflow_urban_harness::observe::red_waiters,callee,"laneflow-urban-harness.exe!core::hash::BuildHasher::hash_one<std::hash::random::RandomState,ref$<u32> >",66,0.15232644017725258
laneflow-urban-harness.exe!laneflow_urban_harness::observe::red_waiters,callee,"laneflow-urban-harness.exe!alloc::collections::btree::map::BTreeMap<tuple$<laneflow_urban_harness::runner::IndividualId,u32>,alloc::collections::btree::set_val::SetValZST,alloc::alloc::Global>::insert<tuple$<laneflow_urban_harness::runner::IndividualId,u32>,alloc::collections::btree::set_val::SetValZST,alloc::alloc::Global>",30,0.06923929098966027
laneflow-urban-harness.exe!laneflow_urban_harness::observe::red_waiters,callee,laneflow-urban-harness.exe!laneflow_runtime::facade::TrafficWorld::route_edges,13,0.030003692762186115
laneflow-urban-harness.exe!laneflow_urban_harness::observe::red_waiters,callee,"laneflow-urban-harness.exe!hashbrown::map::HashMap<u32,bool,std::hash::random::RandomState,alloc::alloc::Global>::insert<u32,bool,std::hash::random::RandomState,alloc::alloc::Global>",12,0.027695716395864108
laneflow-urban-harness.exe!laneflow_urban_harness::observe::red_waiters,callee,laneflow-urban-harness.exe!laneflow_runtime::facade::TrafficWorld::committed_signal_groups,3,0.006923929098966027
laneflow-urban-harness.exe!laneflow_urban_harness::observe::red_waiters,callee,"laneflow-urban-harness.exe!hashbrown::raw::RawTable<tuple$<u32,bool>,alloc::alloc::Global>::reserve_rehash<tuple$<u32,bool>,alloc::alloc::Global,hashbrown::map::make_hasher::closure_env$0<u32,bool,std::hash::random::RandomState> > (trimmed)",2,0.004615952732644018
laneflow-urban-harness.exe!laneflow_urban_harness::observe::red_waiters,callee,ntdll.dll!***unknown***,1,0.002307976366322009
laneflow-urban-harness.exe!laneflow_urban_harness::observe::red_waiters,caller,laneflow-urban-harness.exe!laneflow_urban_harness::runner::Harness::advance,439,1.013201624815362
laneflow-urban-harness.exe!laneflow_runtime::kernel::conflict_tick::evaluate_gate_hop,callee,laneflow-urban-harness.exe!laneflow_runtime::kernel::phase::StepReadView::conflict_passage_occurrence_locator,249,0.5746861152141802
laneflow-urban-harness.exe!laneflow_runtime::kernel::conflict_tick::evaluate_gate_hop,callee,laneflow-urban-harness.exe!laneflow_runtime::kernel::phase::StepReadView::gate_policy_decision_with_signals,110,0.253877400295421
laneflow-urban-harness.exe!laneflow_runtime::kernel::conflict_tick::evaluate_gate_hop,caller,laneflow-urban-harness.exe!laneflow_runtime::kernel::conflict_tick::ConflictTaskView::evaluate_candidate,426,0.9831979320531757
"laneflow-urban-harness.exe!core::hash::BuildHasher::hash_one<std::hash::random::RandomState,ref$<enum2$<laneflow_runtime::kernel::parking::ParkingTarget> > >",callee,laneflow-urban-harness.exe!std::hash::random::impl$4::write,264,0.6093057607090103
"laneflow-urban-harness.exe!core::hash::BuildHasher::hash_one<std::hash::random::RandomState,ref$<enum2$<laneflow_runtime::kernel::parking::ParkingTarget> > >",callee,ntkrnlmp.exe!***unknown***,1,0.002307976366322009
"laneflow-urban-harness.exe!core::hash::BuildHasher::hash_one<std::hash::random::RandomState,ref$<enum2$<laneflow_runtime::kernel::parking::ParkingTarget> > >",caller,laneflow-urban-harness.exe!laneflow_urban_harness::observe::parking_invariants,212,0.48929098966026585
"laneflow-urban-harness.exe!core::hash::BuildHasher::hash_one<std::hash::random::RandomState,ref$<enum2$<laneflow_runtime::kernel::parking::ParkingTarget> > >",caller,laneflow-urban-harness.exe!laneflow_urban_harness::observe::state,183,0.4223596750369276
"laneflow-urban-harness.exe!core::hash::BuildHasher::hash_one<std::hash::random::RandomState,ref$<enum2$<laneflow_runtime::kernel::parking::ParkingTarget> > >",caller,"laneflow-urban-harness.exe!hashbrown::raw::RawTable<tuple$<enum2$<laneflow_runtime::kernel::parking::ParkingTarget>,tuple$<u64,u64> >,alloc::alloc::Global>::reserve_rehash<tuple$<enum2$<laneflow_runtime::kernel::parking::ParkingTarget>,tuple$<u64,u64> >,alloc::alloc::Global,hashbrown::map::make_hasher::closure_env$0<enum2$<laneflow_runtime::kernel::parking::ParkingTarget>,tuple$<u64,u64>,std::hash::random::RandomState> >",19,0.04385155096011817
"laneflow-urban-harness.exe!laneflow_urban_harness::runner::Harness::measure_command<enum2$<core::result::Result<laneflow_runtime::kernel::parking::ParkingLeaveRecord,enum2$<laneflow_runtime::kernel::error::ParkingError> > >,laneflow_urban_harness::runner::impl$2::execute::closure_env$4>",callee,laneflow-urban-harness.exe!laneflow_runtime::facade::TrafficWorld::leave_parking,403,0.9301144756277696
"laneflow-urban-harness.exe!laneflow_urban_harness::runner::Harness::measure_command<enum2$<core::result::Result<laneflow_runtime::kernel::parking::ParkingLeaveRecord,enum2$<laneflow_runtime::kernel::error::ParkingError> > >,laneflow_urban_harness::runner::impl$2::execute::closure_env$4>",callee,laneflow-urban-harness.exe!std::time::Instant::elapsed (trimmed),2,0.004615952732644018
"laneflow-urban-harness.exe!laneflow_urban_harness::runner::Harness::measure_command<enum2$<core::result::Result<laneflow_runtime::kernel::parking::ParkingLeaveRecord,enum2$<laneflow_runtime::kernel::error::ParkingError> > >,laneflow_urban_harness::runner::impl$2::execute::closure_env$4>",caller,laneflow-urban-harness.exe!laneflow_urban_harness::runner::Harness::execute,405,0.9347304283604135
laneflow-urban-harness.exe!laneflow_runtime::kernel::state::WorldState::leave_parking,callee,laneflow-urban-harness.exe!laneflow_runtime::kernel::state::WorldState::validate_leave_followers,382,0.8816469719350074
laneflow-urban-harness.exe!laneflow_runtime::kernel::state::WorldState::leave_parking,callee,laneflow-urban-harness.exe!laneflow_runtime::kernel::state::WorldState::overlap_blocker,15,0.03461964549483013
laneflow-urban-harness.exe!laneflow_runtime::kernel::state::WorldState::leave_parking,callee,laneflow-urban-harness.exe!laneflow_runtime::kernel::state::WorldState::ensure_current_occupancy,5,0.011539881831610045
laneflow-urban-harness.exe!laneflow_runtime::kernel::state::WorldState::leave_parking,callee,laneflow-urban-harness.exe!laneflow_runtime::kernel::phase::StepReadView::resource_matches_binding (trimmed),1,0.002307976366322009
laneflow-urban-harness.exe!laneflow_runtime::kernel::state::WorldState::leave_parking,caller,laneflow-urban-harness.exe!laneflow_runtime::facade::TrafficWorld::leave_parking,403,0.9301144756277696
laneflow-urban-harness.exe!laneflow_runtime::facade::TrafficWorld::leave_parking,callee,laneflow-urban-harness.exe!laneflow_runtime::kernel::state::WorldState::leave_parking,403,0.9301144756277696
laneflow-urban-harness.exe!laneflow_runtime::facade::TrafficWorld::leave_parking,caller,"laneflow-urban-harness.exe!laneflow_urban_harness::runner::Harness::measure_command<enum2$<core::result::Result<laneflow_runtime::kernel::parking::ParkingLeaveRecord,enum2$<laneflow_runtime::kernel::error::ParkingError> > >,laneflow_urban_harness::runner::impl$2::execute::closure_env$4>",403,0.9301144756277696
laneflow-urban-harness.exe!laneflow_runtime::kernel::phase::StepReadView::hop_permitted,callee,laneflow-urban-harness.exe!laneflow_runtime::kernel::phase::StepReadView::gate_policy_decision_with_signals,355,0.8193316100443131
laneflow-urban-harness.exe!laneflow_runtime::kernel::phase::StepReadView::hop_permitted,caller,laneflow-urban-harness.exe!laneflow_runtime::kernel::phase::StepReadView::calculate_active_vehicle_motion,398,0.9185745937961596
"laneflow-urban-harness.exe!core::slice::sort::unstable::quicksort::quicksort<laneflow_runtime::kernel::conflict_tick::ConflictCandidate,core::slice::impl$0::sort_unstable_by_key::closure_env$0<laneflow_runtime::kernel::conflict_tick::ConflictCandidate,tuple$<laneflow_runtime::kernel::conflict::ConflictCandidateOrderKey,u32>,laneflow_runtime::kernel::conflict_tick::impl$6::prepare_conflict_candidates::closure_env$1> >",callee,"laneflow-urban-harness.exe!core::slice::sort::unstable::quicksort::quicksort<laneflow_runtime::kernel::conflict_tick::ConflictCandidate,core::slice::impl$0::sort_unstable_by_key::closure_env$0<laneflow_runtime::kernel::conflict_tick::ConflictCandidate,tuple$<laneflow_runtime::kernel::conflict::ConflictCandidateOrderKey,u32>,laneflow_runtime::kernel::conflict_tick::impl$6::prepare_conflict_candidates::closure_env$1> >",275,0.6346935007385525
"laneflow-urban-harness.exe!core::slice::sort::unstable::quicksort::quicksort<laneflow_runtime::kernel::conflict_tick::ConflictCandidate,core::slice::impl$0::sort_unstable_by_key::closure_env$0<laneflow_runtime::kernel::conflict_tick::ConflictCandidate,tuple$<laneflow_runtime::kernel::conflict::ConflictCandidateOrderKey,u32>,laneflow_runtime::kernel::conflict_tick::impl$6::prepare_conflict_candidates::closure_env$1> >",callee,"laneflow-urban-harness.exe!core::slice::sort::shared::smallsort::insertion_sort_shift_left<laneflow_runtime::kernel::conflict_tick::ConflictCandidate,core::slice::impl$0::sort_unstable_by_key::closure_env$0<laneflow_runtime::kernel::conflict_tick::ConflictCandidate,tuple$<laneflow_runtime::kernel::conflict::ConflictCandidateOrderKey,u32>,laneflow_runtime::kernel::conflict_tick::impl$6::prepare_conflict_candidates::closure_env$1> >",48,0.11078286558345643
"laneflow-urban-harness.exe!core::slice::sort::unstable::quicksort::quicksort<laneflow_runtime::kernel::conflict_tick::ConflictCandidate,core::slice::impl$0::sort_unstable_by_key::closure_env$0<laneflow_runtime::kernel::conflict_tick::ConflictCandidate,tuple$<laneflow_runtime::kernel::conflict::ConflictCandidateOrderKey,u32>,laneflow_runtime::kernel::conflict_tick::impl$6::prepare_conflict_candidates::closure_env$1> >",callee,vcruntime140.dll!***unknown***,5,0.011539881831610045
"laneflow-urban-harness.exe!core::slice::sort::unstable::quicksort::quicksort<laneflow_runtime::kernel::conflict_tick::ConflictCandidate,core::slice::impl$0::sort_unstable_by_key::closure_env$0<laneflow_runtime::kernel::conflict_tick::ConflictCandidate,tuple$<laneflow_runtime::kernel::conflict::ConflictCandidateOrderKey,u32>,laneflow_runtime::kernel::conflict_tick::impl$6::prepare_conflict_candidates::closure_env$1> >",callee,vcruntime140.dll!***unknown***,4,0.009231905465288036
"laneflow-urban-harness.exe!core::slice::sort::unstable::quicksort::quicksort<laneflow_runtime::kernel::conflict_tick::ConflictCandidate,core::slice::impl$0::sort_unstable_by_key::closure_env$0<laneflow_runtime::kernel::conflict_tick::ConflictCandidate,tuple$<laneflow_runtime::kernel::conflict::ConflictCandidateOrderKey,u32>,laneflow_runtime::kernel::conflict_tick::impl$6::prepare_conflict_candidates::closure_env$1> >",callee,vcruntime140.dll!***unknown***,2,0.004615952732644018
"laneflow-urban-harness.exe!core::slice::sort::unstable::quicksort::quicksort<laneflow_runtime::kernel::conflict_tick::ConflictCandidate,core::slice::impl$0::sort_unstable_by_key::closure_env$0<laneflow_runtime::kernel::conflict_tick::ConflictCandidate,tuple$<laneflow_runtime::kernel::conflict::ConflictCandidateOrderKey,u32>,laneflow_runtime::kernel::conflict_tick::impl$6::prepare_conflict_candidates::closure_env$1> >",callee,vcruntime140.dll!***unknown***,2,0.004615952732644018
"laneflow-urban-harness.exe!core::slice::sort::unstable::quicksort::quicksort<laneflow_runtime::kernel::conflict_tick::ConflictCandidate,core::slice::impl$0::sort_unstable_by_key::closure_env$0<laneflow_runtime::kernel::conflict_tick::ConflictCandidate,tuple$<laneflow_runtime::kernel::conflict::ConflictCandidateOrderKey,u32>,laneflow_runtime::kernel::conflict_tick::impl$6::prepare_conflict_candidates::closure_env$1> >",callee,vcruntime140.dll!***unknown*** (trimmed),2,0.004615952732644018
"laneflow-urban-harness.exe!core::slice::sort::unstable::quicksort::quicksort<laneflow_runtime::kernel::conflict_tick::ConflictCandidate,core::slice::impl$0::sort_unstable_by_key::closure_env$0<laneflow_runtime::kernel::conflict_tick::ConflictCandidate,tuple$<laneflow_runtime::kernel::conflict::ConflictCandidateOrderKey,u32>,laneflow_runtime::kernel::conflict_tick::impl$6::prepare_conflict_candidates::closure_env$1> >",callee,vcruntime140.dll!***unknown***,2,0.004615952732644018
"laneflow-urban-harness.exe!core::slice::sort::unstable::quicksort::quicksort<laneflow_runtime::kernel::conflict_tick::ConflictCandidate,core::slice::impl$0::sort_unstable_by_key::closure_env$0<laneflow_runtime::kernel::conflict_tick::ConflictCandidate,tuple$<laneflow_runtime::kernel::conflict::ConflictCandidateOrderKey,u32>,laneflow_runtime::kernel::conflict_tick::impl$6::prepare_conflict_candidates::closure_env$1> >",callee,"laneflow-urban-harness.exe!core::slice::sort::shared::pivot::median3_rec<laneflow_runtime::kernel::conflict_tick::ConflictCandidate,core::slice::impl$0::sort_unstable_by_key::closure_env$0<laneflow_runtime::kernel::conflict_tick::ConflictCandidate,tuple$<laneflow_runtime::kernel::conflict::ConflictCandidateOrderKey,u32>,laneflow_runtime::kernel::conflict_tick::impl$6::prepare_conflict_candidates::closure_env$1> > (trimmed)",2,0.004615952732644018
"laneflow-urban-harness.exe!core::slice::sort::unstable::quicksort::quicksort<laneflow_runtime::kernel::conflict_tick::ConflictCandidate,core::slice::impl$0::sort_unstable_by_key::closure_env$0<laneflow_runtime::kernel::conflict_tick::ConflictCandidate,tuple$<laneflow_runtime::kernel::conflict::ConflictCandidateOrderKey,u32>,laneflow_runtime::kernel::conflict_tick::impl$6::prepare_conflict_candidates::closure_env$1> >",callee,vcruntime140.dll!***unknown***,1,0.002307976366322009
"laneflow-urban-harness.exe!core::slice::sort::unstable::quicksort::quicksort<laneflow_runtime::kernel::conflict_tick::ConflictCandidate,core::slice::impl$0::sort_unstable_by_key::closure_env$0<laneflow_runtime::kernel::conflict_tick::ConflictCandidate,tuple$<laneflow_runtime::kernel::conflict::ConflictCandidateOrderKey,u32>,laneflow_runtime::kernel::conflict_tick::impl$6::prepare_conflict_candidates::closure_env$1> >",callee,vcruntime140.dll!***unknown***,1,0.002307976366322009
"laneflow-urban-harness.exe!core::slice::sort::unstable::quicksort::quicksort<laneflow_runtime::kernel::conflict_tick::ConflictCandidate,core::slice::impl$0::sort_unstable_by_key::closure_env$0<laneflow_runtime::kernel::conflict_tick::ConflictCandidate,tuple$<laneflow_runtime::kernel::conflict::ConflictCandidateOrderKey,u32>,laneflow_runtime::kernel::conflict_tick::impl$6::prepare_conflict_candidates::closure_env$1> >",callee,vcruntime140.dll!***unknown***,1,0.002307976366322009
"laneflow-urban-harness.exe!core::slice::sort::unstable::quicksort::quicksort<laneflow_runtime::kernel::conflict_tick::ConflictCandidate,core::slice::impl$0::sort_unstable_by_key::closure_env$0<laneflow_runtime::kernel::conflict_tick::ConflictCandidate,tuple$<laneflow_runtime::kernel::conflict::ConflictCandidateOrderKey,u32>,laneflow_runtime::kernel::conflict_tick::impl$6::prepare_conflict_candidates::closure_env$1> >",callee,vcruntime140.dll!***unknown***,1,0.002307976366322009
"laneflow-urban-harness.exe!core::slice::sort::unstable::quicksort::quicksort<laneflow_runtime::kernel::conflict_tick::ConflictCandidate,core::slice::impl$0::sort_unstable_by_key::closure_env$0<laneflow_runtime::kernel::conflict_tick::ConflictCandidate,tuple$<laneflow_runtime::kernel::conflict::ConflictCandidateOrderKey,u32>,laneflow_runtime::kernel::conflict_tick::impl$6::prepare_conflict_candidates::closure_env$1> >",callee,vcruntime140.dll!***unknown***,1,0.002307976366322009
"laneflow-urban-harness.exe!core::slice::sort::unstable::quicksort::quicksort<laneflow_runtime::kernel::conflict_tick::ConflictCandidate,core::slice::impl$0::sort_unstable_by_key::closure_env$0<laneflow_runtime::kernel::conflict_tick::ConflictCandidate,tuple$<laneflow_runtime::kernel::conflict::ConflictCandidateOrderKey,u32>,laneflow_runtime::kernel::conflict_tick::impl$6::prepare_conflict_candidates::closure_env$1> >",callee,laneflow-urban-harness.exe!memcpy,1,0.002307976366322009
"laneflow-urban-harness.exe!core::slice::sort::unstable::quicksort::quicksort<laneflow_runtime::kernel::conflict_tick::ConflictCandidate,core::slice::impl$0::sort_unstable_by_key::closure_env$0<laneflow_runtime::kernel::conflict_tick::ConflictCandidate,tuple$<laneflow_runtime::kernel::conflict::ConflictCandidateOrderKey,u32>,laneflow_runtime::kernel::conflict_tick::impl$6::prepare_conflict_candidates::closure_env$1> >",caller,"laneflow-urban-harness.exe!core::slice::sort::unstable::quicksort::quicksort<laneflow_runtime::kernel::conflict_tick::ConflictCandidate,core::slice::impl$0::sort_unstable_by_key::closure_env$0<laneflow_runtime::kernel::conflict_tick::ConflictCandidate,tuple$<laneflow_runtime::kernel::conflict::ConflictCandidateOrderKey,u32>,laneflow_runtime::kernel::conflict_tick::impl$6::prepare_conflict_candidates::closure_env$1> >",275,0.6346935007385525
"laneflow-urban-harness.exe!core::slice::sort::unstable::quicksort::quicksort<laneflow_runtime::kernel::conflict_tick::ConflictCandidate,core::slice::impl$0::sort_unstable_by_key::closure_env$0<laneflow_runtime::kernel::conflict_tick::ConflictCandidate,tuple$<laneflow_runtime::kernel::conflict::ConflictCandidateOrderKey,u32>,laneflow_runtime::kernel::conflict_tick::impl$6::prepare_conflict_candidates::closure_env$1> >",caller,"laneflow-urban-harness.exe!core::slice::sort::unstable::ipnsort<laneflow_runtime::kernel::conflict_tick::ConflictCandidate,core::slice::impl$0::sort_unstable_by_key::closure_env$0<laneflow_runtime::kernel::conflict_tick::ConflictCandidate,tuple$<laneflow_runtime::kernel::conflict::ConflictCandidateOrderKey,u32>,laneflow_runtime::kernel::conflict_tick::impl$6::prepare_conflict_candidates::closure_env$1> >",120,0.27695716395864106
laneflow-urban-harness.exe!laneflow_runtime::kernel::state::WorldState::validate_leave_followers,callee,laneflow-urban-harness.exe!laneflow_runtime::kernel::tables::occupancy_front_gap,256,0.5908419497784343
laneflow-urban-harness.exe!laneflow_runtime::kernel::state::WorldState::validate_leave_followers,caller,laneflow-urban-harness.exe!laneflow_runtime::kernel::state::WorldState::leave_parking,382,0.8816469719350074
ntdll.dll!***unknown***,callee,ntdll.dll!***unknown***,53,0.12232274741506646
ntdll.dll!***unknown***,callee,ntdll.dll!***unknown***,48,0.11078286558345643
ntdll.dll!***unknown***,callee,ntdll.dll!***unknown***,36,0.08308714918759232
ntdll.dll!***unknown***,callee,ntdll.dll!***unknown***,24,0.055391432791728215
ntdll.dll!***unknown***,callee,ntdll.dll!***unknown***,19,0.04385155096011817
ntdll.dll!***unknown***,callee,ntdll.dll!***unknown***,17,0.039235598227474154
ntdll.dll!***unknown***,callee,ntdll.dll!***unknown***,16,0.03692762186115214
ntdll.dll!***unknown***,callee,ntdll.dll!***unknown***,12,0.027695716395864108
ntdll.dll!***unknown***,callee,ntdll.dll!***unknown***,10,0.02307976366322009
ntdll.dll!***unknown***,callee,ntdll.dll!***unknown***,9,0.02077178729689808
ntdll.dll!***unknown***,callee,ntdll.dll!***unknown***,8,0.01846381093057607
ntdll.dll!***unknown***,callee,ntdll.dll!***unknown***,8,0.01846381093057607
ntdll.dll!***unknown***,callee,ntdll.dll!***unknown***,7,0.01615583456425406
ntdll.dll!***unknown***,callee,ntdll.dll!***unknown***,5,0.011539881831610045
ntdll.dll!***unknown***,callee,ntdll.dll!***unknown***,5,0.011539881831610045
ntdll.dll!***unknown***,callee,ntdll.dll!***unknown***,5,0.011539881831610045
ntdll.dll!***unknown***,callee,ntdll.dll!***unknown***,5,0.011539881831610045
ntdll.dll!***unknown***,callee,ntdll.dll!***unknown***,5,0.011539881831610045
ntdll.dll!***unknown***,callee,ntdll.dll!***unknown*** (trimmed),4,0.009231905465288036
ntdll.dll!***unknown***,callee,ntdll.dll!***unknown*** (trimmed),4,0.009231905465288036
ntdll.dll!***unknown***,callee,ntdll.dll!***unknown*** (trimmed),4,0.009231905465288036
ntdll.dll!***unknown***,callee,ntdll.dll!***unknown*** (trimmed),4,0.009231905465288036
ntdll.dll!***unknown***,callee,ntdll.dll!***unknown*** (trimmed),4,0.009231905465288036
ntdll.dll!***unknown***,callee,ntdll.dll!***unknown*** (trimmed),3,0.006923929098966027
ntdll.dll!***unknown***,callee,ntdll.dll!***unknown*** (trimmed),3,0.006923929098966027
ntdll.dll!***unknown***,callee,ntdll.dll!***unknown*** (trimmed),3,0.006923929098966027
ntdll.dll!***unknown***,callee,ntdll.dll!***unknown*** (trimmed),3,0.006923929098966027
ntdll.dll!***unknown***,callee,ntdll.dll!***unknown*** (trimmed),3,0.006923929098966027
ntdll.dll!***unknown***,callee,ntdll.dll!***unknown*** (trimmed),2,0.004615952732644018
ntdll.dll!***unknown***,callee,ntdll.dll!***unknown*** (trimmed),2,0.004615952732644018
ntdll.dll!***unknown***,callee,ntdll.dll!***unknown*** (trimmed),2,0.004615952732644018
ntdll.dll!***unknown***,callee,ntdll.dll!***unknown*** (trimmed),2,0.004615952732644018
ntdll.dll!***unknown***,callee,ntdll.dll!***unknown*** (trimmed),2,0.004615952732644018
ntdll.dll!***unknown***,callee,ntdll.dll!***unknown*** (trimmed),2,0.004615952732644018
ntdll.dll!***unknown***,callee,ntdll.dll!***unknown*** (trimmed),1,0.002307976366322009
ntdll.dll!***unknown***,callee,ntdll.dll!***unknown*** (trimmed),1,0.002307976366322009
ntdll.dll!***unknown***,callee,ntdll.dll!***unknown*** (trimmed),1,0.002307976366322009
ntdll.dll!***unknown***,callee,ntdll.dll!***unknown*** (trimmed),1,0.002307976366322009
ntdll.dll!***unknown***,callee,ntdll.dll!***unknown*** (trimmed),1,0.002307976366322009
ntdll.dll!***unknown***,callee,ntdll.dll!***unknown*** (trimmed),1,0.002307976366322009
ntdll.dll!***unknown***,callee,ntdll.dll!***unknown*** (trimmed),1,0.002307976366322009
ntdll.dll!***unknown***,callee,ntdll.dll!***unknown*** (trimmed),1,0.002307976366322009
ntdll.dll!***unknown***,callee,ntdll.dll!***unknown*** (trimmed),1,0.002307976366322009
ntdll.dll!***unknown***,callee,ntdll.dll!***unknown*** (trimmed),1,0.002307976366322009
ntdll.dll!***unknown***,callee,ntdll.dll!***unknown*** (trimmed),1,0.002307976366322009
ntdll.dll!***unknown***,callee,ntdll.dll!***unknown*** (trimmed),1,0.002307976366322009
ntdll.dll!***unknown***,callee,ntdll.dll!***unknown*** (trimmed),1,0.002307976366322009
ntdll.dll!***unknown***,callee,ntdll.dll!***unknown*** (trimmed),1,0.002307976366322009
ntdll.dll!***unknown***,callee,ntdll.dll!***unknown*** (trimmed),1,0.002307976366322009
ntdll.dll!***unknown***,callee,ntdll.dll!***unknown*** (trimmed),1,0.002307976366322009
ntdll.dll!***unknown***,callee,ntdll.dll!***unknown*** (trimmed),1,0.002307976366322009
ntdll.dll!***unknown***,callee,ntdll.dll!***unknown*** (trimmed),1,0.002307976366322009
ntdll.dll!***unknown***,callee,ntdll.dll!***unknown*** (trimmed),1,0.002307976366322009
ntdll.dll!***unknown***,callee,ntdll.dll!***unknown*** (trimmed),1,0.002307976366322009
ntdll.dll!***unknown***,callee,ntdll.dll!***unknown*** (trimmed),1,0.002307976366322009
ntdll.dll!***unknown***,callee,ntdll.dll!***unknown*** (trimmed),1,0.002307976366322009
ntdll.dll!***unknown***,callee,ntdll.dll!***unknown*** (trimmed),1,0.002307976366322009
ntdll.dll!***unknown***,caller,ntdll.dll!***unknown***,363,0.8377954209748892
laneflow-urban-harness.exe!laneflow_static_network::relations::SharedRelationClosure::vehicle_profile,callee,ntkrnlmp.exe!***unknown***,1,0.002307976366322009
laneflow-urban-harness.exe!laneflow_static_network::relations::SharedRelationClosure::vehicle_profile,caller,laneflow-urban-harness.exe!laneflow_runtime::kernel::phase::StepReadView::calculate_active_vehicle_motion,114,0.263109305760709
laneflow-urban-harness.exe!laneflow_static_network::relations::SharedRelationClosure::vehicle_profile,caller,laneflow-urban-harness.exe!laneflow_runtime::kernel::phase::StepReadView::gate_policy_decision_with_signals,86,0.19848596750369277
laneflow-urban-harness.exe!laneflow_static_network::relations::SharedRelationClosure::vehicle_profile,caller,laneflow-urban-harness.exe!laneflow_runtime::kernel::phase::StepWorkspace::stage_vehicle_transitions,80,0.18463810930576072
laneflow-urban-harness.exe!laneflow_static_network::relations::SharedRelationClosure::vehicle_profile,caller,laneflow-urban-harness.exe!laneflow_runtime::kernel::phase::StepReadView::scope_near_gate,58,0.13386262924667652
laneflow-urban-harness.exe!laneflow_static_network::relations::SharedRelationClosure::vehicle_profile,caller,laneflow-urban-harness.exe!laneflow_runtime::kernel::conflict_tick::ConflictTaskView::prepare_resource_candidate_task,13,0.030003692762186115
laneflow-urban-harness.exe!laneflow_static_network::relations::SharedRelationClosure::vehicle_profile,caller,laneflow-urban-harness.exe!laneflow_runtime::kernel::conflict_tick::ConflictTaskView::evaluate_candidate,9,0.02077178729689808
ntkrnlmp.exe!***unknown***,callee,ntkrnlmp.exe!***unknown***,352,0.8124076809453471
ntkrnlmp.exe!***unknown***,callee,ntkrnlmp.exe!***unknown*** (trimmed),1,0.002307976366322009
ntkrnlmp.exe!***unknown***,callee,ntkrnlmp.exe!***unknown*** (trimmed),1,0.002307976366322009
ntkrnlmp.exe!***unknown***,callee,ntkrnlmp.exe!***unknown*** (trimmed),1,0.002307976366322009
ntkrnlmp.exe!***unknown***,callee,ntkrnlmp.exe!***unknown*** (trimmed),1,0.002307976366322009
ntkrnlmp.exe!***unknown***,caller,ntkrnlmp.exe!***unknown***,336,0.7754800590841949
ntkrnlmp.exe!***unknown***,caller,ntkrnlmp.exe!***unknown***,20,0.04615952732644018
ntkrnlmp.exe!***unknown***,callee,ntkrnlmp.exe!***unknown***,231,0.533142540620384
ntkrnlmp.exe!***unknown***,callee,ntkrnlmp.exe!***unknown***,114,0.263109305760709
ntkrnlmp.exe!***unknown***,callee,ntkrnlmp.exe!***unknown*** (trimmed),4,0.009231905465288036
ntkrnlmp.exe!***unknown***,callee,ntkrnlmp.exe!***unknown*** (trimmed),1,0.002307976366322009
ntkrnlmp.exe!***unknown***,callee,ntkrnlmp.exe!***unknown*** (trimmed),1,0.002307976366322009
ntkrnlmp.exe!***unknown***,callee,ntkrnlmp.exe!***unknown*** (trimmed),1,0.002307976366322009
ntkrnlmp.exe!***unknown***,callee,ntkrnlmp.exe!***unknown*** (trimmed),1,0.002307976366322009
ntkrnlmp.exe!***unknown***,callee,ntkrnlmp.exe!***unknown*** (trimmed),1,0.002307976366322009
ntkrnlmp.exe!***unknown***,caller,ntkrnlmp.exe!***unknown***,352,0.8124076809453471
ntkrnlmp.exe!***unknown***,caller,ntkrnlmp.exe!***unknown*** (trimmed),2,0.004615952732644018
ntkrnlmp.exe!***unknown***,callee,ntkrnlmp.exe!***unknown***,311,0.7177806499261448
ntkrnlmp.exe!***unknown***,callee,ntkrnlmp.exe!***unknown***,26,0.06000738552437223
ntkrnlmp.exe!***unknown***,callee,ntkrnlmp.exe!***unknown***,5,0.011539881831610045
ntkrnlmp.exe!***unknown***,callee,ntkrnlmp.exe!***unknown*** (trimmed),2,0.004615952732644018
ntkrnlmp.exe!***unknown***,callee,ntkrnlmp.exe!***unknown*** (trimmed),1,0.002307976366322009
ntkrnlmp.exe!***unknown***,callee,ntkrnlmp.exe!***unknown*** (trimmed),1,0.002307976366322009
ntkrnlmp.exe!***unknown***,callee,ntkrnlmp.exe!***unknown*** (trimmed),1,0.002307976366322009
ntkrnlmp.exe!***unknown***,callee,ntkrnlmp.exe!***unknown*** (trimmed),1,0.002307976366322009
ntkrnlmp.exe!***unknown***,caller,"laneflow-urban-harness.exe!alloc::vec::spec_from_iter_nested::impl$1::from_iter<enum2$<core::option::Option<laneflow_runtime::kernel::vehicle::VehicleState> >,core::iter::adapters::map::Map<core::slice::iter::Iter<laneflow_urban_harness::runner::Individual>,laneflow_urban_harness::runner::impl$2::advance::closure_env$1> >",162,0.3738921713441654
ntkrnlmp.exe!***unknown***,caller,ntdll.dll!***unknown***,93,0.21464180206794684
ntkrnlmp.exe!***unknown***,caller,laneflow-urban-harness.exe!laneflow_urban_harness::observe::state,43,0.09924298375184638
ntkrnlmp.exe!***unknown***,caller,ntdll.dll!***unknown***,25,0.05769940915805022
ntkrnlmp.exe!***unknown***,caller,"laneflow-urban-harness.exe!hashbrown::raw::RawTable<tuple$<u32,std::collections::hash::set::HashSet<laneflow_runtime::kernel::handle::VehicleHandle,std::hash::random::RandomState,alloc::alloc::Global> >,alloc::alloc::Global>::reserve_rehash<tuple$<u32,std::collections::hash::set::HashSet<laneflow_runtime::kernel::handle::VehicleHandle,std::hash::random::RandomState,alloc::alloc::Global> >,alloc::alloc::Global,hashbrown::map::make_hasher::closure_env$0<u32,std::collections::hash::set::HashSet<laneflow_runtime::kernel::handle::VehicleHandle,std::hash::random::RandomState,alloc::alloc::Global>,std::hash::random::RandomState> >",4,0.009231905465288036
ntkrnlmp.exe!***unknown***,caller,"laneflow-urban-harness.exe!hashbrown::raw::RawTable<tuple$<enum2$<laneflow_runtime::kernel::parking::ParkingTarget>,tuple$<u64,u64> >,alloc::alloc::Global>::reserve_rehash<tuple$<enum2$<laneflow_runtime::kernel::parking::ParkingTarget>,tuple$<u64,u64> >,alloc::alloc::Global,hashbrown::map::make_hasher::closure_env$0<enum2$<laneflow_runtime::kernel::parking::ParkingTarget>,tuple$<u64,u64>,std::hash::random::RandomState> >",3,0.006923929098966027
ntkrnlmp.exe!***unknown***,caller,ntdll.dll!***unknown*** (trimmed),2,0.004615952732644018
ntkrnlmp.exe!***unknown***,caller,ntdll.dll!***unknown*** (trimmed),2,0.004615952732644018
ntkrnlmp.exe!***unknown***,caller,ntdll.dll!***unknown*** (trimmed),2,0.004615952732644018
ntkrnlmp.exe!***unknown***,caller,laneflow-urban-harness.exe!laneflow_urban_harness::runner::Harness::enqueue,2,0.004615952732644018
ntkrnlmp.exe!***unknown***,caller,vcruntime140.dll!***unknown***,1,0.002307976366322009
ntkrnlmp.exe!***unknown***,caller,"laneflow-urban-harness.exe!serde_json::value::ser::impl$0::serialize<ref_mut$<serde_json::ser::Serializer<ref_mut$<alloc::vec::Vec<u8,alloc::alloc::Global> >,serde_json::ser::CompactFormatter> > >",1,0.002307976366322009
ntkrnlmp.exe!***unknown***,callee,ntkrnlmp.exe!***unknown***,343,0.791635893648449
ntkrnlmp.exe!***unknown***,callee,ntkrnlmp.exe!***unknown*** (trimmed),1,0.002307976366322009
ntkrnlmp.exe!***unknown***,caller,ntkrnlmp.exe!***unknown***,206,0.4754431314623338
ntkrnlmp.exe!***unknown***,caller,ntkrnlmp.exe!***unknown***,136,0.31388478581979323
ntkrnlmp.exe!***unknown***,caller,ntkrnlmp.exe!***unknown***,2,0.004615952732644018
ntkrnlmp.exe!***unknown***,callee,ntkrnlmp.exe!***unknown***,339,0.782403988183161
ntkrnlmp.exe!***unknown***,callee,ntkrnlmp.exe!***unknown*** (trimmed),1,0.002307976366322009
ntkrnlmp.exe!***unknown***,callee,ntkrnlmp.exe!***unknown*** (trimmed),1,0.002307976366322009
ntkrnlmp.exe!***unknown***,callee,ntkrnlmp.exe!***unknown*** (trimmed),1,0.002307976366322009
ntkrnlmp.exe!***unknown***,callee,ntkrnlmp.exe!***unknown*** (trimmed),1,0.002307976366322009
ntkrnlmp.exe!***unknown***,caller,ntkrnlmp.exe!***unknown***,343,0.791635893648449
ntkrnlmp.exe!***unknown***,callee,ntkrnlmp.exe!***unknown***,336,0.7754800590841949
ntkrnlmp.exe!***unknown***,callee,refs.sys!***unknown*** (trimmed),2,0.004615952732644018
ntkrnlmp.exe!***unknown***,callee,ntkrnlmp.exe!***unknown*** (trimmed),1,0.002307976366322009
ntkrnlmp.exe!***unknown***,caller,ntkrnlmp.exe!***unknown***,339,0.782403988183161
ntkrnlmp.exe!***unknown***,callee,ntkrnlmp.exe!***unknown***,339,0.782403988183161
ntkrnlmp.exe!***unknown***,caller,ntkrnlmp.exe!***unknown***,339,0.782403988183161
ntkrnlmp.exe!***unknown***,callee,ntkrnlmp.exe!***unknown***,339,0.782403988183161
ntkrnlmp.exe!***unknown***,caller,ntkrnlmp.exe!***unknown***,339,0.782403988183161
nvlddmkm.sys!***unknown***,callee,dxgkrnl.sys!***unknown***,336,0.7754800590841949
nvlddmkm.sys!***unknown***,caller,nvlddmkm.sys!***unknown***,252,0.5816100443131462
nvlddmkm.sys!***unknown***,caller,nvlddmkm.sys!***unknown***,84,0.19387001477104873
dxgkrnl.sys!***unknown***,callee,dxgmms2.sys!***unknown***,333,0.7685561299852289
dxgkrnl.sys!***unknown***,callee,dxgmms2.sys!***unknown*** (trimmed),1,0.002307976366322009
dxgkrnl.sys!***unknown***,callee,dxgmms2.sys!***unknown*** (trimmed),1,0.002307976366322009
dxgkrnl.sys!***unknown***,callee,dxgmms2.sys!***unknown*** (trimmed),1,0.002307976366322009
dxgkrnl.sys!***unknown***,caller,nvlddmkm.sys!***unknown***,336,0.7754800590841949
dxgmms2.sys!***unknown***,callee,dxgmms2.sys!***unknown***,264,0.6093057607090103
dxgmms2.sys!***unknown***,callee,dxgmms2.sys!***unknown***,58,0.13386262924667652
dxgmms2.sys!***unknown***,callee,dxgmms2.sys!***unknown***,10,0.02307976366322009
dxgmms2.sys!***unknown***,callee,dxgmms2.sys!***unknown*** (trimmed),1,0.002307976366322009
dxgmms2.sys!***unknown***,caller,dxgkrnl.sys!***unknown***,333,0.7685561299852289
laneflow-urban-harness.exe!laneflow_runtime::kernel::phase::StepReadView::conflict_passage_occurrence_locator,callee,ntkrnlmp.exe!***unknown***,1,0.002307976366322009
laneflow-urban-harness.exe!laneflow_runtime::kernel::phase::StepReadView::conflict_passage_occurrence_locator,caller,laneflow-urban-harness.exe!laneflow_runtime::kernel::conflict_tick::evaluate_gate_hop,249,0.5746861152141802
laneflow-urban-harness.exe!laneflow_runtime::kernel::phase::StepReadView::conflict_passage_occurrence_locator,caller,laneflow-urban-harness.exe!laneflow_runtime::kernel::phase::StepReadView::conflict_eligibility_valid_with_signals,78,0.18002215657311668
laneflow-urban-harness.exe!laneflow_runtime::kernel::phase::StepReadView::conflict_passage_occurrence_locator,caller,laneflow-urban-harness.exe!laneflow_runtime::facade::TrafficWorld::conflict_passage_occurrence_locator (trimmed),1,0.002307976366322009
laneflow-urban-harness.exe!laneflow_runtime::kernel::phase::StepReadView::conflict_passage_occurrence_locator,caller,laneflow-urban-harness.exe!laneflow_runtime::kernel::state::WorldState::conflict_state_valid,1,0.002307976366322009
laneflow-urban-harness.exe!alloc::raw_vec::RawVecInner<alloc::alloc::Global>::finish_grow<alloc::alloc::Global>,callee,ntdll.dll!***unknown***,325,0.7500923190546529
laneflow-urban-harness.exe!alloc::raw_vec::RawVecInner<alloc::alloc::Global>::finish_grow<alloc::alloc::Global>,callee,ntdll.dll!***unknown***,1,0.002307976366322009
laneflow-urban-harness.exe!alloc::raw_vec::RawVecInner<alloc::alloc::Global>::finish_grow<alloc::alloc::Global>,callee,laneflow-urban-harness.exe!std::sys::alloc::windows::process_heap_alloc,1,0.002307976366322009
laneflow-urban-harness.exe!alloc::raw_vec::RawVecInner<alloc::alloc::Global>::finish_grow<alloc::alloc::Global>,caller,"laneflow-urban-harness.exe!alloc::raw_vec::RawVec<enum2$<serde_core::private::content::Content>,alloc::alloc::Global>::grow_one<enum2$<serde_core::private::content::Content>,alloc::alloc::Global>",298,0.6877769571639586
laneflow-urban-harness.exe!alloc::raw_vec::RawVecInner<alloc::alloc::Global>::finish_grow<alloc::alloc::Global>,caller,laneflow-urban-harness.exe!alloc::raw_vec::impl$4::reserve::do_reserve_and_handle<alloc::alloc::Global>,24,0.055391432791728215
laneflow-urban-harness.exe!alloc::raw_vec::RawVecInner<alloc::alloc::Global>::finish_grow<alloc::alloc::Global>,caller,laneflow-urban-harness.exe!laneflow_runtime::kernel::conflict_tick::ConflictTaskView::prepare_resource_candidate_task,3,0.006923929098966027
laneflow-urban-harness.exe!alloc::raw_vec::RawVecInner<alloc::alloc::Global>::finish_grow<alloc::alloc::Global>,caller,laneflow-urban-harness.exe!laneflow_runtime::kernel::conflict_tick::ConflictTaskView::prepare_candidate_downstream_task,1,0.002307976366322009
laneflow-urban-harness.exe!alloc::raw_vec::RawVecInner<alloc::alloc::Global>::finish_grow<alloc::alloc::Global>,caller,laneflow-urban-harness.exe!alloc::raw_vec::RawVecInner<alloc::alloc::Global>::try_reserve<alloc::alloc::Global> (trimmed),1,0.002307976366322009
laneflow-urban-harness.exe!alloc::raw_vec::RawVecInner<alloc::alloc::Global>::finish_grow<alloc::alloc::Global>,caller,"laneflow-urban-harness.exe!alloc::raw_vec::RawVec<laneflow_urban_harness::plan::LifecycleBurst,alloc::alloc::Global>::grow_one<laneflow_urban_harness::plan::LifecycleBurst,alloc::alloc::Global> (trimmed)",1,0.002307976366322009
ntdll.dll!***unknown***,callee,ntdll.dll!***unknown***,226,0.521602658788774
ntdll.dll!***unknown***,callee,ntdll.dll!***unknown***,47,0.10847488921713441
ntdll.dll!***unknown***,callee,ntdll.dll!***unknown***,38,0.08770310192023634
ntdll.dll!***unknown***,callee,ntdll.dll!***unknown***,9,0.02077178729689808
ntdll.dll!***unknown***,callee,ntdll.dll!***unknown*** (trimmed),3,0.006923929098966027
ntdll.dll!***unknown***,callee,ntdll.dll!***unknown*** (trimmed),1,0.002307976366322009
ntdll.dll!***unknown***,callee,ntdll.dll!***unknown*** (trimmed),1,0.002307976366322009
ntdll.dll!***unknown***,callee,ntdll.dll!***unknown*** (trimmed),1,0.002307976366322009
ntdll.dll!***unknown***,caller,laneflow-urban-harness.exe!alloc::raw_vec::RawVecInner<alloc::alloc::Global>::finish_grow<alloc::alloc::Global>,325,0.7500923190546529
ntdll.dll!***unknown***,caller,ntdll.dll!***unknown*** (trimmed),1,0.002307976366322009
"laneflow-urban-harness.exe!core::slice::sort::unstable::quicksort::quicksort<laneflow_runtime::kernel::conflict_tick::ConflictDecision,core::slice::impl$0::sort_unstable_by_key::closure_env$0<laneflow_runtime::kernel::conflict_tick::ConflictDecision,tuple$<u32,u32,enum2$<core::option::Option<laneflow_runtime::kernel::conflict::ConflictPassageAddress> > >,laneflow_runtime::kernel::conflict_tick::impl$6::finalize_conflict_step::closure_env$15> >",callee,"laneflow-urban-harness.exe!core::slice::sort::unstable::quicksort::quicksort<laneflow_runtime::kernel::conflict_tick::ConflictDecision,core::slice::impl$0::sort_unstable_by_key::closure_env$0<laneflow_runtime::kernel::conflict_tick::ConflictDecision,tuple$<u32,u32,enum2$<core::option::Option<laneflow_runtime::kernel::conflict::ConflictPassageAddress> > >,laneflow_runtime::kernel::conflict_tick::impl$6::finalize_conflict_step::closure_env$15> >",240,0.5539143279172821
"laneflow-urban-harness.exe!core::slice::sort::unstable::quicksort::quicksort<laneflow_runtime::kernel::conflict_tick::ConflictDecision,core::slice::impl$0::sort_unstable_by_key::closure_env$0<laneflow_runtime::kernel::conflict_tick::ConflictDecision,tuple$<u32,u32,enum2$<core::option::Option<laneflow_runtime::kernel::conflict::ConflictPassageAddress> > >,laneflow_runtime::kernel::conflict_tick::impl$6::finalize_conflict_step::closure_env$15> >",callee,"laneflow-urban-harness.exe!core::slice::sort::shared::smallsort::insertion_sort_shift_left<laneflow_runtime::kernel::conflict_tick::ConflictDecision,core::slice::impl$0::sort_unstable_by_key::closure_env$0<laneflow_runtime::kernel::conflict_tick::ConflictDecision,tuple$<u32,u32,enum2$<core::option::Option<laneflow_runtime::kernel::conflict::ConflictPassageAddress> > >,laneflow_runtime::kernel::conflict_tick::impl$6::finalize_conflict_step::closure_env$15> >",25,0.05769940915805022
"laneflow-urban-harness.exe!core::slice::sort::unstable::quicksort::quicksort<laneflow_runtime::kernel::conflict_tick::ConflictDecision,core::slice::impl$0::sort_unstable_by_key::closure_env$0<laneflow_runtime::kernel::conflict_tick::ConflictDecision,tuple$<u32,u32,enum2$<core::option::Option<laneflow_runtime::kernel::conflict::ConflictPassageAddress> > >,laneflow_runtime::kernel::conflict_tick::impl$6::finalize_conflict_step::closure_env$15> >",callee,"laneflow-urban-harness.exe!core::slice::sort::shared::pivot::median3_rec<laneflow_runtime::kernel::conflict_tick::ConflictDecision,core::slice::impl$0::sort_unstable_by_key::closure_env$0<laneflow_runtime::kernel::conflict_tick::ConflictDecision,tuple$<u32,u32,enum2$<core::option::Option<laneflow_runtime::kernel::conflict::ConflictPassageAddress> > >,laneflow_runtime::kernel::conflict_tick::impl$6::finalize_conflict_step::closure_env$15> >",4,0.009231905465288036
"laneflow-urban-harness.exe!core::slice::sort::unstable::quicksort::quicksort<laneflow_runtime::kernel::conflict_tick::ConflictDecision,core::slice::impl$0::sort_unstable_by_key::closure_env$0<laneflow_runtime::kernel::conflict_tick::ConflictDecision,tuple$<u32,u32,enum2$<core::option::Option<laneflow_runtime::kernel::conflict::ConflictPassageAddress> > >,laneflow_runtime::kernel::conflict_tick::impl$6::finalize_conflict_step::closure_env$15> >",callee,ntkrnlmp.exe!***unknown***,1,0.002307976366322009
"laneflow-urban-harness.exe!core::slice::sort::unstable::quicksort::quicksort<laneflow_runtime::kernel::conflict_tick::ConflictDecision,core::slice::impl$0::sort_unstable_by_key::closure_env$0<laneflow_runtime::kernel::conflict_tick::ConflictDecision,tuple$<u32,u32,enum2$<core::option::Option<laneflow_runtime::kernel::conflict::ConflictPassageAddress> > >,laneflow_runtime::kernel::conflict_tick::impl$6::finalize_conflict_step::closure_env$15> >",caller,"laneflow-urban-harness.exe!core::slice::sort::unstable::quicksort::quicksort<laneflow_runtime::kernel::conflict_tick::ConflictDecision,core::slice::impl$0::sort_unstable_by_key::closure_env$0<laneflow_runtime::kernel::conflict_tick::ConflictDecision,tuple$<u32,u32,enum2$<core::option::Option<laneflow_runtime::kernel::conflict::ConflictPassageAddress> > >,laneflow_runtime::kernel::conflict_tick::impl$6::finalize_conflict_step::closure_env$15> >",240,0.5539143279172821
"laneflow-urban-harness.exe!core::slice::sort::unstable::quicksort::quicksort<laneflow_runtime::kernel::conflict_tick::ConflictDecision,core::slice::impl$0::sort_unstable_by_key::closure_env$0<laneflow_runtime::kernel::conflict_tick::ConflictDecision,tuple$<u32,u32,enum2$<core::option::Option<laneflow_runtime::kernel::conflict::ConflictPassageAddress> > >,laneflow_runtime::kernel::conflict_tick::impl$6::finalize_conflict_step::closure_env$15> >",caller,"laneflow-urban-harness.exe!core::slice::sort::unstable::ipnsort<laneflow_runtime::kernel::conflict_tick::ConflictDecision,core::slice::impl$0::sort_unstable_by_key::closure_env$0<laneflow_runtime::kernel::conflict_tick::ConflictDecision,tuple$<u32,u32,enum2$<core::option::Option<laneflow_runtime::kernel::conflict::ConflictPassageAddress> > >,laneflow_runtime::kernel::conflict_tick::impl$6::finalize_conflict_step::closure_env$15> >",79,0.1823301329394387
ntkrnlmp.exe!***unknown***,callee,ntkrnlmp.exe!***unknown***,276,0.6370014771048744
ntkrnlmp.exe!***unknown***,callee,ntkrnlmp.exe!***unknown***,18,0.04154357459379616
ntkrnlmp.exe!***unknown***,callee,ntkrnlmp.exe!***unknown***,12,0.027695716395864108
ntkrnlmp.exe!***unknown***,callee,ntkrnlmp.exe!***unknown***,7,0.01615583456425406
ntkrnlmp.exe!***unknown***,callee,ntkrnlmp.exe!***unknown*** (trimmed),3,0.006923929098966027
ntkrnlmp.exe!***unknown***,callee,ntkrnlmp.exe!***unknown*** (trimmed),1,0.002307976366322009
ntkrnlmp.exe!***unknown***,callee,ntkrnlmp.exe!***unknown*** (trimmed),1,0.002307976366322009
ntkrnlmp.exe!***unknown***,caller,ntkrnlmp.exe!***unknown***,311,0.7177806499261448
ntkrnlmp.exe!***unknown***,caller,ntkrnlmp.exe!***unknown***,7,0.01615583456425406
laneflow-urban-harness.exe!laneflow_runtime::facade::TrafficWorld::conflict_reservation,callee,laneflow-urban-harness.exe!laneflow_runtime::kernel::conflict::ConflictRead::owner_at,225,0.519294682422452
laneflow-urban-harness.exe!laneflow_runtime::facade::TrafficWorld::conflict_reservation,caller,laneflow-urban-harness.exe!laneflow_urban_harness::observe::state,307,0.7085487444608567
ntkrnlmp.exe!***unknown***,callee,ntkrnlmp.exe!***unknown***,304,0.7016248153618907
ntkrnlmp.exe!***unknown***,callee,ntkrnlmp.exe!***unknown*** (trimmed),2,0.004615952732644018
ntkrnlmp.exe!***unknown***,caller,ntkrnlmp.exe!***unknown***,306,0.7062407680945347
"laneflow-urban-harness.exe!serde_json::value::ser::impl$0::serialize<ref_mut$<serde_json::ser::Serializer<ref_mut$<alloc::vec::Vec<u8,alloc::alloc::Global> >,serde_json::ser::CompactFormatter> > >",callee,"laneflow-urban-harness.exe!serde_json::value::ser::impl$0::serialize<ref_mut$<serde_json::ser::Serializer<ref_mut$<alloc::vec::Vec<u8,alloc::alloc::Global> >,serde_json::ser::CompactFormatter> > >",105,0.24233751846381094
"laneflow-urban-harness.exe!serde_json::value::ser::impl$0::serialize<ref_mut$<serde_json::ser::Serializer<ref_mut$<alloc::vec::Vec<u8,alloc::alloc::Global> >,serde_json::ser::CompactFormatter> > >",callee,"laneflow-urban-harness.exe!serde_json::ser::format_escaped_str<ref_mut$<alloc::vec::Vec<u8,alloc::alloc::Global> >,serde_json::ser::PrettyFormatter>",89,0.2054098966026588
"laneflow-urban-harness.exe!serde_json::value::ser::impl$0::serialize<ref_mut$<serde_json::ser::Serializer<ref_mut$<alloc::vec::Vec<u8,alloc::alloc::Global> >,serde_json::ser::CompactFormatter> > >",callee,"laneflow-urban-harness.exe!serde_json::number::impl$6::serialize<ref_mut$<serde_json::ser::Serializer<ref_mut$<alloc::vec::Vec<u8,alloc::alloc::Global> >,serde_json::ser::CompactFormatter> > >",26,0.06000738552437223
"laneflow-urban-harness.exe!serde_json::value::ser::impl$0::serialize<ref_mut$<serde_json::ser::Serializer<ref_mut$<alloc::vec::Vec<u8,alloc::alloc::Global> >,serde_json::ser::CompactFormatter> > >",callee,ntkrnlmp.exe!***unknown***,1,0.002307976366322009
"laneflow-urban-harness.exe!serde_json::value::ser::impl$0::serialize<ref_mut$<serde_json::ser::Serializer<ref_mut$<alloc::vec::Vec<u8,alloc::alloc::Global> >,serde_json::ser::CompactFormatter> > >",callee,laneflow-urban-harness.exe!alloc::raw_vec::impl$4::reserve::do_reserve_and_handle<alloc::alloc::Global>,1,0.002307976366322009
"laneflow-urban-harness.exe!serde_json::value::ser::impl$0::serialize<ref_mut$<serde_json::ser::Serializer<ref_mut$<alloc::vec::Vec<u8,alloc::alloc::Global> >,serde_json::ser::CompactFormatter> > >",caller,"laneflow-urban-harness.exe!serde_core::ser::Serializer::collect_seq<ref_mut$<serde_json::ser::Serializer<ref_mut$<alloc::vec::Vec<u8,alloc::alloc::Global> >,serde_json::ser::CompactFormatter> >,ref$<alloc::vec::Vec<enum2$<serde_json::value::Value>,alloc::alloc::Global> > >",201,0.46390324963072377
"laneflow-urban-harness.exe!serde_json::value::ser::impl$0::serialize<ref_mut$<serde_json::ser::Serializer<ref_mut$<alloc::vec::Vec<u8,alloc::alloc::Global> >,serde_json::ser::CompactFormatter> > >",caller,"laneflow-urban-harness.exe!serde_json::value::ser::impl$0::serialize<ref_mut$<serde_json::ser::Serializer<ref_mut$<alloc::vec::Vec<u8,alloc::alloc::Global> >,serde_json::ser::CompactFormatter> > >",105,0.24233751846381094
ntkrnlmp.exe!***unknown***,callee,ntkrnlmp.exe!***unknown***,287,0.6623892171344166
ntkrnlmp.exe!***unknown***,callee,ntkrnlmp.exe!***unknown***,12,0.027695716395864108
ntkrnlmp.exe!***unknown***,callee,ntkrnlmp.exe!***unknown***,6,0.013847858197932054
ntkrnlmp.exe!***unknown***,caller,ntkrnlmp.exe!***unknown***,16,0.03692762186115214
ntkrnlmp.exe!***unknown***,caller,ntkrnlmp.exe!***unknown***,16,0.03692762186115214
ntkrnlmp.exe!***unknown***,caller,ntkrnlmp.exe!***unknown***,2,0.004615952732644018
ntkrnlmp.exe!***unknown***,caller,nvlddmkm.sys!***unknown***,2,0.004615952732644018
ntkrnlmp.exe!***unknown***,caller,ntkrnlmp.exe!***unknown*** (trimmed),1,0.002307976366322009
ntkrnlmp.exe!***unknown***,caller,ntkrnlmp.exe!***unknown*** (trimmed),1,0.002307976366322009
ntkrnlmp.exe!***unknown***,caller,ntkrnlmp.exe!***unknown*** (trimmed),1,0.002307976366322009
ntkrnlmp.exe!***unknown***,caller,ntkrnlmp.exe!***unknown*** (trimmed),1,0.002307976366322009
ntkrnlmp.exe!***unknown***,caller,ntkrnlmp.exe!***unknown***,1,0.002307976366322009
ntkrnlmp.exe!***unknown***,caller,ntkrnlmp.exe!***unknown*** (trimmed),1,0.002307976366322009
ntkrnlmp.exe!***unknown***,caller,ntkrnlmp.exe!***unknown***,1,0.002307976366322009
ntkrnlmp.exe!***unknown***,caller,ntkrnlmp.exe!***unknown*** (trimmed),1,0.002307976366322009
ntkrnlmp.exe!***unknown***,caller,ntkrnlmp.exe!***unknown*** (trimmed),1,0.002307976366322009
ntkrnlmp.exe!***unknown***,caller,ntkrnlmp.exe!***unknown*** (trimmed),1,0.002307976366322009
ntkrnlmp.exe!***unknown***,caller,ntkrnlmp.exe!***unknown*** (trimmed),1,0.002307976366322009
ntkrnlmp.exe!***unknown***,caller,ntkrnlmp.exe!***unknown*** (trimmed),1,0.002307976366322009
ntkrnlmp.exe!***unknown***,caller,ntkrnlmp.exe!***unknown***,1,0.002307976366322009
ntkrnlmp.exe!***unknown***,caller,ntkrnlmp.exe!***unknown*** (trimmed),1,0.002307976366322009
ntkrnlmp.exe!***unknown***,caller,ntkrnlmp.exe!***unknown*** (trimmed),1,0.002307976366322009
ntkrnlmp.exe!***unknown***,caller,ntkrnlmp.exe!***unknown*** (trimmed),1,0.002307976366322009
ntkrnlmp.exe!***unknown***,caller,ntkrnlmp.exe!***unknown*** (trimmed),1,0.002307976366322009
ntkrnlmp.exe!***unknown***,caller,ntkrnlmp.exe!***unknown***,1,0.002307976366322009
ntkrnlmp.exe!***unknown***,caller,ntkrnlmp.exe!***unknown*** (trimmed),1,0.002307976366322009
ntkrnlmp.exe!***unknown***,caller,nvlddmkm.sys!***unknown*** (trimmed),1,0.002307976366322009
ntkrnlmp.exe!***unknown***,caller,nvlddmkm.sys!***unknown***,1,0.002307976366322009
ntkrnlmp.exe!***unknown***,caller,nvlddmkm.sys!***unknown*** (trimmed),1,0.002307976366322009
ntkrnlmp.exe!***unknown***,caller,nvlddmkm.sys!***unknown*** (trimmed),1,0.002307976366322009
ntkrnlmp.exe!***unknown***,caller,nvlddmkm.sys!***unknown*** (trimmed),1,0.002307976366322009
ntkrnlmp.exe!***unknown***,caller,dxgmms2.sys!***unknown*** (trimmed),1,0.002307976366322009
ntkrnlmp.exe!***unknown***,caller,dxgmms2.sys!***unknown*** (trimmed),1,0.002307976366322009
ntkrnlmp.exe!***unknown***,caller,dxgmms2.sys!***unknown*** (trimmed),1,0.002307976366322009
ntkrnlmp.exe!***unknown***,caller,dxgmms2.sys!***unknown*** (trimmed),1,0.002307976366322009
ntkrnlmp.exe!***unknown***,caller,dxgmms2.sys!***unknown*** (trimmed),1,0.002307976366322009
ntkrnlmp.exe!***unknown***,caller,dxgmms2.sys!***unknown*** (trimmed),1,0.002307976366322009
ntkrnlmp.exe!***unknown***,caller,dxgmms2.sys!***unknown*** (trimmed),1,0.002307976366322009
"laneflow-urban-harness.exe!serde_core::ser::Serializer::collect_seq<ref_mut$<serde_json::ser::Serializer<ref_mut$<alloc::vec::Vec<u8,alloc::alloc::Global> >,serde_json::ser::CompactFormatter> >,ref$<alloc::vec::Vec<enum2$<serde_json::value::Value>,alloc::alloc::Global> > >",callee,"laneflow-urban-harness.exe!serde_json::value::ser::impl$0::serialize<ref_mut$<serde_json::ser::Serializer<ref_mut$<alloc::vec::Vec<u8,alloc::alloc::Global> >,serde_json::ser::CompactFormatter> > >",201,0.46390324963072377
"laneflow-urban-harness.exe!serde_core::ser::Serializer::collect_seq<ref_mut$<serde_json::ser::Serializer<ref_mut$<alloc::vec::Vec<u8,alloc::alloc::Global> >,serde_json::ser::CompactFormatter> >,ref$<alloc::vec::Vec<enum2$<serde_json::value::Value>,alloc::alloc::Global> > >",callee,"laneflow-urban-harness.exe!serde_json::number::impl$6::serialize<ref_mut$<serde_json::ser::Serializer<ref_mut$<alloc::vec::Vec<u8,alloc::alloc::Global> >,serde_json::ser::CompactFormatter> > >",86,0.19848596750369277
"laneflow-urban-harness.exe!serde_core::ser::Serializer::collect_seq<ref_mut$<serde_json::ser::Serializer<ref_mut$<alloc::vec::Vec<u8,alloc::alloc::Global> >,serde_json::ser::CompactFormatter> >,ref$<alloc::vec::Vec<enum2$<serde_json::value::Value>,alloc::alloc::Global> > >",caller,"laneflow-urban-harness.exe!serde_json::ser::to_vec<alloc::vec::Vec<enum2$<serde_json::value::Value>,alloc::alloc::Global> >",151,0.34850443131462333
"laneflow-urban-harness.exe!serde_core::ser::Serializer::collect_seq<ref_mut$<serde_json::ser::Serializer<ref_mut$<alloc::vec::Vec<u8,alloc::alloc::Global> >,serde_json::ser::CompactFormatter> >,ref$<alloc::vec::Vec<enum2$<serde_json::value::Value>,alloc::alloc::Global> > >",caller,laneflow-urban-harness.exe!laneflow_urban_harness::observe::events,113,0.260801329394387
"laneflow-urban-harness.exe!serde_core::ser::Serializer::collect_seq<ref_mut$<serde_json::ser::Serializer<ref_mut$<alloc::vec::Vec<u8,alloc::alloc::Global> >,serde_json::ser::CompactFormatter> >,ref$<alloc::vec::Vec<enum2$<serde_json::value::Value>,alloc::alloc::Global> > >",caller,laneflow-urban-harness.exe!laneflow_urban_harness::observe::state,41,0.09462703101920236
ntkrnlmp.exe!***unknown***,callee,ntkrnlmp.exe!***unknown***,256,0.5908419497784343
ntkrnlmp.exe!***unknown***,callee,ntkrnlmp.exe!***unknown***,48,0.11078286558345643
ntkrnlmp.exe!***unknown***,caller,ntkrnlmp.exe!***unknown***,304,0.7016248153618907
ntdll.dll!***unknown***,callee,ntkrnlmp.exe!***unknown***,299,0.6900849335302807
ntdll.dll!***unknown***,callee,ntkrnlmp.exe!***unknown***,3,0.006923929098966027
ntdll.dll!***unknown***,caller,ntdll.dll!***unknown***,302,0.6970088626292467
ntdll.dll!***unknown***,callee,ntdll.dll!***unknown***,254,0.5862259970457903
ntdll.dll!***unknown***,callee,ntdll.dll!***unknown***,43,0.09924298375184638
ntdll.dll!***unknown***,callee,ntdll.dll!***unknown*** (trimmed),1,0.002307976366322009
ntdll.dll!***unknown***,callee,ntdll.dll!***unknown*** (trimmed),1,0.002307976366322009
ntdll.dll!***unknown***,callee,ntdll.dll!***unknown*** (trimmed),1,0.002307976366322009
ntdll.dll!***unknown***,callee,ntdll.dll!***unknown*** (trimmed),1,0.002307976366322009
ntdll.dll!***unknown***,callee,ntdll.dll!***unknown*** (trimmed),1,0.002307976366322009
ntdll.dll!***unknown***,caller,ntdll.dll!***unknown***,302,0.6970088626292467
ntdll.dll!***unknown***,callee,ntdll.dll!***unknown***,302,0.6970088626292467
ntdll.dll!***unknown***,caller,ntdll.dll!***unknown***,253,0.5839180206794683
ntdll.dll!***unknown***,caller,ntdll.dll!***unknown***,28,0.06462333825701624
ntdll.dll!***unknown***,caller,ntdll.dll!***unknown***,12,0.027695716395864108
ntdll.dll!***unknown***,caller,ntdll.dll!***unknown***,6,0.013847858197932054
ntdll.dll!***unknown***,caller,ntdll.dll!***unknown*** (trimmed),3,0.006923929098966027
"laneflow-urban-harness.exe!alloc::raw_vec::RawVec<enum2$<serde_core::private::content::Content>,alloc::alloc::Global>::grow_one<enum2$<serde_core::private::content::Content>,alloc::alloc::Global>",callee,laneflow-urban-harness.exe!alloc::raw_vec::RawVecInner<alloc::alloc::Global>::finish_grow<alloc::alloc::Global>,298,0.6877769571639586
"laneflow-urban-harness.exe!alloc::raw_vec::RawVec<enum2$<serde_core::private::content::Content>,alloc::alloc::Global>::grow_one<enum2$<serde_core::private::content::Content>,alloc::alloc::Global>",caller,laneflow-urban-harness.exe!laneflow_urban_harness::observe::state,298,0.6877769571639586
ntkrnlmp.exe!***unknown***,callee,ntkrnlmp.exe!***unknown***,275,0.6346935007385525
ntkrnlmp.exe!***unknown***,callee,wdf01000.sys!***unknown***,18,0.04154357459379616
ntkrnlmp.exe!***unknown***,caller,ntkrnlmp.exe!***unknown***,281,0.6485413589364845
ntkrnlmp.exe!***unknown***,caller,ntkrnlmp.exe!***unknown***,12,0.027695716395864108
ntkrnlmp.exe!***unknown***,callee,ntkrnlmp.exe!***unknown***,281,0.6485413589364845
ntkrnlmp.exe!***unknown***,callee,ntkrnlmp.exe!***unknown*** (trimmed),4,0.009231905465288036
ntkrnlmp.exe!***unknown***,callee,ntkrnlmp.exe!***unknown*** (trimmed),1,0.002307976366322009
ntkrnlmp.exe!***unknown***,callee,ntkrnlmp.exe!***unknown*** (trimmed),1,0.002307976366322009
ntkrnlmp.exe!***unknown***,caller,ntkrnlmp.exe!***unknown***,287,0.6623892171344166
laneflow-urban-harness.exe!laneflow_runtime::kernel::conflict_tick::ConflictTaskView::prepare_resource_candidate_task,callee,laneflow-urban-harness.exe!laneflow_runtime::kernel::conflict_tick::ConflictTaskView::collect_occurrence_fields,151,0.34850443131462333
laneflow-urban-harness.exe!laneflow_runtime::kernel::conflict_tick::ConflictTaskView::prepare_resource_candidate_task,callee,laneflow-urban-harness.exe!laneflow_runtime::kernel::conflict_tick::ConflictTaskView::prepare_candidate_downstream_task,33,0.07616322008862629
laneflow-urban-harness.exe!laneflow_runtime::kernel::conflict_tick::ConflictTaskView::prepare_resource_candidate_task,callee,laneflow-urban-harness.exe!laneflow_static_network::relations::SharedRelationClosure::vehicle_profile,13,0.030003692762186115
laneflow-urban-harness.exe!laneflow_runtime::kernel::conflict_tick::ConflictTaskView::prepare_resource_candidate_task,callee,"laneflow-urban-harness.exe!core::slice::sort::shared::smallsort::insertion_sort_shift_left<laneflow_runtime::kernel::conflict::DownstreamInterval,bool (*)(ref$<laneflow_runtime::kernel::conflict::DownstreamInterval>,ref$<laneflow_runtime::kernel::conflict::DownstreamInterval>)>",6,0.013847858197932054
laneflow-urban-harness.exe!laneflow_runtime::kernel::conflict_tick::ConflictTaskView::prepare_resource_candidate_task,callee,laneflow-urban-harness.exe!alloc::raw_vec::RawVecInner<alloc::alloc::Global>::finish_grow<alloc::alloc::Global>,3,0.006923929098966027
laneflow-urban-harness.exe!laneflow_runtime::kernel::conflict_tick::ConflictTaskView::prepare_resource_candidate_task,callee,vcruntime140.dll!***unknown***,2,0.004615952732644018
laneflow-urban-harness.exe!laneflow_runtime::kernel::conflict_tick::ConflictTaskView::prepare_resource_candidate_task,callee,"laneflow-urban-harness.exe!alloc::vec::Vec<laneflow_runtime::kernel::conflict::ConflictPassageAddress,alloc::alloc::Global>::dedup_by<laneflow_runtime::kernel::conflict::ConflictPassageAddress,alloc::alloc::Global,alloc::vec::impl$6::dedup::closure_env$0<laneflow_runtime::kernel::conflict::ConflictPassageAddress,alloc::alloc::Global> > (trimmed)",2,0.004615952732644018
laneflow-urban-harness.exe!laneflow_runtime::kernel::conflict_tick::ConflictTaskView::prepare_resource_candidate_task,callee,laneflow-urban-harness.exe!laneflow_static_network::policy::SharedPolicyNetwork::policy,2,0.004615952732644018
laneflow-urban-harness.exe!laneflow_runtime::kernel::conflict_tick::ConflictTaskView::prepare_resource_candidate_task,callee,ntkrnlmp.exe!***unknown***,1,0.002307976366322009
laneflow-urban-harness.exe!laneflow_runtime::kernel::conflict_tick::ConflictTaskView::prepare_resource_candidate_task,callee,vcruntime140.dll!***unknown***,1,0.002307976366322009
laneflow-urban-harness.exe!laneflow_runtime::kernel::conflict_tick::ConflictTaskView::prepare_resource_candidate_task,caller,laneflow-urban-harness.exe!laneflow_runtime::kernel::conflict_tick::ConflictTaskView::evaluate_candidate,280,0.6462333825701625
ntkrnlmp.exe!***unknown***,callee,ntkrnlmp.exe!***unknown***,270,0.6231536189069424
ntkrnlmp.exe!***unknown***,callee,ntkrnlmp.exe!***unknown*** (trimmed),4,0.009231905465288036
ntkrnlmp.exe!***unknown***,callee,ntkrnlmp.exe!***unknown*** (trimmed),2,0.004615952732644018
ntkrnlmp.exe!***unknown***,caller,ntkrnlmp.exe!***unknown***,276,0.6370014771048744
ntkrnlmp.exe!***unknown***,callee,dxgkrnl.sys!***unknown***,269,0.6208456425406204
ntkrnlmp.exe!***unknown***,callee,NDIS.SYS!***unknown*** (trimmed),2,0.004615952732644018
ntkrnlmp.exe!***unknown***,callee,dxgkrnl.sys!***unknown*** (trimmed),1,0.002307976366322009
ntkrnlmp.exe!***unknown***,callee,dxgkrnl.sys!***unknown*** (trimmed),1,0.002307976366322009
ntkrnlmp.exe!***unknown***,callee,dxgkrnl.sys!***unknown*** (trimmed),1,0.002307976366322009
ntkrnlmp.exe!***unknown***,callee,storport.sys!***unknown*** (trimmed),1,0.002307976366322009
ntkrnlmp.exe!***unknown***,caller,ntkrnlmp.exe!***unknown***,275,0.6346935007385525
laneflow-urban-harness.exe!laneflow_static_network::policy::PolicyView::gate,callee,laneflow-urban-harness.exe!laneflow_static_network::policy::PolicyView::gate_classes,182,0.4200516986706056
laneflow-urban-harness.exe!laneflow_static_network::policy::PolicyView::gate,caller,laneflow-urban-harness.exe!laneflow_runtime::kernel::phase::StepReadView::gate_policy_decision_with_signals,274,0.6323855243722304
dxgkrnl.sys!***unknown***,callee,nvlddmkm.sys!***unknown***,271,0.6254615952732644
dxgkrnl.sys!***unknown***,callee,nvlddmkm.sys!***unknown*** (trimmed),1,0.002307976366322009
dxgkrnl.sys!***unknown***,caller,ntkrnlmp.exe!***unknown***,272,0.6277695716395865
nvlddmkm.sys!***unknown***,callee,nvlddmkm.sys!***unknown***,252,0.5816100443131462
nvlddmkm.sys!***unknown***,callee,nvlddmkm.sys!***unknown***,19,0.04385155096011817
nvlddmkm.sys!***unknown***,caller,dxgkrnl.sys!***unknown***,271,0.6254615952732644
ntkrnlmp.exe!***unknown***,callee,ntkrnlmp.exe!***unknown***,165,0.38081610044313147
ntkrnlmp.exe!***unknown***,callee,ntkrnlmp.exe!***unknown***,95,0.21925775480059084
ntkrnlmp.exe!***unknown***,callee,ntkrnlmp.exe!***unknown***,10,0.02307976366322009
ntkrnlmp.exe!***unknown***,caller,ntkrnlmp.exe!***unknown***,270,0.6231536189069424
dxgkrnl.sys!***unknown***,callee,nvlddmkm.sys!***unknown***,267,0.6162296898079763
dxgkrnl.sys!***unknown***,callee,ntkrnlmp.exe!***unknown*** (trimmed),1,0.002307976366322009
dxgkrnl.sys!***unknown***,callee,nvlddmkm.sys!***unknown*** (trimmed),1,0.002307976366322009
dxgkrnl.sys!***unknown***,caller,ntkrnlmp.exe!***unknown***,269,0.6208456425406204
nvlddmkm.sys!***unknown***,callee,nvlddmkm.sys!***unknown***,244,0.5631462333825702
nvlddmkm.sys!***unknown***,callee,nvlddmkm.sys!***unknown***,23,0.053083456425406204
nvlddmkm.sys!***unknown***,caller,dxgkrnl.sys!***unknown***,267,0.6162296898079763
dxgmms2.sys!***unknown***,callee,dxgmms2.sys!***unknown***,149,0.3438884785819793
dxgmms2.sys!***unknown***,callee,dxgmms2.sys!***unknown***,93,0.21464180206794684
dxgmms2.sys!***unknown***,callee,dxgmms2.sys!***unknown***,10,0.02307976366322009
dxgmms2.sys!***unknown***,callee,dxgmms2.sys!***unknown***,8,0.01846381093057607
dxgmms2.sys!***unknown***,callee,dxgmms2.sys!***unknown*** (trimmed),3,0.006923929098966027
dxgmms2.sys!***unknown***,callee,dxgmms2.sys!***unknown*** (trimmed),1,0.002307976366322009
dxgmms2.sys!***unknown***,caller,dxgmms2.sys!***unknown***,264,0.6093057607090103
ntkrnlmp.exe!***unknown***,callee,ntkrnlmp.exe!***unknown***,256,0.5908419497784343
ntkrnlmp.exe!***unknown***,caller,ntkrnlmp.exe!***unknown***,256,0.5908419497784343
ntkrnlmp.exe!***unknown***,callee,ntkrnlmp.exe!***unknown***,244,0.5631462333825702
ntkrnlmp.exe!***unknown***,callee,ntkrnlmp.exe!***unknown***,8,0.01846381093057607
ntkrnlmp.exe!***unknown***,callee,ntkrnlmp.exe!***unknown*** (trimmed),2,0.004615952732644018
ntkrnlmp.exe!***unknown***,callee,ntkrnlmp.exe!***unknown*** (trimmed),2,0.004615952732644018
ntkrnlmp.exe!***unknown***,caller,ntkrnlmp.exe!***unknown***,256,0.5908419497784343
laneflow-urban-harness.exe!laneflow_runtime::kernel::tables::occupancy_front_gap,caller,laneflow-urban-harness.exe!laneflow_runtime::kernel::state::WorldState::validate_leave_followers,256,0.5908419497784343
ntdll.dll!***unknown***,callee,ntdll.dll!***unknown***,253,0.5839180206794683
ntdll.dll!***unknown***,callee,ntdll.dll!***unknown*** (trimmed),1,0.002307976366322009
ntdll.dll!***unknown***,caller,ntdll.dll!***unknown***,254,0.5862259970457903
nvlddmkm.sys!***unknown***,callee,nvlddmkm.sys!***unknown***,252,0.5816100443131462
nvlddmkm.sys!***unknown***,caller,nvlddmkm.sys!***unknown***,252,0.5816100443131462
laneflow-urban-harness.exe!laneflow_runtime::kernel::tables::for_each_admission_interval<laneflow_runtime::kernel::occupancy::visit_occupancy_records::closure_env$0<laneflow_runtime::kernel::occupancy::rebuild_occupancy_index::closure_env$1> >,callee,ntkrnlmp.exe!***unknown***,1,0.002307976366322009
laneflow-urban-harness.exe!laneflow_runtime::kernel::tables::for_each_admission_interval<laneflow_runtime::kernel::occupancy::visit_occupancy_records::closure_env$0<laneflow_runtime::kernel::occupancy::rebuild_occupancy_index::closure_env$1> >,caller,laneflow-urban-harness.exe!laneflow_runtime::kernel::occupancy::rebuild_occupancy_index,245,0.5654542097488922
nvlddmkm.sys!***unknown***,callee,nvlddmkm.sys!***unknown***,243,0.5608382570162481
nvlddmkm.sys!***unknown***,callee,nvlddmkm.sys!***unknown*** (trimmed),1,0.002307976366322009
nvlddmkm.sys!***unknown***,caller,nvlddmkm.sys!***unknown***,244,0.5631462333825702
ntkrnlmp.exe!***unknown***,callee,ntkrnlmp.exe!***unknown***,244,0.5631462333825702
ntkrnlmp.exe!***unknown***,caller,ntkrnlmp.exe!***unknown***,244,0.5631462333825702
ntkrnlmp.exe!***unknown***,callee,ntkrnlmp.exe!***unknown***,243,0.5608382570162481
ntkrnlmp.exe!***unknown***,callee,ntkrnlmp.exe!***unknown*** (trimmed),1,0.002307976366322009
ntkrnlmp.exe!***unknown***,caller,ntkrnlmp.exe!***unknown***,244,0.5631462333825702
nvlddmkm.sys!***unknown***,callee,nvlddmkm.sys!***unknown***,60,0.13847858197932053
nvlddmkm.sys!***unknown***,callee,nvlddmkm.sys!***unknown***,49,0.11309084194977843
nvlddmkm.sys!***unknown***,callee,nvlddmkm.sys!***unknown***,28,0.06462333825701624
nvlddmkm.sys!***unknown***,callee,nvlddmkm.sys!***unknown***,27,0.06231536189069424
nvlddmkm.sys!***unknown***,callee,nvlddmkm.sys!***unknown***,20,0.04615952732644018
nvlddmkm.sys!***unknown***,callee,nvlddmkm.sys!***unknown***,17,0.039235598227474154
nvlddmkm.sys!***unknown***,callee,nvlddmkm.sys!***unknown***,14,0.03231166912850812
nvlddmkm.sys!***unknown***,callee,nvlddmkm.sys!***unknown***,5,0.011539881831610045
nvlddmkm.sys!***unknown***,callee,nvlddmkm.sys!***unknown*** (trimmed),4,0.009231905465288036
nvlddmkm.sys!***unknown***,callee,nvlddmkm.sys!***unknown*** (trimmed),4,0.009231905465288036
nvlddmkm.sys!***unknown***,callee,nvlddmkm.sys!***unknown*** (trimmed),3,0.006923929098966027
nvlddmkm.sys!***unknown***,callee,nvlddmkm.sys!***unknown*** (trimmed),3,0.006923929098966027
nvlddmkm.sys!***unknown***,callee,nvlddmkm.sys!***unknown*** (trimmed),2,0.004615952732644018
nvlddmkm.sys!***unknown***,callee,nvlddmkm.sys!***unknown*** (trimmed),2,0.004615952732644018
nvlddmkm.sys!***unknown***,callee,nvlddmkm.sys!***unknown*** (trimmed),2,0.004615952732644018
nvlddmkm.sys!***unknown***,callee,nvlddmkm.sys!***unknown*** (trimmed),1,0.002307976366322009
nvlddmkm.sys!***unknown***,callee,nvlddmkm.sys!***unknown*** (trimmed),1,0.002307976366322009
nvlddmkm.sys!***unknown***,callee,nvlddmkm.sys!***unknown*** (trimmed),1,0.002307976366322009
nvlddmkm.sys!***unknown***,caller,nvlddmkm.sys!***unknown***,243,0.5608382570162481
ntkrnlmp.exe!***unknown***,callee,ntkrnlmp.exe!***unknown***,148,0.34158050221565733
ntkrnlmp.exe!***unknown***,callee,ntkrnlmp.exe!***unknown***,69,0.1592503692762186
ntkrnlmp.exe!***unknown***,callee,ntkrnlmp.exe!***unknown***,6,0.013847858197932054
ntkrnlmp.exe!***unknown***,callee,ntkrnlmp.exe!***unknown*** (trimmed),4,0.009231905465288036
ntkrnlmp.exe!***unknown***,callee,ntkrnlmp.exe!***unknown*** (trimmed),3,0.006923929098966027
ntkrnlmp.exe!***unknown***,callee,ntkrnlmp.exe!***unknown*** (trimmed),2,0.004615952732644018
ntkrnlmp.exe!***unknown***,callee,ntkrnlmp.exe!***unknown*** (trimmed),1,0.002307976366322009
ntkrnlmp.exe!***unknown***,callee,ntkrnlmp.exe!***unknown*** (trimmed),1,0.002307976366322009
ntkrnlmp.exe!***unknown***,callee,ntkrnlmp.exe!***unknown*** (trimmed),1,0.002307976366322009
ntkrnlmp.exe!***unknown***,callee,ntkrnlmp.exe!***unknown*** (trimmed),1,0.002307976366322009
ntkrnlmp.exe!***unknown***,callee,ntkrnlmp.exe!***unknown*** (trimmed),1,0.002307976366322009
ntkrnlmp.exe!***unknown***,callee,ntkrnlmp.exe!***unknown*** (trimmed),1,0.002307976366322009
ntkrnlmp.exe!***unknown***,callee,ntkrnlmp.exe!***unknown*** (trimmed),1,0.002307976366322009
ntkrnlmp.exe!***unknown***,callee,ntkrnlmp.exe!***unknown*** (trimmed),1,0.002307976366322009
ntkrnlmp.exe!***unknown***,callee,ntkrnlmp.exe!***unknown*** (trimmed),1,0.002307976366322009
ntkrnlmp.exe!***unknown***,callee,ntkrnlmp.exe!***unknown*** (trimmed),1,0.002307976366322009
ntkrnlmp.exe!***unknown***,callee,ntkrnlmp.exe!***unknown*** (trimmed),1,0.002307976366322009
ntkrnlmp.exe!***unknown***,caller,ntkrnlmp.exe!***unknown***,243,0.5608382570162481
"laneflow-urban-harness.exe!enum2$<laneflow_runtime::kernel::execution::ExecutionResources>::try_for_each_chunk<laneflow_runtime::kernel::tick::WaitingPreviewEntry,laneflow_runtime::kernel::waiting::prepare_waiting_previews_dispatched::closure_env$0>",callee,laneflow-urban-harness.exe!laneflow_runtime::kernel::phase::StepReadView::waiting_preview_entry,128,0.29542097488921715
"laneflow-urban-harness.exe!enum2$<laneflow_runtime::kernel::execution::ExecutionResources>::try_for_each_chunk<laneflow_runtime::kernel::tick::WaitingPreviewEntry,laneflow_runtime::kernel::waiting::prepare_waiting_previews_dispatched::closure_env$0>",callee,laneflow-urban-harness.exe!rayon_core::sleep::Sleep::wake_any_threads,32,0.07385524372230429
"laneflow-urban-harness.exe!enum2$<laneflow_runtime::kernel::execution::ExecutionResources>::try_for_each_chunk<laneflow_runtime::kernel::tick::WaitingPreviewEntry,laneflow_runtime::kernel::waiting::prepare_waiting_previews_dispatched::closure_env$0>",callee,vcruntime140.dll!***unknown***,15,0.03461964549483013
"laneflow-urban-harness.exe!enum2$<laneflow_runtime::kernel::execution::ExecutionResources>::try_for_each_chunk<laneflow_runtime::kernel::tick::WaitingPreviewEntry,laneflow_runtime::kernel::waiting::prepare_waiting_previews_dispatched::closure_env$0>",callee,laneflow-urban-harness.exe!rayon_core::latch::LockLatch::wait,11,0.025387740029542097
"laneflow-urban-harness.exe!enum2$<laneflow_runtime::kernel::execution::ExecutionResources>::try_for_each_chunk<laneflow_runtime::kernel::tick::WaitingPreviewEntry,laneflow_runtime::kernel::waiting::prepare_waiting_previews_dispatched::closure_env$0>",callee,vcruntime140.dll!***unknown***,10,0.02307976366322009
"laneflow-urban-harness.exe!enum2$<laneflow_runtime::kernel::execution::ExecutionResources>::try_for_each_chunk<laneflow_runtime::kernel::tick::WaitingPreviewEntry,laneflow_runtime::kernel::waiting::prepare_waiting_previews_dispatched::closure_env$0>",callee,vcruntime140.dll!***unknown***,8,0.01846381093057607
"laneflow-urban-harness.exe!enum2$<laneflow_runtime::kernel::execution::ExecutionResources>::try_for_each_chunk<laneflow_runtime::kernel::tick::WaitingPreviewEntry,laneflow_runtime::kernel::waiting::prepare_waiting_previews_dispatched::closure_env$0>",callee,vcruntime140.dll!***unknown***,7,0.01615583456425406
"laneflow-urban-harness.exe!enum2$<laneflow_runtime::kernel::execution::ExecutionResources>::try_for_each_chunk<laneflow_runtime::kernel::tick::WaitingPreviewEntry,laneflow_runtime::kernel::waiting::prepare_waiting_previews_dispatched::closure_env$0>",callee,vcruntime140.dll!***unknown***,5,0.011539881831610045
"laneflow-urban-harness.exe!enum2$<laneflow_runtime::kernel::execution::ExecutionResources>::try_for_each_chunk<laneflow_runtime::kernel::tick::WaitingPreviewEntry,laneflow_runtime::kernel::waiting::prepare_waiting_previews_dispatched::closure_env$0>",callee,vcruntime140.dll!***unknown***,2,0.004615952732644018
"laneflow-urban-harness.exe!enum2$<laneflow_runtime::kernel::execution::ExecutionResources>::try_for_each_chunk<laneflow_runtime::kernel::tick::WaitingPreviewEntry,laneflow_runtime::kernel::waiting::prepare_waiting_previews_dispatched::closure_env$0>",callee,vcruntime140.dll!***unknown***,2,0.004615952732644018
"laneflow-urban-harness.exe!enum2$<laneflow_runtime::kernel::execution::ExecutionResources>::try_for_each_chunk<laneflow_runtime::kernel::tick::WaitingPreviewEntry,laneflow_runtime::kernel::waiting::prepare_waiting_previews_dispatched::closure_env$0>",callee,vcruntime140.dll!***unknown***,1,0.002307976366322009
"laneflow-urban-harness.exe!enum2$<laneflow_runtime::kernel::execution::ExecutionResources>::try_for_each_chunk<laneflow_runtime::kernel::tick::WaitingPreviewEntry,laneflow_runtime::kernel::waiting::prepare_waiting_previews_dispatched::closure_env$0>",callee,vcruntime140.dll!***unknown***,1,0.002307976366322009
"laneflow-urban-harness.exe!enum2$<laneflow_runtime::kernel::execution::ExecutionResources>::try_for_each_chunk<laneflow_runtime::kernel::tick::WaitingPreviewEntry,laneflow_runtime::kernel::waiting::prepare_waiting_previews_dispatched::closure_env$0>",callee,vcruntime140.dll!***unknown***,1,0.002307976366322009
"laneflow-urban-harness.exe!enum2$<laneflow_runtime::kernel::execution::ExecutionResources>::try_for_each_chunk<laneflow_runtime::kernel::tick::WaitingPreviewEntry,laneflow_runtime::kernel::waiting::prepare_waiting_previews_dispatched::closure_env$0>",callee,vcruntime140.dll!***unknown***,1,0.002307976366322009
"laneflow-urban-harness.exe!enum2$<laneflow_runtime::kernel::execution::ExecutionResources>::try_for_each_chunk<laneflow_runtime::kernel::tick::WaitingPreviewEntry,laneflow_runtime::kernel::waiting::prepare_waiting_previews_dispatched::closure_env$0>",callee,vcruntime140.dll!***unknown***,1,0.002307976366322009
"laneflow-urban-harness.exe!enum2$<laneflow_runtime::kernel::execution::ExecutionResources>::try_for_each_chunk<laneflow_runtime::kernel::tick::WaitingPreviewEntry,laneflow_runtime::kernel::waiting::prepare_waiting_previews_dispatched::closure_env$0>",callee,vcruntime140.dll!***unknown***,1,0.002307976366322009
"laneflow-urban-harness.exe!enum2$<laneflow_runtime::kernel::execution::ExecutionResources>::try_for_each_chunk<laneflow_runtime::kernel::tick::WaitingPreviewEntry,laneflow_runtime::kernel::waiting::prepare_waiting_previews_dispatched::closure_env$0>",callee,vcruntime140.dll!***unknown***,1,0.002307976366322009
"laneflow-urban-harness.exe!enum2$<laneflow_runtime::kernel::execution::ExecutionResources>::try_for_each_chunk<laneflow_runtime::kernel::tick::WaitingPreviewEntry,laneflow_runtime::kernel::waiting::prepare_waiting_previews_dispatched::closure_env$0>",callee,vcruntime140.dll!***unknown*** (trimmed),1,0.002307976366322009
"laneflow-urban-harness.exe!enum2$<laneflow_runtime::kernel::execution::ExecutionResources>::try_for_each_chunk<laneflow_runtime::kernel::tick::WaitingPreviewEntry,laneflow_runtime::kernel::waiting::prepare_waiting_previews_dispatched::closure_env$0>",callee,vcruntime140.dll!***unknown***,1,0.002307976366322009
"laneflow-urban-harness.exe!enum2$<laneflow_runtime::kernel::execution::ExecutionResources>::try_for_each_chunk<laneflow_runtime::kernel::tick::WaitingPreviewEntry,laneflow_runtime::kernel::waiting::prepare_waiting_previews_dispatched::closure_env$0>",caller,laneflow-urban-harness.exe!laneflow_runtime::kernel::waiting::prepare_waiting_previews_dispatched,243,0.5608382570162481
laneflow-urban-harness.exe!laneflow_runtime::kernel::boundary::consume,callee,ntkrnlmp.exe!***unknown***,1,0.002307976366322009
laneflow-urban-harness.exe!laneflow_runtime::kernel::boundary::consume,caller,laneflow-urban-harness.exe!laneflow_runtime::kernel::tick::prepare_motion_dispatched,236,0.544682422451994
ntkrnlmp.exe!***unknown***,callee,ntkrnlmp.exe!***unknown***,102,0.2354135893648449
ntkrnlmp.exe!***unknown***,callee,ntkrnlmp.exe!***unknown***,48,0.11078286558345643
ntkrnlmp.exe!***unknown***,callee,ntkrnlmp.exe!***unknown***,39,0.09001107828655834
ntkrnlmp.exe!***unknown***,callee,ntkrnlmp.exe!***unknown***,21,0.04846750369276218
ntkrnlmp.exe!***unknown***,callee,ntkrnlmp.exe!***unknown***,6,0.013847858197932054
ntkrnlmp.exe!***unknown***,callee,ntkrnlmp.exe!***unknown*** (trimmed),2,0.004615952732644018
ntkrnlmp.exe!***unknown***,callee,ntkrnlmp.exe!***unknown*** (trimmed),2,0.004615952732644018
ntkrnlmp.exe!***unknown***,callee,ntkrnlmp.exe!***unknown*** (trimmed),2,0.004615952732644018
ntkrnlmp.exe!***unknown***,callee,ntkrnlmp.exe!***unknown*** (trimmed),1,0.002307976366322009
ntkrnlmp.exe!***unknown***,callee,ntkrnlmp.exe!***unknown*** (trimmed),1,0.002307976366322009
ntkrnlmp.exe!***unknown***,callee,ntkrnlmp.exe!***unknown*** (trimmed),1,0.002307976366322009
ntkrnlmp.exe!***unknown***,callee,ntkrnlmp.exe!***unknown*** (trimmed),1,0.002307976366322009
ntkrnlmp.exe!***unknown***,callee,ntkrnlmp.exe!***unknown*** (trimmed),1,0.002307976366322009
ntkrnlmp.exe!***unknown***,callee,ntkrnlmp.exe!***unknown*** (trimmed),1,0.002307976366322009
ntkrnlmp.exe!***unknown***,callee,ntkrnlmp.exe!***unknown*** (trimmed),1,0.002307976366322009
ntkrnlmp.exe!***unknown***,callee,ntkrnlmp.exe!***unknown*** (trimmed),1,0.002307976366322009
ntkrnlmp.exe!***unknown***,callee,ntkrnlmp.exe!***unknown*** (trimmed),1,0.002307976366322009
ntkrnlmp.exe!***unknown***,caller,ntkrnlmp.exe!***unknown***,231,0.533142540620384
ntdll.dll!***unknown***,callee,ntdll.dll!***unknown***,106,0.24464549483013293
ntdll.dll!***unknown***,callee,ntdll.dll!***unknown***,77,0.1777141802067947
ntdll.dll!***unknown***,callee,ntdll.dll!***unknown***,12,0.027695716395864108
ntdll.dll!***unknown***,callee,ntdll.dll!***unknown***,12,0.027695716395864108
ntdll.dll!***unknown***,callee,ntdll.dll!***unknown***,4,0.009231905465288036
ntdll.dll!***unknown***,callee,ntdll.dll!***unknown*** (trimmed),3,0.006923929098966027
ntdll.dll!***unknown***,callee,ntdll.dll!***unknown*** (trimmed),2,0.004615952732644018
ntdll.dll!***unknown***,callee,ntdll.dll!***unknown*** (trimmed),2,0.004615952732644018
ntdll.dll!***unknown***,callee,ntdll.dll!***unknown*** (trimmed),2,0.004615952732644018
ntdll.dll!***unknown***,callee,ntdll.dll!***unknown*** (trimmed),1,0.002307976366322009
ntdll.dll!***unknown***,callee,ntdll.dll!***unknown*** (trimmed),1,0.002307976366322009
ntdll.dll!***unknown***,callee,ntdll.dll!***unknown*** (trimmed),1,0.002307976366322009
ntdll.dll!***unknown***,callee,ntdll.dll!***unknown*** (trimmed),1,0.002307976366322009
ntdll.dll!***unknown***,callee,ntdll.dll!***unknown*** (trimmed),1,0.002307976366322009
ntdll.dll!***unknown***,callee,ntdll.dll!***unknown*** (trimmed),1,0.002307976366322009
ntdll.dll!***unknown***,caller,ntdll.dll!***unknown***,226,0.521602658788774
"laneflow-urban-harness.exe!alloc::collections::btree::map::BTreeMap<alloc::string::String,enum2$<serde_json::value::Value>,alloc::alloc::Global>::insert<alloc::string::String,enum2$<serde_json::value::Value>,alloc::alloc::Global>",callee,"laneflow-urban-harness.exe!alloc::collections::btree::map::entry::VacantEntry<alloc::string::String,enum2$<serde_json::value::Value>,alloc::alloc::Global>::insert_entry<alloc::string::String,enum2$<serde_json::value::Value>,alloc::alloc::Global>",156,0.36004431314623336
"laneflow-urban-harness.exe!alloc::collections::btree::map::BTreeMap<alloc::string::String,enum2$<serde_json::value::Value>,alloc::alloc::Global>::insert<alloc::string::String,enum2$<serde_json::value::Value>,alloc::alloc::Global>",callee,vcruntime140.dll!***unknown***,6,0.013847858197932054
"laneflow-urban-harness.exe!alloc::collections::btree::map::BTreeMap<alloc::string::String,enum2$<serde_json::value::Value>,alloc::alloc::Global>::insert<alloc::string::String,enum2$<serde_json::value::Value>,alloc::alloc::Global>",callee,vcruntime140.dll!***unknown*** (trimmed),4,0.009231905465288036
"laneflow-urban-harness.exe!alloc::collections::btree::map::BTreeMap<alloc::string::String,enum2$<serde_json::value::Value>,alloc::alloc::Global>::insert<alloc::string::String,enum2$<serde_json::value::Value>,alloc::alloc::Global>",callee,vcruntime140.dll!***unknown***,4,0.009231905465288036
"laneflow-urban-harness.exe!alloc::collections::btree::map::BTreeMap<alloc::string::String,enum2$<serde_json::value::Value>,alloc::alloc::Global>::insert<alloc::string::String,enum2$<serde_json::value::Value>,alloc::alloc::Global>",callee,vcruntime140.dll!***unknown***,3,0.006923929098966027
"laneflow-urban-harness.exe!alloc::collections::btree::map::BTreeMap<alloc::string::String,enum2$<serde_json::value::Value>,alloc::alloc::Global>::insert<alloc::string::String,enum2$<serde_json::value::Value>,alloc::alloc::Global>",callee,vcruntime140.dll!***unknown*** (trimmed),3,0.006923929098966027
"laneflow-urban-harness.exe!alloc::collections::btree::map::BTreeMap<alloc::string::String,enum2$<serde_json::value::Value>,alloc::alloc::Global>::insert<alloc::string::String,enum2$<serde_json::value::Value>,alloc::alloc::Global>",callee,vcruntime140.dll!***unknown*** (trimmed),2,0.004615952732644018
"laneflow-urban-harness.exe!alloc::collections::btree::map::BTreeMap<alloc::string::String,enum2$<serde_json::value::Value>,alloc::alloc::Global>::insert<alloc::string::String,enum2$<serde_json::value::Value>,alloc::alloc::Global>",callee,vcruntime140.dll!***unknown*** (trimmed),2,0.004615952732644018
"laneflow-urban-harness.exe!alloc::collections::btree::map::BTreeMap<alloc::string::String,enum2$<serde_json::value::Value>,alloc::alloc::Global>::insert<alloc::string::String,enum2$<serde_json::value::Value>,alloc::alloc::Global>",callee,vcruntime140.dll!***unknown*** (trimmed),1,0.002307976366322009
"laneflow-urban-harness.exe!alloc::collections::btree::map::BTreeMap<alloc::string::String,enum2$<serde_json::value::Value>,alloc::alloc::Global>::insert<alloc::string::String,enum2$<serde_json::value::Value>,alloc::alloc::Global>",callee,vcruntime140.dll!***unknown*** (trimmed),1,0.002307976366322009
"laneflow-urban-harness.exe!alloc::collections::btree::map::BTreeMap<alloc::string::String,enum2$<serde_json::value::Value>,alloc::alloc::Global>::insert<alloc::string::String,enum2$<serde_json::value::Value>,alloc::alloc::Global>",callee,vcruntime140.dll!***unknown*** (trimmed),1,0.002307976366322009
"laneflow-urban-harness.exe!alloc::collections::btree::map::BTreeMap<alloc::string::String,enum2$<serde_json::value::Value>,alloc::alloc::Global>::insert<alloc::string::String,enum2$<serde_json::value::Value>,alloc::alloc::Global>",callee,laneflow-urban-harness.exe!memcmp (trimmed),1,0.002307976366322009
"laneflow-urban-harness.exe!alloc::collections::btree::map::BTreeMap<alloc::string::String,enum2$<serde_json::value::Value>,alloc::alloc::Global>::insert<alloc::string::String,enum2$<serde_json::value::Value>,alloc::alloc::Global>",caller,laneflow-urban-harness.exe!laneflow_urban_harness::runner::Harness::execute,129,0.29772895125553916
"laneflow-urban-harness.exe!alloc::collections::btree::map::BTreeMap<alloc::string::String,enum2$<serde_json::value::Value>,alloc::alloc::Global>::insert<alloc::string::String,enum2$<serde_json::value::Value>,alloc::alloc::Global>",caller,laneflow-urban-harness.exe!serde_json::value::ser::impl$8::serialize_field<u32>,54,0.12463072378138848
"laneflow-urban-harness.exe!alloc::collections::btree::map::BTreeMap<alloc::string::String,enum2$<serde_json::value::Value>,alloc::alloc::Global>::insert<alloc::string::String,enum2$<serde_json::value::Value>,alloc::alloc::Global>",caller,"laneflow-urban-harness.exe!serde_core::ser::SerializeMap::serialize_entry<enum2$<serde_json::value::ser::SerializeMap>,alloc::string::String,enum2$<serde_json::value::Value> >",27,0.06231536189069424
"laneflow-urban-harness.exe!alloc::collections::btree::map::BTreeMap<alloc::string::String,enum2$<serde_json::value::Value>,alloc::alloc::Global>::insert<alloc::string::String,enum2$<serde_json::value::Value>,alloc::alloc::Global>",caller,laneflow-urban-harness.exe!laneflow_urban_harness::observe::events,13,0.030003692762186115
ntkrnlmp.exe!***unknown***,callee,ntkrnlmp.exe!***unknown***,211,0.4869830132939439
ntkrnlmp.exe!***unknown***,callee,ntkrnlmp.exe!***unknown*** (trimmed),1,0.002307976366322009
ntkrnlmp.exe!***unknown***,caller,ntkrnlmp.exe!***unknown***,124,0.2861890694239291
ntkrnlmp.exe!***unknown***,caller,ntkrnlmp.exe!***unknown***,81,0.1869460856720827
ntkrnlmp.exe!***unknown***,caller,ntkrnlmp.exe!***unknown***,7,0.01615583456425406
ntkrnlmp.exe!***unknown***,callee,ntkrnlmp.exe!***unknown***,210,0.48467503692762187
ntkrnlmp.exe!***unknown***,callee,ntkrnlmp.exe!***unknown*** (trimmed),1,0.002307976366322009
ntkrnlmp.exe!***unknown***,caller,ntkrnlmp.exe!***unknown***,211,0.4869830132939439
ntkrnlmp.exe!***unknown***,callee,ntkrnlmp.exe!***unknown***,206,0.4754431314623338
ntkrnlmp.exe!***unknown***,callee,ntkrnlmp.exe!***unknown***,2,0.004615952732644018
ntkrnlmp.exe!***unknown***,callee,ntkrnlmp.exe!***unknown*** (trimmed),1,0.002307976366322009
ntkrnlmp.exe!***unknown***,callee,ntkrnlmp.exe!***unknown*** (trimmed),1,0.002307976366322009
ntkrnlmp.exe!***unknown***,caller,ntkrnlmp.exe!***unknown***,210,0.48467503692762187
laneflow-urban-harness.exe!laneflow_runtime::kernel::state::WorldState::rebuild_active_order,caller,laneflow-urban-harness.exe!laneflow_runtime::kernel::state::WorldState::replace_completed_vehicle,209,0.48236706056129985
ntkrnlmp.exe!***unknown***,callee,ntkrnlmp.exe!***unknown***,206,0.4754431314623338
ntkrnlmp.exe!***unknown***,caller,ntkrnlmp.exe!***unknown***,206,0.4754431314623338
"laneflow-urban-harness.exe!alloc::collections::btree::map::impl$0::drop<alloc::string::String,enum2$<serde_json::value::Value>,alloc::alloc::Global>",callee,"laneflow-urban-harness.exe!core::ptr::drop_glue<alloc::collections::btree::map::IntoIter<alloc::string::String,enum2$<serde_json::value::Value>,alloc::alloc::Global> >",200,0.46159527326440175
"laneflow-urban-harness.exe!alloc::collections::btree::map::impl$0::drop<alloc::string::String,enum2$<serde_json::value::Value>,alloc::alloc::Global>",caller,laneflow-urban-harness.exe!laneflow_urban_harness::runner::Harness::advance,184,0.42466765140324964
"laneflow-urban-harness.exe!alloc::collections::btree::map::impl$0::drop<alloc::string::String,enum2$<serde_json::value::Value>,alloc::alloc::Global>",caller,laneflow-urban-harness.exe!laneflow_urban_harness::runner::Harness::execute,18,0.04154357459379616
"laneflow-urban-harness.exe!core::ptr::drop_glue<alloc::collections::btree::map::IntoIter<alloc::string::String,enum2$<serde_json::value::Value>,alloc::alloc::Global> >",callee,laneflow-urban-harness.exe!core::ptr::drop_glue<enum2$<serde_json::value::Value> >,80,0.18463810930576072
"laneflow-urban-harness.exe!core::ptr::drop_glue<alloc::collections::btree::map::IntoIter<alloc::string::String,enum2$<serde_json::value::Value>,alloc::alloc::Global> >",callee,ntdll.dll!***unknown***,63,0.14540251107828656
"laneflow-urban-harness.exe!core::ptr::drop_glue<alloc::collections::btree::map::IntoIter<alloc::string::String,enum2$<serde_json::value::Value>,alloc::alloc::Global> >",callee,"laneflow-urban-harness.exe!alloc::collections::btree::map::IntoIter<alloc::string::String,laneflow_urban_harness::artifacts::FileDigest,alloc::alloc::Global>::dying_next<alloc::string::String,laneflow_urban_harness::artifacts::FileDigest,alloc::alloc::Global>",40,0.09231905465288036
"laneflow-urban-harness.exe!core::ptr::drop_glue<alloc::collections::btree::map::IntoIter<alloc::string::String,enum2$<serde_json::value::Value>,alloc::alloc::Global> >",callee,laneflow-urban-harness.exe!std::alloc::__default_lib_allocator::__rdl_dealloc,6,0.013847858197932054
"laneflow-urban-harness.exe!core::ptr::drop_glue<alloc::collections::btree::map::IntoIter<alloc::string::String,enum2$<serde_json::value::Value>,alloc::alloc::Global> >",callee,ntdll.dll!***unknown*** (trimmed),2,0.004615952732644018
"laneflow-urban-harness.exe!core::ptr::drop_glue<alloc::collections::btree::map::IntoIter<alloc::string::String,enum2$<serde_json::value::Value>,alloc::alloc::Global> >",callee,ntdll.dll!***unknown*** (trimmed),1,0.002307976366322009
"laneflow-urban-harness.exe!core::ptr::drop_glue<alloc::collections::btree::map::IntoIter<alloc::string::String,enum2$<serde_json::value::Value>,alloc::alloc::Global> >",callee,ntdll.dll!***unknown*** (trimmed),1,0.002307976366322009
"laneflow-urban-harness.exe!core::ptr::drop_glue<alloc::collections::btree::map::IntoIter<alloc::string::String,enum2$<serde_json::value::Value>,alloc::alloc::Global> >",caller,"laneflow-urban-harness.exe!alloc::collections::btree::map::impl$0::drop<alloc::string::String,enum2$<serde_json::value::Value>,alloc::alloc::Global>",200,0.46159527326440175
laneflow-urban-harness.exe!laneflow_runtime::kernel::phase::StepReadView::conflict_eligibility_valid_with_signals,callee,laneflow-urban-harness.exe!laneflow_runtime::kernel::phase::StepReadView::conflict_passage_occurrence_locator,78,0.18002215657311668
laneflow-urban-harness.exe!laneflow_runtime::kernel::phase::StepReadView::conflict_eligibility_valid_with_signals,callee,laneflow-urban-harness.exe!laneflow_runtime::kernel::phase::StepReadView::gate_policy_decision_with_signals,38,0.08770310192023634
laneflow-urban-harness.exe!laneflow_runtime::kernel::phase::StepReadView::conflict_eligibility_valid_with_signals,callee,laneflow-urban-harness.exe!laneflow_runtime::kernel::conflict::ConflictRead::owner_at,6,0.013847858197932054
laneflow-urban-harness.exe!laneflow_runtime::kernel::phase::StepReadView::conflict_eligibility_valid_with_signals,caller,laneflow-urban-harness.exe!laneflow_runtime::kernel::phase::StepWorkspace::stage_vehicle_transitions,188,0.43389955686853765
laneflow-urban-harness.exe!laneflow_runtime::kernel::phase::StepReadView::conflict_eligibility_valid_with_signals,caller,laneflow-urban-harness.exe!laneflow_runtime::kernel::state::WorldState::conflict_state_valid,7,0.01615583456425406
laneflow-urban-harness.exe!laneflow_urban_harness::observe::passage,callee,ntdll.dll!***unknown***,65,0.15001846381093056
laneflow-urban-harness.exe!laneflow_urban_harness::observe::passage,callee,laneflow-urban-harness.exe!std::sys::alloc::windows::process_heap_alloc,62,0.14309453471196454
laneflow-urban-harness.exe!laneflow_urban_harness::observe::passage,callee,"laneflow-urban-harness.exe!core::hash::BuildHasher::hash_one<std::hash::random::RandomState,ref$<laneflow_runtime::kernel::handle::RouteHandle> >",13,0.030003692762186115
laneflow-urban-harness.exe!laneflow_urban_harness::observe::passage,callee,laneflow-urban-harness.exe!std::alloc::__default_lib_allocator::__rdl_alloc,7,0.01615583456425406
laneflow-urban-harness.exe!laneflow_urban_harness::observe::passage,callee,ntdll.dll!***unknown***,6,0.013847858197932054
laneflow-urban-harness.exe!laneflow_urban_harness::observe::passage,callee,ntdll.dll!***unknown*** (trimmed),3,0.006923929098966027
laneflow-urban-harness.exe!laneflow_urban_harness::observe::passage,callee,ntdll.dll!***unknown*** (trimmed),2,0.004615952732644018
laneflow-urban-harness.exe!laneflow_urban_harness::observe::passage,callee,ntdll.dll!***unknown*** (trimmed),1,0.002307976366322009
laneflow-urban-harness.exe!laneflow_urban_harness::observe::passage,callee,ntdll.dll!***unknown*** (trimmed),1,0.002307976366322009
laneflow-urban-harness.exe!laneflow_urban_harness::observe::passage,callee,ntdll.dll!***unknown*** (trimmed),1,0.002307976366322009
laneflow-urban-harness.exe!laneflow_urban_harness::observe::passage,callee,vcruntime140.dll!***unknown***,1,0.002307976366322009
laneflow-urban-harness.exe!laneflow_urban_harness::observe::passage,callee,laneflow-urban-harness.exe!_RNvCs6rREvFdRhLb_7___rustc35___rust_no_alloc_shim_is_unstable_v2,1,0.002307976366322009
laneflow-urban-harness.exe!laneflow_urban_harness::observe::passage,caller,laneflow-urban-harness.exe!laneflow_urban_harness::observe::events,185,0.42697562776957165
laneflow-urban-harness.exe!laneflow_static_network::relations::SharedRelationClosure::maneuver_gate,callee,ntkrnlmp.exe!***unknown***,1,0.002307976366322009
laneflow-urban-harness.exe!laneflow_static_network::relations::SharedRelationClosure::maneuver_gate,caller,laneflow-urban-harness.exe!laneflow_runtime::kernel::phase::StepReadView::gate_policy_decision_with_signals,183,0.4223596750369276
laneflow-urban-harness.exe!laneflow_static_network::policy::PolicyView::gate_classes,callee,ntkrnlmp.exe!***unknown***,1,0.002307976366322009
laneflow-urban-harness.exe!laneflow_static_network::policy::PolicyView::gate_classes,caller,laneflow-urban-harness.exe!laneflow_static_network::policy::PolicyView::gate,182,0.4200516986706056
laneflow-urban-harness.exe!laneflow_urban_harness::runner::Harness::stable_individual,callee,"laneflow-urban-harness.exe!core::hash::BuildHasher::hash_one<std::hash::random::RandomState,ref$<laneflow_runtime::kernel::handle::RouteHandle> >",32,0.07385524372230429
laneflow-urban-harness.exe!laneflow_urban_harness::runner::Harness::stable_individual,caller,laneflow-urban-harness.exe!laneflow_urban_harness::observe::events,110,0.253877400295421
laneflow-urban-harness.exe!laneflow_urban_harness::runner::Harness::stable_individual,caller,laneflow-urban-harness.exe!laneflow_urban_harness::observe::state,65,0.15001846381093056
laneflow-urban-harness.exe!laneflow_urban_harness::runner::Harness::stable_individual,caller,laneflow-urban-harness.exe!laneflow_urban_harness::runner::Harness::execute,4,0.009231905465288036
"laneflow-urban-harness.exe!serde_json::ser::to_writer<ref_mut$<std::io::buffered::bufwriter::BufWriter<std::fs::File> >,enum2$<serde_json::value::Value> >",callee,"laneflow-urban-harness.exe!serde_json::value::ser::impl$0::serialize<ref_mut$<serde_json::ser::Serializer<ref_mut$<std::io::buffered::bufwriter::BufWriter<std::fs::File> >,serde_json::ser::CompactFormatter> > >",82,0.18925406203840472
"laneflow-urban-harness.exe!serde_json::ser::to_writer<ref_mut$<std::io::buffered::bufwriter::BufWriter<std::fs::File> >,enum2$<serde_json::value::Value> >",callee,"laneflow-urban-harness.exe!serde_core::ser::SerializeMap::serialize_entry<enum2$<serde_json::ser::Compound<ref_mut$<std::io::buffered::bufwriter::BufWriter<std::fs::File> >,serde_json::ser::CompactFormatter> >,alloc::string::String,enum2$<serde_json::value::Value> >",69,0.1592503692762186
"laneflow-urban-harness.exe!serde_json::ser::to_writer<ref_mut$<std::io::buffered::bufwriter::BufWriter<std::fs::File> >,enum2$<serde_json::value::Value> >",callee,"laneflow-urban-harness.exe!serde_json::number::impl$6::serialize<ref_mut$<serde_json::ser::Serializer<ref_mut$<std::io::buffered::bufwriter::BufWriter<std::fs::File> >,serde_json::ser::CompactFormatter> > >",14,0.03231166912850812
"laneflow-urban-harness.exe!serde_json::ser::to_writer<ref_mut$<std::io::buffered::bufwriter::BufWriter<std::fs::File> >,enum2$<serde_json::value::Value> >",callee,"laneflow-urban-harness.exe!serde_core::ser::Serializer::collect_seq<ref_mut$<serde_json::ser::Serializer<ref_mut$<std::io::buffered::bufwriter::BufWriter<std::fs::File> >,serde_json::ser::CompactFormatter> >,ref$<alloc::vec::Vec<enum2$<serde_json::value::Value>,alloc::alloc::Global> > >",4,0.009231905465288036
"laneflow-urban-harness.exe!serde_json::ser::to_writer<ref_mut$<std::io::buffered::bufwriter::BufWriter<std::fs::File> >,enum2$<serde_json::value::Value> >",caller,laneflow-urban-harness.exe!laneflow_urban_harness::short_prefix::run,178,0.4108197932053176
ntkrnlmp.exe!***unknown***,callee,ntkrnlmp.exe!***unknown***,165,0.38081610044313147
ntkrnlmp.exe!***unknown***,callee,ntkrnlmp.exe!***unknown***,7,0.01615583456425406
ntkrnlmp.exe!***unknown***,callee,ntkrnlmp.exe!***unknown*** (trimmed),1,0.002307976366322009
ntkrnlmp.exe!***unknown***,callee,ntkrnlmp.exe!***unknown*** (trimmed),1,0.002307976366322009
ntkrnlmp.exe!***unknown***,callee,ntkrnlmp.exe!***unknown*** (trimmed),1,0.002307976366322009
ntkrnlmp.exe!***unknown***,caller,ntkrnlmp.exe!***unknown***,165,0.38081610044313147
ntkrnlmp.exe!***unknown***,caller,ntkrnlmp.exe!***unknown***,10,0.02307976366322009
ntkrnlmp.exe!***unknown***,callee,ntkrnlmp.exe!***unknown***,157,0.3623522895125554
ntkrnlmp.exe!***unknown***,callee,ntkrnlmp.exe!***unknown***,6,0.013847858197932054
ntkrnlmp.exe!***unknown***,callee,ntkrnlmp.exe!***unknown*** (trimmed),1,0.002307976366322009
ntkrnlmp.exe!***unknown***,callee,ntkrnlmp.exe!***unknown*** (trimmed),1,0.002307976366322009
ntkrnlmp.exe!***unknown***,callee,ntkrnlmp.exe!***unknown*** (trimmed),1,0.002307976366322009
ntkrnlmp.exe!***unknown***,caller,ntkrnlmp.exe!***unknown***,112,0.258493353028065
ntkrnlmp.exe!***unknown***,caller,ntkrnlmp.exe!***unknown***,54,0.12463072378138848
ntkrnlmp.exe!***unknown***,callee,ntkrnlmp.exe!***unknown***,154,0.3554283604135894
ntkrnlmp.exe!***unknown***,callee,ntkrnlmp.exe!***unknown***,7,0.01615583456425406
ntkrnlmp.exe!***unknown***,callee,ntkrnlmp.exe!***unknown*** (trimmed),4,0.009231905465288036
ntkrnlmp.exe!***unknown***,caller,ntkrnlmp.exe!***unknown***,165,0.38081610044313147
laneflow-urban-harness.exe!laneflow_runtime::kernel::conflict::ConflictRead::reservation,callee,laneflow-urban-harness.exe!laneflow_runtime::kernel::conflict::ConflictRead::owner_at,113,0.260801329394387
laneflow-urban-harness.exe!laneflow_runtime::kernel::conflict::ConflictRead::reservation,callee,ntkrnlmp.exe!***unknown***,1,0.002307976366322009
laneflow-urban-harness.exe!laneflow_runtime::kernel::conflict::ConflictRead::reservation,caller,laneflow-urban-harness.exe!laneflow_runtime::kernel::phase::StepWorkspace::stage_vehicle_transitions,163,0.37620014771048743
ntkrnlmp.exe!***unknown***,callee,ntkrnlmp.exe!***unknown***,125,0.2884970457902511
ntkrnlmp.exe!***unknown***,callee,ntkrnlmp.exe!***unknown***,25,0.05769940915805022
ntkrnlmp.exe!***unknown***,callee,ntkrnlmp.exe!***unknown***,7,0.01615583456425406
ntkrnlmp.exe!***unknown***,callee,ntkrnlmp.exe!***unknown*** (trimmed),3,0.006923929098966027
ntkrnlmp.exe!***unknown***,caller,ntkrnlmp.exe!***unknown***,59,0.1361706056129985
ntkrnlmp.exe!***unknown***,caller,ntkrnlmp.exe!***unknown***,34,0.07847119645494831
ntkrnlmp.exe!***unknown***,caller,ntkrnlmp.exe!***unknown***,31,0.07154726735598227
ntkrnlmp.exe!***unknown***,caller,ntkrnlmp.exe!***unknown***,25,0.05769940915805022
ntkrnlmp.exe!***unknown***,caller,ntkrnlmp.exe!***unknown***,5,0.011539881831610045
ntkrnlmp.exe!***unknown***,caller,ntkrnlmp.exe!***unknown*** (trimmed),4,0.009231905465288036
ntkrnlmp.exe!***unknown***,caller,ntkrnlmp.exe!***unknown*** (trimmed),2,0.004615952732644018
ntkrnlmp.exe!***unknown***,callee,ntkrnlmp.exe!***unknown***,136,0.31388478581979323
ntkrnlmp.exe!***unknown***,callee,ntkrnlmp.exe!***unknown***,20,0.04615952732644018
ntkrnlmp.exe!***unknown***,callee,ntkrnlmp.exe!***unknown*** (trimmed),1,0.002307976366322009
ntkrnlmp.exe!***unknown***,caller,ntkrnlmp.exe!***unknown***,157,0.3623522895125554
Kernelbase.dll!***unknown***,callee,ntdll.dll!***unknown***,147,0.3392725258493353
Kernelbase.dll!***unknown***,callee,ntdll.dll!***unknown*** (trimmed),2,0.004615952732644018
Kernelbase.dll!***unknown***,callee,ntdll.dll!***unknown*** (trimmed),2,0.004615952732644018
Kernelbase.dll!***unknown***,callee,ntdll.dll!***unknown*** (trimmed),1,0.002307976366322009
Kernelbase.dll!***unknown***,callee,ntdll.dll!***unknown*** (trimmed),1,0.002307976366322009
Kernelbase.dll!***unknown***,callee,ntdll.dll!***unknown*** (trimmed),1,0.002307976366322009
Kernelbase.dll!***unknown***,callee,ntdll.dll!***unknown*** (trimmed),1,0.002307976366322009
Kernelbase.dll!***unknown***,callee,ntdll.dll!***unknown*** (trimmed),1,0.002307976366322009
Kernelbase.dll!***unknown***,callee,ntdll.dll!***unknown*** (trimmed),1,0.002307976366322009
Kernelbase.dll!***unknown***,caller,laneflow-urban-harness.exe!std::sys::sync::condvar::futex::Condvar::wait,112,0.258493353028065
Kernelbase.dll!***unknown***,caller,laneflow-urban-harness.exe!std::sys::sync::mutex::futex::Mutex::lock_contended,45,0.1038589364844904
ntkrnlmp.exe!***unknown***,callee,ntkrnlmp.exe!***unknown***,97,0.22387370753323485
ntkrnlmp.exe!***unknown***,callee,ntkrnlmp.exe!***unknown***,54,0.12463072378138848
ntkrnlmp.exe!***unknown***,callee,ntkrnlmp.exe!***unknown*** (trimmed),1,0.002307976366322009
ntkrnlmp.exe!***unknown***,callee,ntkrnlmp.exe!***unknown*** (trimmed),1,0.002307976366322009
ntkrnlmp.exe!***unknown***,callee,ntkrnlmp.exe!***unknown*** (trimmed),1,0.002307976366322009
ntkrnlmp.exe!***unknown***,callee,ntkrnlmp.exe!***unknown*** (trimmed),1,0.002307976366322009
ntkrnlmp.exe!***unknown***,callee,ntkrnlmp.exe!***unknown*** (trimmed),1,0.002307976366322009
ntkrnlmp.exe!***unknown***,caller,ntkrnlmp.exe!***unknown***,154,0.3554283604135894
ntkrnlmp.exe!***unknown***,caller,ntkrnlmp.exe!***unknown*** (trimmed),2,0.004615952732644018
laneflow-urban-harness.exe!laneflow_runtime::kernel::tick::apply_travel_mm<laneflow_runtime::kernel::tick::impl$4::calculate_active_vehicle_motion::closure_env$4>,callee,laneflow-urban-harness.exe!laneflow_runtime::kernel::phase::StepReadView::gate_policy_decision_with_signals,7,0.01615583456425406
laneflow-urban-harness.exe!laneflow_runtime::kernel::tick::apply_travel_mm<laneflow_runtime::kernel::tick::impl$4::calculate_active_vehicle_motion::closure_env$4>,caller,laneflow-urban-harness.exe!laneflow_runtime::kernel::phase::StepReadView::calculate_active_vehicle_motion,156,0.36004431314623336
"laneflow-urban-harness.exe!alloc::collections::btree::map::entry::VacantEntry<alloc::string::String,enum2$<serde_json::value::Value>,alloc::alloc::Global>::insert_entry<alloc::string::String,enum2$<serde_json::value::Value>,alloc::alloc::Global>",callee,ntdll.dll!***unknown***,69,0.1592503692762186
"laneflow-urban-harness.exe!alloc::collections::btree::map::entry::VacantEntry<alloc::string::String,enum2$<serde_json::value::Value>,alloc::alloc::Global>::insert_entry<alloc::string::String,enum2$<serde_json::value::Value>,alloc::alloc::Global>",callee,"laneflow-urban-harness.exe!alloc::collections::btree::node::Handle<alloc::collections::btree::node::NodeRef<alloc::collections::btree::node::marker::Mut,alloc::string::String,enum2$<serde_json::value::Value>,enum2$<alloc::collections::btree::node::marker::Leaf> >,enum2$<alloc::collections::btree::node::marker::Edge> >::insert_recursing<alloc::string::String,enum2$<serde_json::value::Value>,alloc::alloc::Global,alloc::collections::btree::map::entry::impl$6::insert_entry::closure_env$0<alloc::string::String,enum2$<serde_json::value::Value>,alloc::alloc::Global> >",45,0.1038589364844904
"laneflow-urban-harness.exe!alloc::collections::btree::map::entry::VacantEntry<alloc::string::String,enum2$<serde_json::value::Value>,alloc::alloc::Global>::insert_entry<alloc::string::String,enum2$<serde_json::value::Value>,alloc::alloc::Global>",callee,laneflow-urban-harness.exe!std::sys::alloc::windows::process_heap_alloc,3,0.006923929098966027
"laneflow-urban-harness.exe!alloc::collections::btree::map::entry::VacantEntry<alloc::string::String,enum2$<serde_json::value::Value>,alloc::alloc::Global>::insert_entry<alloc::string::String,enum2$<serde_json::value::Value>,alloc::alloc::Global>",callee,ntdll.dll!***unknown*** (trimmed),1,0.002307976366322009
"laneflow-urban-harness.exe!alloc::collections::btree::map::entry::VacantEntry<alloc::string::String,enum2$<serde_json::value::Value>,alloc::alloc::Global>::insert_entry<alloc::string::String,enum2$<serde_json::value::Value>,alloc::alloc::Global>",callee,ntdll.dll!***unknown*** (trimmed),1,0.002307976366322009
"laneflow-urban-harness.exe!alloc::collections::btree::map::entry::VacantEntry<alloc::string::String,enum2$<serde_json::value::Value>,alloc::alloc::Global>::insert_entry<alloc::string::String,enum2$<serde_json::value::Value>,alloc::alloc::Global>",callee,laneflow-urban-harness.exe!_RNvCs6rREvFdRhLb_7___rustc35___rust_no_alloc_shim_is_unstable_v2,1,0.002307976366322009
"laneflow-urban-harness.exe!alloc::collections::btree::map::entry::VacantEntry<alloc::string::String,enum2$<serde_json::value::Value>,alloc::alloc::Global>::insert_entry<alloc::string::String,enum2$<serde_json::value::Value>,alloc::alloc::Global>",caller,"laneflow-urban-harness.exe!alloc::collections::btree::map::BTreeMap<alloc::string::String,enum2$<serde_json::value::Value>,alloc::alloc::Global>::insert<alloc::string::String,enum2$<serde_json::value::Value>,alloc::alloc::Global>",156,0.36004431314623336
ntkrnlmp.exe!***unknown***,callee,ntkrnlmp.exe!***unknown***,152,0.35081240768094535
ntkrnlmp.exe!***unknown***,callee,ntkrnlmp.exe!***unknown*** (trimmed),1,0.002307976366322009
ntkrnlmp.exe!***unknown***,callee,ntkrnlmp.exe!***unknown*** (trimmed),1,0.002307976366322009
ntkrnlmp.exe!***unknown***,callee,ntkrnlmp.exe!***unknown*** (trimmed),1,0.002307976366322009
ntkrnlmp.exe!***unknown***,caller,ntkrnlmp.exe!***unknown***,155,0.3577363367799114
"laneflow-urban-harness.exe!core::hash::BuildHasher::hash_one<std::hash::random::RandomState,ref$<u32> >",callee,laneflow-urban-harness.exe!std::hash::random::impl$4::write,41,0.09462703101920236
"laneflow-urban-harness.exe!core::hash::BuildHasher::hash_one<std::hash::random::RandomState,ref$<u32> >",caller,laneflow-urban-harness.exe!laneflow_urban_harness::observe::red_waiters,66,0.15232644017725258
"laneflow-urban-harness.exe!core::hash::BuildHasher::hash_one<std::hash::random::RandomState,ref$<u32> >",caller,"laneflow-urban-harness.exe!hashbrown::map::HashMap<u32,laneflow_urban_harness::runner::IndividualId,std::hash::random::RandomState,alloc::alloc::Global>::insert<u32,laneflow_urban_harness::runner::IndividualId,std::hash::random::RandomState,alloc::alloc::Global>",36,0.08308714918759232
"laneflow-urban-harness.exe!core::hash::BuildHasher::hash_one<std::hash::random::RandomState,ref$<u32> >",caller,"laneflow-urban-harness.exe!hashbrown::raw::RawTable<tuple$<u32,std::collections::hash::set::HashSet<laneflow_runtime::kernel::handle::VehicleHandle,std::hash::random::RandomState,alloc::alloc::Global> >,alloc::alloc::Global>::reserve_rehash<tuple$<u32,std::collections::hash::set::HashSet<laneflow_runtime::kernel::handle::VehicleHandle,std::hash::random::RandomState,alloc::alloc::Global> >,alloc::alloc::Global,hashbrown::map::make_hasher::closure_env$0<u32,std::collections::hash::set::HashSet<laneflow_runtime::kernel::handle::VehicleHandle,std::hash::random::RandomState,alloc::alloc::Global>,std::hash::random::RandomState> >",23,0.053083456425406204
"laneflow-urban-harness.exe!core::hash::BuildHasher::hash_one<std::hash::random::RandomState,ref$<u32> >",caller,laneflow-urban-harness.exe!laneflow_urban_harness::research_quality::Quality::observe,16,0.03692762186115214
"laneflow-urban-harness.exe!core::hash::BuildHasher::hash_one<std::hash::random::RandomState,ref$<u32> >",caller,"laneflow-urban-harness.exe!hashbrown::raw::RawTable<tuple$<u32,laneflow_urban_harness::runner::IndividualId>,alloc::alloc::Global>::reserve_rehash<tuple$<u32,laneflow_urban_harness::runner::IndividualId>,alloc::alloc::Global,hashbrown::map::make_hasher::closure_env$0<u32,laneflow_urban_harness::runner::IndividualId,std::hash::random::RandomState> >",8,0.01846381093057607
"laneflow-urban-harness.exe!core::hash::BuildHasher::hash_one<std::hash::random::RandomState,ref$<u32> >",caller,"laneflow-urban-harness.exe!hashbrown::map::HashMap<u32,bool,std::hash::random::RandomState,alloc::alloc::Global>::insert<u32,bool,std::hash::random::RandomState,alloc::alloc::Global>",6,0.013847858197932054
vcruntime140.dll!***unknown***,callee,ntkrnlmp.exe!***unknown*** (trimmed),1,0.002307976366322009
vcruntime140.dll!***unknown***,caller,"laneflow-urban-harness.exe!rayon_core::scope::ScopeBase::execute_job_closure<rayon_core::scope::impl$0::spawn::closure$0::closure_env$0<laneflow_runtime::kernel::execution::impl$4::try_for_each_chunk::closure$0::closure_env$0<laneflow_runtime::kernel::tick::WaitingPreviewEntry,laneflow_runtime::kernel::waiting::prepare_waiting_previews_dispatched::closure_env$0> >,tuple$<> >",72,0.16617429837518463
vcruntime140.dll!***unknown***,caller,"laneflow-urban-harness.exe!rayon_core::scope::ScopeBase::execute_job_closure<rayon_core::scope::impl$0::spawn::closure$0::closure_env$0<laneflow_runtime::kernel::execution::impl$4::try_for_each_chunk::closure$0::closure_env$0<laneflow_runtime::kernel::tick::VehicleMotionOutcome,laneflow_runtime::kernel::tick::prepare_motion_dispatched::closure_env$0> >,tuple$<> >",39,0.09001107828655834
vcruntime140.dll!***unknown***,caller,"laneflow-urban-harness.exe!enum2$<laneflow_runtime::kernel::execution::ExecutionResources>::try_for_each_chunk<laneflow_runtime::kernel::tick::WaitingPreviewEntry,laneflow_runtime::kernel::waiting::prepare_waiting_previews_dispatched::closure_env$0>",15,0.03461964549483013
vcruntime140.dll!***unknown***,caller,"laneflow-urban-harness.exe!enum2$<laneflow_runtime::kernel::execution::ExecutionResources>::try_for_each_chunk<laneflow_runtime::kernel::tick::VehicleMotionOutcome,laneflow_runtime::kernel::tick::prepare_motion_dispatched::closure_env$0>",13,0.030003692762186115
vcruntime140.dll!***unknown***,caller,laneflow-urban-harness.exe!laneflow_runtime::kernel::phase::StepWorkspace::stage_vehicle_transitions,12,0.027695716395864108
vcruntime140.dll!***unknown***,caller,"laneflow-urban-harness.exe!laneflow_runtime::kernel::execution::run_dispatch_chunk<enum2$<laneflow_runtime::kernel::conflict_tick::CandidateReport>,laneflow_runtime::kernel::conflict_tick::impl$6::prepare_conflict_candidates_dispatched::closure_env$2>",2,0.004615952732644018
ntkrnlmp.exe!***unknown***,callee,ntkrnlmp.exe!***unknown***,152,0.35081240768094535
ntkrnlmp.exe!***unknown***,caller,ntkrnlmp.exe!***unknown***,152,0.35081240768094535
ntkrnlmp.exe!***unknown***,callee,ntkrnlmp.exe!***unknown***,83,0.19156203840472674
ntkrnlmp.exe!***unknown***,callee,ntkrnlmp.exe!***unknown***,46,0.10616691285081241
ntkrnlmp.exe!***unknown***,callee,ntkrnlmp.exe!***unknown***,9,0.02077178729689808
ntkrnlmp.exe!***unknown***,callee,ntkrnlmp.exe!***unknown***,5,0.011539881831610045
ntkrnlmp.exe!***unknown***,callee,ntkrnlmp.exe!***unknown*** (trimmed),3,0.006923929098966027
ntkrnlmp.exe!***unknown***,callee,ntkrnlmp.exe!***unknown*** (trimmed),2,0.004615952732644018
ntkrnlmp.exe!***unknown***,callee,ntkrnlmp.exe!***unknown*** (trimmed),1,0.002307976366322009
ntkrnlmp.exe!***unknown***,callee,ntkrnlmp.exe!***unknown*** (trimmed),1,0.002307976366322009
ntkrnlmp.exe!***unknown***,callee,ntkrnlmp.exe!***unknown*** (trimmed),1,0.002307976366322009
ntkrnlmp.exe!***unknown***,callee,ntkrnlmp.exe!***unknown*** (trimmed),1,0.002307976366322009
ntkrnlmp.exe!***unknown***,caller,ntkrnlmp.exe!***unknown***,152,0.35081240768094535
"laneflow-urban-harness.exe!serde_json::ser::to_vec<alloc::vec::Vec<enum2$<serde_json::value::Value>,alloc::alloc::Global> >",callee,"laneflow-urban-harness.exe!serde_core::ser::Serializer::collect_seq<ref_mut$<serde_json::ser::Serializer<ref_mut$<alloc::vec::Vec<u8,alloc::alloc::Global> >,serde_json::ser::CompactFormatter> >,ref$<alloc::vec::Vec<enum2$<serde_json::value::Value>,alloc::alloc::Global> > >",151,0.34850443131462333
"laneflow-urban-harness.exe!serde_json::ser::to_vec<alloc::vec::Vec<enum2$<serde_json::value::Value>,alloc::alloc::Global> >",caller,laneflow-urban-harness.exe!laneflow_urban_harness::runner::Harness::advance,151,0.34850443131462333
laneflow-urban-harness.exe!laneflow_runtime::kernel::conflict_tick::ConflictTaskView::collect_occurrence_fields,callee,laneflow-urban-harness.exe!laneflow_runtime::kernel::conflict::ConflictRead::evaluate_yield_target,69,0.1592503692762186
laneflow-urban-harness.exe!laneflow_runtime::kernel::conflict_tick::ConflictTaskView::collect_occurrence_fields,callee,laneflow-urban-harness.exe!laneflow_static_network::policy::PolicyView::yield_targets,17,0.039235598227474154
laneflow-urban-harness.exe!laneflow_runtime::kernel::conflict_tick::ConflictTaskView::collect_occurrence_fields,callee,laneflow-urban-harness.exe!laneflow_static_network::policy::PolicyView::stream,12,0.027695716395864108
laneflow-urban-harness.exe!laneflow_runtime::kernel::conflict_tick::ConflictTaskView::collect_occurrence_fields,caller,laneflow-urban-harness.exe!laneflow_runtime::kernel::conflict_tick::ConflictTaskView::prepare_resource_candidate_task,151,0.34850443131462333
"laneflow-urban-harness.exe!hashbrown::map::HashMap<laneflow_runtime::kernel::handle::VehicleHandle,tuple$<>,std::hash::random::RandomState,alloc::alloc::Global>::insert<laneflow_runtime::kernel::handle::VehicleHandle,tuple$<>,std::hash::random::RandomState,alloc::alloc::Global>",callee,"laneflow-urban-harness.exe!hashbrown::raw::RawTable<tuple$<laneflow_runtime::kernel::handle::VehicleHandle,tuple$<> >,alloc::alloc::Global>::reserve_rehash<tuple$<laneflow_runtime::kernel::handle::VehicleHandle,tuple$<> >,alloc::alloc::Global,hashbrown::map::make_hasher::closure_env$0<laneflow_runtime::kernel::handle::VehicleHandle,tuple$<>,std::hash::random::RandomState> >",89,0.2054098966026588
"laneflow-urban-harness.exe!hashbrown::map::HashMap<laneflow_runtime::kernel::handle::VehicleHandle,tuple$<>,std::hash::random::RandomState,alloc::alloc::Global>::insert<laneflow_runtime::kernel::handle::VehicleHandle,tuple$<>,std::hash::random::RandomState,alloc::alloc::Global>",callee,"laneflow-urban-harness.exe!core::hash::BuildHasher::hash_one<std::hash::random::RandomState,ref$<laneflow_runtime::kernel::handle::RouteHandle> >",34,0.07847119645494831
"laneflow-urban-harness.exe!hashbrown::map::HashMap<laneflow_runtime::kernel::handle::VehicleHandle,tuple$<>,std::hash::random::RandomState,alloc::alloc::Global>::insert<laneflow_runtime::kernel::handle::VehicleHandle,tuple$<>,std::hash::random::RandomState,alloc::alloc::Global>",caller,laneflow-urban-harness.exe!laneflow_urban_harness::research_quality::Quality::observe,151,0.34850443131462333
laneflow-urban-harness.exe!laneflow_runtime::kernel::downstream_index::DownstreamIndex::insert_at,callee,laneflow-urban-harness.exe!laneflow_runtime::kernel::downstream_index::DownstreamIndex::insert_at,127,0.29311299852289513
laneflow-urban-harness.exe!laneflow_runtime::kernel::downstream_index::DownstreamIndex::insert_at,callee,laneflow-urban-harness.exe!laneflow_runtime::kernel::downstream_index::DownstreamIndex::refresh,8,0.01846381093057607
laneflow-urban-harness.exe!laneflow_runtime::kernel::downstream_index::DownstreamIndex::insert_at,callee,ntkrnlmp.exe!***unknown***,2,0.004615952732644018
laneflow-urban-harness.exe!laneflow_runtime::kernel::downstream_index::DownstreamIndex::insert_at,callee,laneflow-urban-harness.exe!laneflow_runtime::kernel::downstream_index::DownstreamIndex::rotate_left (trimmed),1,0.002307976366322009
laneflow-urban-harness.exe!laneflow_runtime::kernel::downstream_index::DownstreamIndex::insert_at,callee,laneflow-urban-harness.exe!laneflow_runtime::kernel::downstream_index::DownstreamIndex::rotate_right (trimmed),1,0.002307976366322009
laneflow-urban-harness.exe!laneflow_runtime::kernel::downstream_index::DownstreamIndex::insert_at,caller,laneflow-urban-harness.exe!laneflow_runtime::kernel::downstream_index::DownstreamIndex::insert_at,127,0.29311299852289513
laneflow-urban-harness.exe!laneflow_runtime::kernel::downstream_index::DownstreamIndex::insert_at,caller,laneflow-urban-harness.exe!laneflow_runtime::kernel::downstream_index::DownstreamIndex::insert,22,0.050775480059084194
dxgmms2.sys!***unknown***,callee,dxgmms2.sys!***unknown***,122,0.2815731166912851
dxgmms2.sys!***unknown***,callee,dxgmms2.sys!***unknown*** (trimmed),4,0.009231905465288036
dxgmms2.sys!***unknown***,callee,dxgmms2.sys!***unknown*** (trimmed),4,0.009231905465288036
dxgmms2.sys!***unknown***,callee,dxgmms2.sys!***unknown*** (trimmed),3,0.006923929098966027
dxgmms2.sys!***unknown***,callee,dxgmms2.sys!***unknown*** (trimmed),2,0.004615952732644018
dxgmms2.sys!***unknown***,callee,dxgmms2.sys!***unknown*** (trimmed),2,0.004615952732644018
dxgmms2.sys!***unknown***,callee,dxgmms2.sys!***unknown*** (trimmed),2,0.004615952732644018
dxgmms2.sys!***unknown***,callee,dxgmms2.sys!***unknown*** (trimmed),2,0.004615952732644018
dxgmms2.sys!***unknown***,callee,dxgmms2.sys!***unknown*** (trimmed),1,0.002307976366322009
dxgmms2.sys!***unknown***,callee,dxgmms2.sys!***unknown*** (trimmed),1,0.002307976366322009
dxgmms2.sys!***unknown***,callee,dxgmms2.sys!***unknown*** (trimmed),1,0.002307976366322009
dxgmms2.sys!***unknown***,callee,dxgmms2.sys!***unknown*** (trimmed),1,0.002307976366322009
dxgmms2.sys!***unknown***,callee,dxgmms2.sys!***unknown*** (trimmed),1,0.002307976366322009
dxgmms2.sys!***unknown***,callee,dxgmms2.sys!***unknown*** (trimmed),1,0.002307976366322009
dxgmms2.sys!***unknown***,callee,dxgmms2.sys!***unknown*** (trimmed),1,0.002307976366322009
dxgmms2.sys!***unknown***,callee,dxgmms2.sys!***unknown*** (trimmed),1,0.002307976366322009
dxgmms2.sys!***unknown***,caller,dxgmms2.sys!***unknown***,149,0.3438884785819793
ntkrnlmp.exe!***unknown***,callee,ntkrnlmp.exe!***unknown***,124,0.2861890694239291
ntkrnlmp.exe!***unknown***,callee,ntkrnlmp.exe!***unknown***,20,0.04615952732644018
ntkrnlmp.exe!***unknown***,callee,ntkrnlmp.exe!***unknown*** (trimmed),4,0.009231905465288036
ntkrnlmp.exe!***unknown***,caller,ntkrnlmp.exe!***unknown***,148,0.34158050221565733
ntdll.dll!***unknown***,callee,ntkrnlmp.exe!***unknown***,141,0.32542466765140327
ntdll.dll!***unknown***,callee,ntkrnlmp.exe!***unknown***,3,0.006923929098966027
ntdll.dll!***unknown***,callee,ntkrnlmp.exe!***unknown***,1,0.002307976366322009
ntdll.dll!***unknown***,callee,ntkrnlmp.exe!***unknown*** (trimmed),1,0.002307976366322009
ntdll.dll!***unknown***,callee,nvlddmkm.sys!***unknown***,1,0.002307976366322009
ntdll.dll!***unknown***,caller,ntdll.dll!***unknown***,147,0.3392725258493353
ntdll.dll!***unknown***,callee,ntdll.dll!***unknown***,147,0.3392725258493353
ntdll.dll!***unknown***,caller,Kernelbase.dll!***unknown***,147,0.3392725258493353
laneflow-urban-harness.exe!laneflow_runtime::kernel::occupancy::OccupancyIndex::sort_buckets,callee,"laneflow-urban-harness.exe!core::slice::sort::shared::smallsort::insertion_sort_shift_left<laneflow_runtime::kernel::occupancy::OccupancyRecord,core::slice::impl$0::sort_unstable_by_key::closure_env$0<laneflow_runtime::kernel::occupancy::OccupancyRecord,tuple$<u32,u32,u32,u32>,laneflow_runtime::kernel::occupancy::impl$4::sort_buckets::closure_env$0> >",43,0.09924298375184638
laneflow-urban-harness.exe!laneflow_runtime::kernel::occupancy::OccupancyIndex::sort_buckets,caller,laneflow-urban-harness.exe!laneflow_runtime::kernel::occupancy::rebuild_occupancy_index,147,0.3392725258493353
laneflow-urban-harness.exe!rayon_core::sleep::Sleep::wake_specific_thread,callee,ntdll.dll!***unknown***,88,0.20310192023633677
laneflow-urban-harness.exe!rayon_core::sleep::Sleep::wake_specific_thread,callee,laneflow-urban-harness.exe!std::sys::sync::mutex::futex::Mutex::lock_contended,45,0.1038589364844904
laneflow-urban-harness.exe!rayon_core::sleep::Sleep::wake_specific_thread,callee,ntdll.dll!***unknown*** (trimmed),1,0.002307976366322009
laneflow-urban-harness.exe!rayon_core::sleep::Sleep::wake_specific_thread,caller,laneflow-urban-harness.exe!rayon_core::sleep::Sleep::wake_any_threads,135,0.3115768094534712
laneflow-urban-harness.exe!rayon_core::sleep::Sleep::wake_any_threads,callee,laneflow-urban-harness.exe!rayon_core::sleep::Sleep::wake_specific_thread,135,0.3115768094534712
laneflow-urban-harness.exe!rayon_core::sleep::Sleep::wake_any_threads,caller,laneflow-urban-harness.exe!rayon_core::registry::WorkerThread::wait_until_cold,42,0.09693500738552437
laneflow-urban-harness.exe!rayon_core::sleep::Sleep::wake_any_threads,caller,"laneflow-urban-harness.exe!enum2$<laneflow_runtime::kernel::execution::ExecutionResources>::try_for_each_chunk<laneflow_runtime::kernel::tick::WaitingPreviewEntry,laneflow_runtime::kernel::waiting::prepare_waiting_previews_dispatched::closure_env$0>",32,0.07385524372230429
laneflow-urban-harness.exe!rayon_core::sleep::Sleep::wake_any_threads,caller,"laneflow-urban-harness.exe!enum2$<laneflow_runtime::kernel::execution::ExecutionResources>::try_for_each_chunk<laneflow_runtime::kernel::tick::VehicleMotionOutcome,laneflow_runtime::kernel::tick::prepare_motion_dispatched::closure_env$0>",32,0.07385524372230429
laneflow-urban-harness.exe!rayon_core::sleep::Sleep::wake_any_threads,caller,"laneflow-urban-harness.exe!enum2$<laneflow_runtime::kernel::execution::ExecutionResources>::try_for_each_chunk<enum2$<laneflow_runtime::kernel::conflict_tick::CandidateReport>,laneflow_runtime::kernel::conflict_tick::impl$6::prepare_conflict_candidates_dispatched::closure_env$2>",29,0.06693131462333826
ntkrnlmp.exe!***unknown***,callee,ntkrnlmp.exe!***unknown***,98,0.22618168389955687
ntkrnlmp.exe!***unknown***,callee,ntkrnlmp.exe!***unknown***,13,0.030003692762186115
ntkrnlmp.exe!***unknown***,callee,ntkrnlmp.exe!***unknown***,5,0.011539881831610045
ntkrnlmp.exe!***unknown***,callee,ntkrnlmp.exe!***unknown*** (trimmed),3,0.006923929098966027
ntkrnlmp.exe!***unknown***,callee,ntkrnlmp.exe!***unknown*** (trimmed),2,0.004615952732644018
ntkrnlmp.exe!***unknown***,callee,ntkrnlmp.exe!***unknown*** (trimmed),2,0.004615952732644018
ntkrnlmp.exe!***unknown***,callee,ntkrnlmp.exe!***unknown*** (trimmed),1,0.002307976366322009
ntkrnlmp.exe!***unknown***,callee,ntkrnlmp.exe!***unknown*** (trimmed),1,0.002307976366322009
ntkrnlmp.exe!***unknown***,callee,ntkrnlmp.exe!***unknown*** (trimmed),1,0.002307976366322009
ntkrnlmp.exe!***unknown***,callee,ntkrnlmp.exe!***unknown*** (trimmed),1,0.002307976366322009
ntkrnlmp.exe!***unknown***,caller,ntkrnlmp.exe!***unknown***,124,0.2861890694239291
ntkrnlmp.exe!***unknown***,caller,ntkrnlmp.exe!***unknown*** (trimmed),3,0.006923929098966027
vcruntime140.dll!***unknown***,callee,ntkrnlmp.exe!***unknown***,1,0.002307976366322009
vcruntime140.dll!***unknown***,caller,laneflow-urban-harness.exe!laneflow_urban_harness::observe::Hash::bytes,71,0.16386632200886264
vcruntime140.dll!***unknown***,caller,"laneflow-urban-harness.exe!serde_json::number::impl$6::serialize<ref_mut$<serde_json::ser::Serializer<ref_mut$<alloc::vec::Vec<u8,alloc::alloc::Global> >,serde_json::ser::CompactFormatter> > >",23,0.053083456425406204
vcruntime140.dll!***unknown***,caller,laneflow-urban-harness.exe!laneflow_urban_harness::observe::Hash::flush,23,0.053083456425406204
vcruntime140.dll!***unknown***,caller,"laneflow-urban-harness.exe!serde_json::number::impl$6::serialize<ref_mut$<serde_json::ser::Serializer<ref_mut$<std::io::buffered::bufwriter::BufWriter<std::fs::File> >,serde_json::ser::CompactFormatter> > >",4,0.009231905465288036
vcruntime140.dll!***unknown***,caller,"laneflow-urban-harness.exe!serde_json::ser::format_escaped_str<ref_mut$<alloc::vec::Vec<u8,alloc::alloc::Global> >,serde_json::ser::PrettyFormatter>",2,0.004615952732644018
vcruntime140.dll!***unknown***,caller,"laneflow-urban-harness.exe!serde_json::ser::format_escaped_str<ref_mut$<std::io::buffered::bufwriter::BufWriter<std::fs::File> >,serde_json::ser::PrettyFormatter>",1,0.002307976366322009
vcruntime140.dll!***unknown***,caller,laneflow-urban-harness.exe!laneflow_runtime::kernel::phase::StepWorkspace::stage_vehicle_transitions,1,0.002307976366322009
vcruntime140.dll!***unknown***,caller,laneflow-urban-harness.exe!alloc::string::impl$6::clone,1,0.002307976366322009
ntkrnlmp.exe!***unknown***,callee,ntkrnlmp.exe!***unknown***,120,0.27695716395864106
ntkrnlmp.exe!***unknown***,callee,ntkrnlmp.exe!***unknown*** (trimmed),1,0.002307976366322009
ntkrnlmp.exe!***unknown***,callee,ntkrnlmp.exe!***unknown*** (trimmed),1,0.002307976366322009
ntkrnlmp.exe!***unknown***,callee,ntkrnlmp.exe!***unknown*** (trimmed),1,0.002307976366322009
ntkrnlmp.exe!***unknown***,callee,ntkrnlmp.exe!***unknown*** (trimmed),1,0.002307976366322009
ntkrnlmp.exe!***unknown***,callee,ntkrnlmp.exe!***unknown*** (trimmed),1,0.002307976366322009
ntkrnlmp.exe!***unknown***,caller,ntkrnlmp.exe!***unknown***,125,0.2884970457902511
ntkrnlmp.exe!***unknown***,callee,ntkrnlmp.exe!***unknown***,124,0.2861890694239291
ntkrnlmp.exe!***unknown***,caller,ntkrnlmp.exe!***unknown***,65,0.15001846381093056
ntkrnlmp.exe!***unknown***,caller,laneflow-urban-harness.exe!laneflow_runtime::kernel::tick::MotionTaskView::vehicle_motion_outcome,8,0.01846381093057607
ntkrnlmp.exe!***unknown***,caller,laneflow-urban-harness.exe!sha2::sha256::x86_sha::compress,5,0.011539881831610045
ntkrnlmp.exe!***unknown***,caller,laneflow-urban-harness.exe!laneflow_urban_harness::observe::counts,4,0.009231905465288036
ntkrnlmp.exe!***unknown***,caller,laneflow-urban-harness.exe!laneflow_runtime::kernel::phase::StepReadView::calculate_active_vehicle_motion,4,0.009231905465288036
ntkrnlmp.exe!***unknown***,caller,laneflow-urban-harness.exe!laneflow_runtime::kernel::phase::StepWorkspace::stage_vehicle_transitions,4,0.009231905465288036
ntkrnlmp.exe!***unknown***,caller,laneflow-urban-harness.exe!laneflow_runtime::kernel::tick::si_comfort_travel,4,0.009231905465288036
ntkrnlmp.exe!***unknown***,caller,"laneflow-urban-harness.exe!hashbrown::map::HashMap<laneflow_runtime::kernel::handle::VehicleHandle,enum2$<laneflow_runtime::kernel::parking::ParkingBinding>,std::hash::random::RandomState,alloc::alloc::Global>::get<laneflow_runtime::kernel::handle::VehicleHandle,enum2$<laneflow_runtime::kernel::parking::ParkingBinding>,std::hash::random::RandomState,alloc::alloc::Global,laneflow_runtime::kernel::handle::VehicleHandle>",4,0.009231905465288036
ntkrnlmp.exe!***unknown***,caller,"laneflow-urban-harness.exe!core::slice::sort::unstable::quicksort::quicksort<tuple$<u32,u64,u64,laneflow_urban_harness::runner::IndividualId>,bool (*)(ref$<tuple$<u32,u64,u64,laneflow_urban_harness::runner::IndividualId> >,ref$<tuple$<u32,u64,u64,laneflow_urban_harness::runner::IndividualId> >)>",2,0.004615952732644018
ntkrnlmp.exe!***unknown***,caller,laneflow-urban-harness.exe!laneflow_runtime::kernel::occupancy::OccupancyIndex::leader_relation,2,0.004615952732644018
ntkrnlmp.exe!***unknown***,caller,"laneflow-urban-harness.exe!alloc::collections::binary_heap::BinaryHeap<core::cmp::Reverse<laneflow_runtime::kernel::conflict_tick::ReadyCandidate>,alloc::alloc::Global>::pop<core::cmp::Reverse<laneflow_runtime::kernel::conflict_tick::ReadyCandidate>,alloc::alloc::Global>",2,0.004615952732644018
ntkrnlmp.exe!***unknown***,caller,laneflow-urban-harness.exe!laneflow_runtime::kernel::downstream_index::DownstreamIndex::insert_at,2,0.004615952732644018
ntkrnlmp.exe!***unknown***,caller,"laneflow-urban-harness.exe!core::hash::BuildHasher::hash_one<std::hash::random::RandomState,ref$<laneflow_runtime::kernel::handle::RouteHandle> >",1,0.002307976366322009
ntkrnlmp.exe!***unknown***,caller,"laneflow-urban-harness.exe!core::hash::BuildHasher::hash_one<std::hash::random::RandomState,ref$<enum2$<laneflow_runtime::kernel::parking::ParkingTarget> > >",1,0.002307976366322009
ntkrnlmp.exe!***unknown***,caller,laneflow-urban-harness.exe!laneflow_urban_harness::observe::Hash::flush,1,0.002307976366322009
ntkrnlmp.exe!***unknown***,caller,laneflow-urban-harness.exe!laneflow_urban_harness::runner::Harness::advance,1,0.002307976366322009
ntkrnlmp.exe!***unknown***,caller,"laneflow-urban-harness.exe!core::slice::sort::shared::smallsort::small_sort_general<tuple$<u32,u64,u64,laneflow_urban_harness::runner::IndividualId>,bool (*)(ref$<tuple$<u32,u64,u64,laneflow_urban_harness::runner::IndividualId> >,ref$<tuple$<u32,u64,u64,laneflow_urban_harness::runner::IndividualId> >)>",1,0.002307976366322009
ntkrnlmp.exe!***unknown***,caller,laneflow-urban-harness.exe!laneflow_runtime::facade::TrafficWorld::parking_binding,1,0.002307976366322009
ntkrnlmp.exe!***unknown***,caller,laneflow-urban-harness.exe!laneflow_runtime::facade::TrafficWorld::vehicle,1,0.002307976366322009
ntkrnlmp.exe!***unknown***,caller,laneflow-urban-harness.exe!laneflow_runtime::kernel::phase::StepReadView::gate_policy_decision_with_signals,1,0.002307976366322009
ntkrnlmp.exe!***unknown***,caller,laneflow-urban-harness.exe!laneflow_runtime::kernel::phase::StepReadView::conflict_passage_occurrence_locator,1,0.002307976366322009
ntkrnlmp.exe!***unknown***,caller,laneflow-urban-harness.exe!laneflow_runtime::kernel::phase::StepReadView::scope_near_gate,1,0.002307976366322009
ntkrnlmp.exe!***unknown***,caller,"laneflow-urban-harness.exe!enum2$<core::option::Option<laneflow_runtime::kernel::tick::MotionPreview> >::or_else<laneflow_runtime::kernel::tick::MotionPreview,laneflow_runtime::kernel::conflict_tick::impl$9::evaluate_candidate::closure_env$8>",1,0.002307976366322009
ntkrnlmp.exe!***unknown***,caller,laneflow-urban-harness.exe!laneflow_runtime::kernel::conflict_tick::ConflictTaskView::evaluate_candidate,1,0.002307976366322009
ntkrnlmp.exe!***unknown***,caller,laneflow-urban-harness.exe!laneflow_runtime::kernel::occupancy::rebuild_occupancy_index,1,0.002307976366322009
ntkrnlmp.exe!***unknown***,caller,laneflow-urban-harness.exe!laneflow_runtime::kernel::world::fill_signal_aspects,1,0.002307976366322009
ntkrnlmp.exe!***unknown***,caller,laneflow-urban-harness.exe!laneflow_runtime::kernel::conflict::ConflictRead::reservation,1,0.002307976366322009
ntkrnlmp.exe!***unknown***,caller,laneflow-urban-harness.exe!laneflow_runtime::kernel::tables::for_each_admission_interval<laneflow_runtime::kernel::occupancy::visit_occupancy_records::closure_env$0<laneflow_runtime::kernel::occupancy::rebuild_occupancy_index::closure_env$1> >,1,0.002307976366322009
ntkrnlmp.exe!***unknown***,caller,"laneflow-urban-harness.exe!core::slice::sort::shared::smallsort::insertion_sort_shift_left<laneflow_runtime::kernel::conflict_tick::ConflictDecision,core::slice::impl$0::sort_unstable_by_key::closure_env$0<laneflow_runtime::kernel::conflict_tick::ConflictDecision,tuple$<u32,u32,enum2$<core::option::Option<laneflow_runtime::kernel::conflict::ConflictPassageAddress> > >,laneflow_runtime::kernel::conflict_tick::impl$6::finalize_conflict_step::closure_env$15> >",1,0.002307976366322009
ntkrnlmp.exe!***unknown***,caller,laneflow-urban-harness.exe!laneflow_static_network::relations::SharedRelationClosure::maneuver_gate,1,0.002307976366322009
laneflow-urban-harness.exe!lf707_profile::quality_motion,caller,laneflow-urban-harness.exe!laneflow_urban_harness::observe::state,122,0.2815731166912851
dxgmms2.sys!***unknown***,callee,dxgmms2.sys!***unknown***,70,0.16155834564254062
dxgmms2.sys!***unknown***,callee,dxgmms2.sys!***unknown***,52,0.12001477104874446
dxgmms2.sys!***unknown***,caller,dxgmms2.sys!***unknown***,122,0.2815731166912851
ntkrnlmp.exe!***unknown***,callee,ntkrnlmp.exe!***unknown***,117,0.27003323485967506
ntkrnlmp.exe!***unknown***,callee,ntkrnlmp.exe!***unknown***,2,0.004615952732644018
ntkrnlmp.exe!***unknown***,callee,ntkrnlmp.exe!***unknown*** (trimmed),1,0.002307976366322009
ntkrnlmp.exe!***unknown***,caller,ntkrnlmp.exe!***unknown***,120,0.27695716395864106
laneflow-urban-harness.exe!laneflow_runtime::facade::TrafficWorld::route_edges,caller,laneflow-urban-harness.exe!laneflow_urban_harness::observe::state,107,0.24695347119645494
laneflow-urban-harness.exe!laneflow_runtime::facade::TrafficWorld::route_edges,caller,laneflow-urban-harness.exe!laneflow_urban_harness::observe::red_waiters,13,0.030003692762186115
"laneflow-urban-harness.exe!core::slice::sort::unstable::ipnsort<laneflow_runtime::kernel::conflict_tick::ConflictCandidate,core::slice::impl$0::sort_unstable_by_key::closure_env$0<laneflow_runtime::kernel::conflict_tick::ConflictCandidate,tuple$<laneflow_runtime::kernel::conflict::ConflictCandidateOrderKey,u32>,laneflow_runtime::kernel::conflict_tick::impl$6::prepare_conflict_candidates::closure_env$1> >",callee,"laneflow-urban-harness.exe!core::slice::sort::unstable::quicksort::quicksort<laneflow_runtime::kernel::conflict_tick::ConflictCandidate,core::slice::impl$0::sort_unstable_by_key::closure_env$0<laneflow_runtime::kernel::conflict_tick::ConflictCandidate,tuple$<laneflow_runtime::kernel::conflict::ConflictCandidateOrderKey,u32>,laneflow_runtime::kernel::conflict_tick::impl$6::prepare_conflict_candidates::closure_env$1> >",120,0.27695716395864106
"laneflow-urban-harness.exe!core::slice::sort::unstable::ipnsort<laneflow_runtime::kernel::conflict_tick::ConflictCandidate,core::slice::impl$0::sort_unstable_by_key::closure_env$0<laneflow_runtime::kernel::conflict_tick::ConflictCandidate,tuple$<laneflow_runtime::kernel::conflict::ConflictCandidateOrderKey,u32>,laneflow_runtime::kernel::conflict_tick::impl$6::prepare_conflict_candidates::closure_env$1> >",caller,laneflow-urban-harness.exe!laneflow_runtime::kernel::phase::StepWorkspace::stage_vehicle_transitions,120,0.27695716395864106
ntkrnlmp.exe!***unknown***,callee,ntkrnlmp.exe!***unknown***,112,0.258493353028065
ntkrnlmp.exe!***unknown***,callee,ntkrnlmp.exe!***unknown***,3,0.006923929098966027
ntkrnlmp.exe!***unknown***,callee,ntkrnlmp.exe!***unknown*** (trimmed),2,0.004615952732644018
ntkrnlmp.exe!***unknown***,caller,ntkrnlmp.exe!***unknown***,117,0.27003323485967506
laneflow-urban-harness.exe!std::sys::sync::condvar::futex::Condvar::wait,callee,Kernelbase.dll!***unknown***,112,0.258493353028065
laneflow-urban-harness.exe!std::sys::sync::condvar::futex::Condvar::wait,callee,laneflow-urban-harness.exe!std::sys::sync::mutex::futex::Mutex::lock_contended,4,0.009231905465288036
laneflow-urban-harness.exe!std::sys::sync::condvar::futex::Condvar::wait,caller,laneflow-urban-harness.exe!rayon_core::sleep::Sleep::sleep<rayon_core::registry::impl$10::wait_until_cold::closure_env$0>,90,0.2077178729689808
laneflow-urban-harness.exe!std::sys::sync::condvar::futex::Condvar::wait,caller,laneflow-urban-harness.exe!rayon_core::latch::LockLatch::wait,27,0.06231536189069424
ntkrnlmp.exe!***unknown***,callee,ntkrnlmp.exe!***unknown***,31,0.07154726735598227
ntkrnlmp.exe!***unknown***,callee,ntkrnlmp.exe!***unknown***,16,0.03692762186115214
ntkrnlmp.exe!***unknown***,callee,ntkrnlmp.exe!***unknown***,9,0.02077178729689808
ntkrnlmp.exe!***unknown***,callee,ntkrnlmp.exe!***unknown***,7,0.01615583456425406
ntkrnlmp.exe!***unknown***,callee,ntkrnlmp.exe!***unknown***,6,0.013847858197932054
ntkrnlmp.exe!***unknown***,callee,ntkrnlmp.exe!***unknown***,5,0.011539881831610045
ntkrnlmp.exe!***unknown***,callee,ntkrnlmp.exe!***unknown***,5,0.011539881831610045
ntkrnlmp.exe!***unknown***,callee,ntkrnlmp.exe!***unknown*** (trimmed),4,0.009231905465288036
ntkrnlmp.exe!***unknown***,callee,ntkrnlmp.exe!***unknown*** (trimmed),4,0.009231905465288036
ntkrnlmp.exe!***unknown***,callee,ntkrnlmp.exe!***unknown*** (trimmed),3,0.006923929098966027
ntkrnlmp.exe!***unknown***,callee,ntkrnlmp.exe!***unknown*** (trimmed),3,0.006923929098966027
ntkrnlmp.exe!***unknown***,callee,ntkrnlmp.exe!***unknown*** (trimmed),3,0.006923929098966027
ntkrnlmp.exe!***unknown***,callee,ntkrnlmp.exe!***unknown*** (trimmed),2,0.004615952732644018
ntkrnlmp.exe!***unknown***,callee,ntkrnlmp.exe!***unknown*** (trimmed),2,0.004615952732644018
ntkrnlmp.exe!***unknown***,callee,ntkrnlmp.exe!***unknown*** (trimmed),2,0.004615952732644018
ntkrnlmp.exe!***unknown***,callee,ntkrnlmp.exe!***unknown*** (trimmed),2,0.004615952732644018
ntkrnlmp.exe!***unknown***,callee,ntkrnlmp.exe!***unknown*** (trimmed),2,0.004615952732644018
ntkrnlmp.exe!***unknown***,callee,ntkrnlmp.exe!***unknown*** (trimmed),1,0.002307976366322009
ntkrnlmp.exe!***unknown***,callee,ntkrnlmp.exe!***unknown*** (trimmed),1,0.002307976366322009
ntkrnlmp.exe!***unknown***,callee,ntkrnlmp.exe!***unknown*** (trimmed),1,0.002307976366322009
ntkrnlmp.exe!***unknown***,callee,ntkrnlmp.exe!***unknown*** (trimmed),1,0.002307976366322009
ntkrnlmp.exe!***unknown***,callee,ntkrnlmp.exe!***unknown*** (trimmed),1,0.002307976366322009
ntkrnlmp.exe!***unknown***,callee,ntkrnlmp.exe!***unknown*** (trimmed),1,0.002307976366322009
ntkrnlmp.exe!***unknown***,callee,ntkrnlmp.exe!***unknown*** (trimmed),1,0.002307976366322009
ntkrnlmp.exe!***unknown***,caller,ntkrnlmp.exe!***unknown***,114,0.263109305760709
laneflow-urban-harness.exe!laneflow_runtime::kernel::phase::StepReadView::parking_state_valid_with_binding,caller,laneflow-urban-harness.exe!laneflow_runtime::kernel::tick::MotionTaskView::vehicle_motion_outcome,114,0.263109305760709
"laneflow-urban-harness.exe!serde_json::number::impl$6::serialize<ref_mut$<serde_json::ser::Serializer<ref_mut$<alloc::vec::Vec<u8,alloc::alloc::Global> >,serde_json::ser::CompactFormatter> > >",callee,laneflow-urban-harness.exe!itoa::impl$32::fmt,40,0.09231905465288036
"laneflow-urban-harness.exe!serde_json::number::impl$6::serialize<ref_mut$<serde_json::ser::Serializer<ref_mut$<alloc::vec::Vec<u8,alloc::alloc::Global> >,serde_json::ser::CompactFormatter> > >",callee,vcruntime140.dll!***unknown***,23,0.053083456425406204
"laneflow-urban-harness.exe!serde_json::number::impl$6::serialize<ref_mut$<serde_json::ser::Serializer<ref_mut$<alloc::vec::Vec<u8,alloc::alloc::Global> >,serde_json::ser::CompactFormatter> > >",callee,vcruntime140.dll!***unknown***,10,0.02307976366322009
"laneflow-urban-harness.exe!serde_json::number::impl$6::serialize<ref_mut$<serde_json::ser::Serializer<ref_mut$<alloc::vec::Vec<u8,alloc::alloc::Global> >,serde_json::ser::CompactFormatter> > >",callee,vcruntime140.dll!***unknown***,5,0.011539881831610045
"laneflow-urban-harness.exe!serde_json::number::impl$6::serialize<ref_mut$<serde_json::ser::Serializer<ref_mut$<alloc::vec::Vec<u8,alloc::alloc::Global> >,serde_json::ser::CompactFormatter> > >",callee,laneflow-urban-harness.exe!alloc::raw_vec::impl$4::reserve::do_reserve_and_handle<alloc::alloc::Global>,3,0.006923929098966027
"laneflow-urban-harness.exe!serde_json::number::impl$6::serialize<ref_mut$<serde_json::ser::Serializer<ref_mut$<alloc::vec::Vec<u8,alloc::alloc::Global> >,serde_json::ser::CompactFormatter> > >",callee,vcruntime140.dll!***unknown***,2,0.004615952732644018
"laneflow-urban-harness.exe!serde_json::number::impl$6::serialize<ref_mut$<serde_json::ser::Serializer<ref_mut$<alloc::vec::Vec<u8,alloc::alloc::Global> >,serde_json::ser::CompactFormatter> > >",callee,vcruntime140.dll!***unknown***,1,0.002307976366322009
"laneflow-urban-harness.exe!serde_json::number::impl$6::serialize<ref_mut$<serde_json::ser::Serializer<ref_mut$<alloc::vec::Vec<u8,alloc::alloc::Global> >,serde_json::ser::CompactFormatter> > >",caller,"laneflow-urban-harness.exe!serde_core::ser::Serializer::collect_seq<ref_mut$<serde_json::ser::Serializer<ref_mut$<alloc::vec::Vec<u8,alloc::alloc::Global> >,serde_json::ser::CompactFormatter> >,ref$<alloc::vec::Vec<enum2$<serde_json::value::Value>,alloc::alloc::Global> > >",86,0.19848596750369277
"laneflow-urban-harness.exe!serde_json::number::impl$6::serialize<ref_mut$<serde_json::ser::Serializer<ref_mut$<alloc::vec::Vec<u8,alloc::alloc::Global> >,serde_json::ser::CompactFormatter> > >",caller,"laneflow-urban-harness.exe!serde_json::value::ser::impl$0::serialize<ref_mut$<serde_json::ser::Serializer<ref_mut$<alloc::vec::Vec<u8,alloc::alloc::Global> >,serde_json::ser::CompactFormatter> > >",26,0.06000738552437223
nvlddmkm.sys!***unknown***,callee,ntkrnlmp.exe!***unknown***,2,0.004615952732644018
nvlddmkm.sys!***unknown***,caller,nvlddmkm.sys!***unknown***,14,0.03231166912850812
nvlddmkm.sys!***unknown***,caller,nvlddmkm.sys!***unknown***,10,0.02307976366322009
nvlddmkm.sys!***unknown***,caller,nvlddmkm.sys!***unknown***,6,0.013847858197932054
nvlddmkm.sys!***unknown***,caller,nvlddmkm.sys!***unknown***,6,0.013847858197932054
nvlddmkm.sys!***unknown***,caller,nvlddmkm.sys!***unknown***,5,0.011539881831610045
nvlddmkm.sys!***unknown***,caller,nvlddmkm.sys!***unknown***,4,0.009231905465288036
nvlddmkm.sys!***unknown***,caller,nvlddmkm.sys!***unknown*** (trimmed),3,0.006923929098966027
nvlddmkm.sys!***unknown***,caller,nvlddmkm.sys!***unknown***,3,0.006923929098966027
nvlddmkm.sys!***unknown***,caller,nvlddmkm.sys!***unknown*** (trimmed),3,0.006923929098966027
nvlddmkm.sys!***unknown***,caller,nvlddmkm.sys!***unknown***,3,0.006923929098966027
nvlddmkm.sys!***unknown***,caller,nvlddmkm.sys!***unknown*** (trimmed),2,0.004615952732644018
nvlddmkm.sys!***unknown***,caller,nvlddmkm.sys!***unknown*** (trimmed),2,0.004615952732644018
nvlddmkm.sys!***unknown***,caller,nvlddmkm.sys!***unknown***,2,0.004615952732644018
nvlddmkm.sys!***unknown***,caller,nvlddmkm.sys!***unknown*** (trimmed),2,0.004615952732644018
nvlddmkm.sys!***unknown***,caller,nvlddmkm.sys!***unknown***,2,0.004615952732644018
nvlddmkm.sys!***unknown***,caller,nvlddmkm.sys!***unknown*** (trimmed),2,0.004615952732644018
nvlddmkm.sys!***unknown***,caller,nvlddmkm.sys!***unknown*** (trimmed),1,0.002307976366322009
nvlddmkm.sys!***unknown***,caller,nvlddmkm.sys!***unknown*** (trimmed),1,0.002307976366322009
nvlddmkm.sys!***unknown***,caller,nvlddmkm.sys!***unknown***,1,0.002307976366322009
nvlddmkm.sys!***unknown***,caller,nvlddmkm.sys!***unknown*** (trimmed),1,0.002307976366322009
nvlddmkm.sys!***unknown***,caller,nvlddmkm.sys!***unknown*** (trimmed),1,0.002307976366322009
nvlddmkm.sys!***unknown***,caller,nvlddmkm.sys!***unknown*** (trimmed),1,0.002307976366322009
nvlddmkm.sys!***unknown***,caller,nvlddmkm.sys!***unknown*** (trimmed),1,0.002307976366322009
nvlddmkm.sys!***unknown***,caller,nvlddmkm.sys!***unknown*** (trimmed),1,0.002307976366322009
nvlddmkm.sys!***unknown***,caller,nvlddmkm.sys!***unknown*** (trimmed),1,0.002307976366322009
nvlddmkm.sys!***unknown***,caller,nvlddmkm.sys!***unknown*** (trimmed),1,0.002307976366322009
nvlddmkm.sys!***unknown***,caller,nvlddmkm.sys!***unknown***,1,0.002307976366322009
nvlddmkm.sys!***unknown***,caller,nvlddmkm.sys!***unknown*** (trimmed),1,0.002307976366322009
nvlddmkm.sys!***unknown***,caller,nvlddmkm.sys!***unknown*** (trimmed),1,0.002307976366322009
nvlddmkm.sys!***unknown***,caller,nvlddmkm.sys!***unknown*** (trimmed),1,0.002307976366322009
nvlddmkm.sys!***unknown***,caller,nvlddmkm.sys!***unknown*** (trimmed),1,0.002307976366322009
nvlddmkm.sys!***unknown***,caller,nvlddmkm.sys!***unknown*** (trimmed),1,0.002307976366322009
nvlddmkm.sys!***unknown***,caller,nvlddmkm.sys!***unknown*** (trimmed),1,0.002307976366322009
nvlddmkm.sys!***unknown***,caller,nvlddmkm.sys!***unknown*** (trimmed),1,0.002307976366322009
nvlddmkm.sys!***unknown***,caller,nvlddmkm.sys!***unknown*** (trimmed),1,0.002307976366322009
nvlddmkm.sys!***unknown***,caller,nvlddmkm.sys!***unknown*** (trimmed),1,0.002307976366322009
nvlddmkm.sys!***unknown***,caller,nvlddmkm.sys!***unknown*** (trimmed),1,0.002307976366322009
nvlddmkm.sys!***unknown***,caller,nvlddmkm.sys!***unknown*** (trimmed),1,0.002307976366322009
nvlddmkm.sys!***unknown***,caller,nvlddmkm.sys!***unknown*** (trimmed),1,0.002307976366322009
nvlddmkm.sys!***unknown***,caller,nvlddmkm.sys!***unknown*** (trimmed),1,0.002307976366322009
nvlddmkm.sys!***unknown***,caller,nvlddmkm.sys!***unknown*** (trimmed),1,0.002307976366322009
nvlddmkm.sys!***unknown***,caller,nvlddmkm.sys!***unknown*** (trimmed),1,0.002307976366322009
nvlddmkm.sys!***unknown***,caller,nvlddmkm.sys!***unknown*** (trimmed),1,0.002307976366322009
nvlddmkm.sys!***unknown***,caller,nvlddmkm.sys!***unknown*** (trimmed),1,0.002307976366322009
nvlddmkm.sys!***unknown***,caller,nvlddmkm.sys!***unknown*** (trimmed),1,0.002307976366322009
nvlddmkm.sys!***unknown***,caller,nvlddmkm.sys!***unknown*** (trimmed),1,0.002307976366322009
nvlddmkm.sys!***unknown***,caller,nvlddmkm.sys!***unknown*** (trimmed),1,0.002307976366322009
nvlddmkm.sys!***unknown***,caller,nvlddmkm.sys!***unknown*** (trimmed),1,0.002307976366322009
nvlddmkm.sys!***unknown***,caller,nvlddmkm.sys!***unknown*** (trimmed),1,0.002307976366322009
nvlddmkm.sys!***unknown***,caller,nvlddmkm.sys!***unknown*** (trimmed),1,0.002307976366322009
nvlddmkm.sys!***unknown***,caller,nvlddmkm.sys!***unknown*** (trimmed),1,0.002307976366322009
nvlddmkm.sys!***unknown***,caller,nvlddmkm.sys!***unknown*** (trimmed),1,0.002307976366322009
nvlddmkm.sys!***unknown***,caller,nvlddmkm.sys!***unknown***,1,0.002307976366322009
nvlddmkm.sys!***unknown***,caller,nvlddmkm.sys!***unknown*** (trimmed),1,0.002307976366322009
nvlddmkm.sys!***unknown***,caller,nvlddmkm.sys!***unknown***,1,0.002307976366322009
nvlddmkm.sys!***unknown***,caller,nvlddmkm.sys!***unknown*** (trimmed),1,0.002307976366322009
nvlddmkm.sys!***unknown***,caller,nvlddmkm.sys!***unknown*** (trimmed),1,0.002307976366322009
"laneflow-urban-harness.exe!serde_core::ser::SerializeMap::serialize_entry<enum2$<serde_json::ser::Compound<ref_mut$<std::io::buffered::bufwriter::BufWriter<std::fs::File> >,serde_json::ser::CompactFormatter> >,alloc::string::String,enum2$<serde_json::value::Value> >",callee,"laneflow-urban-harness.exe!serde_json::ser::format_escaped_str<ref_mut$<std::io::buffered::bufwriter::BufWriter<std::fs::File> >,serde_json::ser::PrettyFormatter>",77,0.1777141802067947
"laneflow-urban-harness.exe!serde_core::ser::SerializeMap::serialize_entry<enum2$<serde_json::ser::Compound<ref_mut$<std::io::buffered::bufwriter::BufWriter<std::fs::File> >,serde_json::ser::CompactFormatter> >,alloc::string::String,enum2$<serde_json::value::Value> >",callee,laneflow-urban-harness.exe!std::io::buffered::bufwriter::BufWriter<std::fs::File>::write_all_cold<std::fs::File>,2,0.004615952732644018
"laneflow-urban-harness.exe!serde_core::ser::SerializeMap::serialize_entry<enum2$<serde_json::ser::Compound<ref_mut$<std::io::buffered::bufwriter::BufWriter<std::fs::File> >,serde_json::ser::CompactFormatter> >,alloc::string::String,enum2$<serde_json::value::Value> >",caller,"laneflow-urban-harness.exe!serde_json::ser::to_writer<ref_mut$<std::io::buffered::bufwriter::BufWriter<std::fs::File> >,enum2$<serde_json::value::Value> >",69,0.1592503692762186
"laneflow-urban-harness.exe!serde_core::ser::SerializeMap::serialize_entry<enum2$<serde_json::ser::Compound<ref_mut$<std::io::buffered::bufwriter::BufWriter<std::fs::File> >,serde_json::ser::CompactFormatter> >,alloc::string::String,enum2$<serde_json::value::Value> >",caller,"laneflow-urban-harness.exe!serde_json::value::ser::impl$0::serialize<ref_mut$<serde_json::ser::Serializer<ref_mut$<std::io::buffered::bufwriter::BufWriter<std::fs::File> >,serde_json::ser::CompactFormatter> > >",41,0.09462703101920236
vcruntime140.dll!***unknown***,caller,laneflow-urban-harness.exe!laneflow_urban_harness::observe::Hash::flush,42,0.09693500738552437
vcruntime140.dll!***unknown***,caller,laneflow-urban-harness.exe!laneflow_urban_harness::observe::Hash::bytes,27,0.06231536189069424
vcruntime140.dll!***unknown***,caller,"laneflow-urban-harness.exe!serde_json::number::impl$6::serialize<ref_mut$<serde_json::ser::Serializer<ref_mut$<alloc::vec::Vec<u8,alloc::alloc::Global> >,serde_json::ser::CompactFormatter> > >",10,0.02307976366322009
vcruntime140.dll!***unknown***,caller,"laneflow-urban-harness.exe!rayon_core::scope::ScopeBase::execute_job_closure<rayon_core::scope::impl$0::spawn::closure$0::closure_env$0<laneflow_runtime::kernel::execution::impl$4::try_for_each_chunk::closure$0::closure_env$0<laneflow_runtime::kernel::tick::VehicleMotionOutcome,laneflow_runtime::kernel::tick::prepare_motion_dispatched::closure_env$0> >,tuple$<> >",4,0.009231905465288036
vcruntime140.dll!***unknown***,caller,"laneflow-urban-harness.exe!enum2$<laneflow_runtime::kernel::execution::ExecutionResources>::try_for_each_chunk<laneflow_runtime::kernel::tick::VehicleMotionOutcome,laneflow_runtime::kernel::tick::prepare_motion_dispatched::closure_env$0>",4,0.009231905465288036
vcruntime140.dll!***unknown***,caller,"laneflow-urban-harness.exe!serde_json::ser::format_escaped_str<ref_mut$<std::io::buffered::bufwriter::BufWriter<std::fs::File> >,serde_json::ser::PrettyFormatter>",3,0.006923929098966027
vcruntime140.dll!***unknown***,caller,"laneflow-urban-harness.exe!laneflow_runtime::kernel::execution::run_dispatch_chunk<enum2$<laneflow_runtime::kernel::conflict_tick::CandidateReport>,laneflow_runtime::kernel::conflict_tick::impl$6::prepare_conflict_candidates_dispatched::closure_env$2>",3,0.006923929098966027
vcruntime140.dll!***unknown***,caller,"laneflow-urban-harness.exe!core::slice::sort::shared::smallsort::insertion_sort_shift_left<laneflow_runtime::kernel::conflict_tick::ConflictCandidate,core::slice::impl$0::sort_unstable_by_key::closure_env$0<laneflow_runtime::kernel::conflict_tick::ConflictCandidate,tuple$<laneflow_runtime::kernel::conflict::ConflictCandidateOrderKey,u32>,laneflow_runtime::kernel::conflict_tick::impl$6::prepare_conflict_candidates::closure_env$1> >",3,0.006923929098966027
vcruntime140.dll!***unknown***,caller,"laneflow-urban-harness.exe!serde_json::ser::format_escaped_str<ref_mut$<alloc::vec::Vec<u8,alloc::alloc::Global> >,serde_json::ser::PrettyFormatter>",2,0.004615952732644018
vcruntime140.dll!***unknown***,caller,"laneflow-urban-harness.exe!rayon_core::scope::ScopeBase::execute_job_closure<rayon_core::scope::impl$0::spawn::closure$0::closure_env$0<laneflow_runtime::kernel::execution::impl$4::try_for_each_chunk::closure$0::closure_env$0<laneflow_runtime::kernel::tick::WaitingPreviewEntry,laneflow_runtime::kernel::waiting::prepare_waiting_previews_dispatched::closure_env$0> >,tuple$<> >",2,0.004615952732644018
vcruntime140.dll!***unknown***,caller,"laneflow-urban-harness.exe!core::slice::sort::unstable::quicksort::quicksort<laneflow_runtime::kernel::conflict_tick::ConflictCandidate,core::slice::impl$0::sort_unstable_by_key::closure_env$0<laneflow_runtime::kernel::conflict_tick::ConflictCandidate,tuple$<laneflow_runtime::kernel::conflict::ConflictCandidateOrderKey,u32>,laneflow_runtime::kernel::conflict_tick::impl$6::prepare_conflict_candidates::closure_env$1> >",2,0.004615952732644018
vcruntime140.dll!***unknown***,caller,laneflow-urban-harness.exe!serde_json::value::ser::impl$8::serialize_field<u32>,1,0.002307976366322009
vcruntime140.dll!***unknown***,caller,"laneflow-urban-harness.exe!serde_json::number::impl$6::serialize<ref_mut$<serde_json::ser::Serializer<ref_mut$<std::io::buffered::bufwriter::BufWriter<std::fs::File> >,serde_json::ser::CompactFormatter> > >",1,0.002307976366322009
vcruntime140.dll!***unknown***,caller,laneflow-urban-harness.exe!laneflow_urban_harness::observe::passage,1,0.002307976366322009
vcruntime140.dll!***unknown***,caller,laneflow-urban-harness.exe!laneflow_runtime::kernel::phase::StepWorkspace::stage_vehicle_transitions,1,0.002307976366322009
vcruntime140.dll!***unknown***,caller,laneflow-urban-harness.exe!laneflow_runtime::kernel::conflict_tick::ConflictTaskView::evaluate_candidate,1,0.002307976366322009
vcruntime140.dll!***unknown***,caller,laneflow-urban-harness.exe!alloc::string::impl$6::clone,1,0.002307976366322009
laneflow-urban-harness.exe!laneflow_runtime::kernel::conflict::ConflictRead::cells_unavailable,callee,ntkrnlmp.exe!***unknown***,1,0.002307976366322009
laneflow-urban-harness.exe!laneflow_runtime::kernel::conflict::ConflictRead::cells_unavailable,callee,ntkrnlmp.exe!***unknown***,1,0.002307976366322009
laneflow-urban-harness.exe!laneflow_runtime::kernel::conflict::ConflictRead::cells_unavailable,caller,laneflow-urban-harness.exe!laneflow_runtime::kernel::phase::StepWorkspace::stage_vehicle_transitions,108,0.24926144756277696
"laneflow-urban-harness.exe!serde_json::value::ser::impl$0::serialize<ref_mut$<serde_json::ser::Serializer<ref_mut$<std::io::buffered::bufwriter::BufWriter<std::fs::File> >,serde_json::ser::CompactFormatter> > >",callee,"laneflow-urban-harness.exe!serde_core::ser::SerializeMap::serialize_entry<enum2$<serde_json::ser::Compound<ref_mut$<std::io::buffered::bufwriter::BufWriter<std::fs::File> >,serde_json::ser::CompactFormatter> >,alloc::string::String,enum2$<serde_json::value::Value> >",41,0.09462703101920236
"laneflow-urban-harness.exe!serde_json::value::ser::impl$0::serialize<ref_mut$<serde_json::ser::Serializer<ref_mut$<std::io::buffered::bufwriter::BufWriter<std::fs::File> >,serde_json::ser::CompactFormatter> > >",callee,"laneflow-urban-harness.exe!serde_json::value::ser::impl$0::serialize<ref_mut$<serde_json::ser::Serializer<ref_mut$<std::io::buffered::bufwriter::BufWriter<std::fs::File> >,serde_json::ser::CompactFormatter> > >",23,0.053083456425406204
"laneflow-urban-harness.exe!serde_json::value::ser::impl$0::serialize<ref_mut$<serde_json::ser::Serializer<ref_mut$<std::io::buffered::bufwriter::BufWriter<std::fs::File> >,serde_json::ser::CompactFormatter> > >",callee,"laneflow-urban-harness.exe!serde_json::ser::format_escaped_str<ref_mut$<std::io::buffered::bufwriter::BufWriter<std::fs::File> >,serde_json::ser::PrettyFormatter>",13,0.030003692762186115
"laneflow-urban-harness.exe!serde_json::value::ser::impl$0::serialize<ref_mut$<serde_json::ser::Serializer<ref_mut$<std::io::buffered::bufwriter::BufWriter<std::fs::File> >,serde_json::ser::CompactFormatter> > >",callee,"laneflow-urban-harness.exe!serde_json::number::impl$6::serialize<ref_mut$<serde_json::ser::Serializer<ref_mut$<std::io::buffered::bufwriter::BufWriter<std::fs::File> >,serde_json::ser::CompactFormatter> > >",12,0.027695716395864108
"laneflow-urban-harness.exe!serde_json::value::ser::impl$0::serialize<ref_mut$<serde_json::ser::Serializer<ref_mut$<std::io::buffered::bufwriter::BufWriter<std::fs::File> >,serde_json::ser::CompactFormatter> > >",caller,"laneflow-urban-harness.exe!serde_json::ser::to_writer<ref_mut$<std::io::buffered::bufwriter::BufWriter<std::fs::File> >,enum2$<serde_json::value::Value> >",82,0.18925406203840472
"laneflow-urban-harness.exe!serde_json::value::ser::impl$0::serialize<ref_mut$<serde_json::ser::Serializer<ref_mut$<std::io::buffered::bufwriter::BufWriter<std::fs::File> >,serde_json::ser::CompactFormatter> > >",caller,"laneflow-urban-harness.exe!serde_json::value::ser::impl$0::serialize<ref_mut$<serde_json::ser::Serializer<ref_mut$<std::io::buffered::bufwriter::BufWriter<std::fs::File> >,serde_json::ser::CompactFormatter> > >",23,0.053083456425406204
"laneflow-urban-harness.exe!serde_json::value::ser::impl$0::serialize<ref_mut$<serde_json::ser::Serializer<ref_mut$<std::io::buffered::bufwriter::BufWriter<std::fs::File> >,serde_json::ser::CompactFormatter> > >",caller,"laneflow-urban-harness.exe!serde_core::ser::Serializer::collect_seq<ref_mut$<serde_json::ser::Serializer<ref_mut$<std::io::buffered::bufwriter::BufWriter<std::fs::File> >,serde_json::ser::CompactFormatter> >,ref$<alloc::vec::Vec<enum2$<serde_json::value::Value>,alloc::alloc::Global> > >",2,0.004615952732644018
"laneflow-urban-harness.exe!hashbrown::map::HashMap<u32,laneflow_urban_harness::runner::IndividualId,std::hash::random::RandomState,alloc::alloc::Global>::insert<u32,laneflow_urban_harness::runner::IndividualId,std::hash::random::RandomState,alloc::alloc::Global>",callee,"laneflow-urban-harness.exe!hashbrown::raw::RawTable<tuple$<u32,laneflow_urban_harness::runner::IndividualId>,alloc::alloc::Global>::reserve_rehash<tuple$<u32,laneflow_urban_harness::runner::IndividualId>,alloc::alloc::Global,hashbrown::map::make_hasher::closure_env$0<u32,laneflow_urban_harness::runner::IndividualId,std::hash::random::RandomState> >",48,0.11078286558345643
"laneflow-urban-harness.exe!hashbrown::map::HashMap<u32,laneflow_urban_harness::runner::IndividualId,std::hash::random::RandomState,alloc::alloc::Global>::insert<u32,laneflow_urban_harness::runner::IndividualId,std::hash::random::RandomState,alloc::alloc::Global>",callee,"laneflow-urban-harness.exe!core::hash::BuildHasher::hash_one<std::hash::random::RandomState,ref$<u32> >",36,0.08308714918759232
"laneflow-urban-harness.exe!hashbrown::map::HashMap<u32,laneflow_urban_harness::runner::IndividualId,std::hash::random::RandomState,alloc::alloc::Global>::insert<u32,laneflow_urban_harness::runner::IndividualId,std::hash::random::RandomState,alloc::alloc::Global>",caller,laneflow-urban-harness.exe!laneflow_urban_harness::observe::state,107,0.24695347119645494
ntdll.dll!***unknown***,callee,ntkrnlmp.exe!***unknown***,93,0.21464180206794684
ntdll.dll!***unknown***,callee,ntkrnlmp.exe!***unknown***,6,0.013847858197932054
ntdll.dll!***unknown***,callee,ntkrnlmp.exe!***unknown*** (trimmed),1,0.002307976366322009
ntdll.dll!***unknown***,caller,ntdll.dll!***unknown***,106,0.24464549483013293
laneflow-urban-harness.exe!std::sys::alloc::windows::process_heap_alloc,callee,kernel32.dll!***unknown***,26,0.06000738552437223
laneflow-urban-harness.exe!std::sys::alloc::windows::process_heap_alloc,callee,kernel32.dll!***unknown***,13,0.030003692762186115
laneflow-urban-harness.exe!std::sys::alloc::windows::process_heap_alloc,callee,kernel32.dll!***unknown*** (trimmed),4,0.009231905465288036
laneflow-urban-harness.exe!std::sys::alloc::windows::process_heap_alloc,caller,laneflow-urban-harness.exe!laneflow_urban_harness::observe::passage,62,0.14309453471196454
laneflow-urban-harness.exe!std::sys::alloc::windows::process_heap_alloc,caller,laneflow-urban-harness.exe!laneflow_urban_harness::runner::Harness::execute,14,0.03231166912850812
laneflow-urban-harness.exe!std::sys::alloc::windows::process_heap_alloc,caller,laneflow-urban-harness.exe!serde_json::value::ser::impl$8::serialize_field<u32>,6,0.013847858197932054
laneflow-urban-harness.exe!std::sys::alloc::windows::process_heap_alloc,caller,"laneflow-urban-harness.exe!serde_core::ser::impls::impl$107::serialize<enum2$<serde_json::value::Value>,serde_json::value::ser::Serializer>",4,0.009231905465288036
laneflow-urban-harness.exe!std::sys::alloc::windows::process_heap_alloc,caller,"laneflow-urban-harness.exe!hashbrown::raw::RawTable<tuple$<laneflow_runtime::kernel::handle::VehicleHandle,tuple$<> >,alloc::alloc::Global>::reserve_rehash<tuple$<laneflow_runtime::kernel::handle::VehicleHandle,tuple$<> >,alloc::alloc::Global,hashbrown::map::make_hasher::closure_env$0<laneflow_runtime::kernel::handle::VehicleHandle,tuple$<>,std::hash::random::RandomState> >",4,0.009231905465288036
laneflow-urban-harness.exe!std::sys::alloc::windows::process_heap_alloc,caller,"laneflow-urban-harness.exe!serde_core::ser::SerializeMap::serialize_entry<enum2$<serde_json::value::ser::SerializeMap>,alloc::string::String,enum2$<serde_json::value::Value> >",3,0.006923929098966027
laneflow-urban-harness.exe!std::sys::alloc::windows::process_heap_alloc,caller,"laneflow-urban-harness.exe!alloc::collections::btree::map::entry::VacantEntry<alloc::string::String,enum2$<serde_json::value::Value>,alloc::alloc::Global>::insert_entry<alloc::string::String,enum2$<serde_json::value::Value>,alloc::alloc::Global>",3,0.006923929098966027
laneflow-urban-harness.exe!std::sys::alloc::windows::process_heap_alloc,caller,laneflow-urban-harness.exe!laneflow_urban_harness::observe::events,2,0.004615952732644018
laneflow-urban-harness.exe!std::sys::alloc::windows::process_heap_alloc,caller,laneflow-urban-harness.exe!serde_json::value::to_value<ref$<ref$<str$> > >,2,0.004615952732644018
laneflow-urban-harness.exe!std::sys::alloc::windows::process_heap_alloc,caller,laneflow-urban-harness.exe!laneflow_urban_harness::observe::range,1,0.002307976366322009
laneflow-urban-harness.exe!std::sys::alloc::windows::process_heap_alloc,caller,"laneflow-urban-harness.exe!alloc::collections::btree::node::NodeRef<enum2$<alloc::collections::btree::node::marker::Owned>,u32,u8,enum2$<alloc::collections::btree::node::marker::LeafOrInternal> >::bulk_push<u32,u8,alloc::collections::btree::dedup_sorted_iter::DedupSortedIter<u32,u8,alloc::vec::into_iter::IntoIter<tuple$<u32,u8>,alloc::alloc::Global> >,alloc::alloc::Global>",1,0.002307976366322009
laneflow-urban-harness.exe!std::sys::alloc::windows::process_heap_alloc,caller,laneflow-urban-harness.exe!alloc::raw_vec::RawVecInner<alloc::alloc::Global>::finish_grow<alloc::alloc::Global>,1,0.002307976366322009
laneflow-urban-harness.exe!std::sys::alloc::windows::process_heap_alloc,caller,"laneflow-urban-harness.exe!hashbrown::raw::RawTable<tuple$<u32,laneflow_urban_harness::runner::IndividualId>,alloc::alloc::Global>::reserve_rehash<tuple$<u32,laneflow_urban_harness::runner::IndividualId>,alloc::alloc::Global,hashbrown::map::make_hasher::closure_env$0<u32,laneflow_urban_harness::runner::IndividualId,std::hash::random::RandomState> >",1,0.002307976366322009
laneflow-urban-harness.exe!std::sys::alloc::windows::process_heap_alloc,caller,laneflow-urban-harness.exe!alloc::raw_vec::RawVecInner::finish_grow<alloc::alloc::Global> (trimmed),1,0.002307976366322009
"laneflow-urban-harness.exe!serde_core::ser::impls::impl$107::serialize<enum2$<serde_json::value::Value>,serde_json::value::ser::Serializer>",callee,"laneflow-urban-harness.exe!serde_core::ser::SerializeMap::serialize_entry<enum2$<serde_json::value::ser::SerializeMap>,alloc::string::String,enum2$<serde_json::value::Value> >",85,0.19617799113737075
"laneflow-urban-harness.exe!serde_core::ser::impls::impl$107::serialize<enum2$<serde_json::value::Value>,serde_json::value::ser::Serializer>",callee,ntdll.dll!***unknown***,10,0.02307976366322009
"laneflow-urban-harness.exe!serde_core::ser::impls::impl$107::serialize<enum2$<serde_json::value::Value>,serde_json::value::ser::Serializer>",callee,laneflow-urban-harness.exe!std::sys::alloc::windows::process_heap_alloc,4,0.009231905465288036
"laneflow-urban-harness.exe!serde_core::ser::impls::impl$107::serialize<enum2$<serde_json::value::Value>,serde_json::value::ser::Serializer>",callee,ntdll.dll!***unknown*** (trimmed),1,0.002307976366322009
"laneflow-urban-harness.exe!serde_core::ser::impls::impl$107::serialize<enum2$<serde_json::value::Value>,serde_json::value::ser::Serializer>",caller,laneflow-urban-harness.exe!laneflow_urban_harness::runner::Harness::execute,75,0.17309822747415066
"laneflow-urban-harness.exe!serde_core::ser::impls::impl$107::serialize<enum2$<serde_json::value::Value>,serde_json::value::ser::Serializer>",caller,"laneflow-urban-harness.exe!serde_core::ser::SerializeMap::serialize_entry<enum2$<serde_json::value::ser::SerializeMap>,alloc::string::String,enum2$<serde_json::value::Value> >",28,0.06462333825701624
"laneflow-urban-harness.exe!serde_core::ser::impls::impl$107::serialize<enum2$<serde_json::value::Value>,serde_json::value::ser::Serializer>",caller,"laneflow-urban-harness.exe!serde_core::ser::Serializer::collect_seq<serde_json::value::ser::Serializer,ref$<alloc::vec::Vec<enum2$<serde_json::value::Value>,alloc::alloc::Global> > >",1,0.002307976366322009
ntkrnlmp.exe!***unknown***,callee,ntkrnlmp.exe!***unknown***,48,0.11078286558345643
ntkrnlmp.exe!***unknown***,callee,ntkrnlmp.exe!***unknown***,39,0.09001107828655834
ntkrnlmp.exe!***unknown***,callee,ntkrnlmp.exe!***unknown*** (trimmed),4,0.009231905465288036
ntkrnlmp.exe!***unknown***,callee,ntkrnlmp.exe!***unknown*** (trimmed),4,0.009231905465288036
ntkrnlmp.exe!***unknown***,callee,ntkrnlmp.exe!***unknown*** (trimmed),3,0.006923929098966027
ntkrnlmp.exe!***unknown***,callee,ntkrnlmp.exe!***unknown*** (trimmed),1,0.002307976366322009
ntkrnlmp.exe!***unknown***,callee,ntkrnlmp.exe!***unknown*** (trimmed),1,0.002307976366322009
ntkrnlmp.exe!***unknown***,callee,ntkrnlmp.exe!***unknown*** (trimmed),1,0.002307976366322009
ntkrnlmp.exe!***unknown***,callee,ntkrnlmp.exe!***unknown*** (trimmed),1,0.002307976366322009
ntkrnlmp.exe!***unknown***,caller,ntkrnlmp.exe!***unknown***,102,0.2354135893648449
ntkrnlmp.exe!***unknown***,callee,ntkrnlmp.exe!***unknown***,101,0.2331056129985229
ntkrnlmp.exe!***unknown***,caller,ntkrnlmp.exe!***unknown***,101,0.2331056129985229
ntkrnlmp.exe!***unknown***,callee,ntkrnlmp.exe!***unknown***,67,0.1546344165435746
ntkrnlmp.exe!***unknown***,callee,ntkrnlmp.exe!***unknown***,34,0.07847119645494831
ntkrnlmp.exe!***unknown***,caller,ntkrnlmp.exe!***unknown***,101,0.2331056129985229
ntdll.dll!***unknown***,callee,ntkrnlmp.exe!***unknown***,99,0.22848966026587889
ntdll.dll!***unknown***,callee,ntkrnlmp.exe!***unknown***,1,0.002307976366322009
ntdll.dll!***unknown***,callee,nvlddmkm.sys!***unknown*** (trimmed),1,0.002307976366322009
ntdll.dll!***unknown***,caller,ntdll.dll!***unknown***,101,0.2331056129985229
ntdll.dll!***unknown***,callee,ntdll.dll!***unknown***,101,0.2331056129985229
ntdll.dll!***unknown***,caller,laneflow-urban-harness.exe!rayon_core::sleep::Sleep::wake_specific_thread,88,0.20310192023633677
ntdll.dll!***unknown***,caller,laneflow-urban-harness.exe!rayon_core::latch::impl$11::set,13,0.030003692762186115
dxgmms2.sys!***unknown***,callee,dxgmms2.sys!***unknown***,95,0.21925775480059084
dxgmms2.sys!***unknown***,callee,dxgmms2.sys!***unknown***,5,0.011539881831610045
dxgmms2.sys!***unknown***,callee,dxgmms2.sys!***unknown*** (trimmed),1,0.002307976366322009
dxgmms2.sys!***unknown***,caller,dxgmms2.sys!***unknown***,96,0.22156573116691286
dxgmms2.sys!***unknown***,caller,dxgmms2.sys!***unknown***,5,0.011539881831610045
ntkrnlmp.exe!***unknown***,callee,ntkrnlmp.exe!***unknown***,66,0.15232644017725258
ntkrnlmp.exe!***unknown***,callee,ntkrnlmp.exe!***unknown***,17,0.039235598227474154
ntkrnlmp.exe!***unknown***,callee,ntkrnlmp.exe!***unknown*** (trimmed),4,0.009231905465288036
ntkrnlmp.exe!***unknown***,callee,ntkrnlmp.exe!***unknown*** (trimmed),2,0.004615952732644018
ntkrnlmp.exe!***unknown***,callee,ntkrnlmp.exe!***unknown*** (trimmed),1,0.002307976366322009
ntkrnlmp.exe!***unknown***,callee,ntkrnlmp.exe!***unknown*** (trimmed),1,0.002307976366322009
ntkrnlmp.exe!***unknown***,callee,ntkrnlmp.exe!***unknown*** (trimmed),1,0.002307976366322009
ntkrnlmp.exe!***unknown***,callee,ntkrnlmp.exe!***unknown*** (trimmed),1,0.002307976366322009
ntkrnlmp.exe!***unknown***,callee,ntkrnlmp.exe!***unknown*** (trimmed),1,0.002307976366322009
ntkrnlmp.exe!***unknown***,callee,ntkrnlmp.exe!***unknown*** (trimmed),1,0.002307976366322009
ntkrnlmp.exe!***unknown***,callee,ntkrnlmp.exe!***unknown*** (trimmed),1,0.002307976366322009
ntkrnlmp.exe!***unknown***,callee,ntkrnlmp.exe!***unknown*** (trimmed),1,0.002307976366322009
ntkrnlmp.exe!***unknown***,callee,ntkrnlmp.exe!***unknown*** (trimmed),1,0.002307976366322009
ntkrnlmp.exe!***unknown***,callee,ntkrnlmp.exe!***unknown*** (trimmed),1,0.002307976366322009
ntkrnlmp.exe!***unknown***,caller,ntkrnlmp.exe!***unknown***,95,0.21925775480059084
ntkrnlmp.exe!***unknown***,caller,ntkrnlmp.exe!***unknown***,4,0.009231905465288036
ntkrnlmp.exe!***unknown***,callee,ntkrnlmp.exe!***unknown***,46,0.10616691285081241
ntkrnlmp.exe!***unknown***,callee,ntkrnlmp.exe!***unknown***,14,0.03231166912850812
ntkrnlmp.exe!***unknown***,callee,ntkrnlmp.exe!***unknown***,9,0.02077178729689808
ntkrnlmp.exe!***unknown***,callee,ntkrnlmp.exe!***unknown***,8,0.01846381093057607
ntkrnlmp.exe!***unknown***,callee,ntkrnlmp.exe!***unknown***,6,0.013847858197932054
ntkrnlmp.exe!***unknown***,callee,ntkrnlmp.exe!***unknown*** (trimmed),3,0.006923929098966027
ntkrnlmp.exe!***unknown***,callee,ntkrnlmp.exe!***unknown*** (trimmed),2,0.004615952732644018
ntkrnlmp.exe!***unknown***,callee,ntkrnlmp.exe!***unknown*** (trimmed),2,0.004615952732644018
ntkrnlmp.exe!***unknown***,callee,ntkrnlmp.exe!***unknown*** (trimmed),1,0.002307976366322009
ntkrnlmp.exe!***unknown***,callee,ntkrnlmp.exe!***unknown*** (trimmed),1,0.002307976366322009
ntkrnlmp.exe!***unknown***,callee,ntkrnlmp.exe!***unknown*** (trimmed),1,0.002307976366322009
ntkrnlmp.exe!***unknown***,callee,ntkrnlmp.exe!***unknown*** (trimmed),1,0.002307976366322009
ntkrnlmp.exe!***unknown***,callee,ntkrnlmp.exe!***unknown*** (trimmed),1,0.002307976366322009
ntkrnlmp.exe!***unknown***,callee,ntkrnlmp.exe!***unknown*** (trimmed),1,0.002307976366322009
ntkrnlmp.exe!***unknown***,caller,ntkrnlmp.exe!***unknown***,98,0.22618168389955687
dxgmms2.sys!***unknown***,callee,dxgmms2.sys!***unknown***,91,0.2100258493353028
dxgmms2.sys!***unknown***,callee,dxgmms2.sys!***unknown*** (trimmed),3,0.006923929098966027
dxgmms2.sys!***unknown***,callee,dxgmms2.sys!***unknown*** (trimmed),2,0.004615952732644018
dxgmms2.sys!***unknown***,callee,dxgmms2.sys!***unknown*** (trimmed),1,0.002307976366322009
dxgmms2.sys!***unknown***,callee,dxgmms2.sys!***unknown*** (trimmed),1,0.002307976366322009
dxgmms2.sys!***unknown***,caller,dxgmms2.sys!***unknown***,95,0.21925775480059084
dxgmms2.sys!***unknown***,caller,dxgmms2.sys!***unknown*** (trimmed),2,0.004615952732644018
dxgmms2.sys!***unknown***,caller,dxgmms2.sys!***unknown*** (trimmed),1,0.002307976366322009
dxgmms2.sys!***unknown***,callee,dxgmms2.sys!***unknown***,96,0.22156573116691286
dxgmms2.sys!***unknown***,callee,dxgmms2.sys!***unknown*** (trimmed),2,0.004615952732644018
dxgmms2.sys!***unknown***,caller,dxgmms2.sys!***unknown***,55,0.1269387001477105
dxgmms2.sys!***unknown***,caller,dxgmms2.sys!***unknown***,43,0.09924298375184638
ucrtbase.dll!***unknown***,caller,laneflow-urban-harness.exe!laneflow_runtime::kernel::tick::leader_query_horizon,95,0.21925775480059084
ucrtbase.dll!***unknown***,caller,laneflow-urban-harness.exe!laneflow_runtime::kernel::conflict_tick::ConflictTaskView::evaluate_candidate,2,0.004615952732644018
ntkrnlmp.exe!***unknown***,callee,ntkrnlmp.exe!***unknown***,41,0.09462703101920236
ntkrnlmp.exe!***unknown***,callee,ntkrnlmp.exe!***unknown***,21,0.04846750369276218
ntkrnlmp.exe!***unknown***,callee,ntkrnlmp.exe!***unknown***,19,0.04385155096011817
ntkrnlmp.exe!***unknown***,callee,ntkrnlmp.exe!***unknown***,6,0.013847858197932054
ntkrnlmp.exe!***unknown***,callee,ntkrnlmp.exe!***unknown***,5,0.011539881831610045
ntkrnlmp.exe!***unknown***,callee,ntkrnlmp.exe!***unknown*** (trimmed),2,0.004615952732644018
ntkrnlmp.exe!***unknown***,callee,ntkrnlmp.exe!***unknown*** (trimmed),1,0.002307976366322009
ntkrnlmp.exe!***unknown***,callee,ntkrnlmp.exe!***unknown*** (trimmed),1,0.002307976366322009
ntkrnlmp.exe!***unknown***,callee,ntkrnlmp.exe!***unknown*** (trimmed),1,0.002307976366322009
ntkrnlmp.exe!***unknown***,caller,ntkrnlmp.exe!***unknown***,97,0.22387370753323485
laneflow-urban-harness.exe!sha2::sha256::compress256,caller,laneflow-urban-harness.exe!laneflow_urban_harness::observe::Hash::flush,97,0.22387370753323485
nvlddmkm.sys!***unknown***,callee,nvlddmkm.sys!***unknown***,84,0.19387001477104873
nvlddmkm.sys!***unknown***,callee,nvlddmkm.sys!***unknown*** (trimmed),3,0.006923929098966027
nvlddmkm.sys!***unknown***,callee,nvlddmkm.sys!***unknown*** (trimmed),3,0.006923929098966027
nvlddmkm.sys!***unknown***,callee,nvlddmkm.sys!***unknown*** (trimmed),2,0.004615952732644018
nvlddmkm.sys!***unknown***,callee,nvlddmkm.sys!***unknown*** (trimmed),1,0.002307976366322009
nvlddmkm.sys!***unknown***,callee,nvlddmkm.sys!***unknown*** (trimmed),1,0.002307976366322009
nvlddmkm.sys!***unknown***,caller,ntkrnlmp.exe!***unknown***,94,0.21694977843426883
dxgmms2.sys!***unknown***,callee,dxgmms2.sys!***unknown***,93,0.21464180206794684
dxgmms2.sys!***unknown***,caller,dxgmms2.sys!***unknown***,93,0.21464180206794684
dxgmms2.sys!***unknown***,callee,dxgmms2.sys!***unknown***,82,0.18925406203840472
dxgmms2.sys!***unknown***,callee,dxgmms2.sys!***unknown***,11,0.025387740029542097
dxgmms2.sys!***unknown***,caller,dxgmms2.sys!***unknown***,93,0.21464180206794684
laneflow-urban-harness.exe!laneflow_runtime::kernel::conflict::ConflictResolution::insert_approach_owner_reduced,callee,laneflow-urban-harness.exe!laneflow_runtime::kernel::conflict::ConflictWrite::ensure_cells,19,0.04385155096011817
laneflow-urban-harness.exe!laneflow_runtime::kernel::conflict::ConflictResolution::insert_approach_owner_reduced,callee,"laneflow-urban-harness.exe!core::slice::sort::shared::smallsort::insertion_sort_shift_left<enum2$<core::option::Option<laneflow_runtime::kernel::conflict::ApproachOwner> >,core::slice::impl$0::sort_unstable_by_key::closure_env$0<enum2$<core::option::Option<laneflow_runtime::kernel::conflict::ApproachOwner> >,tuple$<u8,u64,u32>,laneflow_runtime::kernel::conflict::impl$8::insert_owner_reduced::closure_env$1> > (trimmed)",4,0.009231905465288036
laneflow-urban-harness.exe!laneflow_runtime::kernel::conflict::ConflictResolution::insert_approach_owner_reduced,caller,laneflow-urban-harness.exe!laneflow_runtime::kernel::phase::StepWorkspace::stage_vehicle_transitions,92,0.21233382570162482
"laneflow-urban-harness.exe!serde_json::ser::format_escaped_str<ref_mut$<std::io::buffered::bufwriter::BufWriter<std::fs::File> >,serde_json::ser::PrettyFormatter>",callee,laneflow-urban-harness.exe!std::io::buffered::bufwriter::BufWriter<std::fs::File>::write_all_cold<std::fs::File>,34,0.07847119645494831
"laneflow-urban-harness.exe!serde_json::ser::format_escaped_str<ref_mut$<std::io::buffered::bufwriter::BufWriter<std::fs::File> >,serde_json::ser::PrettyFormatter>",callee,vcruntime140.dll!***unknown***,3,0.006923929098966027
"laneflow-urban-harness.exe!serde_json::ser::format_escaped_str<ref_mut$<std::io::buffered::bufwriter::BufWriter<std::fs::File> >,serde_json::ser::PrettyFormatter>",callee,vcruntime140.dll!***unknown***,1,0.002307976366322009
"laneflow-urban-harness.exe!serde_json::ser::format_escaped_str<ref_mut$<std::io::buffered::bufwriter::BufWriter<std::fs::File> >,serde_json::ser::PrettyFormatter>",callee,vcruntime140.dll!***unknown***,1,0.002307976366322009
"laneflow-urban-harness.exe!serde_json::ser::format_escaped_str<ref_mut$<std::io::buffered::bufwriter::BufWriter<std::fs::File> >,serde_json::ser::PrettyFormatter>",callee,vcruntime140.dll!***unknown***,1,0.002307976366322009
"laneflow-urban-harness.exe!serde_json::ser::format_escaped_str<ref_mut$<std::io::buffered::bufwriter::BufWriter<std::fs::File> >,serde_json::ser::PrettyFormatter>",callee,laneflow-urban-harness.exe!memcpy,1,0.002307976366322009
"laneflow-urban-harness.exe!serde_json::ser::format_escaped_str<ref_mut$<std::io::buffered::bufwriter::BufWriter<std::fs::File> >,serde_json::ser::PrettyFormatter>",caller,"laneflow-urban-harness.exe!serde_core::ser::SerializeMap::serialize_entry<enum2$<serde_json::ser::Compound<ref_mut$<std::io::buffered::bufwriter::BufWriter<std::fs::File> >,serde_json::ser::CompactFormatter> >,alloc::string::String,enum2$<serde_json::value::Value> >",77,0.1777141802067947
"laneflow-urban-harness.exe!serde_json::ser::format_escaped_str<ref_mut$<std::io::buffered::bufwriter::BufWriter<std::fs::File> >,serde_json::ser::PrettyFormatter>",caller,"laneflow-urban-harness.exe!serde_json::value::ser::impl$0::serialize<ref_mut$<serde_json::ser::Serializer<ref_mut$<std::io::buffered::bufwriter::BufWriter<std::fs::File> >,serde_json::ser::CompactFormatter> > >",13,0.030003692762186115
"laneflow-urban-harness.exe!serde_json::ser::format_escaped_str<ref_mut$<std::io::buffered::bufwriter::BufWriter<std::fs::File> >,serde_json::ser::PrettyFormatter>",caller,"laneflow-urban-harness.exe!serde_core::ser::SerializeMap::serialize_entry<enum2$<serde_json::ser::Compound<ref_mut$<std::io::buffered::bufwriter::BufWriter<std::fs::File> >,serde_json::ser::CompactFormatter> >,str$,alloc::string::String> (trimmed)",1,0.002307976366322009
laneflow-urban-harness.exe!rayon_core::sleep::Sleep::sleep<rayon_core::registry::impl$10::wait_until_cold::closure_env$0>,callee,laneflow-urban-harness.exe!std::sys::sync::condvar::futex::Condvar::wait,90,0.2077178729689808
laneflow-urban-harness.exe!rayon_core::sleep::Sleep::sleep<rayon_core::registry::impl$10::wait_until_cold::closure_env$0>,caller,laneflow-urban-harness.exe!rayon_core::registry::WorkerThread::wait_until_cold,91,0.2100258493353028
dxgmms2.sys!***unknown***,callee,dxgmms2.sys!***unknown***,91,0.2100258493353028
dxgmms2.sys!***unknown***,caller,dxgmms2.sys!***unknown***,91,0.2100258493353028
dxgmms2.sys!***unknown***,callee,dxgmms2.sys!***unknown***,89,0.2054098966026588
dxgmms2.sys!***unknown***,callee,dxgmms2.sys!***unknown*** (trimmed),1,0.002307976366322009
dxgmms2.sys!***unknown***,callee,dxgmms2.sys!***unknown*** (trimmed),1,0.002307976366322009
dxgmms2.sys!***unknown***,caller,dxgmms2.sys!***unknown***,91,0.2100258493353028
vcruntime140.dll!***unknown***,caller,laneflow-urban-harness.exe!laneflow_urban_harness::observe::Hash::flush,47,0.10847488921713441
vcruntime140.dll!***unknown***,caller,laneflow-urban-harness.exe!laneflow_urban_harness::observe::Hash::bytes,32,0.07385524372230429
vcruntime140.dll!***unknown***,caller,"laneflow-urban-harness.exe!serde_json::ser::format_escaped_str<ref_mut$<alloc::vec::Vec<u8,alloc::alloc::Global> >,serde_json::ser::PrettyFormatter>",4,0.009231905465288036
vcruntime140.dll!***unknown***,caller,"laneflow-urban-harness.exe!serde_json::number::impl$6::serialize<ref_mut$<serde_json::ser::Serializer<ref_mut$<alloc::vec::Vec<u8,alloc::alloc::Global> >,serde_json::ser::CompactFormatter> > >",2,0.004615952732644018
vcruntime140.dll!***unknown***,caller,laneflow-urban-harness.exe!laneflow_runtime::kernel::phase::StepWorkspace::stage_vehicle_transitions,2,0.004615952732644018
vcruntime140.dll!***unknown***,caller,"laneflow-urban-harness.exe!serde_core::ser::SerializeMap::serialize_entry<enum2$<serde_json::value::ser::SerializeMap>,alloc::string::String,enum2$<serde_json::value::Value> >",1,0.002307976366322009
vcruntime140.dll!***unknown***,caller,laneflow-urban-harness.exe!std::io::default_write_fmt::impl$0::write_str<std::io::buffered::bufwriter::BufWriter<std::fs::File> > (trimmed),1,0.002307976366322009
vcruntime140.dll!***unknown***,caller,"laneflow-urban-harness.exe!serde_json::ser::format_escaped_str<ref_mut$<std::io::buffered::bufwriter::BufWriter<std::fs::File> >,serde_json::ser::PrettyFormatter>",1,0.002307976366322009
"laneflow-urban-harness.exe!serde_json::ser::format_escaped_str<ref_mut$<alloc::vec::Vec<u8,alloc::alloc::Global> >,serde_json::ser::PrettyFormatter>",callee,laneflow-urban-harness.exe!alloc::raw_vec::impl$4::reserve::do_reserve_and_handle<alloc::alloc::Global>,13,0.030003692762186115
"laneflow-urban-harness.exe!serde_json::ser::format_escaped_str<ref_mut$<alloc::vec::Vec<u8,alloc::alloc::Global> >,serde_json::ser::PrettyFormatter>",callee,vcruntime140.dll!***unknown***,4,0.009231905465288036
"laneflow-urban-harness.exe!serde_json::ser::format_escaped_str<ref_mut$<alloc::vec::Vec<u8,alloc::alloc::Global> >,serde_json::ser::PrettyFormatter>",callee,vcruntime140.dll!***unknown***,2,0.004615952732644018
"laneflow-urban-harness.exe!serde_json::ser::format_escaped_str<ref_mut$<alloc::vec::Vec<u8,alloc::alloc::Global> >,serde_json::ser::PrettyFormatter>",callee,vcruntime140.dll!***unknown***,2,0.004615952732644018
"laneflow-urban-harness.exe!serde_json::ser::format_escaped_str<ref_mut$<alloc::vec::Vec<u8,alloc::alloc::Global> >,serde_json::ser::PrettyFormatter>",callee,vcruntime140.dll!***unknown***,2,0.004615952732644018
"laneflow-urban-harness.exe!serde_json::ser::format_escaped_str<ref_mut$<alloc::vec::Vec<u8,alloc::alloc::Global> >,serde_json::ser::PrettyFormatter>",caller,"laneflow-urban-harness.exe!serde_json::value::ser::impl$0::serialize<ref_mut$<serde_json::ser::Serializer<ref_mut$<alloc::vec::Vec<u8,alloc::alloc::Global> >,serde_json::ser::CompactFormatter> > >",89,0.2054098966026588
"laneflow-urban-harness.exe!hashbrown::raw::RawTable<tuple$<laneflow_runtime::kernel::handle::VehicleHandle,tuple$<> >,alloc::alloc::Global>::reserve_rehash<tuple$<laneflow_runtime::kernel::handle::VehicleHandle,tuple$<> >,alloc::alloc::Global,hashbrown::map::make_hasher::closure_env$0<laneflow_runtime::kernel::handle::VehicleHandle,tuple$<>,std::hash::random::RandomState> >",callee,ntdll.dll!***unknown***,63,0.14540251107828656
"laneflow-urban-harness.exe!hashbrown::raw::RawTable<tuple$<laneflow_runtime::kernel::handle::VehicleHandle,tuple$<> >,alloc::alloc::Global>::reserve_rehash<tuple$<laneflow_runtime::kernel::handle::VehicleHandle,tuple$<> >,alloc::alloc::Global,hashbrown::map::make_hasher::closure_env$0<laneflow_runtime::kernel::handle::VehicleHandle,tuple$<>,std::hash::random::RandomState> >",callee,laneflow-urban-harness.exe!std::sys::alloc::windows::process_heap_alloc,4,0.009231905465288036
"laneflow-urban-harness.exe!hashbrown::raw::RawTable<tuple$<laneflow_runtime::kernel::handle::VehicleHandle,tuple$<> >,alloc::alloc::Global>::reserve_rehash<tuple$<laneflow_runtime::kernel::handle::VehicleHandle,tuple$<> >,alloc::alloc::Global,hashbrown::map::make_hasher::closure_env$0<laneflow_runtime::kernel::handle::VehicleHandle,tuple$<>,std::hash::random::RandomState> >",callee,laneflow-urban-harness.exe!std::alloc::__default_lib_allocator::__rdl_alloc,3,0.006923929098966027
"laneflow-urban-harness.exe!hashbrown::raw::RawTable<tuple$<laneflow_runtime::kernel::handle::VehicleHandle,tuple$<> >,alloc::alloc::Global>::reserve_rehash<tuple$<laneflow_runtime::kernel::handle::VehicleHandle,tuple$<> >,alloc::alloc::Global,hashbrown::map::make_hasher::closure_env$0<laneflow_runtime::kernel::handle::VehicleHandle,tuple$<>,std::hash::random::RandomState> >",callee,ntdll.dll!***unknown*** (trimmed),1,0.002307976366322009
"laneflow-urban-harness.exe!hashbrown::raw::RawTable<tuple$<laneflow_runtime::kernel::handle::VehicleHandle,tuple$<> >,alloc::alloc::Global>::reserve_rehash<tuple$<laneflow_runtime::kernel::handle::VehicleHandle,tuple$<> >,alloc::alloc::Global,hashbrown::map::make_hasher::closure_env$0<laneflow_runtime::kernel::handle::VehicleHandle,tuple$<>,std::hash::random::RandomState> >",callee,ntdll.dll!***unknown*** (trimmed),1,0.002307976366322009
"laneflow-urban-harness.exe!hashbrown::raw::RawTable<tuple$<laneflow_runtime::kernel::handle::VehicleHandle,tuple$<> >,alloc::alloc::Global>::reserve_rehash<tuple$<laneflow_runtime::kernel::handle::VehicleHandle,tuple$<> >,alloc::alloc::Global,hashbrown::map::make_hasher::closure_env$0<laneflow_runtime::kernel::handle::VehicleHandle,tuple$<>,std::hash::random::RandomState> >",callee,vcruntime140.dll!***unknown*** (trimmed),1,0.002307976366322009
"laneflow-urban-harness.exe!hashbrown::raw::RawTable<tuple$<laneflow_runtime::kernel::handle::VehicleHandle,tuple$<> >,alloc::alloc::Global>::reserve_rehash<tuple$<laneflow_runtime::kernel::handle::VehicleHandle,tuple$<> >,alloc::alloc::Global,hashbrown::map::make_hasher::closure_env$0<laneflow_runtime::kernel::handle::VehicleHandle,tuple$<>,std::hash::random::RandomState> >",callee,laneflow-urban-harness.exe!_RNvCs6rREvFdRhLb_7___rustc35___rust_no_alloc_shim_is_unstable_v2,1,0.002307976366322009
"laneflow-urban-harness.exe!hashbrown::raw::RawTable<tuple$<laneflow_runtime::kernel::handle::VehicleHandle,tuple$<> >,alloc::alloc::Global>::reserve_rehash<tuple$<laneflow_runtime::kernel::handle::VehicleHandle,tuple$<> >,alloc::alloc::Global,hashbrown::map::make_hasher::closure_env$0<laneflow_runtime::kernel::handle::VehicleHandle,tuple$<>,std::hash::random::RandomState> >",caller,"laneflow-urban-harness.exe!hashbrown::map::HashMap<laneflow_runtime::kernel::handle::VehicleHandle,tuple$<>,std::hash::random::RandomState,alloc::alloc::Global>::insert<laneflow_runtime::kernel::handle::VehicleHandle,tuple$<>,std::hash::random::RandomState,alloc::alloc::Global>",89,0.2054098966026588
dxgmms2.sys!***unknown***,callee,dxgkrnl.sys!***unknown***,88,0.20310192023633677
dxgmms2.sys!***unknown***,callee,dxgkrnl.sys!***unknown*** (trimmed),1,0.002307976366322009
dxgmms2.sys!***unknown***,caller,dxgmms2.sys!***unknown***,89,0.2054098966026588
laneflow-urban-harness.exe!laneflow_runtime::kernel::phase::StepReadView::waiting_semantic_member_count,caller,laneflow-urban-harness.exe!laneflow_runtime::kernel::phase::StepWorkspace::prepare_commit,88,0.20310192023633677
dxgkrnl.sys!***unknown***,callee,ntkrnlmp.exe!***unknown***,71,0.16386632200886264
dxgkrnl.sys!***unknown***,callee,ntkrnlmp.exe!***unknown***,17,0.039235598227474154
dxgkrnl.sys!***unknown***,caller,dxgmms2.sys!***unknown***,88,0.20310192023633677
laneflow-urban-harness.exe!laneflow_urban_harness::runner::_::impl$0::serialize<serde_json::value::ser::Serializer>,callee,laneflow-urban-harness.exe!serde_json::value::ser::impl$8::serialize_field<u32>,84,0.19387001477104873
laneflow-urban-harness.exe!laneflow_urban_harness::runner::_::impl$0::serialize<serde_json::value::ser::Serializer>,caller,laneflow-urban-harness.exe!laneflow_urban_harness::runner::Harness::execute,83,0.19156203840472674
laneflow-urban-harness.exe!laneflow_urban_harness::runner::_::impl$0::serialize<serde_json::value::ser::Serializer>,caller,laneflow-urban-harness.exe!laneflow_urban_harness::observe::events,4,0.009231905465288036
laneflow-urban-harness.exe!laneflow_runtime::kernel::phase::StepWorkspace::finalize_waiting_outputs,callee,laneflow-urban-harness.exe!laneflow_runtime::kernel::conflict::ConflictRead::owner_at,29,0.06693131462333826
laneflow-urban-harness.exe!laneflow_runtime::kernel::phase::StepWorkspace::finalize_waiting_outputs,callee,"laneflow-urban-harness.exe!core::slice::sort::unstable::ipnsort<laneflow_runtime::kernel::transitions::TrafficTransitionEvent,core::slice::impl$0::sort_unstable_by_key::closure_env$0<laneflow_runtime::kernel::transitions::TrafficTransitionEvent,tuple$<u32,laneflow_runtime::kernel::conflict::DownstreamRoutePoint,tuple$<u8,u32,u32,u32>,u32,u32>,laneflow_runtime::kernel::transitions::impl$3::stage_transition_events::closure_env$1> > (trimmed)",3,0.006923929098966027
laneflow-urban-harness.exe!laneflow_runtime::kernel::phase::StepWorkspace::finalize_waiting_outputs,caller,laneflow-urban-harness.exe!laneflow_runtime::kernel::phase::StepWorkspace::stage_vehicle_transitions,87,0.20079394387001476
laneflow-urban-harness.exe!core::ptr::drop_glue<enum2$<serde_json::value::Value> >,callee,ntdll.dll!***unknown***,35,0.08077917282127031
laneflow-urban-harness.exe!core::ptr::drop_glue<enum2$<serde_json::value::Value> >,callee,"laneflow-urban-harness.exe!alloc::collections::btree::map::IntoIter<alloc::string::String,laneflow_urban_harness::artifacts::FileDigest,alloc::alloc::Global>::dying_next<alloc::string::String,laneflow_urban_harness::artifacts::FileDigest,alloc::alloc::Global>",26,0.06000738552437223
laneflow-urban-harness.exe!core::ptr::drop_glue<enum2$<serde_json::value::Value> >,callee,laneflow-urban-harness.exe!std::alloc::__default_lib_allocator::__rdl_dealloc,7,0.01615583456425406
laneflow-urban-harness.exe!core::ptr::drop_glue<enum2$<serde_json::value::Value> >,callee,laneflow-urban-harness.exe!core::ptr::drop_glue<enum2$<serde_json::value::Value> >,6,0.013847858197932054
laneflow-urban-harness.exe!core::ptr::drop_glue<enum2$<serde_json::value::Value> >,callee,kernel32.dll!***unknown*** (trimmed),2,0.004615952732644018
laneflow-urban-harness.exe!core::ptr::drop_glue<enum2$<serde_json::value::Value> >,callee,ntdll.dll!***unknown*** (trimmed),1,0.002307976366322009
laneflow-urban-harness.exe!core::ptr::drop_glue<enum2$<serde_json::value::Value> >,callee,ntdll.dll!***unknown*** (trimmed),1,0.002307976366322009
laneflow-urban-harness.exe!core::ptr::drop_glue<enum2$<serde_json::value::Value> >,callee,laneflow-urban-harness.exe!core::ptr::drop_glue<enum2$<serde_json::value::Value> >,1,0.002307976366322009
laneflow-urban-harness.exe!core::ptr::drop_glue<enum2$<serde_json::value::Value> >,caller,"laneflow-urban-harness.exe!core::ptr::drop_glue<alloc::collections::btree::map::IntoIter<alloc::string::String,enum2$<serde_json::value::Value>,alloc::alloc::Global> >",80,0.18463810930576072
laneflow-urban-harness.exe!core::ptr::drop_glue<enum2$<serde_json::value::Value> >,caller,laneflow-urban-harness.exe!core::ptr::drop_glue<enum2$<serde_json::value::Value> >,6,0.013847858197932054
"laneflow-urban-harness.exe!serde_core::ser::SerializeMap::serialize_entry<enum2$<serde_json::value::ser::SerializeMap>,alloc::string::String,enum2$<serde_json::value::Value> >",callee,"laneflow-urban-harness.exe!serde_core::ser::impls::impl$107::serialize<enum2$<serde_json::value::Value>,serde_json::value::ser::Serializer>",28,0.06462333825701624
"laneflow-urban-harness.exe!serde_core::ser::SerializeMap::serialize_entry<enum2$<serde_json::value::ser::SerializeMap>,alloc::string::String,enum2$<serde_json::value::Value> >",callee,"laneflow-urban-harness.exe!alloc::collections::btree::map::BTreeMap<alloc::string::String,enum2$<serde_json::value::Value>,alloc::alloc::Global>::insert<alloc::string::String,enum2$<serde_json::value::Value>,alloc::alloc::Global>",27,0.06231536189069424
"laneflow-urban-harness.exe!serde_core::ser::SerializeMap::serialize_entry<enum2$<serde_json::value::ser::SerializeMap>,alloc::string::String,enum2$<serde_json::value::Value> >",callee,ntdll.dll!***unknown***,18,0.04154357459379616
"laneflow-urban-harness.exe!serde_core::ser::SerializeMap::serialize_entry<enum2$<serde_json::value::ser::SerializeMap>,alloc::string::String,enum2$<serde_json::value::Value> >",callee,laneflow-urban-harness.exe!std::sys::alloc::windows::process_heap_alloc,3,0.006923929098966027
"laneflow-urban-harness.exe!serde_core::ser::SerializeMap::serialize_entry<enum2$<serde_json::value::ser::SerializeMap>,alloc::string::String,enum2$<serde_json::value::Value> >",callee,vcruntime140.dll!***unknown***,1,0.002307976366322009
"laneflow-urban-harness.exe!serde_core::ser::SerializeMap::serialize_entry<enum2$<serde_json::value::ser::SerializeMap>,alloc::string::String,enum2$<serde_json::value::Value> >",caller,"laneflow-urban-harness.exe!serde_core::ser::impls::impl$107::serialize<enum2$<serde_json::value::Value>,serde_json::value::ser::Serializer>",85,0.19617799113737075
nvlddmkm.sys!***unknown***,callee,nvlddmkm.sys!***unknown***,84,0.19387001477104873
nvlddmkm.sys!***unknown***,caller,nvlddmkm.sys!***unknown***,84,0.19387001477104873
laneflow-urban-harness.exe!serde_json::value::ser::impl$8::serialize_field<u32>,callee,"laneflow-urban-harness.exe!alloc::collections::btree::map::BTreeMap<alloc::string::String,enum2$<serde_json::value::Value>,alloc::alloc::Global>::insert<alloc::string::String,enum2$<serde_json::value::Value>,alloc::alloc::Global>",54,0.12463072378138848
laneflow-urban-harness.exe!serde_json::value::ser::impl$8::serialize_field<u32>,callee,ntdll.dll!***unknown***,18,0.04154357459379616
laneflow-urban-harness.exe!serde_json::value::ser::impl$8::serialize_field<u32>,callee,laneflow-urban-harness.exe!std::sys::alloc::windows::process_heap_alloc,6,0.013847858197932054
laneflow-urban-harness.exe!serde_json::value::ser::impl$8::serialize_field<u32>,callee,ntdll.dll!***unknown*** (trimmed),1,0.002307976366322009
laneflow-urban-harness.exe!serde_json::value::ser::impl$8::serialize_field<u32>,callee,vcruntime140.dll!***unknown***,1,0.002307976366322009
laneflow-urban-harness.exe!serde_json::value::ser::impl$8::serialize_field<u32>,callee,laneflow-urban-harness.exe!_RNvCs6rREvFdRhLb_7___rustc35___rust_no_alloc_shim_is_unstable_v2,1,0.002307976366322009
laneflow-urban-harness.exe!serde_json::value::ser::impl$8::serialize_field<u32>,callee,laneflow-urban-harness.exe!std::alloc::__default_lib_allocator::__rdl_alloc,1,0.002307976366322009
laneflow-urban-harness.exe!serde_json::value::ser::impl$8::serialize_field<u32>,caller,laneflow-urban-harness.exe!laneflow_urban_harness::runner::_::impl$0::serialize<serde_json::value::ser::Serializer>,84,0.19387001477104873
laneflow-urban-harness.exe!laneflow_runtime::kernel::phase::CommittedStateMut::rebuild_waiting_member_rows,caller,laneflow-urban-harness.exe!laneflow_runtime::kernel::phase::CommittedStateMut::commit,84,0.19387001477104873
ntkrnlmp.exe!***unknown***,callee,ntkrnlmp.exe!***unknown***,81,0.1869460856720827
ntkrnlmp.exe!***unknown***,callee,ntkrnlmp.exe!***unknown*** (trimmed),1,0.002307976366322009
ntkrnlmp.exe!***unknown***,callee,ntkrnlmp.exe!***unknown*** (trimmed),1,0.002307976366322009
ntkrnlmp.exe!***unknown***,caller,ntkrnlmp.exe!***unknown***,83,0.19156203840472674
ntdll.dll!***unknown***,callee,ntdll.dll!***unknown***,34,0.07847119645494831
ntdll.dll!***unknown***,callee,ntdll.dll!***unknown***,20,0.04615952732644018
ntdll.dll!***unknown***,callee,ntdll.dll!***unknown***,12,0.027695716395864108
ntdll.dll!***unknown***,callee,ntdll.dll!***unknown***,5,0.011539881831610045
ntdll.dll!***unknown***,callee,ntdll.dll!***unknown*** (trimmed),3,0.006923929098966027
ntdll.dll!***unknown***,callee,ntdll.dll!***unknown*** (trimmed),2,0.004615952732644018
ntdll.dll!***unknown***,callee,ntdll.dll!***unknown*** (trimmed),2,0.004615952732644018
ntdll.dll!***unknown***,callee,ntdll.dll!***unknown*** (trimmed),1,0.002307976366322009
ntdll.dll!***unknown***,callee,ntdll.dll!***unknown*** (trimmed),1,0.002307976366322009
ntdll.dll!***unknown***,callee,ntdll.dll!***unknown*** (trimmed),1,0.002307976366322009
ntdll.dll!***unknown***,callee,ntdll.dll!***unknown*** (trimmed),1,0.002307976366322009
ntdll.dll!***unknown***,callee,ntdll.dll!***unknown*** (trimmed),1,0.002307976366322009
ntdll.dll!***unknown***,caller,ntdll.dll!***unknown***,83,0.19156203840472674
"laneflow-urban-harness.exe!core::slice::sort::unstable::ipnsort<laneflow_runtime::kernel::conflict_tick::ConflictDecision,core::slice::impl$0::sort_unstable_by_key::closure_env$0<laneflow_runtime::kernel::conflict_tick::ConflictDecision,tuple$<u32,u32,enum2$<core::option::Option<laneflow_runtime::kernel::conflict::ConflictPassageAddress> > >,laneflow_runtime::kernel::conflict_tick::impl$6::finalize_conflict_step::closure_env$15> >",callee,"laneflow-urban-harness.exe!core::slice::sort::unstable::quicksort::quicksort<laneflow_runtime::kernel::conflict_tick::ConflictDecision,core::slice::impl$0::sort_unstable_by_key::closure_env$0<laneflow_runtime::kernel::conflict_tick::ConflictDecision,tuple$<u32,u32,enum2$<core::option::Option<laneflow_runtime::kernel::conflict::ConflictPassageAddress> > >,laneflow_runtime::kernel::conflict_tick::impl$6::finalize_conflict_step::closure_env$15> >",79,0.1823301329394387
"laneflow-urban-harness.exe!core::slice::sort::unstable::ipnsort<laneflow_runtime::kernel::conflict_tick::ConflictDecision,core::slice::impl$0::sort_unstable_by_key::closure_env$0<laneflow_runtime::kernel::conflict_tick::ConflictDecision,tuple$<u32,u32,enum2$<core::option::Option<laneflow_runtime::kernel::conflict::ConflictPassageAddress> > >,laneflow_runtime::kernel::conflict_tick::impl$6::finalize_conflict_step::closure_env$15> >",caller,"laneflow-urban-harness.exe!core::slice::impl$0::sort_unstable_by_key<laneflow_runtime::kernel::conflict_tick::ConflictDecision,tuple$<u32,u32,enum2$<core::option::Option<laneflow_runtime::kernel::conflict::ConflictPassageAddress> > >,laneflow_runtime::kernel::conflict_tick::impl$6::finalize_conflict_step::closure_env$15>",82,0.18925406203840472
"laneflow-urban-harness.exe!core::slice::impl$0::sort_unstable_by_key<laneflow_runtime::kernel::conflict_tick::ConflictDecision,tuple$<u32,u32,enum2$<core::option::Option<laneflow_runtime::kernel::conflict::ConflictPassageAddress> > >,laneflow_runtime::kernel::conflict_tick::impl$6::finalize_conflict_step::closure_env$15>",callee,"laneflow-urban-harness.exe!core::slice::sort::unstable::ipnsort<laneflow_runtime::kernel::conflict_tick::ConflictDecision,core::slice::impl$0::sort_unstable_by_key::closure_env$0<laneflow_runtime::kernel::conflict_tick::ConflictDecision,tuple$<u32,u32,enum2$<core::option::Option<laneflow_runtime::kernel::conflict::ConflictPassageAddress> > >,laneflow_runtime::kernel::conflict_tick::impl$6::finalize_conflict_step::closure_env$15> >",82,0.18925406203840472
"laneflow-urban-harness.exe!core::slice::impl$0::sort_unstable_by_key<laneflow_runtime::kernel::conflict_tick::ConflictDecision,tuple$<u32,u32,enum2$<core::option::Option<laneflow_runtime::kernel::conflict::ConflictPassageAddress> > >,laneflow_runtime::kernel::conflict_tick::impl$6::finalize_conflict_step::closure_env$15>",caller,laneflow-urban-harness.exe!laneflow_runtime::kernel::phase::StepWorkspace::stage_vehicle_transitions,82,0.18925406203840472
dxgmms2.sys!***unknown***,callee,dxgmms2.sys!***unknown***,56,0.1292466765140325
dxgmms2.sys!***unknown***,callee,dxgmms2.sys!***unknown***,14,0.03231166912850812
dxgmms2.sys!***unknown***,callee,dxgmms2.sys!***unknown***,6,0.013847858197932054
dxgmms2.sys!***unknown***,callee,dxgmms2.sys!***unknown*** (trimmed),4,0.009231905465288036
dxgmms2.sys!***unknown***,callee,dxgmms2.sys!***unknown*** (trimmed),1,0.002307976366322009
dxgmms2.sys!***unknown***,callee,dxgmms2.sys!***unknown*** (trimmed),1,0.002307976366322009
dxgmms2.sys!***unknown***,caller,dxgmms2.sys!***unknown***,82,0.18925406203840472
vcruntime140.dll!***unknown***,caller,laneflow-urban-harness.exe!laneflow_runtime::kernel::phase::CommittedStateMut::commit,78,0.18002215657311668
ntkrnlmp.exe!***unknown***,callee,dxgmms2.sys!***unknown***,71,0.16386632200886264
ntkrnlmp.exe!***unknown***,callee,mtkwl6ex.sys!***unknown*** (trimmed),2,0.004615952732644018
ntkrnlmp.exe!***unknown***,callee,mtkwl6ex.sys!***unknown*** (trimmed),2,0.004615952732644018
ntkrnlmp.exe!***unknown***,callee,mtkwl6ex.sys!***unknown*** (trimmed),1,0.002307976366322009
ntkrnlmp.exe!***unknown***,callee,mtkwl6ex.sys!***unknown*** (trimmed),1,0.002307976366322009
ntkrnlmp.exe!***unknown***,caller,dxgkrnl.sys!***unknown***,71,0.16386632200886264
ntkrnlmp.exe!***unknown***,caller,NDIS.SYS!***unknown***,6,0.013847858197932054
ntdll.dll!***unknown***,caller,ntdll.dll!***unknown***,77,0.1777141802067947
nvlddmkm.sys!***unknown***,callee,nvlddmkm.sys!***unknown***,25,0.05769940915805022
nvlddmkm.sys!***unknown***,callee,nvlddmkm.sys!***unknown***,21,0.04846750369276218
nvlddmkm.sys!***unknown***,callee,nvlddmkm.sys!***unknown***,17,0.039235598227474154
nvlddmkm.sys!***unknown***,callee,nvlddmkm.sys!***unknown***,12,0.027695716395864108
nvlddmkm.sys!***unknown***,caller,nvlddmkm.sys!***unknown***,43,0.09924298375184638
nvlddmkm.sys!***unknown***,caller,nvlddmkm.sys!***unknown***,9,0.02077178729689808
nvlddmkm.sys!***unknown***,caller,nvlddmkm.sys!***unknown***,7,0.01615583456425406
nvlddmkm.sys!***unknown***,caller,nvlddmkm.sys!***unknown*** (trimmed),4,0.009231905465288036
nvlddmkm.sys!***unknown***,caller,nvlddmkm.sys!***unknown*** (trimmed),3,0.006923929098966027
nvlddmkm.sys!***unknown***,caller,nvlddmkm.sys!***unknown*** (trimmed),3,0.006923929098966027
nvlddmkm.sys!***unknown***,caller,nvlddmkm.sys!***unknown*** (trimmed),2,0.004615952732644018
nvlddmkm.sys!***unknown***,caller,nvlddmkm.sys!***unknown*** (trimmed),2,0.004615952732644018
nvlddmkm.sys!***unknown***,caller,nvlddmkm.sys!***unknown*** (trimmed),1,0.002307976366322009
nvlddmkm.sys!***unknown***,caller,nvlddmkm.sys!***unknown*** (trimmed),1,0.002307976366322009
ntkrnlmp.exe!***unknown***,callee,ntkrnlmp.exe!***unknown***,41,0.09462703101920236
ntkrnlmp.exe!***unknown***,callee,ntkrnlmp.exe!***unknown***,34,0.07847119645494831
ntkrnlmp.exe!***unknown***,caller,nvlddmkm.sys!***unknown***,1,0.002307976366322009
"laneflow-urban-harness.exe!core::slice::sort::shared::pivot::median3_rec<tuple$<u32,u64,u64,laneflow_urban_harness::runner::IndividualId>,bool (*)(ref$<tuple$<u32,u64,u64,laneflow_urban_harness::runner::IndividualId> >,ref$<tuple$<u32,u64,u64,laneflow_urban_harness::runner::IndividualId> >)>",callee,"laneflow-urban-harness.exe!core::slice::sort::shared::pivot::median3_rec<tuple$<u32,u64,u64,laneflow_urban_harness::runner::IndividualId>,bool (*)(ref$<tuple$<u32,u64,u64,laneflow_urban_harness::runner::IndividualId> >,ref$<tuple$<u32,u64,u64,laneflow_urban_harness::runner::IndividualId> >)>",41,0.09462703101920236
"laneflow-urban-harness.exe!core::slice::sort::shared::pivot::median3_rec<tuple$<u32,u64,u64,laneflow_urban_harness::runner::IndividualId>,bool (*)(ref$<tuple$<u32,u64,u64,laneflow_urban_harness::runner::IndividualId> >,ref$<tuple$<u32,u64,u64,laneflow_urban_harness::runner::IndividualId> >)>",caller,"laneflow-urban-harness.exe!core::slice::sort::shared::pivot::median3_rec<tuple$<u32,u64,u64,laneflow_urban_harness::runner::IndividualId>,bool (*)(ref$<tuple$<u32,u64,u64,laneflow_urban_harness::runner::IndividualId> >,ref$<tuple$<u32,u64,u64,laneflow_urban_harness::runner::IndividualId> >)>",41,0.09462703101920236
"laneflow-urban-harness.exe!core::slice::sort::shared::pivot::median3_rec<tuple$<u32,u64,u64,laneflow_urban_harness::runner::IndividualId>,bool (*)(ref$<tuple$<u32,u64,u64,laneflow_urban_harness::runner::IndividualId> >,ref$<tuple$<u32,u64,u64,laneflow_urban_harness::runner::IndividualId> >)>",caller,"laneflow-urban-harness.exe!core::slice::sort::unstable::quicksort::quicksort<tuple$<u32,u64,u64,laneflow_urban_harness::runner::IndividualId>,bool (*)(ref$<tuple$<u32,u64,u64,laneflow_urban_harness::runner::IndividualId> >,ref$<tuple$<u32,u64,u64,laneflow_urban_harness::runner::IndividualId> >)>",33,0.07616322008862629
nvlddmkm.sys!***unknown***,callee,nvlddmkm.sys!***unknown***,71,0.16386632200886264
nvlddmkm.sys!***unknown***,caller,dxgkrnl.sys!***unknown***,71,0.16386632200886264
nvlddmkm.sys!***unknown***,callee,nvlddmkm.sys!***unknown***,56,0.1292466765140325
nvlddmkm.sys!***unknown***,callee,nvlddmkm.sys!***unknown***,5,0.011539881831610045
nvlddmkm.sys!***unknown***,callee,nvlddmkm.sys!***unknown*** (trimmed),4,0.009231905465288036
nvlddmkm.sys!***unknown***,callee,nvlddmkm.sys!***unknown*** (trimmed),2,0.004615952732644018
nvlddmkm.sys!***unknown***,callee,nvlddmkm.sys!***unknown*** (trimmed),2,0.004615952732644018
nvlddmkm.sys!***unknown***,callee,nvlddmkm.sys!***unknown*** (trimmed),1,0.002307976366322009
nvlddmkm.sys!***unknown***,callee,nvlddmkm.sys!***unknown*** (trimmed),1,0.002307976366322009
nvlddmkm.sys!***unknown***,caller,nvlddmkm.sys!***unknown***,71,0.16386632200886264
dxgmms2.sys!***unknown***,callee,dxgkrnl.sys!***unknown***,71,0.16386632200886264
dxgmms2.sys!***unknown***,caller,ntkrnlmp.exe!***unknown***,71,0.16386632200886264
dxgkrnl.sys!***unknown***,callee,nvlddmkm.sys!***unknown***,71,0.16386632200886264
dxgkrnl.sys!***unknown***,caller,dxgmms2.sys!***unknown***,71,0.16386632200886264
nvlddmkm.sys!***unknown***,callee,nvlddmkm.sys!***unknown***,50,0.11539881831610044
nvlddmkm.sys!***unknown***,callee,nvlddmkm.sys!***unknown***,16,0.03692762186115214
nvlddmkm.sys!***unknown***,callee,nvlddmkm.sys!***unknown*** (trimmed),2,0.004615952732644018
nvlddmkm.sys!***unknown***,callee,nvlddmkm.sys!***unknown*** (trimmed),1,0.002307976366322009
nvlddmkm.sys!***unknown***,callee,nvlddmkm.sys!***unknown*** (trimmed),1,0.002307976366322009
nvlddmkm.sys!***unknown***,caller,ntkrnlmp.exe!***unknown***,70,0.16155834564254062
dxgmms2.sys!***unknown***,callee,dxgmms2.sys!***unknown***,45,0.1038589364844904
dxgmms2.sys!***unknown***,callee,dxgmms2.sys!***unknown*** (trimmed),3,0.006923929098966027
dxgmms2.sys!***unknown***,callee,dxgmms2.sys!***unknown*** (trimmed),3,0.006923929098966027
dxgmms2.sys!***unknown***,callee,dxgmms2.sys!***unknown*** (trimmed),3,0.006923929098966027
dxgmms2.sys!***unknown***,callee,dxgmms2.sys!***unknown*** (trimmed),2,0.004615952732644018
dxgmms2.sys!***unknown***,callee,dxgmms2.sys!***unknown*** (trimmed),2,0.004615952732644018
dxgmms2.sys!***unknown***,callee,dxgmms2.sys!***unknown*** (trimmed),2,0.004615952732644018
dxgmms2.sys!***unknown***,callee,dxgmms2.sys!***unknown*** (trimmed),2,0.004615952732644018
dxgmms2.sys!***unknown***,callee,dxgmms2.sys!***unknown*** (trimmed),1,0.002307976366322009
dxgmms2.sys!***unknown***,callee,dxgmms2.sys!***unknown*** (trimmed),1,0.002307976366322009
dxgmms2.sys!***unknown***,callee,dxgmms2.sys!***unknown*** (trimmed),1,0.002307976366322009
dxgmms2.sys!***unknown***,callee,dxgmms2.sys!***unknown*** (trimmed),1,0.002307976366322009
dxgmms2.sys!***unknown***,callee,dxgmms2.sys!***unknown*** (trimmed),1,0.002307976366322009
dxgmms2.sys!***unknown***,callee,dxgmms2.sys!***unknown*** (trimmed),1,0.002307976366322009
dxgmms2.sys!***unknown***,callee,dxgmms2.sys!***unknown*** (trimmed),1,0.002307976366322009
dxgmms2.sys!***unknown***,callee,dxgmms2.sys!***unknown*** (trimmed),1,0.002307976366322009
dxgmms2.sys!***unknown***,caller,dxgmms2.sys!***unknown***,70,0.16155834564254062
ntkrnlmp.exe!***unknown***,callee,ntkrnlmp.exe!***unknown***,46,0.10616691285081241
ntkrnlmp.exe!***unknown***,callee,ntkrnlmp.exe!***unknown***,6,0.013847858197932054
ntkrnlmp.exe!***unknown***,callee,ntkrnlmp.exe!***unknown*** (trimmed),3,0.006923929098966027
ntkrnlmp.exe!***unknown***,callee,ntkrnlmp.exe!***unknown*** (trimmed),2,0.004615952732644018
ntkrnlmp.exe!***unknown***,callee,ntkrnlmp.exe!***unknown*** (trimmed),2,0.004615952732644018
ntkrnlmp.exe!***unknown***,callee,ntkrnlmp.exe!***unknown*** (trimmed),1,0.002307976366322009
ntkrnlmp.exe!***unknown***,callee,ntkrnlmp.exe!***unknown*** (trimmed),1,0.002307976366322009
ntkrnlmp.exe!***unknown***,callee,ntkrnlmp.exe!***unknown*** (trimmed),1,0.002307976366322009
ntkrnlmp.exe!***unknown***,callee,ntkrnlmp.exe!***unknown*** (trimmed),1,0.002307976366322009
ntkrnlmp.exe!***unknown***,callee,ntkrnlmp.exe!***unknown*** (trimmed),1,0.002307976366322009
ntkrnlmp.exe!***unknown***,callee,ntkrnlmp.exe!***unknown*** (trimmed),1,0.002307976366322009
ntkrnlmp.exe!***unknown***,callee,ntkrnlmp.exe!***unknown*** (trimmed),1,0.002307976366322009
ntkrnlmp.exe!***unknown***,callee,ntkrnlmp.exe!***unknown*** (trimmed),1,0.002307976366322009
ntkrnlmp.exe!***unknown***,callee,ntkrnlmp.exe!***unknown*** (trimmed),1,0.002307976366322009
ntkrnlmp.exe!***unknown***,callee,ntkrnlmp.exe!***unknown*** (trimmed),1,0.002307976366322009
ntkrnlmp.exe!***unknown***,caller,ntkrnlmp.exe!***unknown***,69,0.1592503692762186
laneflow-urban-harness.exe!laneflow_runtime::kernel::conflict::ConflictRead::evaluate_yield_target,caller,laneflow-urban-harness.exe!laneflow_runtime::kernel::conflict_tick::ConflictTaskView::collect_occurrence_fields,69,0.1592503692762186
ntkrnlmp.exe!***unknown***,callee,ntkrnlmp.exe!***unknown***,62,0.14309453471196454
ntkrnlmp.exe!***unknown***,callee,ntkrnlmp.exe!***unknown*** (trimmed),2,0.004615952732644018
ntkrnlmp.exe!***unknown***,callee,ntkrnlmp.exe!***unknown*** (trimmed),2,0.004615952732644018
ntkrnlmp.exe!***unknown***,callee,ntkrnlmp.exe!***unknown*** (trimmed),1,0.002307976366322009
ntkrnlmp.exe!***unknown***,callee,ntkrnlmp.exe!***unknown*** (trimmed),1,0.002307976366322009
ntkrnlmp.exe!***unknown***,caller,ntkrnlmp.exe!***unknown***,46,0.10616691285081241
ntkrnlmp.exe!***unknown***,caller,ntkrnlmp.exe!***unknown***,17,0.039235598227474154
ntkrnlmp.exe!***unknown***,caller,ntkrnlmp.exe!***unknown*** (trimmed),4,0.009231905465288036
ntkrnlmp.exe!***unknown***,caller,ntkrnlmp.exe!***unknown*** (trimmed),1,0.002307976366322009
ntkrnlmp.exe!***unknown***,callee,ntkrnlmp.exe!***unknown***,65,0.15001846381093056
ntkrnlmp.exe!***unknown***,callee,ntkrnlmp.exe!***unknown***,1,0.002307976366322009
ntkrnlmp.exe!***unknown***,callee,ntkrnlmp.exe!***unknown*** (trimmed),1,0.002307976366322009
ntkrnlmp.exe!***unknown***,caller,ntkrnlmp.exe!***unknown***,67,0.1546344165435746
nvlddmkm.sys!***unknown***,caller,ntdll.dll!***unknown***,1,0.002307976366322009
ntkrnlmp.exe!***unknown***,callee,ntkrnlmp.exe!***unknown***,14,0.03231166912850812
ntkrnlmp.exe!***unknown***,callee,ntkrnlmp.exe!***unknown***,8,0.01846381093057607
ntkrnlmp.exe!***unknown***,callee,ntkrnlmp.exe!***unknown***,5,0.011539881831610045
ntkrnlmp.exe!***unknown***,callee,ntkrnlmp.exe!***unknown***,5,0.011539881831610045
ntkrnlmp.exe!***unknown***,callee,ntkrnlmp.exe!***unknown***,5,0.011539881831610045
ntkrnlmp.exe!***unknown***,callee,ntkrnlmp.exe!***unknown***,5,0.011539881831610045
ntkrnlmp.exe!***unknown***,callee,ntkrnlmp.exe!***unknown*** (trimmed),3,0.006923929098966027
ntkrnlmp.exe!***unknown***,callee,ntkrnlmp.exe!***unknown*** (trimmed),3,0.006923929098966027
ntkrnlmp.exe!***unknown***,callee,ntkrnlmp.exe!***unknown*** (trimmed),2,0.004615952732644018
ntkrnlmp.exe!***unknown***,callee,ntkrnlmp.exe!***unknown*** (trimmed),2,0.004615952732644018
ntkrnlmp.exe!***unknown***,callee,ntkrnlmp.exe!***unknown*** (trimmed),2,0.004615952732644018
ntkrnlmp.exe!***unknown***,callee,ntkrnlmp.exe!***unknown*** (trimmed),1,0.002307976366322009
ntkrnlmp.exe!***unknown***,callee,ntkrnlmp.exe!***unknown*** (trimmed),1,0.002307976366322009
ntkrnlmp.exe!***unknown***,callee,ntkrnlmp.exe!***unknown*** (trimmed),1,0.002307976366322009
ntkrnlmp.exe!***unknown***,callee,ntkrnlmp.exe!***unknown*** (trimmed),1,0.002307976366322009
ntkrnlmp.exe!***unknown***,callee,ntkrnlmp.exe!***unknown*** (trimmed),1,0.002307976366322009
ntkrnlmp.exe!***unknown***,callee,ntkrnlmp.exe!***unknown*** (trimmed),1,0.002307976366322009
ntkrnlmp.exe!***unknown***,callee,ntkrnlmp.exe!***unknown*** (trimmed),1,0.002307976366322009
ntkrnlmp.exe!***unknown***,callee,ntkrnlmp.exe!***unknown*** (trimmed),1,0.002307976366322009
ntkrnlmp.exe!***unknown***,caller,ntkrnlmp.exe!***unknown***,66,0.15232644017725258
"laneflow-urban-harness.exe!alloc::collections::btree::map::IntoIter<alloc::string::String,laneflow_urban_harness::artifacts::FileDigest,alloc::alloc::Global>::dying_next<alloc::string::String,laneflow_urban_harness::artifacts::FileDigest,alloc::alloc::Global>",callee,ntdll.dll!***unknown***,38,0.08770310192023634
"laneflow-urban-harness.exe!alloc::collections::btree::map::IntoIter<alloc::string::String,laneflow_urban_harness::artifacts::FileDigest,alloc::alloc::Global>::dying_next<alloc::string::String,laneflow_urban_harness::artifacts::FileDigest,alloc::alloc::Global>",callee,laneflow-urban-harness.exe!std::alloc::__default_lib_allocator::__rdl_dealloc,3,0.006923929098966027
"laneflow-urban-harness.exe!alloc::collections::btree::map::IntoIter<alloc::string::String,laneflow_urban_harness::artifacts::FileDigest,alloc::alloc::Global>::dying_next<alloc::string::String,laneflow_urban_harness::artifacts::FileDigest,alloc::alloc::Global>",callee,ntdll.dll!***unknown*** (trimmed),1,0.002307976366322009
"laneflow-urban-harness.exe!alloc::collections::btree::map::IntoIter<alloc::string::String,laneflow_urban_harness::artifacts::FileDigest,alloc::alloc::Global>::dying_next<alloc::string::String,laneflow_urban_harness::artifacts::FileDigest,alloc::alloc::Global>",caller,"laneflow-urban-harness.exe!core::ptr::drop_glue<alloc::collections::btree::map::IntoIter<alloc::string::String,enum2$<serde_json::value::Value>,alloc::alloc::Global> >",40,0.09231905465288036
"laneflow-urban-harness.exe!alloc::collections::btree::map::IntoIter<alloc::string::String,laneflow_urban_harness::artifacts::FileDigest,alloc::alloc::Global>::dying_next<alloc::string::String,laneflow_urban_harness::artifacts::FileDigest,alloc::alloc::Global>",caller,laneflow-urban-harness.exe!core::ptr::drop_glue<enum2$<serde_json::value::Value> >,26,0.06000738552437223
ntkrnlmp.exe!***unknown***,callee,ntkrnlmp.exe!***unknown***,59,0.1361706056129985
ntkrnlmp.exe!***unknown***,callee,ntkrnlmp.exe!***unknown*** (trimmed),1,0.002307976366322009
ntkrnlmp.exe!***unknown***,callee,ntkrnlmp.exe!***unknown*** (trimmed),1,0.002307976366322009
ntkrnlmp.exe!***unknown***,callee,ntkrnlmp.exe!***unknown*** (trimmed),1,0.002307976366322009
ntkrnlmp.exe!***unknown***,callee,ntkrnlmp.exe!***unknown*** (trimmed),1,0.002307976366322009
ntkrnlmp.exe!***unknown***,callee,ntkrnlmp.exe!***unknown*** (trimmed),1,0.002307976366322009
ntkrnlmp.exe!***unknown***,caller,dxgmms2.sys!***unknown***,11,0.025387740029542097
ntkrnlmp.exe!***unknown***,caller,dxgmms2.sys!***unknown***,9,0.02077178729689808
ntkrnlmp.exe!***unknown***,caller,dxgmms2.sys!***unknown***,9,0.02077178729689808
ntkrnlmp.exe!***unknown***,caller,NDIS.SYS!***unknown***,7,0.01615583456425406
ntkrnlmp.exe!***unknown***,caller,nvlddmkm.sys!***unknown***,5,0.011539881831610045
ntkrnlmp.exe!***unknown***,caller,wdf01000.sys!***unknown*** (trimmed),4,0.009231905465288036
ntkrnlmp.exe!***unknown***,caller,WinHvR.sys!***unknown*** (trimmed),4,0.009231905465288036
ntkrnlmp.exe!***unknown***,caller,dxgmms2.sys!***unknown*** (trimmed),4,0.009231905465288036
ntkrnlmp.exe!***unknown***,caller,dxgmms2.sys!***unknown***,3,0.006923929098966027
ntkrnlmp.exe!***unknown***,caller,dxgmms2.sys!***unknown*** (trimmed),2,0.004615952732644018
ntkrnlmp.exe!***unknown***,caller,dxgmms2.sys!***unknown*** (trimmed),2,0.004615952732644018
ntkrnlmp.exe!***unknown***,caller,expressvpn-wintun.sys!***unknown*** (trimmed),1,0.002307976366322009
ntkrnlmp.exe!***unknown***,caller,dxgmms2.sys!***unknown*** (trimmed),1,0.002307976366322009
ntkrnlmp.exe!***unknown***,caller,dxgmms2.sys!***unknown*** (trimmed),1,0.002307976366322009
ntkrnlmp.exe!***unknown***,caller,dxgmms2.sys!***unknown*** (trimmed),1,0.002307976366322009
"laneflow-urban-harness.exe!core::slice::impl$0::partition_point<laneflow_runtime::kernel::tables::SpeedLimitDrop,laneflow_runtime::kernel::tick::constrain_upcoming_speed_limits::closure_env$0>",caller,laneflow-urban-harness.exe!laneflow_runtime::kernel::tick::si_comfort_travel,64,0.14771048744460857
ucrtbase.dll!***unknown***,caller,laneflow-urban-harness.exe!laneflow_runtime::kernel::tick::leader_query_horizon,63,0.14540251107828656
"laneflow-urban-harness.exe!hashbrown::raw::RawTable<tuple$<u32,std::collections::hash::set::HashSet<laneflow_runtime::kernel::handle::VehicleHandle,std::hash::random::RandomState,alloc::alloc::Global> >,alloc::alloc::Global>::reserve_rehash<tuple$<u32,std::collections::hash::set::HashSet<laneflow_runtime::kernel::handle::VehicleHandle,std::hash::random::RandomState,alloc::alloc::Global> >,alloc::alloc::Global,hashbrown::map::make_hasher::closure_env$0<u32,std::collections::hash::set::HashSet<laneflow_runtime::kernel::handle::VehicleHandle,std::hash::random::RandomState,alloc::alloc::Global>,std::hash::random::RandomState> >",callee,"laneflow-urban-harness.exe!core::hash::BuildHasher::hash_one<std::hash::random::RandomState,ref$<u32> >",23,0.053083456425406204
"laneflow-urban-harness.exe!hashbrown::raw::RawTable<tuple$<u32,std::collections::hash::set::HashSet<laneflow_runtime::kernel::handle::VehicleHandle,std::hash::random::RandomState,alloc::alloc::Global> >,alloc::alloc::Global>::reserve_rehash<tuple$<u32,std::collections::hash::set::HashSet<laneflow_runtime::kernel::handle::VehicleHandle,std::hash::random::RandomState,alloc::alloc::Global> >,alloc::alloc::Global,hashbrown::map::make_hasher::closure_env$0<u32,std::collections::hash::set::HashSet<laneflow_runtime::kernel::handle::VehicleHandle,std::hash::random::RandomState,alloc::alloc::Global>,std::hash::random::RandomState> >",callee,ntkrnlmp.exe!***unknown***,4,0.009231905465288036
"laneflow-urban-harness.exe!hashbrown::raw::RawTable<tuple$<u32,std::collections::hash::set::HashSet<laneflow_runtime::kernel::handle::VehicleHandle,std::hash::random::RandomState,alloc::alloc::Global> >,alloc::alloc::Global>::reserve_rehash<tuple$<u32,std::collections::hash::set::HashSet<laneflow_runtime::kernel::handle::VehicleHandle,std::hash::random::RandomState,alloc::alloc::Global> >,alloc::alloc::Global,hashbrown::map::make_hasher::closure_env$0<u32,std::collections::hash::set::HashSet<laneflow_runtime::kernel::handle::VehicleHandle,std::hash::random::RandomState,alloc::alloc::Global>,std::hash::random::RandomState> >",callee,ntdll.dll!***unknown***,3,0.006923929098966027
"laneflow-urban-harness.exe!hashbrown::raw::RawTable<tuple$<u32,std::collections::hash::set::HashSet<laneflow_runtime::kernel::handle::VehicleHandle,std::hash::random::RandomState,alloc::alloc::Global> >,alloc::alloc::Global>::reserve_rehash<tuple$<u32,std::collections::hash::set::HashSet<laneflow_runtime::kernel::handle::VehicleHandle,std::hash::random::RandomState,alloc::alloc::Global> >,alloc::alloc::Global,hashbrown::map::make_hasher::closure_env$0<u32,std::collections::hash::set::HashSet<laneflow_runtime::kernel::handle::VehicleHandle,std::hash::random::RandomState,alloc::alloc::Global>,std::hash::random::RandomState> >",callee,ntkrnlmp.exe!***unknown***,1,0.002307976366322009
"laneflow-urban-harness.exe!hashbrown::raw::RawTable<tuple$<u32,std::collections::hash::set::HashSet<laneflow_runtime::kernel::handle::VehicleHandle,std::hash::random::RandomState,alloc::alloc::Global> >,alloc::alloc::Global>::reserve_rehash<tuple$<u32,std::collections::hash::set::HashSet<laneflow_runtime::kernel::handle::VehicleHandle,std::hash::random::RandomState,alloc::alloc::Global> >,alloc::alloc::Global,hashbrown::map::make_hasher::closure_env$0<u32,std::collections::hash::set::HashSet<laneflow_runtime::kernel::handle::VehicleHandle,std::hash::random::RandomState,alloc::alloc::Global>,std::hash::random::RandomState> >",callee,ntdll.dll!***unknown***,1,0.002307976366322009
"laneflow-urban-harness.exe!hashbrown::raw::RawTable<tuple$<u32,std::collections::hash::set::HashSet<laneflow_runtime::kernel::handle::VehicleHandle,std::hash::random::RandomState,alloc::alloc::Global> >,alloc::alloc::Global>::reserve_rehash<tuple$<u32,std::collections::hash::set::HashSet<laneflow_runtime::kernel::handle::VehicleHandle,std::hash::random::RandomState,alloc::alloc::Global> >,alloc::alloc::Global,hashbrown::map::make_hasher::closure_env$0<u32,std::collections::hash::set::HashSet<laneflow_runtime::kernel::handle::VehicleHandle,std::hash::random::RandomState,alloc::alloc::Global>,std::hash::random::RandomState> >",callee,laneflow-urban-harness.exe!std::alloc::__default_lib_allocator::__rdl_dealloc,1,0.002307976366322009
"laneflow-urban-harness.exe!hashbrown::raw::RawTable<tuple$<u32,std::collections::hash::set::HashSet<laneflow_runtime::kernel::handle::VehicleHandle,std::hash::random::RandomState,alloc::alloc::Global> >,alloc::alloc::Global>::reserve_rehash<tuple$<u32,std::collections::hash::set::HashSet<laneflow_runtime::kernel::handle::VehicleHandle,std::hash::random::RandomState,alloc::alloc::Global> >,alloc::alloc::Global,hashbrown::map::make_hasher::closure_env$0<u32,std::collections::hash::set::HashSet<laneflow_runtime::kernel::handle::VehicleHandle,std::hash::random::RandomState,alloc::alloc::Global>,std::hash::random::RandomState> >",caller,laneflow-urban-harness.exe!laneflow_urban_harness::research_quality::Quality::observe,63,0.14540251107828656
ntkrnlmp.exe!***unknown***,callee,ntkrnlmp.exe!***unknown***,62,0.14309453471196454
ntkrnlmp.exe!***unknown***,caller,ntkrnlmp.exe!***unknown***,62,0.14309453471196454
ntkrnlmp.exe!***unknown***,callee,ntkrnlmp.exe!***unknown***,54,0.12463072378138848
ntkrnlmp.exe!***unknown***,callee,ntkrnlmp.exe!***unknown***,8,0.01846381093057607
ntkrnlmp.exe!***unknown***,caller,ntkrnlmp.exe!***unknown***,62,0.14309453471196454
ntkrnlmp.exe!***unknown***,callee,ntkrnlmp.exe!***unknown***,62,0.14309453471196454
ntkrnlmp.exe!***unknown***,caller,ntkrnlmp.exe!***unknown***,62,0.14309453471196454
laneflow-urban-harness.exe!laneflow_runtime::kernel::conflict_tick::ConflictSchedule::next,callee,"laneflow-urban-harness.exe!alloc::collections::binary_heap::BinaryHeap<core::cmp::Reverse<laneflow_runtime::kernel::conflict_tick::ReadyCandidate>,alloc::alloc::Global>::pop<core::cmp::Reverse<laneflow_runtime::kernel::conflict_tick::ReadyCandidate>,alloc::alloc::Global>",58,0.13386262924667652
laneflow-urban-harness.exe!laneflow_runtime::kernel::conflict_tick::ConflictSchedule::next,caller,laneflow-urban-harness.exe!laneflow_runtime::kernel::phase::StepWorkspace::stage_vehicle_transitions,62,0.14309453471196454
laneflow-urban-harness.exe!core::ptr::drop_glue<enum2$<serde_json::value::Value> >,callee,ntdll.dll!***unknown***,24,0.055391432791728215
laneflow-urban-harness.exe!core::ptr::drop_glue<enum2$<serde_json::value::Value> >,callee,laneflow-urban-harness.exe!core::ptr::drop_glue<enum2$<serde_json::value::Value> >,15,0.03461964549483013
laneflow-urban-harness.exe!core::ptr::drop_glue<enum2$<serde_json::value::Value> >,callee,laneflow-urban-harness.exe!std::alloc::__default_lib_allocator::__rdl_dealloc,4,0.009231905465288036
laneflow-urban-harness.exe!core::ptr::drop_glue<enum2$<serde_json::value::Value> >,callee,ntdll.dll!***unknown*** (trimmed),1,0.002307976366322009
laneflow-urban-harness.exe!core::ptr::drop_glue<enum2$<serde_json::value::Value> >,caller,laneflow-urban-harness.exe!laneflow_urban_harness::observe::events,47,0.10847488921713441
laneflow-urban-harness.exe!core::ptr::drop_glue<enum2$<serde_json::value::Value> >,caller,laneflow-urban-harness.exe!laneflow_urban_harness::observe::state,14,0.03231166912850812
laneflow-urban-harness.exe!core::ptr::drop_glue<enum2$<serde_json::value::Value> >,caller,laneflow-urban-harness.exe!laneflow_urban_harness::runner::Harness::advance,1,0.002307976366322009
nvlddmkm.sys!***unknown***,callee,nvlddmkm.sys!***unknown***,20,0.04615952732644018
nvlddmkm.sys!***unknown***,callee,nvlddmkm.sys!***unknown***,15,0.03461964549483013
nvlddmkm.sys!***unknown***,callee,nvlddmkm.sys!***unknown***,10,0.02307976366322009
nvlddmkm.sys!***unknown***,callee,nvlddmkm.sys!***unknown***,7,0.01615583456425406
nvlddmkm.sys!***unknown***,callee,nvlddmkm.sys!***unknown***,5,0.011539881831610045
nvlddmkm.sys!***unknown***,callee,nvlddmkm.sys!***unknown*** (trimmed),2,0.004615952732644018
nvlddmkm.sys!***unknown***,callee,nvlddmkm.sys!***unknown*** (trimmed),1,0.002307976366322009
nvlddmkm.sys!***unknown***,caller,nvlddmkm.sys!***unknown***,60,0.13847858197932053
nvlddmkm.sys!***unknown***,callee,nvlddmkm.sys!***unknown***,60,0.13847858197932053
nvlddmkm.sys!***unknown***,caller,nvlddmkm.sys!***unknown***,60,0.13847858197932053
"laneflow-urban-harness.exe!alloc::collections::binary_heap::BinaryHeap<core::cmp::Reverse<laneflow_runtime::kernel::conflict_tick::ReadyCandidate>,alloc::alloc::Global>::pop<core::cmp::Reverse<laneflow_runtime::kernel::conflict_tick::ReadyCandidate>,alloc::alloc::Global>",callee,ntkrnlmp.exe!***unknown***,2,0.004615952732644018
"laneflow-urban-harness.exe!alloc::collections::binary_heap::BinaryHeap<core::cmp::Reverse<laneflow_runtime::kernel::conflict_tick::ReadyCandidate>,alloc::alloc::Global>::pop<core::cmp::Reverse<laneflow_runtime::kernel::conflict_tick::ReadyCandidate>,alloc::alloc::Global>",caller,laneflow-urban-harness.exe!laneflow_runtime::kernel::conflict_tick::ConflictSchedule::next,58,0.13386262924667652
dxgmms2.sys!***unknown***,callee,dxgmms2.sys!***unknown***,41,0.09462703101920236
dxgmms2.sys!***unknown***,callee,dxgmms2.sys!***unknown***,10,0.02307976366322009
dxgmms2.sys!***unknown***,callee,dxgmms2.sys!***unknown*** (trimmed),3,0.006923929098966027
dxgmms2.sys!***unknown***,callee,dxgmms2.sys!***unknown*** (trimmed),1,0.002307976366322009
dxgmms2.sys!***unknown***,callee,dxgmms2.sys!***unknown*** (trimmed),1,0.002307976366322009
dxgmms2.sys!***unknown***,callee,dxgmms2.sys!***unknown*** (trimmed),1,0.002307976366322009
dxgmms2.sys!***unknown***,callee,dxgmms2.sys!***unknown*** (trimmed),1,0.002307976366322009
dxgmms2.sys!***unknown***,caller,dxgmms2.sys!***unknown***,58,0.13386262924667652
laneflow-urban-harness.exe!itoa::impl$32::fmt,caller,"laneflow-urban-harness.exe!serde_json::number::impl$6::serialize<ref_mut$<serde_json::ser::Serializer<ref_mut$<alloc::vec::Vec<u8,alloc::alloc::Global> >,serde_json::ser::CompactFormatter> > >",40,0.09231905465288036
laneflow-urban-harness.exe!itoa::impl$32::fmt,caller,"laneflow-urban-harness.exe!serde_json::number::impl$6::serialize<ref_mut$<serde_json::ser::Serializer<ref_mut$<std::io::buffered::bufwriter::BufWriter<std::fs::File> >,serde_json::ser::CompactFormatter> > >",17,0.039235598227474154
vcruntime140.dll!***unknown***,caller,"laneflow-urban-harness.exe!rayon_core::scope::ScopeBase::execute_job_closure<rayon_core::scope::impl$0::spawn::closure$0::closure_env$0<laneflow_runtime::kernel::execution::impl$4::try_for_each_chunk::closure$0::closure_env$0<laneflow_runtime::kernel::tick::WaitingPreviewEntry,laneflow_runtime::kernel::waiting::prepare_waiting_previews_dispatched::closure_env$0> >,tuple$<> >",22,0.050775480059084194
vcruntime140.dll!***unknown***,caller,"laneflow-urban-harness.exe!enum2$<laneflow_runtime::kernel::execution::ExecutionResources>::try_for_each_chunk<laneflow_runtime::kernel::tick::WaitingPreviewEntry,laneflow_runtime::kernel::waiting::prepare_waiting_previews_dispatched::closure_env$0>",10,0.02307976366322009
vcruntime140.dll!***unknown***,caller,laneflow-urban-harness.exe!laneflow_runtime::kernel::phase::StepWorkspace::stage_vehicle_transitions,7,0.01615583456425406
vcruntime140.dll!***unknown***,caller,"laneflow-urban-harness.exe!laneflow_runtime::kernel::execution::run_dispatch_chunk<enum2$<laneflow_runtime::kernel::conflict_tick::CandidateReport>,laneflow_runtime::kernel::conflict_tick::impl$6::prepare_conflict_candidates_dispatched::closure_env$2>",5,0.011539881831610045
vcruntime140.dll!***unknown***,caller,"laneflow-urban-harness.exe!enum2$<laneflow_runtime::kernel::execution::ExecutionResources>::try_for_each_chunk<laneflow_runtime::kernel::tick::VehicleMotionOutcome,laneflow_runtime::kernel::tick::prepare_motion_dispatched::closure_env$0>",4,0.009231905465288036
vcruntime140.dll!***unknown***,caller,"laneflow-urban-harness.exe!core::slice::sort::shared::smallsort::insertion_sort_shift_left<laneflow_runtime::kernel::conflict_tick::ConflictCandidate,core::slice::impl$0::sort_unstable_by_key::closure_env$0<laneflow_runtime::kernel::conflict_tick::ConflictCandidate,tuple$<laneflow_runtime::kernel::conflict::ConflictCandidateOrderKey,u32>,laneflow_runtime::kernel::conflict_tick::impl$6::prepare_conflict_candidates::closure_env$1> >",4,0.009231905465288036
vcruntime140.dll!***unknown***,caller,"laneflow-urban-harness.exe!rayon_core::scope::ScopeBase::execute_job_closure<rayon_core::scope::impl$0::spawn::closure$0::closure_env$0<laneflow_runtime::kernel::execution::impl$4::try_for_each_chunk::closure$0::closure_env$0<laneflow_runtime::kernel::tick::VehicleMotionOutcome,laneflow_runtime::kernel::tick::prepare_motion_dispatched::closure_env$0> >,tuple$<> >",2,0.004615952732644018
vcruntime140.dll!***unknown***,caller,laneflow-urban-harness.exe!laneflow_runtime::kernel::conflict_tick::ConflictTaskView::prepare_resource_candidate_task,2,0.004615952732644018
nvlddmkm.sys!***unknown***,callee,nvlddmkm.sys!***unknown***,56,0.1292466765140325
nvlddmkm.sys!***unknown***,caller,nvlddmkm.sys!***unknown***,56,0.1292466765140325
nvlddmkm.sys!***unknown***,callee,nvlddmkm.sys!***unknown***,47,0.10847488921713441
nvlddmkm.sys!***unknown***,callee,nvlddmkm.sys!***unknown*** (trimmed),1,0.002307976366322009
nvlddmkm.sys!***unknown***,callee,nvlddmkm.sys!***unknown*** (trimmed),1,0.002307976366322009
nvlddmkm.sys!***unknown***,callee,nvlddmkm.sys!***unknown*** (trimmed),1,0.002307976366322009
nvlddmkm.sys!***unknown***,callee,nvlddmkm.sys!***unknown*** (trimmed),1,0.002307976366322009
nvlddmkm.sys!***unknown***,callee,nvlddmkm.sys!***unknown*** (trimmed),1,0.002307976366322009
nvlddmkm.sys!***unknown***,callee,nvlddmkm.sys!***unknown*** (trimmed),1,0.002307976366322009
nvlddmkm.sys!***unknown***,callee,nvlddmkm.sys!***unknown*** (trimmed),1,0.002307976366322009
nvlddmkm.sys!***unknown***,callee,nvlddmkm.sys!***unknown*** (trimmed),1,0.002307976366322009
nvlddmkm.sys!***unknown***,callee,nvlddmkm.sys!***unknown*** (trimmed),1,0.002307976366322009
nvlddmkm.sys!***unknown***,caller,nvlddmkm.sys!***unknown***,56,0.1292466765140325
dxgmms2.sys!***unknown***,callee,dxgmms2.sys!***unknown***,55,0.1269387001477105
dxgmms2.sys!***unknown***,callee,dxgmms2.sys!***unknown***,1,0.002307976366322009
dxgmms2.sys!***unknown***,caller,dxgmms2.sys!***unknown***,56,0.1292466765140325
vcruntime140.dll!***unknown***,caller,"laneflow-urban-harness.exe!rayon_core::scope::ScopeBase::execute_job_closure<rayon_core::scope::impl$0::spawn::closure$0::closure_env$0<laneflow_runtime::kernel::execution::impl$4::try_for_each_chunk::closure$0::closure_env$0<laneflow_runtime::kernel::tick::WaitingPreviewEntry,laneflow_runtime::kernel::waiting::prepare_waiting_previews_dispatched::closure_env$0> >,tuple$<> >",19,0.04385155096011817
vcruntime140.dll!***unknown***,caller,"laneflow-urban-harness.exe!rayon_core::scope::ScopeBase::execute_job_closure<rayon_core::scope::impl$0::spawn::closure$0::closure_env$0<laneflow_runtime::kernel::execution::impl$4::try_for_each_chunk::closure$0::closure_env$0<laneflow_runtime::kernel::tick::VehicleMotionOutcome,laneflow_runtime::kernel::tick::prepare_motion_dispatched::closure_env$0> >,tuple$<> >",14,0.03231166912850812
vcruntime140.dll!***unknown***,caller,"laneflow-urban-harness.exe!enum2$<laneflow_runtime::kernel::execution::ExecutionResources>::try_for_each_chunk<laneflow_runtime::kernel::tick::WaitingPreviewEntry,laneflow_runtime::kernel::waiting::prepare_waiting_previews_dispatched::closure_env$0>",7,0.01615583456425406
vcruntime140.dll!***unknown***,caller,laneflow-urban-harness.exe!laneflow_runtime::kernel::phase::StepWorkspace::stage_vehicle_transitions,4,0.009231905465288036
vcruntime140.dll!***unknown***,caller,"laneflow-urban-harness.exe!enum2$<laneflow_runtime::kernel::execution::ExecutionResources>::try_for_each_chunk<laneflow_runtime::kernel::tick::VehicleMotionOutcome,laneflow_runtime::kernel::tick::prepare_motion_dispatched::closure_env$0>",3,0.006923929098966027
vcruntime140.dll!***unknown***,caller,"laneflow-urban-harness.exe!core::slice::sort::shared::smallsort::insertion_sort_shift_left<laneflow_runtime::kernel::conflict_tick::ConflictCandidate,core::slice::impl$0::sort_unstable_by_key::closure_env$0<laneflow_runtime::kernel::conflict_tick::ConflictCandidate,tuple$<laneflow_runtime::kernel::conflict::ConflictCandidateOrderKey,u32>,laneflow_runtime::kernel::conflict_tick::impl$6::prepare_conflict_candidates::closure_env$1> >",3,0.006923929098966027
vcruntime140.dll!***unknown***,caller,"laneflow-urban-harness.exe!laneflow_runtime::kernel::execution::run_dispatch_chunk<enum2$<laneflow_runtime::kernel::conflict_tick::CandidateReport>,laneflow_runtime::kernel::conflict_tick::impl$6::prepare_conflict_candidates_dispatched::closure_env$2>",2,0.004615952732644018
vcruntime140.dll!***unknown***,caller,laneflow-urban-harness.exe!laneflow_runtime::kernel::conflict_tick::ConflictTaskView::prepare_resource_candidate_task,1,0.002307976366322009
vcruntime140.dll!***unknown***,caller,"laneflow-urban-harness.exe!core::slice::sort::unstable::quicksort::quicksort<laneflow_runtime::kernel::conflict_tick::ConflictCandidate,core::slice::impl$0::sort_unstable_by_key::closure_env$0<laneflow_runtime::kernel::conflict_tick::ConflictCandidate,tuple$<laneflow_runtime::kernel::conflict::ConflictCandidateOrderKey,u32>,laneflow_runtime::kernel::conflict_tick::impl$6::prepare_conflict_candidates::closure_env$1> >",1,0.002307976366322009
vcruntime140.dll!***unknown***,caller,"laneflow-urban-harness.exe!rayon_core::scope::ScopeBase::execute_job_closure<rayon_core::scope::impl$0::spawn::closure$0::closure_env$0<laneflow_runtime::kernel::execution::impl$4::try_for_each_chunk::closure$0::closure_env$0<laneflow_runtime::kernel::tick::VehicleMotionOutcome,laneflow_runtime::kernel::tick::prepare_motion_dispatched::closure_env$0> >,tuple$<> >",25,0.05769940915805022
vcruntime140.dll!***unknown***,caller,"laneflow-urban-harness.exe!rayon_core::scope::ScopeBase::execute_job_closure<rayon_core::scope::impl$0::spawn::closure$0::closure_env$0<laneflow_runtime::kernel::execution::impl$4::try_for_each_chunk::closure$0::closure_env$0<laneflow_runtime::kernel::tick::WaitingPreviewEntry,laneflow_runtime::kernel::waiting::prepare_waiting_previews_dispatched::closure_env$0> >,tuple$<> >",14,0.03231166912850812
vcruntime140.dll!***unknown***,caller,"laneflow-urban-harness.exe!enum2$<laneflow_runtime::kernel::execution::ExecutionResources>::try_for_each_chunk<laneflow_runtime::kernel::tick::VehicleMotionOutcome,laneflow_runtime::kernel::tick::prepare_motion_dispatched::closure_env$0>",8,0.01846381093057607
vcruntime140.dll!***unknown***,caller,"laneflow-urban-harness.exe!enum2$<laneflow_runtime::kernel::execution::ExecutionResources>::try_for_each_chunk<laneflow_runtime::kernel::tick::WaitingPreviewEntry,laneflow_runtime::kernel::waiting::prepare_waiting_previews_dispatched::closure_env$0>",5,0.011539881831610045
vcruntime140.dll!***unknown***,caller,"laneflow-urban-harness.exe!core::slice::sort::shared::smallsort::insertion_sort_shift_left<laneflow_runtime::kernel::conflict_tick::ConflictCandidate,core::slice::impl$0::sort_unstable_by_key::closure_env$0<laneflow_runtime::kernel::conflict_tick::ConflictCandidate,tuple$<laneflow_runtime::kernel::conflict::ConflictCandidateOrderKey,u32>,laneflow_runtime::kernel::conflict_tick::impl$6::prepare_conflict_candidates::closure_env$1> >",2,0.004615952732644018
ntkrnlmp.exe!***unknown***,callee,ntkrnlmp.exe!***unknown***,11,0.025387740029542097
ntkrnlmp.exe!***unknown***,callee,ntkrnlmp.exe!***unknown***,10,0.02307976366322009
ntkrnlmp.exe!***unknown***,callee,ntkrnlmp.exe!***unknown***,5,0.011539881831610045
ntkrnlmp.exe!***unknown***,callee,ntkrnlmp.exe!***unknown*** (trimmed),4,0.009231905465288036
ntkrnlmp.exe!***unknown***,callee,ntkrnlmp.exe!***unknown*** (trimmed),3,0.006923929098966027
ntkrnlmp.exe!***unknown***,callee,ntkrnlmp.exe!***unknown*** (trimmed),3,0.006923929098966027
ntkrnlmp.exe!***unknown***,callee,ntkrnlmp.exe!***unknown*** (trimmed),3,0.006923929098966027
ntkrnlmp.exe!***unknown***,callee,ntkrnlmp.exe!***unknown*** (trimmed),3,0.006923929098966027
ntkrnlmp.exe!***unknown***,callee,ntkrnlmp.exe!***unknown*** (trimmed),2,0.004615952732644018
ntkrnlmp.exe!***unknown***,callee,ntkrnlmp.exe!***unknown*** (trimmed),2,0.004615952732644018
ntkrnlmp.exe!***unknown***,callee,ntkrnlmp.exe!***unknown*** (trimmed),1,0.002307976366322009
ntkrnlmp.exe!***unknown***,callee,ntkrnlmp.exe!***unknown*** (trimmed),1,0.002307976366322009
ntkrnlmp.exe!***unknown***,callee,ntkrnlmp.exe!***unknown*** (trimmed),1,0.002307976366322009
ntkrnlmp.exe!***unknown***,callee,ntkrnlmp.exe!***unknown*** (trimmed),1,0.002307976366322009
ntkrnlmp.exe!***unknown***,callee,ntkrnlmp.exe!***unknown*** (trimmed),1,0.002307976366322009
ntkrnlmp.exe!***unknown***,callee,ntkrnlmp.exe!***unknown*** (trimmed),1,0.002307976366322009
ntkrnlmp.exe!***unknown***,callee,ntkrnlmp.exe!***unknown*** (trimmed),1,0.002307976366322009
ntkrnlmp.exe!***unknown***,callee,ntkrnlmp.exe!***unknown*** (trimmed),1,0.002307976366322009
ntkrnlmp.exe!***unknown***,caller,ntkrnlmp.exe!***unknown***,54,0.12463072378138848
vcruntime140.dll!***unknown***,caller,"laneflow-urban-harness.exe!rayon_core::scope::ScopeBase::execute_job_closure<rayon_core::scope::impl$0::spawn::closure$0::closure_env$0<laneflow_runtime::kernel::execution::impl$4::try_for_each_chunk::closure$0::closure_env$0<laneflow_runtime::kernel::tick::WaitingPreviewEntry,laneflow_runtime::kernel::waiting::prepare_waiting_previews_dispatched::closure_env$0> >,tuple$<> >",31,0.07154726735598227
vcruntime140.dll!***unknown***,caller,"laneflow-urban-harness.exe!rayon_core::scope::ScopeBase::execute_job_closure<rayon_core::scope::impl$0::spawn::closure$0::closure_env$0<laneflow_runtime::kernel::execution::impl$4::try_for_each_chunk::closure$0::closure_env$0<laneflow_runtime::kernel::tick::VehicleMotionOutcome,laneflow_runtime::kernel::tick::prepare_motion_dispatched::closure_env$0> >,tuple$<> >",11,0.025387740029542097
vcruntime140.dll!***unknown***,caller,"laneflow-urban-harness.exe!enum2$<laneflow_runtime::kernel::execution::ExecutionResources>::try_for_each_chunk<laneflow_runtime::kernel::tick::WaitingPreviewEntry,laneflow_runtime::kernel::waiting::prepare_waiting_previews_dispatched::closure_env$0>",8,0.01846381093057607
vcruntime140.dll!***unknown***,caller,"laneflow-urban-harness.exe!laneflow_runtime::kernel::execution::run_dispatch_chunk<enum2$<laneflow_runtime::kernel::conflict_tick::CandidateReport>,laneflow_runtime::kernel::conflict_tick::impl$6::prepare_conflict_candidates_dispatched::closure_env$2>",2,0.004615952732644018
vcruntime140.dll!***unknown***,caller,"laneflow-urban-harness.exe!enum2$<laneflow_runtime::kernel::execution::ExecutionResources>::try_for_each_chunk<laneflow_runtime::kernel::tick::VehicleMotionOutcome,laneflow_runtime::kernel::tick::prepare_motion_dispatched::closure_env$0>",1,0.002307976366322009
ntdll.dll!***unknown***,callee,ntdll.dll!***unknown***,32,0.07385524372230429
ntdll.dll!***unknown***,callee,ntdll.dll!***unknown***,7,0.01615583456425406
ntdll.dll!***unknown***,callee,ntdll.dll!***unknown*** (trimmed),3,0.006923929098966027
ntdll.dll!***unknown***,callee,ntdll.dll!***unknown*** (trimmed),2,0.004615952732644018
ntdll.dll!***unknown***,callee,ntdll.dll!***unknown*** (trimmed),2,0.004615952732644018
ntdll.dll!***unknown***,callee,ntdll.dll!***unknown*** (trimmed),2,0.004615952732644018
ntdll.dll!***unknown***,callee,ntdll.dll!***unknown*** (trimmed),2,0.004615952732644018
ntdll.dll!***unknown***,callee,ntdll.dll!***unknown*** (trimmed),1,0.002307976366322009
ntdll.dll!***unknown***,callee,ntdll.dll!***unknown*** (trimmed),1,0.002307976366322009
ntdll.dll!***unknown***,callee,ntdll.dll!***unknown*** (trimmed),1,0.002307976366322009
ntdll.dll!***unknown***,caller,ntdll.dll!***unknown***,53,0.12232274741506646
"laneflow-urban-harness.exe!alloc::vec::Vec<enum2$<laneflow_runtime::kernel::execution::DispatchSlot<laneflow_runtime::kernel::tick::VehicleMotionOutcome> >,alloc::alloc::Global>::resize<enum2$<laneflow_runtime::kernel::execution::DispatchSlot<laneflow_runtime::kernel::tick::VehicleMotionOutcome> >,alloc::alloc::Global>",caller,laneflow-urban-harness.exe!laneflow_runtime::kernel::tick::prepare_motion_dispatched,52,0.12001477104874446
dxgmms2.sys!***unknown***,callee,dxgmms2.sys!***unknown***,43,0.09924298375184638
dxgmms2.sys!***unknown***,callee,dxgmms2.sys!***unknown***,9,0.02077178729689808
dxgmms2.sys!***unknown***,caller,dxgmms2.sys!***unknown***,52,0.12001477104874446
laneflow-urban-harness.exe!laneflow_runtime::kernel::tables::distance_to_occurrence_start,caller,laneflow-urban-harness.exe!laneflow_runtime::kernel::phase::StepReadView::scope_near_gate,51,0.11770679468242246
nvlddmkm.sys!***unknown***,callee,nvlddmkm.sys!***unknown***,42,0.09693500738552437
nvlddmkm.sys!***unknown***,callee,nvlddmkm.sys!***unknown*** (trimmed),4,0.009231905465288036
nvlddmkm.sys!***unknown***,callee,nvlddmkm.sys!***unknown*** (trimmed),2,0.004615952732644018
nvlddmkm.sys!***unknown***,callee,nvlddmkm.sys!***unknown*** (trimmed),1,0.002307976366322009
nvlddmkm.sys!***unknown***,callee,nvlddmkm.sys!***unknown*** (trimmed),1,0.002307976366322009
nvlddmkm.sys!***unknown***,caller,nvlddmkm.sys!***unknown***,50,0.11539881831610044
laneflow-urban-harness.exe!laneflow_runtime::kernel::state::WorldState::overlap_blocker,callee,laneflow-urban-harness.exe!laneflow_runtime::kernel::spawn_overlap::SpawnOverlapIndex::refresh,41,0.09462703101920236
laneflow-urban-harness.exe!laneflow_runtime::kernel::state::WorldState::overlap_blocker,callee,laneflow-urban-harness.exe!laneflow_runtime::kernel::spawn_overlap::impl$2::indexed_overlap_blocker::closure$0,9,0.02077178729689808
laneflow-urban-harness.exe!laneflow_runtime::kernel::state::WorldState::overlap_blocker,caller,laneflow-urban-harness.exe!laneflow_runtime::kernel::state::WorldState::replace_completed_vehicle,35,0.08077917282127031
laneflow-urban-harness.exe!laneflow_runtime::kernel::state::WorldState::overlap_blocker,caller,laneflow-urban-harness.exe!laneflow_runtime::kernel::state::WorldState::leave_parking,15,0.03461964549483013
nvlddmkm.sys!***unknown***,callee,nvlddmkm.sys!***unknown***,43,0.09924298375184638
nvlddmkm.sys!***unknown***,callee,nvlddmkm.sys!***unknown***,4,0.009231905465288036
nvlddmkm.sys!***unknown***,callee,nvlddmkm.sys!***unknown*** (trimmed),2,0.004615952732644018
nvlddmkm.sys!***unknown***,caller,nvlddmkm.sys!***unknown***,48,0.11078286558345643
nvlddmkm.sys!***unknown***,caller,nvlddmkm.sys!***unknown*** (trimmed),1,0.002307976366322009
nvlddmkm.sys!***unknown***,callee,nvlddmkm.sys!***unknown***,34,0.07847119645494831
nvlddmkm.sys!***unknown***,callee,nvlddmkm.sys!***unknown***,14,0.03231166912850812
nvlddmkm.sys!***unknown***,callee,nvlddmkm.sys!***unknown*** (trimmed),1,0.002307976366322009
nvlddmkm.sys!***unknown***,caller,nvlddmkm.sys!***unknown***,49,0.11309084194977843
nvlddmkm.sys!***unknown***,callee,nvlddmkm.sys!***unknown***,49,0.11309084194977843
nvlddmkm.sys!***unknown***,caller,nvlddmkm.sys!***unknown***,49,0.11309084194977843
laneflow-urban-harness.exe!std::sys::sync::mutex::futex::Mutex::lock_contended,callee,Kernelbase.dll!***unknown***,45,0.1038589364844904
laneflow-urban-harness.exe!std::sys::sync::mutex::futex::Mutex::lock_contended,caller,laneflow-urban-harness.exe!rayon_core::sleep::Sleep::wake_specific_thread,45,0.1038589364844904
laneflow-urban-harness.exe!std::sys::sync::mutex::futex::Mutex::lock_contended,caller,laneflow-urban-harness.exe!std::sys::sync::condvar::futex::Condvar::wait,4,0.009231905465288036
laneflow-urban-harness.exe!laneflow_urban_harness::observe::range,callee,ntdll.dll!***unknown***,26,0.06000738552437223
laneflow-urban-harness.exe!laneflow_urban_harness::observe::range,callee,"laneflow-urban-harness.exe!core::hash::BuildHasher::hash_one<std::hash::random::RandomState,ref$<laneflow_runtime::kernel::handle::RouteHandle> >",5,0.011539881831610045
laneflow-urban-harness.exe!laneflow_urban_harness::observe::range,callee,ntdll.dll!***unknown*** (trimmed),1,0.002307976366322009
laneflow-urban-harness.exe!laneflow_urban_harness::observe::range,callee,ntdll.dll!***unknown*** (trimmed),1,0.002307976366322009
laneflow-urban-harness.exe!laneflow_urban_harness::observe::range,callee,laneflow-urban-harness.exe!std::alloc::__default_lib_allocator::__rdl_alloc,1,0.002307976366322009
laneflow-urban-harness.exe!laneflow_urban_harness::observe::range,callee,laneflow-urban-harness.exe!std::sys::alloc::windows::process_heap_alloc,1,0.002307976366322009
laneflow-urban-harness.exe!laneflow_urban_harness::observe::range,caller,laneflow-urban-harness.exe!laneflow_urban_harness::observe::state,49,0.11309084194977843
"laneflow-urban-harness.exe!hashbrown::raw::RawTable<tuple$<enum2$<laneflow_runtime::kernel::parking::ParkingTarget>,tuple$<u64,u64> >,alloc::alloc::Global>::reserve_rehash<tuple$<enum2$<laneflow_runtime::kernel::parking::ParkingTarget>,tuple$<u64,u64> >,alloc::alloc::Global,hashbrown::map::make_hasher::closure_env$0<enum2$<laneflow_runtime::kernel::parking::ParkingTarget>,tuple$<u64,u64>,std::hash::random::RandomState> >",callee,"laneflow-urban-harness.exe!core::hash::BuildHasher::hash_one<std::hash::random::RandomState,ref$<enum2$<laneflow_runtime::kernel::parking::ParkingTarget> > >",19,0.04385155096011817
"laneflow-urban-harness.exe!hashbrown::raw::RawTable<tuple$<enum2$<laneflow_runtime::kernel::parking::ParkingTarget>,tuple$<u64,u64> >,alloc::alloc::Global>::reserve_rehash<tuple$<enum2$<laneflow_runtime::kernel::parking::ParkingTarget>,tuple$<u64,u64> >,alloc::alloc::Global,hashbrown::map::make_hasher::closure_env$0<enum2$<laneflow_runtime::kernel::parking::ParkingTarget>,tuple$<u64,u64>,std::hash::random::RandomState> >",callee,ntdll.dll!***unknown***,12,0.027695716395864108
"laneflow-urban-harness.exe!hashbrown::raw::RawTable<tuple$<enum2$<laneflow_runtime::kernel::parking::ParkingTarget>,tuple$<u64,u64> >,alloc::alloc::Global>::reserve_rehash<tuple$<enum2$<laneflow_runtime::kernel::parking::ParkingTarget>,tuple$<u64,u64> >,alloc::alloc::Global,hashbrown::map::make_hasher::closure_env$0<enum2$<laneflow_runtime::kernel::parking::ParkingTarget>,tuple$<u64,u64>,std::hash::random::RandomState> >",callee,ntkrnlmp.exe!***unknown***,3,0.006923929098966027
"laneflow-urban-harness.exe!hashbrown::raw::RawTable<tuple$<enum2$<laneflow_runtime::kernel::parking::ParkingTarget>,tuple$<u64,u64> >,alloc::alloc::Global>::reserve_rehash<tuple$<enum2$<laneflow_runtime::kernel::parking::ParkingTarget>,tuple$<u64,u64> >,alloc::alloc::Global,hashbrown::map::make_hasher::closure_env$0<enum2$<laneflow_runtime::kernel::parking::ParkingTarget>,tuple$<u64,u64>,std::hash::random::RandomState> >",callee,ntdll.dll!***unknown***,1,0.002307976366322009
"laneflow-urban-harness.exe!hashbrown::raw::RawTable<tuple$<enum2$<laneflow_runtime::kernel::parking::ParkingTarget>,tuple$<u64,u64> >,alloc::alloc::Global>::reserve_rehash<tuple$<enum2$<laneflow_runtime::kernel::parking::ParkingTarget>,tuple$<u64,u64> >,alloc::alloc::Global,hashbrown::map::make_hasher::closure_env$0<enum2$<laneflow_runtime::kernel::parking::ParkingTarget>,tuple$<u64,u64>,std::hash::random::RandomState> >",callee,vcruntime140.dll!***unknown*** (trimmed),1,0.002307976366322009
"laneflow-urban-harness.exe!hashbrown::raw::RawTable<tuple$<enum2$<laneflow_runtime::kernel::parking::ParkingTarget>,tuple$<u64,u64> >,alloc::alloc::Global>::reserve_rehash<tuple$<enum2$<laneflow_runtime::kernel::parking::ParkingTarget>,tuple$<u64,u64> >,alloc::alloc::Global,hashbrown::map::make_hasher::closure_env$0<enum2$<laneflow_runtime::kernel::parking::ParkingTarget>,tuple$<u64,u64>,std::hash::random::RandomState> >",caller,laneflow-urban-harness.exe!laneflow_urban_harness::observe::parking_invariants,49,0.11309084194977843
nvlddmkm.sys!***unknown***,callee,nvlddmkm.sys!***unknown***,48,0.11078286558345643
nvlddmkm.sys!***unknown***,caller,nvlddmkm.sys!***unknown***,34,0.07847119645494831
nvlddmkm.sys!***unknown***,caller,nvlddmkm.sys!***unknown***,14,0.03231166912850812
ntkrnlmp.exe!***unknown***,callee,ntkrnlmp.exe!***unknown***,46,0.10616691285081241
ntkrnlmp.exe!***unknown***,callee,ntkrnlmp.exe!***unknown*** (trimmed),1,0.002307976366322009
ntkrnlmp.exe!***unknown***,callee,ntkrnlmp.exe!***unknown*** (trimmed),1,0.002307976366322009
ntkrnlmp.exe!***unknown***,caller,ntkrnlmp.exe!***unknown***,48,0.11078286558345643
ntkrnlmp.exe!***unknown***,callee,ntkrnlmp.exe!***unknown***,10,0.02307976366322009
ntkrnlmp.exe!***unknown***,callee,ntkrnlmp.exe!***unknown***,6,0.013847858197932054
ntkrnlmp.exe!***unknown***,callee,ntkrnlmp.exe!***unknown*** (trimmed),4,0.009231905465288036
ntkrnlmp.exe!***unknown***,callee,ntkrnlmp.exe!***unknown*** (trimmed),3,0.006923929098966027
ntkrnlmp.exe!***unknown***,callee,ntkrnlmp.exe!***unknown*** (trimmed),3,0.006923929098966027
ntkrnlmp.exe!***unknown***,callee,ntkrnlmp.exe!***unknown*** (trimmed),3,0.006923929098966027
ntkrnlmp.exe!***unknown***,callee,ntkrnlmp.exe!***unknown*** (trimmed),2,0.004615952732644018
ntkrnlmp.exe!***unknown***,callee,ntkrnlmp.exe!***unknown*** (trimmed),2,0.004615952732644018
ntkrnlmp.exe!***unknown***,callee,ntkrnlmp.exe!***unknown*** (trimmed),2,0.004615952732644018
ntkrnlmp.exe!***unknown***,callee,ntkrnlmp.exe!***unknown*** (trimmed),1,0.002307976366322009
ntkrnlmp.exe!***unknown***,callee,ntkrnlmp.exe!***unknown*** (trimmed),1,0.002307976366322009
ntkrnlmp.exe!***unknown***,callee,ntkrnlmp.exe!***unknown*** (trimmed),1,0.002307976366322009
ntkrnlmp.exe!***unknown***,callee,ntkrnlmp.exe!***unknown*** (trimmed),1,0.002307976366322009
ntkrnlmp.exe!***unknown***,callee,ntkrnlmp.exe!***unknown*** (trimmed),1,0.002307976366322009
ntkrnlmp.exe!***unknown***,callee,ntkrnlmp.exe!***unknown*** (trimmed),1,0.002307976366322009
ntkrnlmp.exe!***unknown***,callee,ntkrnlmp.exe!***unknown*** (trimmed),1,0.002307976366322009
ntkrnlmp.exe!***unknown***,callee,ntkrnlmp.exe!***unknown*** (trimmed),1,0.002307976366322009
ntkrnlmp.exe!***unknown***,callee,ntkrnlmp.exe!***unknown*** (trimmed),1,0.002307976366322009
ntkrnlmp.exe!***unknown***,callee,ntkrnlmp.exe!***unknown*** (trimmed),1,0.002307976366322009
ntkrnlmp.exe!***unknown***,callee,ntkrnlmp.exe!***unknown*** (trimmed),1,0.002307976366322009
ntkrnlmp.exe!***unknown***,callee,ntkrnlmp.exe!***unknown*** (trimmed),1,0.002307976366322009
ntkrnlmp.exe!***unknown***,callee,ntkrnlmp.exe!***unknown*** (trimmed),1,0.002307976366322009
ntkrnlmp.exe!***unknown***,caller,ntkrnlmp.exe!***unknown***,48,0.11078286558345643
ntkrnlmp.exe!***unknown***,callee,ntkrnlmp.exe!***unknown***,28,0.06462333825701624
ntkrnlmp.exe!***unknown***,callee,ntkrnlmp.exe!***unknown***,8,0.01846381093057607
ntkrnlmp.exe!***unknown***,callee,ntkrnlmp.exe!***unknown*** (trimmed),4,0.009231905465288036
ntkrnlmp.exe!***unknown***,callee,ntkrnlmp.exe!***unknown*** (trimmed),3,0.006923929098966027
ntkrnlmp.exe!***unknown***,callee,ntkrnlmp.exe!***unknown*** (trimmed),1,0.002307976366322009
ntkrnlmp.exe!***unknown***,callee,ntkrnlmp.exe!***unknown*** (trimmed),1,0.002307976366322009
ntkrnlmp.exe!***unknown***,callee,ntkrnlmp.exe!***unknown*** (trimmed),1,0.002307976366322009
ntkrnlmp.exe!***unknown***,callee,ntkrnlmp.exe!***unknown*** (trimmed),1,0.002307976366322009
ntkrnlmp.exe!***unknown***,callee,ntkrnlmp.exe!***unknown*** (trimmed),1,0.002307976366322009
ntkrnlmp.exe!***unknown***,caller,ntkrnlmp.exe!***unknown***,48,0.11078286558345643
ntdll.dll!***unknown***,caller,ntdll.dll!***unknown***,48,0.11078286558345643
"laneflow-urban-harness.exe!hashbrown::raw::RawTable<tuple$<u32,laneflow_urban_harness::runner::IndividualId>,alloc::alloc::Global>::reserve_rehash<tuple$<u32,laneflow_urban_harness::runner::IndividualId>,alloc::alloc::Global,hashbrown::map::make_hasher::closure_env$0<u32,laneflow_urban_harness::runner::IndividualId,std::hash::random::RandomState> >",callee,ntdll.dll!***unknown***,11,0.025387740029542097
"laneflow-urban-harness.exe!hashbrown::raw::RawTable<tuple$<u32,laneflow_urban_harness::runner::IndividualId>,alloc::alloc::Global>::reserve_rehash<tuple$<u32,laneflow_urban_harness::runner::IndividualId>,alloc::alloc::Global,hashbrown::map::make_hasher::closure_env$0<u32,laneflow_urban_harness::runner::IndividualId,std::hash::random::RandomState> >",callee,"laneflow-urban-harness.exe!core::hash::BuildHasher::hash_one<std::hash::random::RandomState,ref$<u32> >",8,0.01846381093057607
"laneflow-urban-harness.exe!hashbrown::raw::RawTable<tuple$<u32,laneflow_urban_harness::runner::IndividualId>,alloc::alloc::Global>::reserve_rehash<tuple$<u32,laneflow_urban_harness::runner::IndividualId>,alloc::alloc::Global,hashbrown::map::make_hasher::closure_env$0<u32,laneflow_urban_harness::runner::IndividualId,std::hash::random::RandomState> >",callee,ntdll.dll!***unknown***,3,0.006923929098966027
"laneflow-urban-harness.exe!hashbrown::raw::RawTable<tuple$<u32,laneflow_urban_harness::runner::IndividualId>,alloc::alloc::Global>::reserve_rehash<tuple$<u32,laneflow_urban_harness::runner::IndividualId>,alloc::alloc::Global,hashbrown::map::make_hasher::closure_env$0<u32,laneflow_urban_harness::runner::IndividualId,std::hash::random::RandomState> >",callee,laneflow-urban-harness.exe!std::sys::alloc::windows::process_heap_alloc,1,0.002307976366322009
"laneflow-urban-harness.exe!hashbrown::raw::RawTable<tuple$<u32,laneflow_urban_harness::runner::IndividualId>,alloc::alloc::Global>::reserve_rehash<tuple$<u32,laneflow_urban_harness::runner::IndividualId>,alloc::alloc::Global,hashbrown::map::make_hasher::closure_env$0<u32,laneflow_urban_harness::runner::IndividualId,std::hash::random::RandomState> >",caller,"laneflow-urban-harness.exe!hashbrown::map::HashMap<u32,laneflow_urban_harness::runner::IndividualId,std::hash::random::RandomState,alloc::alloc::Global>::insert<u32,laneflow_urban_harness::runner::IndividualId,std::hash::random::RandomState,alloc::alloc::Global>",48,0.11078286558345643
"laneflow-urban-harness.exe!core::slice::sort::shared::smallsort::insertion_sort_shift_left<laneflow_runtime::kernel::conflict_tick::ConflictCandidate,core::slice::impl$0::sort_unstable_by_key::closure_env$0<laneflow_runtime::kernel::conflict_tick::ConflictCandidate,tuple$<laneflow_runtime::kernel::conflict::ConflictCandidateOrderKey,u32>,laneflow_runtime::kernel::conflict_tick::impl$6::prepare_conflict_candidates::closure_env$1> >",callee,vcruntime140.dll!***unknown***,4,0.009231905465288036
"laneflow-urban-harness.exe!core::slice::sort::shared::smallsort::insertion_sort_shift_left<laneflow_runtime::kernel::conflict_tick::ConflictCandidate,core::slice::impl$0::sort_unstable_by_key::closure_env$0<laneflow_runtime::kernel::conflict_tick::ConflictCandidate,tuple$<laneflow_runtime::kernel::conflict::ConflictCandidateOrderKey,u32>,laneflow_runtime::kernel::conflict_tick::impl$6::prepare_conflict_candidates::closure_env$1> >",callee,vcruntime140.dll!***unknown***,3,0.006923929098966027
"laneflow-urban-harness.exe!core::slice::sort::shared::smallsort::insertion_sort_shift_left<laneflow_runtime::kernel::conflict_tick::ConflictCandidate,core::slice::impl$0::sort_unstable_by_key::closure_env$0<laneflow_runtime::kernel::conflict_tick::ConflictCandidate,tuple$<laneflow_runtime::kernel::conflict::ConflictCandidateOrderKey,u32>,laneflow_runtime::kernel::conflict_tick::impl$6::prepare_conflict_candidates::closure_env$1> >",callee,vcruntime140.dll!***unknown***,3,0.006923929098966027
"laneflow-urban-harness.exe!core::slice::sort::shared::smallsort::insertion_sort_shift_left<laneflow_runtime::kernel::conflict_tick::ConflictCandidate,core::slice::impl$0::sort_unstable_by_key::closure_env$0<laneflow_runtime::kernel::conflict_tick::ConflictCandidate,tuple$<laneflow_runtime::kernel::conflict::ConflictCandidateOrderKey,u32>,laneflow_runtime::kernel::conflict_tick::impl$6::prepare_conflict_candidates::closure_env$1> >",callee,vcruntime140.dll!***unknown***,2,0.004615952732644018
"laneflow-urban-harness.exe!core::slice::sort::shared::smallsort::insertion_sort_shift_left<laneflow_runtime::kernel::conflict_tick::ConflictCandidate,core::slice::impl$0::sort_unstable_by_key::closure_env$0<laneflow_runtime::kernel::conflict_tick::ConflictCandidate,tuple$<laneflow_runtime::kernel::conflict::ConflictCandidateOrderKey,u32>,laneflow_runtime::kernel::conflict_tick::impl$6::prepare_conflict_candidates::closure_env$1> >",callee,vcruntime140.dll!***unknown***,2,0.004615952732644018
"laneflow-urban-harness.exe!core::slice::sort::shared::smallsort::insertion_sort_shift_left<laneflow_runtime::kernel::conflict_tick::ConflictCandidate,core::slice::impl$0::sort_unstable_by_key::closure_env$0<laneflow_runtime::kernel::conflict_tick::ConflictCandidate,tuple$<laneflow_runtime::kernel::conflict::ConflictCandidateOrderKey,u32>,laneflow_runtime::kernel::conflict_tick::impl$6::prepare_conflict_candidates::closure_env$1> >",callee,vcruntime140.dll!***unknown***,2,0.004615952732644018
"laneflow-urban-harness.exe!core::slice::sort::shared::smallsort::insertion_sort_shift_left<laneflow_runtime::kernel::conflict_tick::ConflictCandidate,core::slice::impl$0::sort_unstable_by_key::closure_env$0<laneflow_runtime::kernel::conflict_tick::ConflictCandidate,tuple$<laneflow_runtime::kernel::conflict::ConflictCandidateOrderKey,u32>,laneflow_runtime::kernel::conflict_tick::impl$6::prepare_conflict_candidates::closure_env$1> >",callee,vcruntime140.dll!***unknown***,2,0.004615952732644018
"laneflow-urban-harness.exe!core::slice::sort::shared::smallsort::insertion_sort_shift_left<laneflow_runtime::kernel::conflict_tick::ConflictCandidate,core::slice::impl$0::sort_unstable_by_key::closure_env$0<laneflow_runtime::kernel::conflict_tick::ConflictCandidate,tuple$<laneflow_runtime::kernel::conflict::ConflictCandidateOrderKey,u32>,laneflow_runtime::kernel::conflict_tick::impl$6::prepare_conflict_candidates::closure_env$1> >",callee,vcruntime140.dll!***unknown***,1,0.002307976366322009
"laneflow-urban-harness.exe!core::slice::sort::shared::smallsort::insertion_sort_shift_left<laneflow_runtime::kernel::conflict_tick::ConflictCandidate,core::slice::impl$0::sort_unstable_by_key::closure_env$0<laneflow_runtime::kernel::conflict_tick::ConflictCandidate,tuple$<laneflow_runtime::kernel::conflict::ConflictCandidateOrderKey,u32>,laneflow_runtime::kernel::conflict_tick::impl$6::prepare_conflict_candidates::closure_env$1> >",callee,vcruntime140.dll!***unknown***,1,0.002307976366322009
"laneflow-urban-harness.exe!core::slice::sort::shared::smallsort::insertion_sort_shift_left<laneflow_runtime::kernel::conflict_tick::ConflictCandidate,core::slice::impl$0::sort_unstable_by_key::closure_env$0<laneflow_runtime::kernel::conflict_tick::ConflictCandidate,tuple$<laneflow_runtime::kernel::conflict::ConflictCandidateOrderKey,u32>,laneflow_runtime::kernel::conflict_tick::impl$6::prepare_conflict_candidates::closure_env$1> >",callee,vcruntime140.dll!***unknown***,1,0.002307976366322009
"laneflow-urban-harness.exe!core::slice::sort::shared::smallsort::insertion_sort_shift_left<laneflow_runtime::kernel::conflict_tick::ConflictCandidate,core::slice::impl$0::sort_unstable_by_key::closure_env$0<laneflow_runtime::kernel::conflict_tick::ConflictCandidate,tuple$<laneflow_runtime::kernel::conflict::ConflictCandidateOrderKey,u32>,laneflow_runtime::kernel::conflict_tick::impl$6::prepare_conflict_candidates::closure_env$1> >",callee,vcruntime140.dll!***unknown***,1,0.002307976366322009
"laneflow-urban-harness.exe!core::slice::sort::shared::smallsort::insertion_sort_shift_left<laneflow_runtime::kernel::conflict_tick::ConflictCandidate,core::slice::impl$0::sort_unstable_by_key::closure_env$0<laneflow_runtime::kernel::conflict_tick::ConflictCandidate,tuple$<laneflow_runtime::kernel::conflict::ConflictCandidateOrderKey,u32>,laneflow_runtime::kernel::conflict_tick::impl$6::prepare_conflict_candidates::closure_env$1> >",callee,vcruntime140.dll!***unknown*** (trimmed),1,0.002307976366322009
"laneflow-urban-harness.exe!core::slice::sort::shared::smallsort::insertion_sort_shift_left<laneflow_runtime::kernel::conflict_tick::ConflictCandidate,core::slice::impl$0::sort_unstable_by_key::closure_env$0<laneflow_runtime::kernel::conflict_tick::ConflictCandidate,tuple$<laneflow_runtime::kernel::conflict::ConflictCandidateOrderKey,u32>,laneflow_runtime::kernel::conflict_tick::impl$6::prepare_conflict_candidates::closure_env$1> >",callee,vcruntime140.dll!***unknown***,1,0.002307976366322009
"laneflow-urban-harness.exe!core::slice::sort::shared::smallsort::insertion_sort_shift_left<laneflow_runtime::kernel::conflict_tick::ConflictCandidate,core::slice::impl$0::sort_unstable_by_key::closure_env$0<laneflow_runtime::kernel::conflict_tick::ConflictCandidate,tuple$<laneflow_runtime::kernel::conflict::ConflictCandidateOrderKey,u32>,laneflow_runtime::kernel::conflict_tick::impl$6::prepare_conflict_candidates::closure_env$1> >",callee,vcruntime140.dll!***unknown***,1,0.002307976366322009
"laneflow-urban-harness.exe!core::slice::sort::shared::smallsort::insertion_sort_shift_left<laneflow_runtime::kernel::conflict_tick::ConflictCandidate,core::slice::impl$0::sort_unstable_by_key::closure_env$0<laneflow_runtime::kernel::conflict_tick::ConflictCandidate,tuple$<laneflow_runtime::kernel::conflict::ConflictCandidateOrderKey,u32>,laneflow_runtime::kernel::conflict_tick::impl$6::prepare_conflict_candidates::closure_env$1> >",callee,vcruntime140.dll!***unknown*** (trimmed),1,0.002307976366322009
"laneflow-urban-harness.exe!core::slice::sort::shared::smallsort::insertion_sort_shift_left<laneflow_runtime::kernel::conflict_tick::ConflictCandidate,core::slice::impl$0::sort_unstable_by_key::closure_env$0<laneflow_runtime::kernel::conflict_tick::ConflictCandidate,tuple$<laneflow_runtime::kernel::conflict::ConflictCandidateOrderKey,u32>,laneflow_runtime::kernel::conflict_tick::impl$6::prepare_conflict_candidates::closure_env$1> >",callee,vcruntime140.dll!***unknown***,1,0.002307976366322009
"laneflow-urban-harness.exe!core::slice::sort::shared::smallsort::insertion_sort_shift_left<laneflow_runtime::kernel::conflict_tick::ConflictCandidate,core::slice::impl$0::sort_unstable_by_key::closure_env$0<laneflow_runtime::kernel::conflict_tick::ConflictCandidate,tuple$<laneflow_runtime::kernel::conflict::ConflictCandidateOrderKey,u32>,laneflow_runtime::kernel::conflict_tick::impl$6::prepare_conflict_candidates::closure_env$1> >",callee,vcruntime140.dll!***unknown***,1,0.002307976366322009
"laneflow-urban-harness.exe!core::slice::sort::shared::smallsort::insertion_sort_shift_left<laneflow_runtime::kernel::conflict_tick::ConflictCandidate,core::slice::impl$0::sort_unstable_by_key::closure_env$0<laneflow_runtime::kernel::conflict_tick::ConflictCandidate,tuple$<laneflow_runtime::kernel::conflict::ConflictCandidateOrderKey,u32>,laneflow_runtime::kernel::conflict_tick::impl$6::prepare_conflict_candidates::closure_env$1> >",callee,vcruntime140.dll!***unknown***,1,0.002307976366322009
"laneflow-urban-harness.exe!core::slice::sort::shared::smallsort::insertion_sort_shift_left<laneflow_runtime::kernel::conflict_tick::ConflictCandidate,core::slice::impl$0::sort_unstable_by_key::closure_env$0<laneflow_runtime::kernel::conflict_tick::ConflictCandidate,tuple$<laneflow_runtime::kernel::conflict::ConflictCandidateOrderKey,u32>,laneflow_runtime::kernel::conflict_tick::impl$6::prepare_conflict_candidates::closure_env$1> >",caller,"laneflow-urban-harness.exe!core::slice::sort::unstable::quicksort::quicksort<laneflow_runtime::kernel::conflict_tick::ConflictCandidate,core::slice::impl$0::sort_unstable_by_key::closure_env$0<laneflow_runtime::kernel::conflict_tick::ConflictCandidate,tuple$<laneflow_runtime::kernel::conflict::ConflictCandidateOrderKey,u32>,laneflow_runtime::kernel::conflict_tick::impl$6::prepare_conflict_candidates::closure_env$1> >",48,0.11078286558345643
nvlddmkm.sys!***unknown***,callee,nvlddmkm.sys!***unknown***,33,0.07616322008862629
nvlddmkm.sys!***unknown***,callee,nvlddmkm.sys!***unknown*** (trimmed),3,0.006923929098966027
nvlddmkm.sys!***unknown***,callee,nvlddmkm.sys!***unknown*** (trimmed),1,0.002307976366322009
nvlddmkm.sys!***unknown***,callee,nvlddmkm.sys!***unknown*** (trimmed),1,0.002307976366322009
nvlddmkm.sys!***unknown***,callee,nvlddmkm.sys!***unknown*** (trimmed),1,0.002307976366322009
nvlddmkm.sys!***unknown***,callee,nvlddmkm.sys!***unknown*** (trimmed),1,0.002307976366322009
nvlddmkm.sys!***unknown***,callee,nvlddmkm.sys!***unknown*** (trimmed),1,0.002307976366322009
nvlddmkm.sys!***unknown***,callee,nvlddmkm.sys!***unknown*** (trimmed),1,0.002307976366322009
nvlddmkm.sys!***unknown***,callee,nvlddmkm.sys!***unknown*** (trimmed),1,0.002307976366322009
nvlddmkm.sys!***unknown***,callee,nvlddmkm.sys!***unknown*** (trimmed),1,0.002307976366322009
nvlddmkm.sys!***unknown***,callee,nvlddmkm.sys!***unknown*** (trimmed),1,0.002307976366322009
nvlddmkm.sys!***unknown***,callee,nvlddmkm.sys!***unknown*** (trimmed),1,0.002307976366322009
nvlddmkm.sys!***unknown***,callee,nvlddmkm.sys!***unknown*** (trimmed),1,0.002307976366322009
nvlddmkm.sys!***unknown***,caller,nvlddmkm.sys!***unknown***,47,0.10847488921713441
ntdll.dll!***unknown***,callee,ntdll.dll!***unknown***,47,0.10847488921713441
ntdll.dll!***unknown***,caller,ntdll.dll!***unknown***,47,0.10847488921713441
laneflow-urban-harness.exe!laneflow_runtime::kernel::tick::impl$5::vehicle_motion_outcome::closure$3,caller,laneflow-urban-harness.exe!laneflow_runtime::kernel::tick::MotionTaskView::vehicle_motion_outcome,47,0.10847488921713441
ntkrnlmp.exe!***unknown***,callee,ntkrnlmp.exe!***unknown***,26,0.06000738552437223
ntkrnlmp.exe!***unknown***,callee,ntkrnlmp.exe!***unknown***,12,0.027695716395864108
ntkrnlmp.exe!***unknown***,callee,ntkrnlmp.exe!***unknown*** (trimmed),4,0.009231905465288036
ntkrnlmp.exe!***unknown***,callee,ntkrnlmp.exe!***unknown*** (trimmed),4,0.009231905465288036
ntkrnlmp.exe!***unknown***,caller,ntkrnlmp.exe!***unknown***,46,0.10616691285081241
ntkrnlmp.exe!***unknown***,callee,ntkrnlmp.exe!***unknown***,13,0.030003692762186115
ntkrnlmp.exe!***unknown***,callee,ntkrnlmp.exe!***unknown***,8,0.01846381093057607
ntkrnlmp.exe!***unknown***,callee,ntkrnlmp.exe!***unknown***,7,0.01615583456425406
ntkrnlmp.exe!***unknown***,callee,ntkrnlmp.exe!***unknown***,6,0.013847858197932054
ntkrnlmp.exe!***unknown***,callee,ntkrnlmp.exe!***unknown*** (trimmed),3,0.006923929098966027
ntkrnlmp.exe!***unknown***,callee,ntkrnlmp.exe!***unknown*** (trimmed),2,0.004615952732644018
ntkrnlmp.exe!***unknown***,callee,ntkrnlmp.exe!***unknown*** (trimmed),2,0.004615952732644018
ntkrnlmp.exe!***unknown***,callee,ntkrnlmp.exe!***unknown*** (trimmed),2,0.004615952732644018
ntkrnlmp.exe!***unknown***,callee,ntkrnlmp.exe!***unknown*** (trimmed),1,0.002307976366322009
ntkrnlmp.exe!***unknown***,callee,ntkrnlmp.exe!***unknown*** (trimmed),1,0.002307976366322009
ntkrnlmp.exe!***unknown***,caller,ntkrnlmp.exe!***unknown***,46,0.10616691285081241
ntkrnlmp.exe!***unknown***,callee,ntkrnlmp.exe!***unknown***,46,0.10616691285081241
ntkrnlmp.exe!***unknown***,caller,ntkrnlmp.exe!***unknown***,46,0.10616691285081241
ntkrnlmp.exe!***unknown***,callee,ntkrnlmp.exe!***unknown***,1,0.002307976366322009
ntkrnlmp.exe!***unknown***,caller,nvlddmkm.sys!***unknown***,11,0.025387740029542097
ntkrnlmp.exe!***unknown***,caller,nvlddmkm.sys!***unknown***,9,0.02077178729689808
ntkrnlmp.exe!***unknown***,caller,nvlddmkm.sys!***unknown***,7,0.01615583456425406
ntkrnlmp.exe!***unknown***,caller,nvlddmkm.sys!***unknown***,6,0.013847858197932054
ntkrnlmp.exe!***unknown***,caller,nvlddmkm.sys!***unknown*** (trimmed),3,0.006923929098966027
ntkrnlmp.exe!***unknown***,caller,nvlddmkm.sys!***unknown***,2,0.004615952732644018
ntkrnlmp.exe!***unknown***,caller,dxgmms2.sys!***unknown*** (trimmed),2,0.004615952732644018
ntkrnlmp.exe!***unknown***,caller,nvlddmkm.sys!***unknown***,1,0.002307976366322009
ntkrnlmp.exe!***unknown***,caller,nvlddmkm.sys!***unknown*** (trimmed),1,0.002307976366322009
ntkrnlmp.exe!***unknown***,caller,nvlddmkm.sys!***unknown*** (trimmed),1,0.002307976366322009
ntkrnlmp.exe!***unknown***,caller,nvlddmkm.sys!***unknown*** (trimmed),1,0.002307976366322009
ntkrnlmp.exe!***unknown***,caller,nvlddmkm.sys!***unknown*** (trimmed),1,0.002307976366322009
ntkrnlmp.exe!***unknown***,caller,dxgmms2.sys!***unknown*** (trimmed),1,0.002307976366322009
ntkrnlmp.exe!***unknown***,callee,ntkrnlmp.exe!***unknown***,25,0.05769940915805022
ntkrnlmp.exe!***unknown***,callee,ntkrnlmp.exe!***unknown*** (trimmed),2,0.004615952732644018
ntkrnlmp.exe!***unknown***,callee,ntkrnlmp.exe!***unknown*** (trimmed),2,0.004615952732644018
ntkrnlmp.exe!***unknown***,callee,ntkrnlmp.exe!***unknown*** (trimmed),2,0.004615952732644018
ntkrnlmp.exe!***unknown***,callee,ntkrnlmp.exe!***unknown*** (trimmed),2,0.004615952732644018
ntkrnlmp.exe!***unknown***,callee,ntkrnlmp.exe!***unknown*** (trimmed),1,0.002307976366322009
ntkrnlmp.exe!***unknown***,callee,ntkrnlmp.exe!***unknown*** (trimmed),1,0.002307976366322009
ntkrnlmp.exe!***unknown***,callee,ntkrnlmp.exe!***unknown*** (trimmed),1,0.002307976366322009
ntkrnlmp.exe!***unknown***,callee,ntkrnlmp.exe!***unknown*** (trimmed),1,0.002307976366322009
ntkrnlmp.exe!***unknown***,callee,ntkrnlmp.exe!***unknown*** (trimmed),1,0.002307976366322009
ntkrnlmp.exe!***unknown***,callee,ntkrnlmp.exe!***unknown*** (trimmed),1,0.002307976366322009
ntkrnlmp.exe!***unknown***,callee,ntkrnlmp.exe!***unknown*** (trimmed),1,0.002307976366322009
ntkrnlmp.exe!***unknown***,callee,ntkrnlmp.exe!***unknown*** (trimmed),1,0.002307976366322009
ntkrnlmp.exe!***unknown***,callee,ntkrnlmp.exe!***unknown*** (trimmed),1,0.002307976366322009
ntkrnlmp.exe!***unknown***,callee,ntkrnlmp.exe!***unknown*** (trimmed),1,0.002307976366322009
ntkrnlmp.exe!***unknown***,callee,ntkrnlmp.exe!***unknown*** (trimmed),1,0.002307976366322009
ntkrnlmp.exe!***unknown***,callee,ntkrnlmp.exe!***unknown*** (trimmed),1,0.002307976366322009
ntkrnlmp.exe!***unknown***,caller,ntkrnlmp.exe!***unknown***,46,0.10616691285081241
laneflow-urban-harness.exe!std::sys::pal::windows::handle::Handle::synchronous_write,callee,ntdll.dll!***unknown***,45,0.1038589364844904
laneflow-urban-harness.exe!std::sys::pal::windows::handle::Handle::synchronous_write,caller,laneflow-urban-harness.exe!std::fs::impl$13::write,39,0.09001107828655834
laneflow-urban-harness.exe!std::sys::pal::windows::handle::Handle::synchronous_write,caller,laneflow-urban-harness.exe!std::sys::stdio::windows::write,7,0.01615583456425406
dxgmms2.sys!***unknown***,callee,dxgmms2.sys!***unknown***,15,0.03461964549483013
dxgmms2.sys!***unknown***,callee,dxgmms2.sys!***unknown***,8,0.01846381093057607
dxgmms2.sys!***unknown***,callee,dxgmms2.sys!***unknown***,7,0.01615583456425406
dxgmms2.sys!***unknown***,callee,dxgmms2.sys!***unknown***,5,0.011539881831610045
dxgmms2.sys!***unknown***,callee,dxgmms2.sys!***unknown***,3,0.006923929098966027
dxgmms2.sys!***unknown***,callee,dxgmms2.sys!***unknown*** (trimmed),2,0.004615952732644018
dxgmms2.sys!***unknown***,callee,dxgmms2.sys!***unknown*** (trimmed),2,0.004615952732644018
dxgmms2.sys!***unknown***,callee,dxgmms2.sys!***unknown*** (trimmed),1,0.002307976366322009
dxgmms2.sys!***unknown***,callee,dxgmms2.sys!***unknown*** (trimmed),1,0.002307976366322009
dxgmms2.sys!***unknown***,callee,dxgmms2.sys!***unknown*** (trimmed),1,0.002307976366322009
dxgmms2.sys!***unknown***,callee,dxgmms2.sys!***unknown*** (trimmed),1,0.002307976366322009
dxgmms2.sys!***unknown***,caller,dxgmms2.sys!***unknown***,45,0.1038589364844904
dxgmms2.sys!***unknown***,caller,dxgmms2.sys!***unknown*** (trimmed),1,0.002307976366322009
ntkrnlmp.exe!***unknown***,callee,ntkrnlmp.exe!***unknown***,38,0.08770310192023634
ntkrnlmp.exe!***unknown***,callee,ntkrnlmp.exe!***unknown***,7,0.01615583456425406
ntkrnlmp.exe!***unknown***,caller,ntkrnlmp.exe!***unknown***,45,0.1038589364844904
ntdll.dll!***unknown***,callee,ntkrnlmp.exe!***unknown***,44,0.10155096011816839
ntdll.dll!***unknown***,callee,WdFilter.sys!***unknown*** (trimmed),1,0.002307976366322009
ntdll.dll!***unknown***,caller,laneflow-urban-harness.exe!std::sys::pal::windows::handle::Handle::synchronous_write,45,0.1038589364844904
"laneflow-urban-harness.exe!alloc::collections::btree::node::Handle<alloc::collections::btree::node::NodeRef<alloc::collections::btree::node::marker::Mut,alloc::string::String,enum2$<serde_json::value::Value>,enum2$<alloc::collections::btree::node::marker::Leaf> >,enum2$<alloc::collections::btree::node::marker::Edge> >::insert_recursing<alloc::string::String,enum2$<serde_json::value::Value>,alloc::alloc::Global,alloc::collections::btree::map::entry::impl$6::insert_entry::closure_env$0<alloc::string::String,enum2$<serde_json::value::Value>,alloc::alloc::Global> >",callee,vcruntime140.dll!***unknown***,8,0.01846381093057607
"laneflow-urban-harness.exe!alloc::collections::btree::node::Handle<alloc::collections::btree::node::NodeRef<alloc::collections::btree::node::marker::Mut,alloc::string::String,enum2$<serde_json::value::Value>,enum2$<alloc::collections::btree::node::marker::Leaf> >,enum2$<alloc::collections::btree::node::marker::Edge> >::insert_recursing<alloc::string::String,enum2$<serde_json::value::Value>,alloc::alloc::Global,alloc::collections::btree::map::entry::impl$6::insert_entry::closure_env$0<alloc::string::String,enum2$<serde_json::value::Value>,alloc::alloc::Global> >",callee,vcruntime140.dll!***unknown*** (trimmed),3,0.006923929098966027
"laneflow-urban-harness.exe!alloc::collections::btree::node::Handle<alloc::collections::btree::node::NodeRef<alloc::collections::btree::node::marker::Mut,alloc::string::String,enum2$<serde_json::value::Value>,enum2$<alloc::collections::btree::node::marker::Leaf> >,enum2$<alloc::collections::btree::node::marker::Edge> >::insert_recursing<alloc::string::String,enum2$<serde_json::value::Value>,alloc::alloc::Global,alloc::collections::btree::map::entry::impl$6::insert_entry::closure_env$0<alloc::string::String,enum2$<serde_json::value::Value>,alloc::alloc::Global> >",callee,vcruntime140.dll!***unknown*** (trimmed),2,0.004615952732644018
"laneflow-urban-harness.exe!alloc::collections::btree::node::Handle<alloc::collections::btree::node::NodeRef<alloc::collections::btree::node::marker::Mut,alloc::string::String,enum2$<serde_json::value::Value>,enum2$<alloc::collections::btree::node::marker::Leaf> >,enum2$<alloc::collections::btree::node::marker::Edge> >::insert_recursing<alloc::string::String,enum2$<serde_json::value::Value>,alloc::alloc::Global,alloc::collections::btree::map::entry::impl$6::insert_entry::closure_env$0<alloc::string::String,enum2$<serde_json::value::Value>,alloc::alloc::Global> >",callee,vcruntime140.dll!***unknown*** (trimmed),2,0.004615952732644018
"laneflow-urban-harness.exe!alloc::collections::btree::node::Handle<alloc::collections::btree::node::NodeRef<alloc::collections::btree::node::marker::Mut,alloc::string::String,enum2$<serde_json::value::Value>,enum2$<alloc::collections::btree::node::marker::Leaf> >,enum2$<alloc::collections::btree::node::marker::Edge> >::insert_recursing<alloc::string::String,enum2$<serde_json::value::Value>,alloc::alloc::Global,alloc::collections::btree::map::entry::impl$6::insert_entry::closure_env$0<alloc::string::String,enum2$<serde_json::value::Value>,alloc::alloc::Global> >",callee,vcruntime140.dll!***unknown*** (trimmed),2,0.004615952732644018
"laneflow-urban-harness.exe!alloc::collections::btree::node::Handle<alloc::collections::btree::node::NodeRef<alloc::collections::btree::node::marker::Mut,alloc::string::String,enum2$<serde_json::value::Value>,enum2$<alloc::collections::btree::node::marker::Leaf> >,enum2$<alloc::collections::btree::node::marker::Edge> >::insert_recursing<alloc::string::String,enum2$<serde_json::value::Value>,alloc::alloc::Global,alloc::collections::btree::map::entry::impl$6::insert_entry::closure_env$0<alloc::string::String,enum2$<serde_json::value::Value>,alloc::alloc::Global> >",callee,vcruntime140.dll!***unknown*** (trimmed),1,0.002307976366322009
"laneflow-urban-harness.exe!alloc::collections::btree::node::Handle<alloc::collections::btree::node::NodeRef<alloc::collections::btree::node::marker::Mut,alloc::string::String,enum2$<serde_json::value::Value>,enum2$<alloc::collections::btree::node::marker::Leaf> >,enum2$<alloc::collections::btree::node::marker::Edge> >::insert_recursing<alloc::string::String,enum2$<serde_json::value::Value>,alloc::alloc::Global,alloc::collections::btree::map::entry::impl$6::insert_entry::closure_env$0<alloc::string::String,enum2$<serde_json::value::Value>,alloc::alloc::Global> >",callee,vcruntime140.dll!***unknown*** (trimmed),1,0.002307976366322009
"laneflow-urban-harness.exe!alloc::collections::btree::node::Handle<alloc::collections::btree::node::NodeRef<alloc::collections::btree::node::marker::Mut,alloc::string::String,enum2$<serde_json::value::Value>,enum2$<alloc::collections::btree::node::marker::Leaf> >,enum2$<alloc::collections::btree::node::marker::Edge> >::insert_recursing<alloc::string::String,enum2$<serde_json::value::Value>,alloc::alloc::Global,alloc::collections::btree::map::entry::impl$6::insert_entry::closure_env$0<alloc::string::String,enum2$<serde_json::value::Value>,alloc::alloc::Global> >",callee,vcruntime140.dll!***unknown*** (trimmed),1,0.002307976366322009
"laneflow-urban-harness.exe!alloc::collections::btree::node::Handle<alloc::collections::btree::node::NodeRef<alloc::collections::btree::node::marker::Mut,alloc::string::String,enum2$<serde_json::value::Value>,enum2$<alloc::collections::btree::node::marker::Leaf> >,enum2$<alloc::collections::btree::node::marker::Edge> >::insert_recursing<alloc::string::String,enum2$<serde_json::value::Value>,alloc::alloc::Global,alloc::collections::btree::map::entry::impl$6::insert_entry::closure_env$0<alloc::string::String,enum2$<serde_json::value::Value>,alloc::alloc::Global> >",callee,vcruntime140.dll!***unknown*** (trimmed),1,0.002307976366322009
"laneflow-urban-harness.exe!alloc::collections::btree::node::Handle<alloc::collections::btree::node::NodeRef<alloc::collections::btree::node::marker::Mut,alloc::string::String,enum2$<serde_json::value::Value>,enum2$<alloc::collections::btree::node::marker::Leaf> >,enum2$<alloc::collections::btree::node::marker::Edge> >::insert_recursing<alloc::string::String,enum2$<serde_json::value::Value>,alloc::alloc::Global,alloc::collections::btree::map::entry::impl$6::insert_entry::closure_env$0<alloc::string::String,enum2$<serde_json::value::Value>,alloc::alloc::Global> >",callee,vcruntime140.dll!***unknown*** (trimmed),1,0.002307976366322009
"laneflow-urban-harness.exe!alloc::collections::btree::node::Handle<alloc::collections::btree::node::NodeRef<alloc::collections::btree::node::marker::Mut,alloc::string::String,enum2$<serde_json::value::Value>,enum2$<alloc::collections::btree::node::marker::Leaf> >,enum2$<alloc::collections::btree::node::marker::Edge> >::insert_recursing<alloc::string::String,enum2$<serde_json::value::Value>,alloc::alloc::Global,alloc::collections::btree::map::entry::impl$6::insert_entry::closure_env$0<alloc::string::String,enum2$<serde_json::value::Value>,alloc::alloc::Global> >",callee,vcruntime140.dll!***unknown*** (trimmed),1,0.002307976366322009
"laneflow-urban-harness.exe!alloc::collections::btree::node::Handle<alloc::collections::btree::node::NodeRef<alloc::collections::btree::node::marker::Mut,alloc::string::String,enum2$<serde_json::value::Value>,enum2$<alloc::collections::btree::node::marker::Leaf> >,enum2$<alloc::collections::btree::node::marker::Edge> >::insert_recursing<alloc::string::String,enum2$<serde_json::value::Value>,alloc::alloc::Global,alloc::collections::btree::map::entry::impl$6::insert_entry::closure_env$0<alloc::string::String,enum2$<serde_json::value::Value>,alloc::alloc::Global> >",callee,vcruntime140.dll!***unknown*** (trimmed),1,0.002307976366322009
"laneflow-urban-harness.exe!alloc::collections::btree::node::Handle<alloc::collections::btree::node::NodeRef<alloc::collections::btree::node::marker::Mut,alloc::string::String,enum2$<serde_json::value::Value>,enum2$<alloc::collections::btree::node::marker::Leaf> >,enum2$<alloc::collections::btree::node::marker::Edge> >::insert_recursing<alloc::string::String,enum2$<serde_json::value::Value>,alloc::alloc::Global,alloc::collections::btree::map::entry::impl$6::insert_entry::closure_env$0<alloc::string::String,enum2$<serde_json::value::Value>,alloc::alloc::Global> >",caller,"laneflow-urban-harness.exe!alloc::collections::btree::map::entry::VacantEntry<alloc::string::String,enum2$<serde_json::value::Value>,alloc::alloc::Global>::insert_entry<alloc::string::String,enum2$<serde_json::value::Value>,alloc::alloc::Global>",45,0.1038589364844904
ntkrnlmp.exe!***unknown***,callee,ntkrnlmp.exe!***unknown***,40,0.09231905465288036
ntkrnlmp.exe!***unknown***,callee,ntkrnlmp.exe!***unknown*** (trimmed),2,0.004615952732644018
ntkrnlmp.exe!***unknown***,callee,ntkrnlmp.exe!***unknown***,1,0.002307976366322009
ntkrnlmp.exe!***unknown***,callee,ntkrnlmp.exe!***unknown***,1,0.002307976366322009
ntkrnlmp.exe!***unknown***,caller,ntkrnlmp.exe!***unknown***,12,0.027695716395864108
ntkrnlmp.exe!***unknown***,caller,"laneflow-urban-harness.exe!hashbrown::map::HashMap<laneflow_runtime::kernel::handle::VehicleHandle,enum2$<laneflow_runtime::kernel::parking::ParkingBinding>,std::hash::random::RandomState,alloc::alloc::Global>::get<laneflow_runtime::kernel::handle::VehicleHandle,enum2$<laneflow_runtime::kernel::parking::ParkingBinding>,std::hash::random::RandomState,alloc::alloc::Global,laneflow_runtime::kernel::handle::VehicleHandle>",2,0.004615952732644018
ntkrnlmp.exe!***unknown***,caller,ntkrnlmp.exe!***unknown*** (trimmed),1,0.002307976366322009
ntkrnlmp.exe!***unknown***,caller,ntkrnlmp.exe!***unknown*** (trimmed),1,0.002307976366322009
ntkrnlmp.exe!***unknown***,caller,ntkrnlmp.exe!***unknown***,1,0.002307976366322009
ntkrnlmp.exe!***unknown***,caller,ntkrnlmp.exe!***unknown*** (trimmed),1,0.002307976366322009
ntkrnlmp.exe!***unknown***,caller,ntkrnlmp.exe!***unknown*** (trimmed),1,0.002307976366322009
"laneflow-urban-harness.exe!core::slice::sort::shared::smallsort::sort4_stable<tuple$<u32,u64,u64,laneflow_urban_harness::runner::IndividualId>,bool (*)(ref$<tuple$<u32,u64,u64,laneflow_urban_harness::runner::IndividualId> >,ref$<tuple$<u32,u64,u64,laneflow_urban_harness::runner::IndividualId> >)>",caller,"laneflow-urban-harness.exe!core::slice::sort::shared::smallsort::small_sort_general<tuple$<u32,u64,u64,laneflow_urban_harness::runner::IndividualId>,bool (*)(ref$<tuple$<u32,u64,u64,laneflow_urban_harness::runner::IndividualId> >,ref$<tuple$<u32,u64,u64,laneflow_urban_harness::runner::IndividualId> >)>",44,0.10155096011816839
vcruntime140.dll!***unknown***,caller,laneflow-urban-harness.exe!laneflow_urban_harness::observe::Hash::bytes,13,0.030003692762186115
vcruntime140.dll!***unknown***,caller,laneflow-urban-harness.exe!laneflow_urban_harness::observe::Hash::flush,7,0.01615583456425406
vcruntime140.dll!***unknown***,caller,"laneflow-urban-harness.exe!rayon_core::scope::ScopeBase::execute_job_closure<rayon_core::scope::impl$0::spawn::closure$0::closure_env$0<laneflow_runtime::kernel::execution::impl$4::try_for_each_chunk::closure$0::closure_env$0<laneflow_runtime::kernel::tick::VehicleMotionOutcome,laneflow_runtime::kernel::tick::prepare_motion_dispatched::closure_env$0> >,tuple$<> >",6,0.013847858197932054
vcruntime140.dll!***unknown***,caller,"laneflow-urban-harness.exe!serde_json::number::impl$6::serialize<ref_mut$<serde_json::ser::Serializer<ref_mut$<alloc::vec::Vec<u8,alloc::alloc::Global> >,serde_json::ser::CompactFormatter> > >",5,0.011539881831610045
vcruntime140.dll!***unknown***,caller,"laneflow-urban-harness.exe!laneflow_runtime::kernel::execution::run_dispatch_chunk<enum2$<laneflow_runtime::kernel::conflict_tick::CandidateReport>,laneflow_runtime::kernel::conflict_tick::impl$6::prepare_conflict_candidates_dispatched::closure_env$2>",4,0.009231905465288036
vcruntime140.dll!***unknown***,caller,"laneflow-urban-harness.exe!enum2$<laneflow_runtime::kernel::execution::ExecutionResources>::try_for_each_chunk<laneflow_runtime::kernel::tick::VehicleMotionOutcome,laneflow_runtime::kernel::tick::prepare_motion_dispatched::closure_env$0>",2,0.004615952732644018
vcruntime140.dll!***unknown***,caller,"laneflow-urban-harness.exe!core::slice::sort::shared::smallsort::insertion_sort_shift_left<laneflow_runtime::kernel::conflict_tick::ConflictCandidate,core::slice::impl$0::sort_unstable_by_key::closure_env$0<laneflow_runtime::kernel::conflict_tick::ConflictCandidate,tuple$<laneflow_runtime::kernel::conflict::ConflictCandidateOrderKey,u32>,laneflow_runtime::kernel::conflict_tick::impl$6::prepare_conflict_candidates::closure_env$1> >",2,0.004615952732644018
vcruntime140.dll!***unknown***,caller,"laneflow-urban-harness.exe!core::slice::sort::unstable::quicksort::quicksort<laneflow_runtime::kernel::conflict_tick::ConflictCandidate,core::slice::impl$0::sort_unstable_by_key::closure_env$0<laneflow_runtime::kernel::conflict_tick::ConflictCandidate,tuple$<laneflow_runtime::kernel::conflict::ConflictCandidateOrderKey,u32>,laneflow_runtime::kernel::conflict_tick::impl$6::prepare_conflict_candidates::closure_env$1> >",2,0.004615952732644018
vcruntime140.dll!***unknown***,caller,"laneflow-urban-harness.exe!serde_json::ser::format_escaped_str<ref_mut$<std::io::buffered::bufwriter::BufWriter<std::fs::File> >,serde_json::ser::PrettyFormatter>",1,0.002307976366322009
vcruntime140.dll!***unknown***,caller,laneflow-urban-harness.exe!laneflow_runtime::kernel::conflict_tick::ConflictTaskView::evaluate_candidate,1,0.002307976366322009
nvlddmkm.sys!***unknown***,callee,ntkrnlmp.exe!***unknown***,21,0.04846750369276218
nvlddmkm.sys!***unknown***,callee,ntkrnlmp.exe!***unknown***,15,0.03461964549483013
nvlddmkm.sys!***unknown***,callee,ntkrnlmp.exe!***unknown***,6,0.013847858197932054
nvlddmkm.sys!***unknown***,callee,ntkrnlmp.exe!***unknown*** (trimmed),1,0.002307976366322009
nvlddmkm.sys!***unknown***,caller,nvlddmkm.sys!***unknown***,19,0.04385155096011817
nvlddmkm.sys!***unknown***,caller,nvlddmkm.sys!***unknown***,11,0.025387740029542097
nvlddmkm.sys!***unknown***,caller,nvlddmkm.sys!***unknown*** (trimmed),2,0.004615952732644018
nvlddmkm.sys!***unknown***,caller,nvlddmkm.sys!***unknown*** (trimmed),2,0.004615952732644018
nvlddmkm.sys!***unknown***,caller,nvlddmkm.sys!***unknown*** (trimmed),2,0.004615952732644018
nvlddmkm.sys!***unknown***,caller,nvlddmkm.sys!***unknown*** (trimmed),1,0.002307976366322009
nvlddmkm.sys!***unknown***,caller,nvlddmkm.sys!***unknown*** (trimmed),1,0.002307976366322009
nvlddmkm.sys!***unknown***,caller,nvlddmkm.sys!***unknown*** (trimmed),1,0.002307976366322009
nvlddmkm.sys!***unknown***,caller,nvlddmkm.sys!***unknown*** (trimmed),1,0.002307976366322009
nvlddmkm.sys!***unknown***,caller,nvlddmkm.sys!***unknown*** (trimmed),1,0.002307976366322009
nvlddmkm.sys!***unknown***,caller,nvlddmkm.sys!***unknown***,1,0.002307976366322009
nvlddmkm.sys!***unknown***,caller,nvlddmkm.sys!***unknown*** (trimmed),1,0.002307976366322009
ntdll.dll!***unknown***,callee,ntdll.dll!***unknown***,29,0.06693131462333826
ntdll.dll!***unknown***,callee,ntdll.dll!***unknown***,8,0.01846381093057607
ntdll.dll!***unknown***,callee,ntdll.dll!***unknown*** (trimmed),3,0.006923929098966027
ntdll.dll!***unknown***,callee,ntdll.dll!***unknown*** (trimmed),2,0.004615952732644018
ntdll.dll!***unknown***,callee,ntdll.dll!***unknown*** (trimmed),1,0.002307976366322009
ntdll.dll!***unknown***,caller,ntdll.dll!***unknown***,43,0.09924298375184638
laneflow-urban-harness.exe!laneflow_static_network::policy::SharedPolicyNetwork::policy,caller,laneflow-urban-harness.exe!laneflow_runtime::kernel::phase::StepReadView::gate_policy_decision_with_signals,41,0.09462703101920236
laneflow-urban-harness.exe!laneflow_static_network::policy::SharedPolicyNetwork::policy,caller,laneflow-urban-harness.exe!laneflow_runtime::kernel::conflict_tick::ConflictTaskView::prepare_resource_candidate_task,2,0.004615952732644018
laneflow-urban-harness.exe!laneflow_runtime::kernel::world::fill_signal_aspects,callee,laneflow-urban-harness.exe!compiler_builtins::int::udiv::__umodti3::__umodti3,11,0.025387740029542097
laneflow-urban-harness.exe!laneflow_runtime::kernel::world::fill_signal_aspects,callee,laneflow-urban-harness.exe!laneflow_static_network::relations::SharedRelationClosure::signal_controller,6,0.013847858197932054
laneflow-urban-harness.exe!laneflow_runtime::kernel::world::fill_signal_aspects,callee,laneflow-urban-harness.exe!laneflow_static_network::relations::SharedRelationClosure::phase_end_offset_ms (trimmed),3,0.006923929098966027
laneflow-urban-harness.exe!laneflow_runtime::kernel::world::fill_signal_aspects,callee,ntkrnlmp.exe!***unknown***,1,0.002307976366322009
laneflow-urban-harness.exe!laneflow_runtime::kernel::world::fill_signal_aspects,callee,laneflow-urban-harness.exe!laneflow_static_network::relations::SharedRelationClosure::phase_states (trimmed),1,0.002307976366322009
laneflow-urban-harness.exe!laneflow_runtime::kernel::world::fill_signal_aspects,caller,laneflow-urban-harness.exe!laneflow_runtime::kernel::phase::StepWorkspace::stage_vehicle_transitions,43,0.09924298375184638
"laneflow-urban-harness.exe!core::slice::sort::shared::smallsort::insertion_sort_shift_left<laneflow_runtime::kernel::occupancy::OccupancyRecord,core::slice::impl$0::sort_unstable_by_key::closure_env$0<laneflow_runtime::kernel::occupancy::OccupancyRecord,tuple$<u32,u32,u32,u32>,laneflow_runtime::kernel::occupancy::impl$4::sort_buckets::closure_env$0> >",caller,laneflow-urban-harness.exe!laneflow_runtime::kernel::occupancy::OccupancyIndex::sort_buckets,43,0.09924298375184638
"laneflow-urban-harness.exe!alloc::vec::Vec<enum2$<laneflow_runtime::kernel::execution::DispatchSlot<laneflow_runtime::kernel::tick::WaitingPreviewEntry> >,alloc::alloc::Global>::resize<enum2$<laneflow_runtime::kernel::execution::DispatchSlot<laneflow_runtime::kernel::tick::WaitingPreviewEntry> >,alloc::alloc::Global>",caller,laneflow-urban-harness.exe!laneflow_runtime::kernel::waiting::prepare_waiting_previews_dispatched,43,0.09924298375184638
nvlddmkm.sys!***unknown***,callee,nvlddmkm.sys!***unknown***,40,0.09231905465288036
nvlddmkm.sys!***unknown***,callee,nvlddmkm.sys!***unknown*** (trimmed),1,0.002307976366322009
nvlddmkm.sys!***unknown***,callee,nvlddmkm.sys!***unknown*** (trimmed),1,0.002307976366322009
nvlddmkm.sys!***unknown***,caller,nvlddmkm.sys!***unknown***,42,0.09693500738552437
ntdll.dll!***unknown***,caller,ntdll.dll!***unknown***,42,0.09693500738552437
ntkrnlmp.exe!***unknown***,callee,ntkrnlmp.exe!***unknown***,40,0.09231905465288036
ntkrnlmp.exe!***unknown***,callee,ntkrnlmp.exe!***unknown*** (trimmed),1,0.002307976366322009
ntkrnlmp.exe!***unknown***,caller,ntkrnlmp.exe!***unknown***,41,0.09462703101920236
ntkrnlmp.exe!***unknown***,callee,ntkrnlmp.exe!***unknown***,40,0.09231905465288036
ntkrnlmp.exe!***unknown***,callee,ntkrnlmp.exe!***unknown*** (trimmed),1,0.002307976366322009
ntkrnlmp.exe!***unknown***,caller,ntkrnlmp.exe!***unknown***,41,0.09462703101920236
laneflow-urban-harness.exe!laneflow_runtime::kernel::spawn_overlap::SpawnOverlapIndex::refresh,callee,laneflow-urban-harness.exe!laneflow_runtime::kernel::tables::for_each_admission_interval<laneflow_runtime::kernel::spawn_overlap::impl$1::insert::closure_env$0>,14,0.03231166912850812
laneflow-urban-harness.exe!laneflow_runtime::kernel::spawn_overlap::SpawnOverlapIndex::refresh,caller,laneflow-urban-harness.exe!laneflow_runtime::kernel::state::WorldState::overlap_blocker,41,0.09462703101920236
dxgmms2.sys!***unknown***,callee,dxgmms2.sys!***unknown***,31,0.07154726735598227
dxgmms2.sys!***unknown***,callee,dxgmms2.sys!***unknown***,9,0.02077178729689808
dxgmms2.sys!***unknown***,callee,dxgmms2.sys!***unknown*** (trimmed),1,0.002307976366322009
dxgmms2.sys!***unknown***,caller,dxgmms2.sys!***unknown***,41,0.09462703101920236
nvlddmkm.sys!***unknown***,callee,nvlddmkm.sys!***unknown***,34,0.07847119645494831
nvlddmkm.sys!***unknown***,callee,nvlddmkm.sys!***unknown*** (trimmed),4,0.009231905465288036
nvlddmkm.sys!***unknown***,callee,nvlddmkm.sys!***unknown*** (trimmed),1,0.002307976366322009
nvlddmkm.sys!***unknown***,callee,nvlddmkm.sys!***unknown*** (trimmed),1,0.002307976366322009
nvlddmkm.sys!***unknown***,caller,nvlddmkm.sys!***unknown***,40,0.09231905465288036
ntkrnlmp.exe!***unknown***,callee,ntkrnlmp.exe!***unknown***,32,0.07385524372230429
ntkrnlmp.exe!***unknown***,callee,ntkrnlmp.exe!***unknown*** (trimmed),4,0.009231905465288036
ntkrnlmp.exe!***unknown***,callee,ntkrnlmp.exe!***unknown*** (trimmed),1,0.002307976366322009
ntkrnlmp.exe!***unknown***,callee,ntkrnlmp.exe!***unknown*** (trimmed),1,0.002307976366322009
ntkrnlmp.exe!***unknown***,callee,ntkrnlmp.exe!***unknown*** (trimmed),1,0.002307976366322009
ntkrnlmp.exe!***unknown***,caller,ntkrnlmp.exe!***unknown***,40,0.09231905465288036
ntkrnlmp.exe!***unknown***,callee,ntkrnlmp.exe!***unknown***,33,0.07616322008862629
ntkrnlmp.exe!***unknown***,callee,ntkrnlmp.exe!***unknown*** (trimmed),3,0.006923929098966027
ntkrnlmp.exe!***unknown***,callee,ntkrnlmp.exe!***unknown*** (trimmed),2,0.004615952732644018
ntkrnlmp.exe!***unknown***,callee,ntkrnlmp.exe!***unknown*** (trimmed),1,0.002307976366322009
ntkrnlmp.exe!***unknown***,callee,ntkrnlmp.exe!***unknown*** (trimmed),1,0.002307976366322009
ntkrnlmp.exe!***unknown***,caller,ntkrnlmp.exe!***unknown***,40,0.09231905465288036
ntdll.dll!***unknown***,callee,ntdll.dll!***unknown***,21,0.04846750369276218
ntdll.dll!***unknown***,callee,ntdll.dll!***unknown***,17,0.039235598227474154
ntdll.dll!***unknown***,callee,ntdll.dll!***unknown*** (trimmed),2,0.004615952732644018
ntdll.dll!***unknown***,caller,ntdll.dll!***unknown***,40,0.09231905465288036
nvlddmkm.sys!***unknown***,callee,ntkrnlmp.exe!***unknown***,1,0.002307976366322009
nvlddmkm.sys!***unknown***,callee,ntkrnlmp.exe!***unknown***,1,0.002307976366322009
ntkrnlmp.exe!***unknown***,callee,ntkrnlmp.exe!***unknown***,35,0.08077917282127031
ntkrnlmp.exe!***unknown***,callee,ntkrnlmp.exe!***unknown*** (trimmed),2,0.004615952732644018
ntkrnlmp.exe!***unknown***,callee,ntkrnlmp.exe!***unknown*** (trimmed),1,0.002307976366322009
ntkrnlmp.exe!***unknown***,callee,ntkrnlmp.exe!***unknown*** (trimmed),1,0.002307976366322009
ntkrnlmp.exe!***unknown***,caller,ntkrnlmp.exe!***unknown***,39,0.09001107828655834
ntkrnlmp.exe!***unknown***,callee,ntkrnlmp.exe!***unknown***,31,0.07154726735598227
ntkrnlmp.exe!***unknown***,callee,ntkrnlmp.exe!***unknown*** (trimmed),2,0.004615952732644018
ntkrnlmp.exe!***unknown***,callee,ntkrnlmp.exe!***unknown*** (trimmed),1,0.002307976366322009
ntkrnlmp.exe!***unknown***,callee,ntkrnlmp.exe!***unknown*** (trimmed),1,0.002307976366322009
ntkrnlmp.exe!***unknown***,callee,ntkrnlmp.exe!***unknown*** (trimmed),1,0.002307976366322009
ntkrnlmp.exe!***unknown***,callee,ntkrnlmp.exe!***unknown*** (trimmed),1,0.002307976366322009
ntkrnlmp.exe!***unknown***,callee,ntkrnlmp.exe!***unknown*** (trimmed),1,0.002307976366322009
ntkrnlmp.exe!***unknown***,callee,ntkrnlmp.exe!***unknown*** (trimmed),1,0.002307976366322009
ntkrnlmp.exe!***unknown***,caller,ntkrnlmp.exe!***unknown***,39,0.09001107828655834
ntkrnlmp.exe!***unknown***,callee,ACPI.sys!***unknown***,10,0.02307976366322009
ntkrnlmp.exe!***unknown***,callee,fltMgr.sys!***unknown***,6,0.013847858197932054
ntkrnlmp.exe!***unknown***,callee,wdf01000.sys!***unknown*** (trimmed),4,0.009231905465288036
ntkrnlmp.exe!***unknown***,callee,refs.sys!***unknown*** (trimmed),4,0.009231905465288036
ntkrnlmp.exe!***unknown***,callee,mtkfilter.sys!***unknown*** (trimmed),4,0.009231905465288036
ntkrnlmp.exe!***unknown***,callee,USBCCGP.SYS!***unknown*** (trimmed),4,0.009231905465288036
ntkrnlmp.exe!***unknown***,callee,refs.sys!***unknown*** (trimmed),2,0.004615952732644018
ntkrnlmp.exe!***unknown***,callee,wdf01000.sys!***unknown*** (trimmed),1,0.002307976366322009
ntkrnlmp.exe!***unknown***,callee,wdf01000.sys!***unknown*** (trimmed),1,0.002307976366322009
ntkrnlmp.exe!***unknown***,callee,fltMgr.sys!***unknown*** (trimmed),1,0.002307976366322009
ntkrnlmp.exe!***unknown***,callee,fltMgr.sys!***unknown*** (trimmed),1,0.002307976366322009
ntkrnlmp.exe!***unknown***,callee,refs.sys!***unknown*** (trimmed),1,0.002307976366322009
ntkrnlmp.exe!***unknown***,caller,ACPI.sys!***unknown***,10,0.02307976366322009
ntkrnlmp.exe!***unknown***,caller,fltMgr.sys!***unknown***,6,0.013847858197932054
ntkrnlmp.exe!***unknown***,caller,ntkrnlmp.exe!***unknown***,5,0.011539881831610045
ntkrnlmp.exe!***unknown***,caller,wdf01000.sys!***unknown*** (trimmed),4,0.009231905465288036
ntkrnlmp.exe!***unknown***,caller,mtkfilter.sys!***unknown*** (trimmed),4,0.009231905465288036
ntkrnlmp.exe!***unknown***,caller,USBCCGP.SYS!***unknown*** (trimmed),4,0.009231905465288036
ntkrnlmp.exe!***unknown***,caller,ntkrnlmp.exe!***unknown*** (trimmed),2,0.004615952732644018
ntkrnlmp.exe!***unknown***,caller,usbhub3.sys!***unknown*** (trimmed),2,0.004615952732644018
ntkrnlmp.exe!***unknown***,caller,ntkrnlmp.exe!***unknown*** (trimmed),1,0.002307976366322009
ntkrnlmp.exe!***unknown***,caller,fltMgr.sys!***unknown*** (trimmed),1,0.002307976366322009
laneflow-urban-harness.exe!std::io::buffered::bufwriter::BufWriter<std::fs::File>::write_all_cold<std::fs::File>,callee,laneflow-urban-harness.exe!std::io::buffered::bufwriter::BufWriter<std::fs::File>::flush_buf<std::fs::File>,39,0.09001107828655834
laneflow-urban-harness.exe!std::io::buffered::bufwriter::BufWriter<std::fs::File>::write_all_cold<std::fs::File>,caller,"laneflow-urban-harness.exe!serde_json::ser::format_escaped_str<ref_mut$<std::io::buffered::bufwriter::BufWriter<std::fs::File> >,serde_json::ser::PrettyFormatter>",34,0.07847119645494831
laneflow-urban-harness.exe!std::io::buffered::bufwriter::BufWriter<std::fs::File>::write_all_cold<std::fs::File>,caller,laneflow-urban-harness.exe!std::io::default_write_fmt::impl$0::write_str<std::io::buffered::bufwriter::BufWriter<std::fs::File> > (trimmed),2,0.004615952732644018
laneflow-urban-harness.exe!std::io::buffered::bufwriter::BufWriter<std::fs::File>::write_all_cold<std::fs::File>,caller,"laneflow-urban-harness.exe!serde_core::ser::SerializeMap::serialize_entry<enum2$<serde_json::ser::Compound<ref_mut$<std::io::buffered::bufwriter::BufWriter<std::fs::File> >,serde_json::ser::CompactFormatter> >,alloc::string::String,enum2$<serde_json::value::Value> >",2,0.004615952732644018
laneflow-urban-harness.exe!std::io::buffered::bufwriter::BufWriter<std::fs::File>::write_all_cold<std::fs::File>,caller,"laneflow-urban-harness.exe!serde_json::number::impl$6::serialize<ref_mut$<serde_json::ser::Serializer<ref_mut$<std::io::buffered::bufwriter::BufWriter<std::fs::File> >,serde_json::ser::CompactFormatter> > >",1,0.002307976366322009
laneflow-urban-harness.exe!std::io::buffered::bufwriter::BufWriter<std::fs::File>::flush_buf<std::fs::File>,callee,laneflow-urban-harness.exe!std::fs::impl$13::write,39,0.09001107828655834
laneflow-urban-harness.exe!std::io::buffered::bufwriter::BufWriter<std::fs::File>::flush_buf<std::fs::File>,caller,laneflow-urban-harness.exe!std::io::buffered::bufwriter::BufWriter<std::fs::File>::write_all_cold<std::fs::File>,39,0.09001107828655834
laneflow-urban-harness.exe!std::fs::impl$13::write,callee,laneflow-urban-harness.exe!std::sys::pal::windows::handle::Handle::synchronous_write,39,0.09001107828655834
laneflow-urban-harness.exe!std::fs::impl$13::write,caller,laneflow-urban-harness.exe!std::io::buffered::bufwriter::BufWriter<std::fs::File>::flush_buf<std::fs::File>,39,0.09001107828655834
laneflow-urban-harness.exe!laneflow_runtime::kernel::boundary::advance,caller,laneflow-urban-harness.exe!laneflow_runtime::kernel::tick::MotionTaskView::vehicle_motion_outcome,39,0.09001107828655834
ntkrnlmp.exe!***unknown***,callee,fltMgr.sys!***unknown***,36,0.08308714918759232
ntkrnlmp.exe!***unknown***,callee,fltMgr.sys!***unknown*** (trimmed),2,0.004615952732644018
ntkrnlmp.exe!***unknown***,caller,ntkrnlmp.exe!***unknown***,38,0.08770310192023634
ntkrnlmp.exe!***unknown***,callee,ntkrnlmp.exe!***unknown***,30,0.06923929098966027
ntkrnlmp.exe!***unknown***,callee,ntkrnlmp.exe!***unknown*** (trimmed),4,0.009231905465288036
ntkrnlmp.exe!***unknown***,callee,ntkrnlmp.exe!***unknown*** (trimmed),1,0.002307976366322009
ntkrnlmp.exe!***unknown***,callee,ntkrnlmp.exe!***unknown*** (trimmed),1,0.002307976366322009
ntkrnlmp.exe!***unknown***,callee,ntkrnlmp.exe!***unknown*** (trimmed),1,0.002307976366322009
ntkrnlmp.exe!***unknown***,callee,ntkrnlmp.exe!***unknown*** (trimmed),1,0.002307976366322009
ntkrnlmp.exe!***unknown***,caller,ntkrnlmp.exe!***unknown***,20,0.04615952732644018
ntkrnlmp.exe!***unknown***,caller,ntkrnlmp.exe!***unknown***,18,0.04154357459379616
ntdll.dll!***unknown***,callee,ntdll.dll!***unknown***,38,0.08770310192023634
ntdll.dll!***unknown***,caller,ntdll.dll!***unknown***,38,0.08770310192023634
nvlddmkm.sys!***unknown***,caller,nvlddmkm.sys!***unknown***,13,0.030003692762186115
nvlddmkm.sys!***unknown***,caller,nvlddmkm.sys!***unknown***,6,0.013847858197932054
nvlddmkm.sys!***unknown***,caller,nvlddmkm.sys!***unknown***,4,0.009231905465288036
nvlddmkm.sys!***unknown***,caller,nvlddmkm.sys!***unknown***,4,0.009231905465288036
nvlddmkm.sys!***unknown***,caller,nvlddmkm.sys!***unknown***,3,0.006923929098966027
nvlddmkm.sys!***unknown***,caller,nvlddmkm.sys!***unknown*** (trimmed),2,0.004615952732644018
nvlddmkm.sys!***unknown***,caller,nvlddmkm.sys!***unknown***,2,0.004615952732644018
nvlddmkm.sys!***unknown***,caller,nvlddmkm.sys!***unknown*** (trimmed),1,0.002307976366322009
nvlddmkm.sys!***unknown***,caller,nvlddmkm.sys!***unknown*** (trimmed),1,0.002307976366322009
nvlddmkm.sys!***unknown***,caller,nvlddmkm.sys!***unknown*** (trimmed),1,0.002307976366322009
vcruntime140.dll!***unknown***,caller,laneflow-urban-harness.exe!laneflow_urban_harness::observe::Hash::bytes,9,0.02077178729689808
vcruntime140.dll!***unknown***,caller,laneflow-urban-harness.exe!laneflow_urban_harness::observe::Hash::flush,8,0.01846381093057607
vcruntime140.dll!***unknown***,caller,"laneflow-urban-harness.exe!rayon_core::scope::ScopeBase::execute_job_closure<rayon_core::scope::impl$0::spawn::closure$0::closure_env$0<laneflow_runtime::kernel::execution::impl$4::try_for_each_chunk::closure$0::closure_env$0<laneflow_runtime::kernel::tick::WaitingPreviewEntry,laneflow_runtime::kernel::waiting::prepare_waiting_previews_dispatched::closure_env$0> >,tuple$<> >",6,0.013847858197932054
vcruntime140.dll!***unknown***,caller,"laneflow-urban-harness.exe!rayon_core::scope::ScopeBase::execute_job_closure<rayon_core::scope::impl$0::spawn::closure$0::closure_env$0<laneflow_runtime::kernel::execution::impl$4::try_for_each_chunk::closure$0::closure_env$0<laneflow_runtime::kernel::tick::VehicleMotionOutcome,laneflow_runtime::kernel::tick::prepare_motion_dispatched::closure_env$0> >,tuple$<> >",5,0.011539881831610045
vcruntime140.dll!***unknown***,caller,laneflow-urban-harness.exe!laneflow_runtime::kernel::phase::StepWorkspace::stage_vehicle_transitions,3,0.006923929098966027
vcruntime140.dll!***unknown***,caller,"laneflow-urban-harness.exe!serde_json::number::impl$6::serialize<ref_mut$<serde_json::ser::Serializer<ref_mut$<alloc::vec::Vec<u8,alloc::alloc::Global> >,serde_json::ser::CompactFormatter> > >",1,0.002307976366322009
vcruntime140.dll!***unknown***,caller,"laneflow-urban-harness.exe!enum2$<laneflow_runtime::kernel::execution::ExecutionResources>::try_for_each_chunk<laneflow_runtime::kernel::tick::WaitingPreviewEntry,laneflow_runtime::kernel::waiting::prepare_waiting_previews_dispatched::closure_env$0>",1,0.002307976366322009
vcruntime140.dll!***unknown***,caller,"laneflow-urban-harness.exe!enum2$<laneflow_runtime::kernel::execution::ExecutionResources>::try_for_each_chunk<laneflow_runtime::kernel::tick::VehicleMotionOutcome,laneflow_runtime::kernel::tick::prepare_motion_dispatched::closure_env$0>",1,0.002307976366322009
vcruntime140.dll!***unknown***,caller,"laneflow-urban-harness.exe!laneflow_runtime::kernel::execution::run_dispatch_chunk<enum2$<laneflow_runtime::kernel::conflict_tick::CandidateReport>,laneflow_runtime::kernel::conflict_tick::impl$6::prepare_conflict_candidates_dispatched::closure_env$2>",1,0.002307976366322009
vcruntime140.dll!***unknown***,caller,"laneflow-urban-harness.exe!core::slice::sort::shared::smallsort::insertion_sort_shift_left<laneflow_runtime::kernel::conflict_tick::ConflictCandidate,core::slice::impl$0::sort_unstable_by_key::closure_env$0<laneflow_runtime::kernel::conflict_tick::ConflictCandidate,tuple$<laneflow_runtime::kernel::conflict::ConflictCandidateOrderKey,u32>,laneflow_runtime::kernel::conflict_tick::impl$6::prepare_conflict_candidates::closure_env$1> >",1,0.002307976366322009
ntdll.dll!***unknown***,callee,ntdll.dll!***unknown***,25,0.05769940915805022
ntdll.dll!***unknown***,callee,ntdll.dll!***unknown*** (trimmed),3,0.006923929098966027
ntdll.dll!***unknown***,callee,ntdll.dll!***unknown*** (trimmed),3,0.006923929098966027
ntdll.dll!***unknown***,caller,ntdll.dll!***unknown***,36,0.08308714918759232
fltMgr.sys!***unknown***,callee,fltMgr.sys!***unknown***,34,0.07847119645494831
fltMgr.sys!***unknown***,callee,fltMgr.sys!***unknown*** (trimmed),2,0.004615952732644018
fltMgr.sys!***unknown***,caller,ntkrnlmp.exe!***unknown***,36,0.08308714918759232
ucrtbase.dll!***unknown***,caller,laneflow-urban-harness.exe!laneflow_runtime::kernel::phase::StepReadView::calculate_active_vehicle_motion,35,0.08077917282127031
ntkrnlmp.exe!***unknown***,callee,ntkrnlmp.exe!***unknown***,35,0.08077917282127031
ntkrnlmp.exe!***unknown***,caller,laneflow-urban-harness.exe!laneflow_runtime::kernel::phase::StepReadView::calculate_active_vehicle_motion,5,0.011539881831610045
ntkrnlmp.exe!***unknown***,caller,"laneflow-urban-harness.exe!hashbrown::map::HashMap<laneflow_runtime::kernel::handle::VehicleHandle,enum2$<laneflow_runtime::kernel::parking::ParkingBinding>,std::hash::random::RandomState,alloc::alloc::Global>::get<laneflow_runtime::kernel::handle::VehicleHandle,enum2$<laneflow_runtime::kernel::parking::ParkingBinding>,std::hash::random::RandomState,alloc::alloc::Global,laneflow_runtime::kernel::handle::VehicleHandle>",3,0.006923929098966027
ntkrnlmp.exe!***unknown***,caller,laneflow-urban-harness.exe!laneflow_urban_harness::observe::counts,2,0.004615952732644018
ntkrnlmp.exe!***unknown***,caller,laneflow-urban-harness.exe!laneflow_runtime::kernel::phase::StepWorkspace::stage_vehicle_transitions,2,0.004615952732644018
ntkrnlmp.exe!***unknown***,caller,laneflow-urban-harness.exe!laneflow_runtime::kernel::phase::StepReadView::scope_near_gate,2,0.004615952732644018
ntkrnlmp.exe!***unknown***,caller,laneflow-urban-harness.exe!laneflow_runtime::kernel::conflict::ConflictRead::owner_at,2,0.004615952732644018
ntkrnlmp.exe!***unknown***,caller,laneflow-urban-harness.exe!sha2::sha256::x86_sha::compress,2,0.004615952732644018
ntkrnlmp.exe!***unknown***,caller,laneflow-urban-harness.exe!std::alloc::__default_lib_allocator::__rdl_alloc,2,0.004615952732644018
ntkrnlmp.exe!***unknown***,caller,ntkrnlmp.exe!***unknown*** (trimmed),1,0.002307976366322009
ntkrnlmp.exe!***unknown***,caller,vcruntime140.dll!***unknown***,1,0.002307976366322009
ntkrnlmp.exe!***unknown***,caller,"laneflow-urban-harness.exe!core::slice::sort::shared::smallsort::small_sort_general<tuple$<u32,u64,u64,laneflow_urban_harness::runner::IndividualId>,bool (*)(ref$<tuple$<u32,u64,u64,laneflow_urban_harness::runner::IndividualId> >,ref$<tuple$<u32,u64,u64,laneflow_urban_harness::runner::IndividualId> >)>",1,0.002307976366322009
ntkrnlmp.exe!***unknown***,caller,laneflow-urban-harness.exe!laneflow_runtime::kernel::conflict_tick::ConflictTaskView::evaluate_candidate,1,0.002307976366322009
ntkrnlmp.exe!***unknown***,caller,laneflow-urban-harness.exe!laneflow_runtime::kernel::conflict_tick::ConflictTaskView::prepare_resource_candidate_task,1,0.002307976366322009
ntkrnlmp.exe!***unknown***,caller,laneflow-urban-harness.exe!laneflow_runtime::kernel::tick::leader_query_horizon,1,0.002307976366322009
ntkrnlmp.exe!***unknown***,caller,laneflow-urban-harness.exe!laneflow_runtime::kernel::conflict::ConflictRead::cells_unavailable,1,0.002307976366322009
ntkrnlmp.exe!***unknown***,caller,"laneflow-urban-harness.exe!core::slice::sort::unstable::quicksort::quicksort<laneflow_runtime::kernel::conflict_tick::ConflictDecision,core::slice::impl$0::sort_unstable_by_key::closure_env$0<laneflow_runtime::kernel::conflict_tick::ConflictDecision,tuple$<u32,u32,enum2$<core::option::Option<laneflow_runtime::kernel::conflict::ConflictPassageAddress> > >,laneflow_runtime::kernel::conflict_tick::impl$6::finalize_conflict_step::closure_env$15> >",1,0.002307976366322009
ntkrnlmp.exe!***unknown***,caller,laneflow-urban-harness.exe!laneflow_static_network::policy::PolicyView::gate_classes,1,0.002307976366322009
ntkrnlmp.exe!***unknown***,caller,laneflow-urban-harness.exe!laneflow_static_network::relations::SharedRelationClosure::vehicle_profile,1,0.002307976366322009
ntkrnlmp.exe!***unknown***,callee,ntkrnlmp.exe!***unknown***,13,0.030003692762186115
ntkrnlmp.exe!***unknown***,callee,ntkrnlmp.exe!***unknown***,7,0.01615583456425406
ntkrnlmp.exe!***unknown***,callee,ntkrnlmp.exe!***unknown***,5,0.011539881831610045
ntkrnlmp.exe!***unknown***,callee,ntkrnlmp.exe!***unknown*** (trimmed),2,0.004615952732644018
ntkrnlmp.exe!***unknown***,callee,ntkrnlmp.exe!***unknown*** (trimmed),2,0.004615952732644018
ntkrnlmp.exe!***unknown***,callee,ntkrnlmp.exe!***unknown*** (trimmed),1,0.002307976366322009
ntkrnlmp.exe!***unknown***,callee,ntkrnlmp.exe!***unknown*** (trimmed),1,0.002307976366322009
ntkrnlmp.exe!***unknown***,callee,ntkrnlmp.exe!***unknown*** (trimmed),1,0.002307976366322009
ntkrnlmp.exe!***unknown***,callee,ntkrnlmp.exe!***unknown*** (trimmed),1,0.002307976366322009
ntkrnlmp.exe!***unknown***,callee,ntkrnlmp.exe!***unknown*** (trimmed),1,0.002307976366322009
ntkrnlmp.exe!***unknown***,callee,ntkrnlmp.exe!***unknown*** (trimmed),1,0.002307976366322009
ntkrnlmp.exe!***unknown***,caller,ntkrnlmp.exe!***unknown***,35,0.08077917282127031
ntkrnlmp.exe!***unknown***,callee,ntkrnlmp.exe!***unknown***,31,0.07154726735598227
ntkrnlmp.exe!***unknown***,callee,ntkrnlmp.exe!***unknown*** (trimmed),1,0.002307976366322009
ntkrnlmp.exe!***unknown***,callee,ntkrnlmp.exe!***unknown*** (trimmed),1,0.002307976366322009
ntkrnlmp.exe!***unknown***,callee,ntkrnlmp.exe!***unknown*** (trimmed),1,0.002307976366322009
ntkrnlmp.exe!***unknown***,callee,ntkrnlmp.exe!***unknown*** (trimmed),1,0.002307976366322009
ntkrnlmp.exe!***unknown***,caller,ntkrnlmp.exe!***unknown***,22,0.050775480059084194
ntkrnlmp.exe!***unknown***,caller,ntkrnlmp.exe!***unknown***,13,0.030003692762186115
refs.sys!***unknown***,callee,refs.sys!***unknown***,21,0.04846750369276218
refs.sys!***unknown***,callee,refs.sys!***unknown***,6,0.013847858197932054
refs.sys!***unknown***,callee,refs.sys!***unknown*** (trimmed),3,0.006923929098966027
refs.sys!***unknown***,callee,refs.sys!***unknown*** (trimmed),2,0.004615952732644018
refs.sys!***unknown***,callee,refs.sys!***unknown*** (trimmed),1,0.002307976366322009
refs.sys!***unknown***,callee,refs.sys!***unknown*** (trimmed),1,0.002307976366322009
refs.sys!***unknown***,caller,fltMgr.sys!***unknown***,34,0.07847119645494831
nvlddmkm.sys!***unknown***,callee,nvlddmkm.sys!***unknown***,8,0.01846381093057607
nvlddmkm.sys!***unknown***,callee,nvlddmkm.sys!***unknown***,7,0.01615583456425406
nvlddmkm.sys!***unknown***,callee,nvlddmkm.sys!***unknown***,5,0.011539881831610045
nvlddmkm.sys!***unknown***,callee,nvlddmkm.sys!***unknown*** (trimmed),3,0.006923929098966027
nvlddmkm.sys!***unknown***,callee,nvlddmkm.sys!***unknown*** (trimmed),3,0.006923929098966027
nvlddmkm.sys!***unknown***,callee,nvlddmkm.sys!***unknown*** (trimmed),2,0.004615952732644018
nvlddmkm.sys!***unknown***,callee,nvlddmkm.sys!***unknown*** (trimmed),2,0.004615952732644018
nvlddmkm.sys!***unknown***,callee,nvlddmkm.sys!***unknown*** (trimmed),2,0.004615952732644018
nvlddmkm.sys!***unknown***,callee,nvlddmkm.sys!***unknown*** (trimmed),1,0.002307976366322009
nvlddmkm.sys!***unknown***,callee,nvlddmkm.sys!***unknown*** (trimmed),1,0.002307976366322009
nvlddmkm.sys!***unknown***,caller,nvlddmkm.sys!***unknown***,34,0.07847119645494831
ntkrnlmp.exe!***unknown***,caller,ntkrnlmp.exe!***unknown***,34,0.07847119645494831
ntdll.dll!***unknown***,callee,ntdll.dll!***unknown***,15,0.03461964549483013
ntdll.dll!***unknown***,callee,ntdll.dll!***unknown***,12,0.027695716395864108
ntdll.dll!***unknown***,callee,ntdll.dll!***unknown***,6,0.013847858197932054
ntdll.dll!***unknown***,callee,ntdll.dll!***unknown*** (trimmed),1,0.002307976366322009
ntdll.dll!***unknown***,caller,ntdll.dll!***unknown***,34,0.07847119645494831
laneflow-urban-harness.exe!std::alloc::__default_lib_allocator::__rdl_dealloc,callee,kernel32.dll!***unknown***,9,0.02077178729689808
laneflow-urban-harness.exe!std::alloc::__default_lib_allocator::__rdl_dealloc,callee,kernel32.dll!***unknown***,8,0.01846381093057607
laneflow-urban-harness.exe!std::alloc::__default_lib_allocator::__rdl_dealloc,caller,laneflow-urban-harness.exe!core::ptr::drop_glue<enum2$<serde_json::value::Value> >,7,0.01615583456425406
laneflow-urban-harness.exe!std::alloc::__default_lib_allocator::__rdl_dealloc,caller,laneflow-urban-harness.exe!laneflow_urban_harness::observe::events,6,0.013847858197932054
laneflow-urban-harness.exe!std::alloc::__default_lib_allocator::__rdl_dealloc,caller,"laneflow-urban-harness.exe!core::ptr::drop_glue<alloc::collections::btree::map::IntoIter<alloc::string::String,enum2$<serde_json::value::Value>,alloc::alloc::Global> >",6,0.013847858197932054
laneflow-urban-harness.exe!std::alloc::__default_lib_allocator::__rdl_dealloc,caller,laneflow-urban-harness.exe!core::ptr::drop_glue<enum2$<serde_json::value::Value> >,4,0.009231905465288036
laneflow-urban-harness.exe!std::alloc::__default_lib_allocator::__rdl_dealloc,caller,laneflow-urban-harness.exe!laneflow_urban_harness::observe::state,3,0.006923929098966027
laneflow-urban-harness.exe!std::alloc::__default_lib_allocator::__rdl_dealloc,caller,"laneflow-urban-harness.exe!alloc::collections::btree::map::IntoIter<alloc::string::String,laneflow_urban_harness::artifacts::FileDigest,alloc::alloc::Global>::dying_next<alloc::string::String,laneflow_urban_harness::artifacts::FileDigest,alloc::alloc::Global>",3,0.006923929098966027
laneflow-urban-harness.exe!std::alloc::__default_lib_allocator::__rdl_dealloc,caller,laneflow-urban-harness.exe!laneflow_urban_harness::runner::Harness::execute,2,0.004615952732644018
laneflow-urban-harness.exe!std::alloc::__default_lib_allocator::__rdl_dealloc,caller,laneflow-urban-harness.exe!laneflow_urban_harness::research_quality::Quality::observe,1,0.002307976366322009
laneflow-urban-harness.exe!std::alloc::__default_lib_allocator::__rdl_dealloc,caller,"laneflow-urban-harness.exe!alloc::collections::btree::map::BTreeMap<alloc::string::String,u64,alloc::alloc::Global>::entry<alloc::string::String,u64,alloc::alloc::Global>",1,0.002307976366322009
laneflow-urban-harness.exe!std::alloc::__default_lib_allocator::__rdl_dealloc,caller,"laneflow-urban-harness.exe!hashbrown::raw::RawTable<tuple$<u32,std::collections::hash::set::HashSet<laneflow_runtime::kernel::handle::VehicleHandle,std::hash::random::RandomState,alloc::alloc::Global> >,alloc::alloc::Global>::reserve_rehash<tuple$<u32,std::collections::hash::set::HashSet<laneflow_runtime::kernel::handle::VehicleHandle,std::hash::random::RandomState,alloc::alloc::Global> >,alloc::alloc::Global,hashbrown::map::make_hasher::closure_env$0<u32,std::collections::hash::set::HashSet<laneflow_runtime::kernel::handle::VehicleHandle,std::hash::random::RandomState,alloc::alloc::Global>,std::hash::random::RandomState> >",1,0.002307976366322009
kernel32.dll!***unknown***,caller,laneflow-urban-harness.exe!std::sys::alloc::windows::process_heap_alloc,26,0.06000738552437223
kernel32.dll!***unknown***,caller,laneflow-urban-harness.exe!std::alloc::__default_lib_allocator::__rdl_dealloc,8,0.01846381093057607
fltMgr.sys!***unknown***,callee,refs.sys!***unknown***,34,0.07847119645494831
fltMgr.sys!***unknown***,caller,fltMgr.sys!***unknown***,34,0.07847119645494831
fltMgr.sys!***unknown***,callee,fltMgr.sys!***unknown***,34,0.07847119645494831
fltMgr.sys!***unknown***,caller,fltMgr.sys!***unknown***,34,0.07847119645494831
nvlddmkm.sys!***unknown***,callee,nvlddmkm.sys!***unknown***,11,0.025387740029542097
nvlddmkm.sys!***unknown***,callee,nvlddmkm.sys!***unknown***,6,0.013847858197932054
nvlddmkm.sys!***unknown***,callee,nvlddmkm.sys!***unknown*** (trimmed),3,0.006923929098966027
nvlddmkm.sys!***unknown***,callee,nvlddmkm.sys!***unknown*** (trimmed),2,0.004615952732644018
nvlddmkm.sys!***unknown***,callee,nvlddmkm.sys!***unknown*** (trimmed),1,0.002307976366322009
nvlddmkm.sys!***unknown***,callee,nvlddmkm.sys!***unknown*** (trimmed),1,0.002307976366322009
nvlddmkm.sys!***unknown***,callee,nvlddmkm.sys!***unknown*** (trimmed),1,0.002307976366322009
nvlddmkm.sys!***unknown***,callee,nvlddmkm.sys!***unknown*** (trimmed),1,0.002307976366322009
nvlddmkm.sys!***unknown***,callee,nvlddmkm.sys!***unknown*** (trimmed),1,0.002307976366322009
nvlddmkm.sys!***unknown***,callee,nvlddmkm.sys!***unknown*** (trimmed),1,0.002307976366322009
nvlddmkm.sys!***unknown***,callee,nvlddmkm.sys!***unknown*** (trimmed),1,0.002307976366322009
nvlddmkm.sys!***unknown***,callee,nvlddmkm.sys!***unknown*** (trimmed),1,0.002307976366322009
nvlddmkm.sys!***unknown***,callee,nvlddmkm.sys!***unknown*** (trimmed),1,0.002307976366322009
nvlddmkm.sys!***unknown***,callee,nvlddmkm.sys!***unknown*** (trimmed),1,0.002307976366322009
nvlddmkm.sys!***unknown***,callee,nvlddmkm.sys!***unknown*** (trimmed),1,0.002307976366322009
nvlddmkm.sys!***unknown***,caller,nvlddmkm.sys!***unknown***,33,0.07616322008862629
ntkrnlmp.exe!***unknown***,callee,ntkrnlmp.exe!***unknown***,29,0.06693131462333826
ntkrnlmp.exe!***unknown***,callee,ntkrnlmp.exe!***unknown*** (trimmed),4,0.009231905465288036
ntkrnlmp.exe!***unknown***,caller,ntkrnlmp.exe!***unknown***,33,0.07616322008862629
laneflow-urban-harness.exe!laneflow_urban_harness::sha256,callee,laneflow-urban-harness.exe!sha2::sha256::x86_sha::compress,32,0.07385524372230429
laneflow-urban-harness.exe!laneflow_urban_harness::sha256,callee,"laneflow-urban-harness.exe!core::iter::adapters::map::impl$2::fold<alloc::string::String,core::slice::iter::Iter<u8>,laneflow_urban_harness::hex::closure_env$0,tuple$<>,core::iter::traits::iterator::Iterator::for_each::call::closure_env$0<alloc::string::String,alloc::string::impl$22::extend::closure_env$0<core::iter::adapters::map::Map<core::slice::iter::Iter<u8>,laneflow_urban_harness::hex::closure_env$0> > > > (trimmed)",1,0.002307976366322009
laneflow-urban-harness.exe!laneflow_urban_harness::sha256,caller,laneflow-urban-harness.exe!laneflow_urban_harness::runner::Harness::advance,33,0.07616322008862629
laneflow-urban-harness.exe!laneflow_runtime::kernel::conflict_tick::ConflictTaskView::prepare_candidate_downstream_task,callee,laneflow-urban-harness.exe!laneflow_runtime::kernel::conflict_tick::ConflictTaskView::downstream_plan_prechecks,30,0.06923929098966027
laneflow-urban-harness.exe!laneflow_runtime::kernel::conflict_tick::ConflictTaskView::prepare_candidate_downstream_task,callee,laneflow-urban-harness.exe!laneflow_runtime::kernel::conflict::derive_downstream_claims_from_plan (trimmed),2,0.004615952732644018
laneflow-urban-harness.exe!laneflow_runtime::kernel::conflict_tick::ConflictTaskView::prepare_candidate_downstream_task,callee,laneflow-urban-harness.exe!alloc::raw_vec::RawVecInner<alloc::alloc::Global>::finish_grow<alloc::alloc::Global>,1,0.002307976366322009
laneflow-urban-harness.exe!laneflow_runtime::kernel::conflict_tick::ConflictTaskView::prepare_candidate_downstream_task,caller,laneflow-urban-harness.exe!laneflow_runtime::kernel::conflict_tick::ConflictTaskView::prepare_resource_candidate_task,33,0.07616322008862629
vcruntime140.dll!***unknown***,caller,"laneflow-urban-harness.exe!rayon_core::scope::ScopeBase::execute_job_closure<rayon_core::scope::impl$0::spawn::closure$0::closure_env$0<laneflow_runtime::kernel::execution::impl$4::try_for_each_chunk::closure$0::closure_env$0<laneflow_runtime::kernel::tick::VehicleMotionOutcome,laneflow_runtime::kernel::tick::prepare_motion_dispatched::closure_env$0> >,tuple$<> >",16,0.03692762186115214
vcruntime140.dll!***unknown***,caller,"laneflow-urban-harness.exe!enum2$<laneflow_runtime::kernel::execution::ExecutionResources>::try_for_each_chunk<laneflow_runtime::kernel::tick::VehicleMotionOutcome,laneflow_runtime::kernel::tick::prepare_motion_dispatched::closure_env$0>",9,0.02077178729689808
vcruntime140.dll!***unknown***,caller,"laneflow-urban-harness.exe!core::slice::sort::unstable::quicksort::quicksort<laneflow_runtime::kernel::conflict_tick::ConflictCandidate,core::slice::impl$0::sort_unstable_by_key::closure_env$0<laneflow_runtime::kernel::conflict_tick::ConflictCandidate,tuple$<laneflow_runtime::kernel::conflict::ConflictCandidateOrderKey,u32>,laneflow_runtime::kernel::conflict_tick::impl$6::prepare_conflict_candidates::closure_env$1> >",5,0.011539881831610045
vcruntime140.dll!***unknown***,caller,"laneflow-urban-harness.exe!core::slice::sort::shared::smallsort::insertion_sort_shift_left<laneflow_runtime::kernel::conflict_tick::ConflictCandidate,core::slice::impl$0::sort_unstable_by_key::closure_env$0<laneflow_runtime::kernel::conflict_tick::ConflictCandidate,tuple$<laneflow_runtime::kernel::conflict::ConflictCandidateOrderKey,u32>,laneflow_runtime::kernel::conflict_tick::impl$6::prepare_conflict_candidates::closure_env$1> >",2,0.004615952732644018
ucrtbase.dll!***unknown***,caller,laneflow-urban-harness.exe!laneflow_runtime::kernel::phase::StepReadView::calculate_active_vehicle_motion,32,0.07385524372230429
ntkrnlmp.exe!***unknown***,callee,ntkrnlmp.exe!***unknown***,20,0.04615952732644018
ntkrnlmp.exe!***unknown***,callee,ntkrnlmp.exe!***unknown***,7,0.01615583456425406
ntkrnlmp.exe!***unknown***,callee,ntkrnlmp.exe!***unknown*** (trimmed),2,0.004615952732644018
ntkrnlmp.exe!***unknown***,callee,ntkrnlmp.exe!***unknown*** (trimmed),1,0.002307976366322009
ntkrnlmp.exe!***unknown***,callee,ntkrnlmp.exe!***unknown*** (trimmed),1,0.002307976366322009
ntkrnlmp.exe!***unknown***,callee,ntkrnlmp.exe!***unknown*** (trimmed),1,0.002307976366322009
ntkrnlmp.exe!***unknown***,caller,ntkrnlmp.exe!***unknown***,32,0.07385524372230429
ntdll.dll!***unknown***,callee,ntkrnlmp.exe!***unknown***,25,0.05769940915805022
ntdll.dll!***unknown***,callee,ntkrnlmp.exe!***unknown***,3,0.006923929098966027
ntdll.dll!***unknown***,callee,ntkrnlmp.exe!***unknown*** (trimmed),1,0.002307976366322009
ntdll.dll!***unknown***,caller,ntdll.dll!***unknown***,32,0.07385524372230429
laneflow-urban-harness.exe!laneflow_runtime::kernel::occupancy::OccupancyIndex::finish_layout,callee,vcruntime140.dll!***unknown***,7,0.01615583456425406
laneflow-urban-harness.exe!laneflow_runtime::kernel::occupancy::OccupancyIndex::finish_layout,callee,vcruntime140.dll!***unknown*** (trimmed),2,0.004615952732644018
laneflow-urban-harness.exe!laneflow_runtime::kernel::occupancy::OccupancyIndex::finish_layout,callee,vcruntime140.dll!***unknown*** (trimmed),1,0.002307976366322009
laneflow-urban-harness.exe!laneflow_runtime::kernel::occupancy::OccupancyIndex::finish_layout,callee,vcruntime140.dll!***unknown*** (trimmed),1,0.002307976366322009
laneflow-urban-harness.exe!laneflow_runtime::kernel::occupancy::OccupancyIndex::finish_layout,callee,vcruntime140.dll!***unknown*** (trimmed),1,0.002307976366322009
laneflow-urban-harness.exe!laneflow_runtime::kernel::occupancy::OccupancyIndex::finish_layout,caller,laneflow-urban-harness.exe!laneflow_runtime::kernel::occupancy::rebuild_occupancy_index,32,0.07385524372230429
"laneflow-urban-harness.exe!core::slice::iter::impl$171::find<laneflow_urban_generator::catalog::ParkingTarget,laneflow_urban_harness::plan::impl$3::for_case::closure_env$43>",callee,vcruntime140.dll!***unknown*** (trimmed),2,0.004615952732644018
"laneflow-urban-harness.exe!core::slice::iter::impl$171::find<laneflow_urban_generator::catalog::ParkingTarget,laneflow_urban_harness::plan::impl$3::for_case::closure_env$43>",caller,laneflow-urban-harness.exe!laneflow_urban_harness::runner::Harness::execute,32,0.07385524372230429
vcruntime140.dll!***unknown***,caller,"laneflow-urban-harness.exe!rayon_core::scope::ScopeBase::execute_job_closure<rayon_core::scope::impl$0::spawn::closure$0::closure_env$0<laneflow_runtime::kernel::execution::impl$4::try_for_each_chunk::closure$0::closure_env$0<laneflow_runtime::kernel::tick::VehicleMotionOutcome,laneflow_runtime::kernel::tick::prepare_motion_dispatched::closure_env$0> >,tuple$<> >",15,0.03461964549483013
vcruntime140.dll!***unknown***,caller,"laneflow-urban-harness.exe!enum2$<laneflow_runtime::kernel::execution::ExecutionResources>::try_for_each_chunk<laneflow_runtime::kernel::tick::VehicleMotionOutcome,laneflow_runtime::kernel::tick::prepare_motion_dispatched::closure_env$0>",6,0.013847858197932054
vcruntime140.dll!***unknown***,caller,laneflow-urban-harness.exe!laneflow_runtime::kernel::phase::StepWorkspace::stage_vehicle_transitions,5,0.011539881831610045
vcruntime140.dll!***unknown***,caller,"laneflow-urban-harness.exe!core::slice::sort::unstable::quicksort::quicksort<laneflow_runtime::kernel::conflict_tick::ConflictCandidate,core::slice::impl$0::sort_unstable_by_key::closure_env$0<laneflow_runtime::kernel::conflict_tick::ConflictCandidate,tuple$<laneflow_runtime::kernel::conflict::ConflictCandidateOrderKey,u32>,laneflow_runtime::kernel::conflict_tick::impl$6::prepare_conflict_candidates::closure_env$1> >",4,0.009231905465288036
vcruntime140.dll!***unknown***,caller,"laneflow-urban-harness.exe!core::slice::sort::shared::smallsort::insertion_sort_shift_left<laneflow_runtime::kernel::conflict_tick::ConflictCandidate,core::slice::impl$0::sort_unstable_by_key::closure_env$0<laneflow_runtime::kernel::conflict_tick::ConflictCandidate,tuple$<laneflow_runtime::kernel::conflict::ConflictCandidateOrderKey,u32>,laneflow_runtime::kernel::conflict_tick::impl$6::prepare_conflict_candidates::closure_env$1> >",1,0.002307976366322009
ntkrnlmp.exe!***unknown***,callee,ntkrnlmp.exe!***unknown***,6,0.013847858197932054
ntkrnlmp.exe!***unknown***,callee,ntkrnlmp.exe!***unknown***,5,0.011539881831610045
ntkrnlmp.exe!***unknown***,callee,ntkrnlmp.exe!***unknown*** (trimmed),4,0.009231905465288036
ntkrnlmp.exe!***unknown***,callee,ntkrnlmp.exe!***unknown*** (trimmed),3,0.006923929098966027
ntkrnlmp.exe!***unknown***,callee,ntkrnlmp.exe!***unknown*** (trimmed),2,0.004615952732644018
ntkrnlmp.exe!***unknown***,callee,ntkrnlmp.exe!***unknown*** (trimmed),1,0.002307976366322009
ntkrnlmp.exe!***unknown***,callee,ntkrnlmp.exe!***unknown*** (trimmed),1,0.002307976366322009
ntkrnlmp.exe!***unknown***,callee,ntkrnlmp.exe!***unknown*** (trimmed),1,0.002307976366322009
ntkrnlmp.exe!***unknown***,callee,ntkrnlmp.exe!***unknown*** (trimmed),1,0.002307976366322009
ntkrnlmp.exe!***unknown***,callee,ntkrnlmp.exe!***unknown*** (trimmed),1,0.002307976366322009
ntkrnlmp.exe!***unknown***,callee,ntkrnlmp.exe!***unknown*** (trimmed),1,0.002307976366322009
ntkrnlmp.exe!***unknown***,callee,ntkrnlmp.exe!***unknown*** (trimmed),1,0.002307976366322009
ntkrnlmp.exe!***unknown***,callee,ntkrnlmp.exe!***unknown*** (trimmed),1,0.002307976366322009
ntkrnlmp.exe!***unknown***,callee,ntkrnlmp.exe!***unknown*** (trimmed),1,0.002307976366322009
ntkrnlmp.exe!***unknown***,callee,ntkrnlmp.exe!***unknown*** (trimmed),1,0.002307976366322009
ntkrnlmp.exe!***unknown***,caller,ntkrnlmp.exe!***unknown***,31,0.07154726735598227
ntkrnlmp.exe!***unknown***,callee,ntkrnlmp.exe!***unknown***,31,0.07154726735598227
ntkrnlmp.exe!***unknown***,caller,dxgmms2.sys!***unknown***,31,0.07154726735598227
ntkrnlmp.exe!***unknown***,caller,ntkrnlmp.exe!***unknown***,31,0.07154726735598227
ntkrnlmp.exe!***unknown***,callee,ntkrnlmp.exe!***unknown***,28,0.06462333825701624
ntkrnlmp.exe!***unknown***,callee,ntkrnlmp.exe!***unknown*** (trimmed),3,0.006923929098966027
ntkrnlmp.exe!***unknown***,caller,ntkrnlmp.exe!***unknown***,31,0.07154726735598227
dxgmms2.sys!***unknown***,callee,ntkrnlmp.exe!***unknown***,31,0.07154726735598227
dxgmms2.sys!***unknown***,caller,dxgmms2.sys!***unknown***,31,0.07154726735598227
dxgmms2.sys!***unknown***,callee,dxgkrnl.sys!***unknown***,31,0.07154726735598227
dxgmms2.sys!***unknown***,caller,dxgmms2.sys!***unknown***,23,0.053083456425406204
dxgmms2.sys!***unknown***,caller,dxgmms2.sys!***unknown***,8,0.01846381093057607
dxgkrnl.sys!***unknown***,callee,dxgkrnl.sys!***unknown***,26,0.06000738552437223
dxgkrnl.sys!***unknown***,callee,dxgkrnl.sys!***unknown***,5,0.011539881831610045
dxgkrnl.sys!***unknown***,caller,dxgmms2.sys!***unknown***,31,0.07154726735598227
vcruntime140.dll!***unknown***,callee,ntkrnlmp.exe!***unknown***,1,0.002307976366322009
vcruntime140.dll!***unknown***,caller,"laneflow-urban-harness.exe!rayon_core::scope::ScopeBase::execute_job_closure<rayon_core::scope::impl$0::spawn::closure$0::closure_env$0<laneflow_runtime::kernel::execution::impl$4::try_for_each_chunk::closure$0::closure_env$0<laneflow_runtime::kernel::tick::VehicleMotionOutcome,laneflow_runtime::kernel::tick::prepare_motion_dispatched::closure_env$0> >,tuple$<> >",16,0.03692762186115214
vcruntime140.dll!***unknown***,caller,"laneflow-urban-harness.exe!rayon_core::scope::ScopeBase::execute_job_closure<rayon_core::scope::impl$0::spawn::closure$0::closure_env$0<laneflow_runtime::kernel::execution::impl$4::try_for_each_chunk::closure$0::closure_env$0<laneflow_runtime::kernel::tick::WaitingPreviewEntry,laneflow_runtime::kernel::waiting::prepare_waiting_previews_dispatched::closure_env$0> >,tuple$<> >",9,0.02077178729689808
vcruntime140.dll!***unknown***,caller,"laneflow-urban-harness.exe!enum2$<laneflow_runtime::kernel::execution::ExecutionResources>::try_for_each_chunk<laneflow_runtime::kernel::tick::WaitingPreviewEntry,laneflow_runtime::kernel::waiting::prepare_waiting_previews_dispatched::closure_env$0>",2,0.004615952732644018
vcruntime140.dll!***unknown***,caller,"laneflow-urban-harness.exe!laneflow_runtime::kernel::execution::run_dispatch_chunk<enum2$<laneflow_runtime::kernel::conflict_tick::CandidateReport>,laneflow_runtime::kernel::conflict_tick::impl$6::prepare_conflict_candidates_dispatched::closure_env$2>",2,0.004615952732644018
vcruntime140.dll!***unknown***,caller,laneflow-urban-harness.exe!laneflow_runtime::kernel::phase::StepWorkspace::stage_vehicle_transitions,1,0.002307976366322009
ntkrnlmp.exe!***unknown***,callee,ntkrnlmp.exe!***unknown***,17,0.039235598227474154
ntkrnlmp.exe!***unknown***,callee,ntkrnlmp.exe!***unknown*** (trimmed),3,0.006923929098966027
ntkrnlmp.exe!***unknown***,callee,ntkrnlmp.exe!***unknown*** (trimmed),2,0.004615952732644018
ntkrnlmp.exe!***unknown***,callee,ntkrnlmp.exe!***unknown*** (trimmed),2,0.004615952732644018
ntkrnlmp.exe!***unknown***,callee,ntkrnlmp.exe!***unknown*** (trimmed),1,0.002307976366322009
ntkrnlmp.exe!***unknown***,callee,ntkrnlmp.exe!***unknown*** (trimmed),1,0.002307976366322009
ntkrnlmp.exe!***unknown***,callee,ntkrnlmp.exe!***unknown*** (trimmed),1,0.002307976366322009
ntkrnlmp.exe!***unknown***,callee,ntkrnlmp.exe!***unknown*** (trimmed),1,0.002307976366322009
ntkrnlmp.exe!***unknown***,callee,ntkrnlmp.exe!***unknown*** (trimmed),1,0.002307976366322009
ntkrnlmp.exe!***unknown***,callee,ntkrnlmp.exe!***unknown*** (trimmed),1,0.002307976366322009
ntkrnlmp.exe!***unknown***,caller,ntkrnlmp.exe!***unknown***,29,0.06693131462333826
ntkrnlmp.exe!***unknown***,caller,ntkrnlmp.exe!***unknown***,1,0.002307976366322009
ntkrnlmp.exe!***unknown***,callee,ntkrnlmp.exe!***unknown***,17,0.039235598227474154
ntkrnlmp.exe!***unknown***,callee,ntkrnlmp.exe!***unknown***,11,0.025387740029542097
ntkrnlmp.exe!***unknown***,callee,ntkrnlmp.exe!***unknown*** (trimmed),1,0.002307976366322009
ntkrnlmp.exe!***unknown***,callee,ntkrnlmp.exe!***unknown*** (trimmed),1,0.002307976366322009
ntkrnlmp.exe!***unknown***,caller,ntkrnlmp.exe!***unknown***,30,0.06923929098966027
laneflow-urban-harness.exe!laneflow_runtime::kernel::conflict_tick::ConflictTaskView::downstream_plan_prechecks,callee,laneflow-urban-harness.exe!laneflow_runtime::kernel::occupancy::OccupancyIndex::leader_relation,16,0.03692762186115214
laneflow-urban-harness.exe!laneflow_runtime::kernel::conflict_tick::ConflictTaskView::downstream_plan_prechecks,callee,laneflow-urban-harness.exe!laneflow_runtime::kernel::phase::StepReadView::reservation_downstream_claim_plan,10,0.02307976366322009
laneflow-urban-harness.exe!laneflow_runtime::kernel::conflict_tick::ConflictTaskView::downstream_plan_prechecks,caller,laneflow-urban-harness.exe!laneflow_runtime::kernel::conflict_tick::ConflictTaskView::prepare_candidate_downstream_task,30,0.06923929098966027
"laneflow-urban-harness.exe!alloc::collections::btree::map::BTreeMap<tuple$<laneflow_urban_harness::runner::IndividualId,u32>,alloc::collections::btree::set_val::SetValZST,alloc::alloc::Global>::insert<tuple$<laneflow_urban_harness::runner::IndividualId,u32>,alloc::collections::btree::set_val::SetValZST,alloc::alloc::Global>",caller,laneflow-urban-harness.exe!laneflow_urban_harness::observe::red_waiters,30,0.06923929098966027
Kernelbase.dll!***unknown***,callee,ntdll.dll!***unknown***,29,0.06693131462333826
Kernelbase.dll!***unknown***,callee,ntdll.dll!***unknown*** (trimmed),1,0.002307976366322009
Kernelbase.dll!***unknown***,caller,laneflow-urban-harness.exe!rayon_core::registry::WorkerThread::wait_until_cold,30,0.06923929098966027
ntkrnlmp.exe!***unknown***,callee,ntkrnlmp.exe!***unknown***,1,0.002307976366322009
ntkrnlmp.exe!***unknown***,caller,ntkrnlmp.exe!***unknown***,29,0.06693131462333826
ntkrnlmp.exe!***unknown***,callee,ntkrnlmp.exe!***unknown***,10,0.02307976366322009
ntkrnlmp.exe!***unknown***,callee,ntkrnlmp.exe!***unknown*** (trimmed),3,0.006923929098966027
ntkrnlmp.exe!***unknown***,callee,ntkrnlmp.exe!***unknown*** (trimmed),2,0.004615952732644018
ntkrnlmp.exe!***unknown***,callee,ntkrnlmp.exe!***unknown*** (trimmed),2,0.004615952732644018
ntkrnlmp.exe!***unknown***,callee,ntkrnlmp.exe!***unknown*** (trimmed),2,0.004615952732644018
ntkrnlmp.exe!***unknown***,callee,ntkrnlmp.exe!***unknown*** (trimmed),1,0.002307976366322009
ntkrnlmp.exe!***unknown***,callee,ntkrnlmp.exe!***unknown*** (trimmed),1,0.002307976366322009
ntkrnlmp.exe!***unknown***,callee,ntkrnlmp.exe!***unknown*** (trimmed),1,0.002307976366322009
ntkrnlmp.exe!***unknown***,callee,ntkrnlmp.exe!***unknown*** (trimmed),1,0.002307976366322009
ntkrnlmp.exe!***unknown***,callee,ntkrnlmp.exe!***unknown*** (trimmed),1,0.002307976366322009
ntkrnlmp.exe!***unknown***,callee,ntkrnlmp.exe!***unknown*** (trimmed),1,0.002307976366322009
ntkrnlmp.exe!***unknown***,callee,ntkrnlmp.exe!***unknown*** (trimmed),1,0.002307976366322009
ntkrnlmp.exe!***unknown***,callee,ntkrnlmp.exe!***unknown*** (trimmed),1,0.002307976366322009
ntkrnlmp.exe!***unknown***,callee,ntkrnlmp.exe!***unknown*** (trimmed),1,0.002307976366322009
ntkrnlmp.exe!***unknown***,callee,ntkrnlmp.exe!***unknown*** (trimmed),1,0.002307976366322009
ntkrnlmp.exe!***unknown***,caller,ntkrnlmp.exe!***unknown***,28,0.06462333825701624
ntkrnlmp.exe!***unknown***,caller,ntkrnlmp.exe!***unknown*** (trimmed),1,0.002307976366322009
ntkrnlmp.exe!***unknown***,callee,ntkrnlmp.exe!***unknown***,27,0.06231536189069424
ntkrnlmp.exe!***unknown***,callee,ntkrnlmp.exe!***unknown*** (trimmed),2,0.004615952732644018
ntkrnlmp.exe!***unknown***,caller,ntkrnlmp.exe!***unknown***,26,0.06000738552437223
ntkrnlmp.exe!***unknown***,caller,ntkrnlmp.exe!***unknown*** (trimmed),3,0.006923929098966027
ntdll.dll!***unknown***,callee,ntkrnlmp.exe!***unknown***,10,0.02307976366322009
ntdll.dll!***unknown***,callee,ntkrnlmp.exe!***unknown***,5,0.011539881831610045
ntdll.dll!***unknown***,callee,ntkrnlmp.exe!***unknown*** (trimmed),1,0.002307976366322009
ntdll.dll!***unknown***,callee,ntkrnlmp.exe!***unknown*** (trimmed),1,0.002307976366322009
ntdll.dll!***unknown***,caller,ntdll.dll!***unknown***,29,0.06693131462333826
ntdll.dll!***unknown***,callee,ntdll.dll!***unknown***,29,0.06693131462333826
ntdll.dll!***unknown***,caller,Kernelbase.dll!***unknown***,29,0.06693131462333826
ntdll.dll!***unknown***,callee,ntdll.dll!***unknown***,29,0.06693131462333826
ntdll.dll!***unknown***,caller,ntdll.dll!***unknown***,29,0.06693131462333826
ntdll.dll!***unknown***,callee,ntdll.dll!***unknown***,28,0.06462333825701624
ntdll.dll!***unknown***,callee,ntdll.dll!***unknown*** (trimmed),1,0.002307976366322009
ntdll.dll!***unknown***,caller,ntdll.dll!***unknown***,29,0.06693131462333826
laneflow-urban-harness.exe!memcpy,caller,laneflow-urban-harness.exe!laneflow_urban_harness::observe::Hash::bytes,12,0.027695716395864108
laneflow-urban-harness.exe!memcpy,caller,laneflow-urban-harness.exe!laneflow_urban_harness::observe::Hash::flush,7,0.01615583456425406
laneflow-urban-harness.exe!memcpy,caller,"laneflow-urban-harness.exe!rayon_core::scope::ScopeBase::execute_job_closure<rayon_core::scope::impl$0::spawn::closure$0::closure_env$0<laneflow_runtime::kernel::execution::impl$4::try_for_each_chunk::closure$0::closure_env$0<laneflow_runtime::kernel::tick::VehicleMotionOutcome,laneflow_runtime::kernel::tick::prepare_motion_dispatched::closure_env$0> >,tuple$<> >",5,0.011539881831610045
laneflow-urban-harness.exe!memcpy,caller,"laneflow-urban-harness.exe!rayon_core::scope::ScopeBase::execute_job_closure<rayon_core::scope::impl$0::spawn::closure$0::closure_env$0<laneflow_runtime::kernel::execution::impl$4::try_for_each_chunk::closure$0::closure_env$0<laneflow_runtime::kernel::tick::WaitingPreviewEntry,laneflow_runtime::kernel::waiting::prepare_waiting_previews_dispatched::closure_env$0> >,tuple$<> >",2,0.004615952732644018
laneflow-urban-harness.exe!memcpy,caller,"laneflow-urban-harness.exe!serde_json::ser::format_escaped_str<ref_mut$<std::io::buffered::bufwriter::BufWriter<std::fs::File> >,serde_json::ser::PrettyFormatter>",1,0.002307976366322009
laneflow-urban-harness.exe!memcpy,caller,"laneflow-urban-harness.exe!enum2$<laneflow_runtime::kernel::execution::ExecutionResources>::try_for_each_chunk<laneflow_runtime::kernel::tick::VehicleMotionOutcome,laneflow_runtime::kernel::tick::prepare_motion_dispatched::closure_env$0>",1,0.002307976366322009
laneflow-urban-harness.exe!memcpy,caller,"laneflow-urban-harness.exe!core::slice::sort::unstable::quicksort::quicksort<laneflow_runtime::kernel::conflict_tick::ConflictCandidate,core::slice::impl$0::sort_unstable_by_key::closure_env$0<laneflow_runtime::kernel::conflict_tick::ConflictCandidate,tuple$<laneflow_runtime::kernel::conflict::ConflictCandidateOrderKey,u32>,laneflow_runtime::kernel::conflict_tick::impl$6::prepare_conflict_candidates::closure_env$1> >",1,0.002307976366322009
nvlddmkm.sys!***unknown***,callee,nvlddmkm.sys!***unknown***,22,0.050775480059084194
nvlddmkm.sys!***unknown***,callee,nvlddmkm.sys!***unknown***,6,0.013847858197932054
nvlddmkm.sys!***unknown***,caller,nvlddmkm.sys!***unknown***,28,0.06462333825701624
ntkrnlmp.exe!***unknown***,callee,ntkrnlmp.exe!***unknown*** (trimmed),4,0.009231905465288036
ntkrnlmp.exe!***unknown***,callee,ntkrnlmp.exe!***unknown*** (trimmed),3,0.006923929098966027
ntkrnlmp.exe!***unknown***,callee,ntkrnlmp.exe!***unknown*** (trimmed),3,0.006923929098966027
ntkrnlmp.exe!***unknown***,callee,ntkrnlmp.exe!***unknown*** (trimmed),1,0.002307976366322009
ntkrnlmp.exe!***unknown***,callee,ntkrnlmp.exe!***unknown*** (trimmed),1,0.002307976366322009
ntkrnlmp.exe!***unknown***,callee,ntkrnlmp.exe!***unknown*** (trimmed),1,0.002307976366322009
ntkrnlmp.exe!***unknown***,callee,ntkrnlmp.exe!***unknown*** (trimmed),1,0.002307976366322009
ntkrnlmp.exe!***unknown***,callee,ntkrnlmp.exe!***unknown*** (trimmed),1,0.002307976366322009
ntkrnlmp.exe!***unknown***,callee,ntkrnlmp.exe!***unknown*** (trimmed),1,0.002307976366322009
ntkrnlmp.exe!***unknown***,callee,ntkrnlmp.exe!***unknown*** (trimmed),1,0.002307976366322009
ntkrnlmp.exe!***unknown***,callee,ntkrnlmp.exe!***unknown*** (trimmed),1,0.002307976366322009
ntkrnlmp.exe!***unknown***,callee,ntkrnlmp.exe!***unknown*** (trimmed),1,0.002307976366322009
ntkrnlmp.exe!***unknown***,callee,ntkrnlmp.exe!***unknown*** (trimmed),1,0.002307976366322009
ntkrnlmp.exe!***unknown***,callee,ntkrnlmp.exe!***unknown*** (trimmed),1,0.002307976366322009
ntkrnlmp.exe!***unknown***,callee,ntkrnlmp.exe!***unknown*** (trimmed),1,0.002307976366322009
ntkrnlmp.exe!***unknown***,callee,ntkrnlmp.exe!***unknown*** (trimmed),1,0.002307976366322009
ntkrnlmp.exe!***unknown***,callee,ntkrnlmp.exe!***unknown*** (trimmed),1,0.002307976366322009
ntkrnlmp.exe!***unknown***,caller,ntkrnlmp.exe!***unknown***,25,0.05769940915805022
ntkrnlmp.exe!***unknown***,caller,ntkrnlmp.exe!***unknown*** (trimmed),3,0.006923929098966027
ntkrnlmp.exe!***unknown***,callee,ntkrnlmp.exe!***unknown***,18,0.04154357459379616
ntkrnlmp.exe!***unknown***,callee,ntkrnlmp.exe!***unknown***,10,0.02307976366322009
ntkrnlmp.exe!***unknown***,caller,ntkrnlmp.exe!***unknown***,28,0.06462333825701624
ntkrnlmp.exe!***unknown***,callee,ntkrnlmp.exe!***unknown***,26,0.06000738552437223
ntkrnlmp.exe!***unknown***,callee,ntkrnlmp.exe!***unknown*** (trimmed),2,0.004615952732644018
ntkrnlmp.exe!***unknown***,caller,ntkrnlmp.exe!***unknown***,26,0.06000738552437223
ntkrnlmp.exe!***unknown***,caller,ntkrnlmp.exe!***unknown*** (trimmed),2,0.004615952732644018
ntdll.dll!***unknown***,callee,ntdll.dll!***unknown***,28,0.06462333825701624
ntdll.dll!***unknown***,caller,ntdll.dll!***unknown***,28,0.06462333825701624
"laneflow-urban-harness.exe!serde_json::number::impl$6::serialize<ref_mut$<serde_json::ser::Serializer<ref_mut$<std::io::buffered::bufwriter::BufWriter<std::fs::File> >,serde_json::ser::CompactFormatter> > >",callee,laneflow-urban-harness.exe!itoa::impl$32::fmt,17,0.039235598227474154
"laneflow-urban-harness.exe!serde_json::number::impl$6::serialize<ref_mut$<serde_json::ser::Serializer<ref_mut$<std::io::buffered::bufwriter::BufWriter<std::fs::File> >,serde_json::ser::CompactFormatter> > >",callee,vcruntime140.dll!***unknown***,4,0.009231905465288036
"laneflow-urban-harness.exe!serde_json::number::impl$6::serialize<ref_mut$<serde_json::ser::Serializer<ref_mut$<std::io::buffered::bufwriter::BufWriter<std::fs::File> >,serde_json::ser::CompactFormatter> > >",callee,vcruntime140.dll!***unknown***,1,0.002307976366322009
"laneflow-urban-harness.exe!serde_json::number::impl$6::serialize<ref_mut$<serde_json::ser::Serializer<ref_mut$<std::io::buffered::bufwriter::BufWriter<std::fs::File> >,serde_json::ser::CompactFormatter> > >",callee,laneflow-urban-harness.exe!std::io::buffered::bufwriter::BufWriter<std::fs::File>::write_all_cold<std::fs::File>,1,0.002307976366322009
"laneflow-urban-harness.exe!serde_json::number::impl$6::serialize<ref_mut$<serde_json::ser::Serializer<ref_mut$<std::io::buffered::bufwriter::BufWriter<std::fs::File> >,serde_json::ser::CompactFormatter> > >",caller,"laneflow-urban-harness.exe!serde_json::ser::to_writer<ref_mut$<std::io::buffered::bufwriter::BufWriter<std::fs::File> >,enum2$<serde_json::value::Value> >",14,0.03231166912850812
"laneflow-urban-harness.exe!serde_json::number::impl$6::serialize<ref_mut$<serde_json::ser::Serializer<ref_mut$<std::io::buffered::bufwriter::BufWriter<std::fs::File> >,serde_json::ser::CompactFormatter> > >",caller,"laneflow-urban-harness.exe!serde_json::value::ser::impl$0::serialize<ref_mut$<serde_json::ser::Serializer<ref_mut$<std::io::buffered::bufwriter::BufWriter<std::fs::File> >,serde_json::ser::CompactFormatter> > >",12,0.027695716395864108
"laneflow-urban-harness.exe!serde_json::number::impl$6::serialize<ref_mut$<serde_json::ser::Serializer<ref_mut$<std::io::buffered::bufwriter::BufWriter<std::fs::File> >,serde_json::ser::CompactFormatter> > >",caller,"laneflow-urban-harness.exe!serde_core::ser::Serializer::collect_seq<ref_mut$<serde_json::ser::Serializer<ref_mut$<std::io::buffered::bufwriter::BufWriter<std::fs::File> >,serde_json::ser::CompactFormatter> >,ref$<alloc::vec::Vec<enum2$<serde_json::value::Value>,alloc::alloc::Global> > >",2,0.004615952732644018
laneflow-urban-harness.exe!rayon_core::latch::LockLatch::wait,callee,laneflow-urban-harness.exe!std::sys::sync::condvar::futex::Condvar::wait,27,0.06231536189069424
laneflow-urban-harness.exe!rayon_core::latch::LockLatch::wait,caller,"laneflow-urban-harness.exe!enum2$<laneflow_runtime::kernel::execution::ExecutionResources>::try_for_each_chunk<laneflow_runtime::kernel::tick::WaitingPreviewEntry,laneflow_runtime::kernel::waiting::prepare_waiting_previews_dispatched::closure_env$0>",11,0.025387740029542097
laneflow-urban-harness.exe!rayon_core::latch::LockLatch::wait,caller,"laneflow-urban-harness.exe!enum2$<laneflow_runtime::kernel::execution::ExecutionResources>::try_for_each_chunk<enum2$<laneflow_runtime::kernel::conflict_tick::CandidateReport>,laneflow_runtime::kernel::conflict_tick::impl$6::prepare_conflict_candidates_dispatched::closure_env$2>",10,0.02307976366322009
laneflow-urban-harness.exe!rayon_core::latch::LockLatch::wait,caller,"laneflow-urban-harness.exe!enum2$<laneflow_runtime::kernel::execution::ExecutionResources>::try_for_each_chunk<laneflow_runtime::kernel::tick::VehicleMotionOutcome,laneflow_runtime::kernel::tick::prepare_motion_dispatched::closure_env$0>",7,0.01615583456425406
nvlddmkm.sys!***unknown***,callee,nvlddmkm.sys!***unknown***,25,0.05769940915805022
nvlddmkm.sys!***unknown***,callee,nvlddmkm.sys!***unknown*** (trimmed),2,0.004615952732644018
nvlddmkm.sys!***unknown***,caller,nvlddmkm.sys!***unknown***,27,0.06231536189069424
ntkrnlmp.exe!***unknown***,callee,ntkrnlmp.exe!***unknown***,13,0.030003692762186115
ntkrnlmp.exe!***unknown***,callee,ntkrnlmp.exe!***unknown***,10,0.02307976366322009
ntkrnlmp.exe!***unknown***,callee,ntkrnlmp.exe!***unknown***,4,0.009231905465288036
ntkrnlmp.exe!***unknown***,caller,ntkrnlmp.exe!***unknown***,27,0.06231536189069424
laneflow-urban-harness.exe!rayon_core::registry::WorkerThread::find_work,callee,"laneflow-urban-harness.exe!core::iter::adapters::chain::impl$1::try_fold<core::ops::range::Range<usize>,core::ops::range::Range<usize>,tuple$<>,core::iter::adapters::filter::filter_try_fold::closure_env$0<usize,tuple$<>,enum2$<core::ops::control_flow::ControlFlow<rayon_core::job::JobRef,tuple$<> > >,rayon_core::registry::impl$10::steal::closure_env$0,core::iter::traits::iterator::Iterator::find_map::check::closure_env$0<usize,rayon_core::job::JobRef,rayon_core::registry::impl$10::steal::closure_env$1> >,enum2$<core::ops::control_flow::ControlFlow<rayon_core::job::JobRef,tuple$<> > > >",8,0.01846381093057607
laneflow-urban-harness.exe!rayon_core::registry::WorkerThread::find_work,callee,laneflow-urban-harness.exe!crossbeam_deque::deque::Stealer<rayon_core::job::JobRef>::steal<rayon_core::job::JobRef>,8,0.01846381093057607
laneflow-urban-harness.exe!rayon_core::registry::WorkerThread::find_work,callee,laneflow-urban-harness.exe!crossbeam_deque::deque::Injector<rayon_core::job::JobRef>::steal<rayon_core::job::JobRef>,6,0.013847858197932054
laneflow-urban-harness.exe!rayon_core::registry::WorkerThread::find_work,callee,laneflow-urban-harness.exe!crossbeam_deque::deque::Worker<rayon_core::job::JobRef>::pop<rayon_core::job::JobRef> (trimmed),1,0.002307976366322009
laneflow-urban-harness.exe!rayon_core::registry::WorkerThread::find_work,caller,laneflow-urban-harness.exe!rayon_core::registry::WorkerThread::wait_until_cold,27,0.06231536189069424
laneflow-urban-harness.exe!laneflow_runtime::kernel::phase::StepReadView::derive_waiting_traversal_with_signals,callee,laneflow-urban-harness.exe!laneflow_runtime::kernel::waiting::first_gate_hop (trimmed),2,0.004615952732644018
laneflow-urban-harness.exe!laneflow_runtime::kernel::phase::StepReadView::derive_waiting_traversal_with_signals,callee,laneflow-urban-harness.exe!laneflow_runtime::kernel::phase::StepReadView::gate_policy_decision_with_signals,1,0.002307976366322009
laneflow-urban-harness.exe!laneflow_runtime::kernel::phase::StepReadView::derive_waiting_traversal_with_signals,caller,laneflow-urban-harness.exe!laneflow_runtime::kernel::phase::StepWorkspace::stage_vehicle_transitions,27,0.06231536189069424
vcruntime140.dll!***unknown***,caller,"laneflow-urban-harness.exe!rayon_core::scope::ScopeBase::execute_job_closure<rayon_core::scope::impl$0::spawn::closure$0::closure_env$0<laneflow_runtime::kernel::execution::impl$4::try_for_each_chunk::closure$0::closure_env$0<laneflow_runtime::kernel::tick::WaitingPreviewEntry,laneflow_runtime::kernel::waiting::prepare_waiting_previews_dispatched::closure_env$0> >,tuple$<> >",10,0.02307976366322009
vcruntime140.dll!***unknown***,caller,"laneflow-urban-harness.exe!enum2$<laneflow_runtime::kernel::execution::ExecutionResources>::try_for_each_chunk<laneflow_runtime::kernel::tick::VehicleMotionOutcome,laneflow_runtime::kernel::tick::prepare_motion_dispatched::closure_env$0>",7,0.01615583456425406
vcruntime140.dll!***unknown***,caller,"laneflow-urban-harness.exe!rayon_core::scope::ScopeBase::execute_job_closure<rayon_core::scope::impl$0::spawn::closure$0::closure_env$0<laneflow_runtime::kernel::execution::impl$4::try_for_each_chunk::closure$0::closure_env$0<laneflow_runtime::kernel::tick::VehicleMotionOutcome,laneflow_runtime::kernel::tick::prepare_motion_dispatched::closure_env$0> >,tuple$<> >",3,0.006923929098966027
vcruntime140.dll!***unknown***,caller,"laneflow-urban-harness.exe!enum2$<laneflow_runtime::kernel::execution::ExecutionResources>::try_for_each_chunk<laneflow_runtime::kernel::tick::WaitingPreviewEntry,laneflow_runtime::kernel::waiting::prepare_waiting_previews_dispatched::closure_env$0>",2,0.004615952732644018
vcruntime140.dll!***unknown***,caller,"laneflow-urban-harness.exe!laneflow_runtime::kernel::execution::run_dispatch_chunk<enum2$<laneflow_runtime::kernel::conflict_tick::CandidateReport>,laneflow_runtime::kernel::conflict_tick::impl$6::prepare_conflict_candidates_dispatched::closure_env$2>",1,0.002307976366322009
vcruntime140.dll!***unknown***,caller,laneflow-urban-harness.exe!laneflow_runtime::kernel::phase::StepWorkspace::stage_vehicle_transitions,1,0.002307976366322009
vcruntime140.dll!***unknown***,caller,laneflow-urban-harness.exe!laneflow_runtime::kernel::conflict_tick::ConflictTaskView::evaluate_candidate,1,0.002307976366322009
vcruntime140.dll!***unknown***,caller,"laneflow-urban-harness.exe!core::slice::sort::shared::smallsort::insertion_sort_shift_left<laneflow_runtime::kernel::conflict_tick::ConflictCandidate,core::slice::impl$0::sort_unstable_by_key::closure_env$0<laneflow_runtime::kernel::conflict_tick::ConflictCandidate,tuple$<laneflow_runtime::kernel::conflict::ConflictCandidateOrderKey,u32>,laneflow_runtime::kernel::conflict_tick::impl$6::prepare_conflict_candidates::closure_env$1> >",1,0.002307976366322009
nvlddmkm.sys!***unknown***,callee,nvlddmkm.sys!***unknown***,10,0.02307976366322009
nvlddmkm.sys!***unknown***,callee,nvlddmkm.sys!***unknown***,7,0.01615583456425406
nvlddmkm.sys!***unknown***,callee,nvlddmkm.sys!***unknown***,6,0.013847858197932054
nvlddmkm.sys!***unknown***,callee,nvlddmkm.sys!***unknown*** (trimmed),3,0.006923929098966027
nvlddmkm.sys!***unknown***,caller,nvlddmkm.sys!***unknown***,5,0.011539881831610045
nvlddmkm.sys!***unknown***,caller,nvlddmkm.sys!***unknown***,4,0.009231905465288036
nvlddmkm.sys!***unknown***,caller,nvlddmkm.sys!***unknown*** (trimmed),4,0.009231905465288036
nvlddmkm.sys!***unknown***,caller,nvlddmkm.sys!***unknown***,3,0.006923929098966027
nvlddmkm.sys!***unknown***,caller,nvlddmkm.sys!***unknown*** (trimmed),3,0.006923929098966027
nvlddmkm.sys!***unknown***,caller,nvlddmkm.sys!***unknown*** (trimmed),2,0.004615952732644018
nvlddmkm.sys!***unknown***,caller,nvlddmkm.sys!***unknown*** (trimmed),2,0.004615952732644018
nvlddmkm.sys!***unknown***,caller,nvlddmkm.sys!***unknown*** (trimmed),2,0.004615952732644018
nvlddmkm.sys!***unknown***,caller,nvlddmkm.sys!***unknown*** (trimmed),1,0.002307976366322009
ntkrnlmp.exe!***unknown***,callee,ntkrnlmp.exe!***unknown***,26,0.06000738552437223
ntkrnlmp.exe!***unknown***,caller,ntkrnlmp.exe!***unknown***,26,0.06000738552437223
ntkrnlmp.exe!***unknown***,callee,ntkrnlmp.exe!***unknown***,24,0.055391432791728215
ntkrnlmp.exe!***unknown***,callee,ntkrnlmp.exe!***unknown*** (trimmed),1,0.002307976366322009
ntkrnlmp.exe!***unknown***,callee,ntkrnlmp.exe!***unknown*** (trimmed),1,0.002307976366322009
ntkrnlmp.exe!***unknown***,caller,ntkrnlmp.exe!***unknown***,26,0.06000738552437223
ntkrnlmp.exe!***unknown***,callee,ntkrnlmp.exe!***unknown***,26,0.06000738552437223
ntkrnlmp.exe!***unknown***,caller,ntkrnlmp.exe!***unknown***,26,0.06000738552437223
ntkrnlmp.exe!***unknown***,callee,ntkrnlmp.exe!***unknown***,26,0.06000738552437223
ntkrnlmp.exe!***unknown***,caller,dxgkrnl.sys!***unknown***,26,0.06000738552437223
ntkrnlmp.exe!***unknown***,callee,ntkrnlmp.exe!***unknown***,19,0.04385155096011817
ntkrnlmp.exe!***unknown***,callee,ntkrnlmp.exe!***unknown*** (trimmed),3,0.006923929098966027
ntkrnlmp.exe!***unknown***,callee,ntkrnlmp.exe!***unknown*** (trimmed),3,0.006923929098966027
ntkrnlmp.exe!***unknown***,callee,ntkrnlmp.exe!***unknown*** (trimmed),1,0.002307976366322009
ntkrnlmp.exe!***unknown***,caller,ntkrnlmp.exe!***unknown***,26,0.06000738552437223
ntdll.dll!***unknown***,caller,ntdll.dll!***unknown***,26,0.06000738552437223
NDIS.SYS!***unknown***,callee,mtkwl6ex.sys!***unknown***,26,0.06000738552437223
NDIS.SYS!***unknown***,caller,ntkrnlmp.exe!***unknown***,26,0.06000738552437223
mtkwl6ex.sys!***unknown***,callee,mtkwl6ex.sys!***unknown***,17,0.039235598227474154
mtkwl6ex.sys!***unknown***,callee,mtkwl6ex.sys!***unknown***,7,0.01615583456425406
mtkwl6ex.sys!***unknown***,callee,mtkwl6ex.sys!***unknown*** (trimmed),2,0.004615952732644018
mtkwl6ex.sys!***unknown***,caller,NDIS.SYS!***unknown***,26,0.06000738552437223
dxgkrnl.sys!***unknown***,callee,ntkrnlmp.exe!***unknown***,26,0.06000738552437223
dxgkrnl.sys!***unknown***,caller,dxgkrnl.sys!***unknown***,26,0.06000738552437223
wdf01000.sys!***unknown***,callee,usbxhci.sys!***unknown***,9,0.02077178729689808
wdf01000.sys!***unknown***,callee,amdi2c.sys!***unknown***,6,0.013847858197932054
wdf01000.sys!***unknown***,callee,amdi2c.sys!***unknown***,5,0.011539881831610045
wdf01000.sys!***unknown***,callee,amdi2c.sys!***unknown*** (trimmed),2,0.004615952732644018
wdf01000.sys!***unknown***,callee,amdi2c.sys!***unknown*** (trimmed),2,0.004615952732644018
wdf01000.sys!***unknown***,callee,amdi2c.sys!***unknown*** (trimmed),1,0.002307976366322009
wdf01000.sys!***unknown***,caller,ntkrnlmp.exe!***unknown***,25,0.05769940915805022
nvlddmkm.sys!***unknown***,callee,nvlddmkm.sys!***unknown***,13,0.030003692762186115
nvlddmkm.sys!***unknown***,callee,ntkrnlmp.exe!***unknown***,9,0.02077178729689808
nvlddmkm.sys!***unknown***,callee,nvlddmkm.sys!***unknown*** (trimmed),3,0.006923929098966027
nvlddmkm.sys!***unknown***,caller,nvlddmkm.sys!***unknown***,25,0.05769940915805022
nvlddmkm.sys!***unknown***,callee,nvlddmkm.sys!***unknown***,22,0.050775480059084194
nvlddmkm.sys!***unknown***,callee,nvlddmkm.sys!***unknown*** (trimmed),2,0.004615952732644018
nvlddmkm.sys!***unknown***,callee,nvlddmkm.sys!***unknown*** (trimmed),1,0.002307976366322009
nvlddmkm.sys!***unknown***,caller,nvlddmkm.sys!***unknown***,25,0.05769940915805022
ntkrnlmp.exe!***unknown***,callee,ntkrnlmp.exe!***unknown***,25,0.05769940915805022
ntkrnlmp.exe!***unknown***,caller,ntkrnlmp.exe!***unknown***,24,0.055391432791728215
ntkrnlmp.exe!***unknown***,caller,ntkrnlmp.exe!***unknown*** (trimmed),1,0.002307976366322009
ntkrnlmp.exe!***unknown***,callee,ntkrnlmp.exe!***unknown***,8,0.01846381093057607
ntkrnlmp.exe!***unknown***,callee,ntkrnlmp.exe!***unknown***,7,0.01615583456425406
ntkrnlmp.exe!***unknown***,callee,ntkrnlmp.exe!***unknown*** (trimmed),4,0.009231905465288036
ntkrnlmp.exe!***unknown***,callee,ntkrnlmp.exe!***unknown*** (trimmed),3,0.006923929098966027
ntkrnlmp.exe!***unknown***,callee,ntkrnlmp.exe!***unknown*** (trimmed),1,0.002307976366322009
ntkrnlmp.exe!***unknown***,callee,ntkrnlmp.exe!***unknown*** (trimmed),1,0.002307976366322009
ntkrnlmp.exe!***unknown***,callee,ntkrnlmp.exe!***unknown*** (trimmed),1,0.002307976366322009
ntkrnlmp.exe!***unknown***,caller,ntkrnlmp.exe!***unknown***,25,0.05769940915805022
ntkrnlmp.exe!***unknown***,callee,ntkrnlmp.exe!***unknown***,25,0.05769940915805022
ntkrnlmp.exe!***unknown***,caller,refs.sys!***unknown***,21,0.04846750369276218
ntkrnlmp.exe!***unknown***,caller,refs.sys!***unknown*** (trimmed),4,0.009231905465288036
ntkrnlmp.exe!***unknown***,callee,ntkrnlmp.exe!***unknown***,12,0.027695716395864108
ntkrnlmp.exe!***unknown***,callee,ntkrnlmp.exe!***unknown***,8,0.01846381093057607
ntkrnlmp.exe!***unknown***,callee,ntkrnlmp.exe!***unknown*** (trimmed),1,0.002307976366322009
ntkrnlmp.exe!***unknown***,callee,ntkrnlmp.exe!***unknown*** (trimmed),1,0.002307976366322009
ntkrnlmp.exe!***unknown***,callee,ntkrnlmp.exe!***unknown*** (trimmed),1,0.002307976366322009
ntkrnlmp.exe!***unknown***,callee,ntkrnlmp.exe!***unknown*** (trimmed),1,0.002307976366322009
ntkrnlmp.exe!***unknown***,callee,ntkrnlmp.exe!***unknown*** (trimmed),1,0.002307976366322009
ntkrnlmp.exe!***unknown***,caller,ntkrnlmp.exe!***unknown***,25,0.05769940915805022
ntkrnlmp.exe!***unknown***,callee,ntkrnlmp.exe!***unknown***,20,0.04615952732644018
ntkrnlmp.exe!***unknown***,callee,bthport.sys!***unknown***,5,0.011539881831610045
ntkrnlmp.exe!***unknown***,caller,ntkrnlmp.exe!***unknown***,20,0.04615952732644018
ntkrnlmp.exe!***unknown***,caller,ntkrnlmp.exe!***unknown***,5,0.011539881831610045
ntdll.dll!***unknown***,caller,ntdll.dll!***unknown***,25,0.05769940915805022
"laneflow-urban-harness.exe!core::slice::sort::shared::smallsort::insertion_sort_shift_left<laneflow_runtime::kernel::conflict_tick::ConflictDecision,core::slice::impl$0::sort_unstable_by_key::closure_env$0<laneflow_runtime::kernel::conflict_tick::ConflictDecision,tuple$<u32,u32,enum2$<core::option::Option<laneflow_runtime::kernel::conflict::ConflictPassageAddress> > >,laneflow_runtime::kernel::conflict_tick::impl$6::finalize_conflict_step::closure_env$15> >",callee,ntkrnlmp.exe!***unknown***,1,0.002307976366322009
"laneflow-urban-harness.exe!core::slice::sort::shared::smallsort::insertion_sort_shift_left<laneflow_runtime::kernel::conflict_tick::ConflictDecision,core::slice::impl$0::sort_unstable_by_key::closure_env$0<laneflow_runtime::kernel::conflict_tick::ConflictDecision,tuple$<u32,u32,enum2$<core::option::Option<laneflow_runtime::kernel::conflict::ConflictPassageAddress> > >,laneflow_runtime::kernel::conflict_tick::impl$6::finalize_conflict_step::closure_env$15> >",caller,"laneflow-urban-harness.exe!core::slice::sort::unstable::quicksort::quicksort<laneflow_runtime::kernel::conflict_tick::ConflictDecision,core::slice::impl$0::sort_unstable_by_key::closure_env$0<laneflow_runtime::kernel::conflict_tick::ConflictDecision,tuple$<u32,u32,enum2$<core::option::Option<laneflow_runtime::kernel::conflict::ConflictPassageAddress> > >,laneflow_runtime::kernel::conflict_tick::impl$6::finalize_conflict_step::closure_env$15> >",25,0.05769940915805022
ntkrnlmp.exe!***unknown***,callee,ntkrnlmp.exe!***unknown***,16,0.03692762186115214
ntkrnlmp.exe!***unknown***,callee,ntkrnlmp.exe!***unknown***,3,0.006923929098966027
ntkrnlmp.exe!***unknown***,caller,ntkrnlmp.exe!***unknown***,24,0.055391432791728215
ntkrnlmp.exe!***unknown***,callee,ntkrnlmp.exe!***unknown***,24,0.055391432791728215
ntkrnlmp.exe!***unknown***,caller,ntkrnlmp.exe!***unknown***,24,0.055391432791728215
ntdll.dll!***unknown***,caller,ntdll.dll!***unknown***,24,0.055391432791728215
ntdll.dll!***unknown***,caller,ntdll.dll!***unknown***,24,0.055391432791728215
laneflow-urban-harness.exe!alloc::raw_vec::impl$4::reserve::do_reserve_and_handle<alloc::alloc::Global>,callee,laneflow-urban-harness.exe!alloc::raw_vec::RawVecInner<alloc::alloc::Global>::finish_grow<alloc::alloc::Global>,24,0.055391432791728215
laneflow-urban-harness.exe!alloc::raw_vec::impl$4::reserve::do_reserve_and_handle<alloc::alloc::Global>,caller,"laneflow-urban-harness.exe!serde_json::ser::format_escaped_str<ref_mut$<alloc::vec::Vec<u8,alloc::alloc::Global> >,serde_json::ser::PrettyFormatter>",13,0.030003692762186115
laneflow-urban-harness.exe!alloc::raw_vec::impl$4::reserve::do_reserve_and_handle<alloc::alloc::Global>,caller,"laneflow-urban-harness.exe!alloc::vec::spec_from_iter::impl$0::from_iter<tuple$<u32,u8>,core::iter::adapters::GenericShunt<core::iter::adapters::map::Map<core::slice::iter::Iter<tuple$<laneflow_static_contract::typed::Ordinal<laneflow_static_contract::typed::SignalGroupKind>,laneflow_static_contract::values::SignalAspect> >,laneflow_urban_harness::runner::signal_signature::closure_env$0>,enum2$<core::result::Result<enum2$<core::convert::Infallible>,enum2$<laneflow_urban_harness::Error> > > > >",5,0.011539881831610045
laneflow-urban-harness.exe!alloc::raw_vec::impl$4::reserve::do_reserve_and_handle<alloc::alloc::Global>,caller,"laneflow-urban-harness.exe!serde_json::number::impl$6::serialize<ref_mut$<serde_json::ser::Serializer<ref_mut$<alloc::vec::Vec<u8,alloc::alloc::Global> >,serde_json::ser::CompactFormatter> > >",3,0.006923929098966027
laneflow-urban-harness.exe!alloc::raw_vec::impl$4::reserve::do_reserve_and_handle<alloc::alloc::Global>,caller,"laneflow-urban-harness.exe!core::iter::adapters::map::impl$2::fold<alloc::string::String,core::slice::iter::Iter<u8>,laneflow_urban_harness::hex::closure_env$0,tuple$<>,core::iter::traits::iterator::Iterator::for_each::call::closure_env$0<alloc::string::String,alloc::string::impl$22::extend::closure_env$0<core::iter::adapters::map::Map<core::slice::iter::Iter<u8>,laneflow_urban_harness::hex::closure_env$0> > > > (trimmed)",2,0.004615952732644018
laneflow-urban-harness.exe!alloc::raw_vec::impl$4::reserve::do_reserve_and_handle<alloc::alloc::Global>,caller,"laneflow-urban-harness.exe!serde_json::value::ser::impl$0::serialize<ref_mut$<serde_json::ser::Serializer<ref_mut$<alloc::vec::Vec<u8,alloc::alloc::Global> >,serde_json::ser::CompactFormatter> > >",1,0.002307976366322009
dxgmms2.sys!***unknown***,callee,dxgmms2.sys!***unknown***,23,0.053083456425406204
dxgmms2.sys!***unknown***,callee,dxgmms2.sys!***unknown*** (trimmed),1,0.002307976366322009
dxgmms2.sys!***unknown***,caller,dxgmms2.sys!***unknown***,15,0.03461964549483013
dxgmms2.sys!***unknown***,caller,dxgmms2.sys!***unknown***,9,0.02077178729689808
nvlddmkm.sys!***unknown***,callee,nvlddmkm.sys!***unknown***,20,0.04615952732644018
nvlddmkm.sys!***unknown***,callee,nvlddmkm.sys!***unknown*** (trimmed),2,0.004615952732644018
nvlddmkm.sys!***unknown***,callee,nvlddmkm.sys!***unknown*** (trimmed),1,0.002307976366322009
nvlddmkm.sys!***unknown***,caller,nvlddmkm.sys!***unknown***,23,0.053083456425406204
ntkrnlmp.exe!***unknown***,caller,nvlddmkm.sys!***unknown***,21,0.04846750369276218
ntkrnlmp.exe!***unknown***,caller,nvlddmkm.sys!***unknown*** (trimmed),1,0.002307976366322009
ntkrnlmp.exe!***unknown***,caller,nvlddmkm.sys!***unknown*** (trimmed),1,0.002307976366322009
ntkrnlmp.exe!***unknown***,callee,ntkrnlmp.exe!***unknown***,22,0.050775480059084194
ntkrnlmp.exe!***unknown***,callee,ntkrnlmp.exe!***unknown*** (trimmed),1,0.002307976366322009
ntkrnlmp.exe!***unknown***,caller,ntkrnlmp.exe!***unknown***,13,0.030003692762186115
ntkrnlmp.exe!***unknown***,caller,ntkrnlmp.exe!***unknown***,10,0.02307976366322009
ntkrnlmp.exe!***unknown***,callee,ntkrnlmp.exe!***unknown***,12,0.027695716395864108
ntkrnlmp.exe!***unknown***,callee,ntkrnlmp.exe!***unknown***,8,0.01846381093057607
ntkrnlmp.exe!***unknown***,callee,ntkrnlmp.exe!***unknown*** (trimmed),1,0.002307976366322009
ntkrnlmp.exe!***unknown***,callee,ntkrnlmp.exe!***unknown*** (trimmed),1,0.002307976366322009
ntkrnlmp.exe!***unknown***,callee,ntkrnlmp.exe!***unknown*** (trimmed),1,0.002307976366322009
ntkrnlmp.exe!***unknown***,caller,ntkrnlmp.exe!***unknown***,10,0.02307976366322009
ntkrnlmp.exe!***unknown***,caller,ntkrnlmp.exe!***unknown***,9,0.02077178729689808
ntkrnlmp.exe!***unknown***,caller,ntkrnlmp.exe!***unknown*** (trimmed),4,0.009231905465288036
laneflow-urban-harness.exe!laneflow_runtime::kernel::state::WorldState::conflict_state_valid,callee,laneflow-urban-harness.exe!laneflow_runtime::kernel::phase::StepReadView::conflict_eligibility_valid_with_signals,7,0.01615583456425406
laneflow-urban-harness.exe!laneflow_runtime::kernel::state::WorldState::conflict_state_valid,callee,laneflow-urban-harness.exe!laneflow_runtime::kernel::conflict::ConflictRead::authority_owners_valid<laneflow_runtime::kernel::world::impl$3::conflict_state_valid::closure_env$1>,6,0.013847858197932054
laneflow-urban-harness.exe!laneflow_runtime::kernel::state::WorldState::conflict_state_valid,callee,laneflow-urban-harness.exe!laneflow_runtime::kernel::conflict::ConflictRead::state_valid (trimmed),4,0.009231905465288036
laneflow-urban-harness.exe!laneflow_runtime::kernel::state::WorldState::conflict_state_valid,callee,laneflow-urban-harness.exe!laneflow_runtime::kernel::conflict::ConflictRead::owner_at,3,0.006923929098966027
laneflow-urban-harness.exe!laneflow_runtime::kernel::state::WorldState::conflict_state_valid,callee,laneflow-urban-harness.exe!laneflow_runtime::kernel::phase::StepReadView::conflict_passage_occurrence_locator,1,0.002307976366322009
laneflow-urban-harness.exe!laneflow_runtime::kernel::state::WorldState::conflict_state_valid,caller,laneflow-urban-harness.exe!laneflow_runtime::kernel::state::WorldState::step,23,0.053083456425406204
nvlddmkm.sys!***unknown***,callee,nvlddmkm.sys!***unknown***,17,0.039235598227474154
nvlddmkm.sys!***unknown***,callee,nvlddmkm.sys!***unknown***,5,0.011539881831610045
nvlddmkm.sys!***unknown***,caller,nvlddmkm.sys!***unknown***,22,0.050775480059084194
nvlddmkm.sys!***unknown***,callee,nvlddmkm.sys!***unknown***,16,0.03692762186115214
nvlddmkm.sys!***unknown***,callee,nvlddmkm.sys!***unknown*** (trimmed),2,0.004615952732644018
nvlddmkm.sys!***unknown***,callee,nvlddmkm.sys!***unknown*** (trimmed),2,0.004615952732644018
nvlddmkm.sys!***unknown***,callee,nvlddmkm.sys!***unknown*** (trimmed),1,0.002307976366322009
nvlddmkm.sys!***unknown***,callee,nvlddmkm.sys!***unknown*** (trimmed),1,0.002307976366322009
nvlddmkm.sys!***unknown***,caller,nvlddmkm.sys!***unknown***,22,0.050775480059084194
ntkrnlmp.exe!***unknown***,callee,ntkrnlmp.exe!***unknown***,14,0.03231166912850812
ntkrnlmp.exe!***unknown***,callee,ntkrnlmp.exe!***unknown***,5,0.011539881831610045
ntkrnlmp.exe!***unknown***,callee,ntkrnlmp.exe!***unknown*** (trimmed),2,0.004615952732644018
ntkrnlmp.exe!***unknown***,callee,ntkrnlmp.exe!***unknown*** (trimmed),1,0.002307976366322009
ntkrnlmp.exe!***unknown***,caller,ntkrnlmp.exe!***unknown***,22,0.050775480059084194
ntkrnlmp.exe!***unknown***,callee,ntkrnlmp.exe!***unknown***,20,0.04615952732644018
ntkrnlmp.exe!***unknown***,callee,ntkrnlmp.exe!***unknown*** (trimmed),1,0.002307976366322009
ntkrnlmp.exe!***unknown***,callee,ntkrnlmp.exe!***unknown*** (trimmed),1,0.002307976366322009
ntkrnlmp.exe!***unknown***,caller,ntkrnlmp.exe!***unknown***,22,0.050775480059084194
ntkrnlmp.exe!***unknown***,callee,ntkrnlmp.exe!***unknown***,22,0.050775480059084194
ntkrnlmp.exe!***unknown***,caller,ntkrnlmp.exe!***unknown***,19,0.04385155096011817
ntkrnlmp.exe!***unknown***,caller,ntkrnlmp.exe!***unknown*** (trimmed),3,0.006923929098966027
ntdll.dll!***unknown***,callee,ntkrnlmp.exe!***unknown***,21,0.04846750369276218
ntdll.dll!***unknown***,caller,ntdll.dll!***unknown***,15,0.03461964549483013
ntdll.dll!***unknown***,caller,ntdll.dll!***unknown***,5,0.011539881831610045
ntdll.dll!***unknown***,caller,ntdll.dll!***unknown*** (trimmed),2,0.004615952732644018
laneflow-urban-harness.exe!laneflow_runtime::kernel::downstream_index::DownstreamIndex::insert,callee,laneflow-urban-harness.exe!laneflow_runtime::kernel::downstream_index::DownstreamIndex::insert_at,22,0.050775480059084194
laneflow-urban-harness.exe!laneflow_runtime::kernel::downstream_index::DownstreamIndex::insert,caller,laneflow-urban-harness.exe!laneflow_runtime::kernel::conflict::ConflictWrite::try_acquire,22,0.050775480059084194
laneflow-urban-harness.exe!laneflow_runtime::kernel::conflict::ConflictWrite::try_acquire,callee,laneflow-urban-harness.exe!laneflow_runtime::kernel::downstream_index::DownstreamIndex::insert,22,0.050775480059084194
laneflow-urban-harness.exe!laneflow_runtime::kernel::conflict::ConflictWrite::try_acquire,caller,laneflow-urban-harness.exe!laneflow_runtime::kernel::phase::StepWorkspace::stage_vehicle_transitions,22,0.050775480059084194
kernel32.dll!***unknown***,caller,laneflow-urban-harness.exe!std::sys::alloc::windows::process_heap_alloc,13,0.030003692762186115
kernel32.dll!***unknown***,caller,laneflow-urban-harness.exe!std::alloc::__default_lib_allocator::__rdl_dealloc,9,0.02077178729689808
refs.sys!***unknown***,callee,ntkrnlmp.exe!***unknown***,21,0.04846750369276218
refs.sys!***unknown***,caller,refs.sys!***unknown***,21,0.04846750369276218
nvlddmkm.sys!***unknown***,callee,nvlddmkm.sys!***unknown***,19,0.04385155096011817
nvlddmkm.sys!***unknown***,callee,nvlddmkm.sys!***unknown***,2,0.004615952732644018
nvlddmkm.sys!***unknown***,caller,nvlddmkm.sys!***unknown***,21,0.04846750369276218
ntkrnlmp.exe!***unknown***,callee,ntkrnlmp.exe!***unknown***,9,0.02077178729689808
ntkrnlmp.exe!***unknown***,callee,ntkrnlmp.exe!***unknown*** (trimmed),4,0.009231905465288036
ntkrnlmp.exe!***unknown***,callee,ntkrnlmp.exe!***unknown*** (trimmed),2,0.004615952732644018
ntkrnlmp.exe!***unknown***,callee,ntkrnlmp.exe!***unknown*** (trimmed),1,0.002307976366322009
ntkrnlmp.exe!***unknown***,callee,ntkrnlmp.exe!***unknown*** (trimmed),1,0.002307976366322009
ntkrnlmp.exe!***unknown***,callee,ntkrnlmp.exe!***unknown*** (trimmed),1,0.002307976366322009
ntkrnlmp.exe!***unknown***,callee,ntkrnlmp.exe!***unknown*** (trimmed),1,0.002307976366322009
ntkrnlmp.exe!***unknown***,callee,ntkrnlmp.exe!***unknown*** (trimmed),1,0.002307976366322009
ntkrnlmp.exe!***unknown***,callee,ntkrnlmp.exe!***unknown*** (trimmed),1,0.002307976366322009
ntkrnlmp.exe!***unknown***,caller,ntkrnlmp.exe!***unknown***,21,0.04846750369276218
ntkrnlmp.exe!***unknown***,callee,ntkrnlmp.exe!***unknown***,18,0.04154357459379616
ntkrnlmp.exe!***unknown***,callee,ntkrnlmp.exe!***unknown*** (trimmed),1,0.002307976366322009
ntkrnlmp.exe!***unknown***,callee,ntkrnlmp.exe!***unknown*** (trimmed),1,0.002307976366322009
ntkrnlmp.exe!***unknown***,callee,ntkrnlmp.exe!***unknown*** (trimmed),1,0.002307976366322009
ntkrnlmp.exe!***unknown***,caller,ntkrnlmp.exe!***unknown***,21,0.04846750369276218
ntdll.dll!***unknown***,caller,ntdll.dll!***unknown***,21,0.04846750369276218
ntdll.dll!***unknown***,callee,ntdll.dll!***unknown***,21,0.04846750369276218
ntdll.dll!***unknown***,caller,ntdll.dll!***unknown***,21,0.04846750369276218
laneflow-urban-harness.exe!laneflow_urban_harness::runner::signal_signature,callee,"laneflow-urban-harness.exe!alloc::collections::btree::map::impl$88::from_iter<u32,u8,core::iter::adapters::GenericShunt<core::iter::adapters::map::Map<core::slice::iter::Iter<tuple$<laneflow_static_contract::typed::Ordinal<laneflow_static_contract::typed::SignalGroupKind>,laneflow_static_contract::values::SignalAspect> >,laneflow_urban_harness::runner::signal_signature::closure_env$0>,enum2$<core::result::Result<enum2$<core::convert::Infallible>,enum2$<laneflow_urban_harness::Error> > > > >",16,0.03692762186115214
laneflow-urban-harness.exe!laneflow_urban_harness::runner::signal_signature,callee,laneflow-urban-harness.exe!laneflow_runtime::facade::TrafficWorld::committed_signal_groups,4,0.009231905465288036
laneflow-urban-harness.exe!laneflow_urban_harness::runner::signal_signature,caller,laneflow-urban-harness.exe!laneflow_urban_harness::runner::Harness::advance,21,0.04846750369276218
vcruntime140.dll!***unknown***,caller,laneflow-urban-harness.exe!laneflow_urban_harness::observe::Hash::bytes,14,0.03231166912850812
vcruntime140.dll!***unknown***,caller,"laneflow-urban-harness.exe!serde_json::ser::format_escaped_str<ref_mut$<alloc::vec::Vec<u8,alloc::alloc::Global> >,serde_json::ser::PrettyFormatter>",2,0.004615952732644018
vcruntime140.dll!***unknown***,caller,laneflow-urban-harness.exe!laneflow_runtime::kernel::phase::StepWorkspace::stage_vehicle_transitions,2,0.004615952732644018
vcruntime140.dll!***unknown***,caller,laneflow-urban-harness.exe!std::io::default_write_fmt::impl$0::write_str<std::io::buffered::bufwriter::BufWriter<std::fs::File> > (trimmed),1,0.002307976366322009
vcruntime140.dll!***unknown***,caller,laneflow-urban-harness.exe!laneflow_urban_harness::observe::Hash::flush,1,0.002307976366322009
nvlddmkm.sys!***unknown***,callee,nvlddmkm.sys!***unknown***,9,0.02077178729689808
nvlddmkm.sys!***unknown***,callee,nvlddmkm.sys!***unknown***,6,0.013847858197932054
nvlddmkm.sys!***unknown***,callee,nvlddmkm.sys!***unknown*** (trimmed),3,0.006923929098966027
nvlddmkm.sys!***unknown***,callee,nvlddmkm.sys!***unknown***,1,0.002307976366322009
nvlddmkm.sys!***unknown***,callee,nvlddmkm.sys!***unknown*** (trimmed),1,0.002307976366322009
nvlddmkm.sys!***unknown***,caller,nvlddmkm.sys!***unknown***,20,0.04615952732644018
nvlddmkm.sys!***unknown***,callee,nvlddmkm.sys!***unknown***,18,0.04154357459379616
nvlddmkm.sys!***unknown***,callee,nvlddmkm.sys!***unknown*** (trimmed),2,0.004615952732644018
nvlddmkm.sys!***unknown***,caller,nvlddmkm.sys!***unknown***,20,0.04615952732644018
nvlddmkm.sys!***unknown***,callee,nvlddmkm.sys!***unknown***,14,0.03231166912850812
nvlddmkm.sys!***unknown***,callee,nvlddmkm.sys!***unknown***,3,0.006923929098966027
nvlddmkm.sys!***unknown***,callee,nvlddmkm.sys!***unknown*** (trimmed),3,0.006923929098966027
nvlddmkm.sys!***unknown***,caller,nvlddmkm.sys!***unknown***,16,0.03692762186115214
nvlddmkm.sys!***unknown***,caller,nvlddmkm.sys!***unknown*** (trimmed),4,0.009231905465288036
nvlddmkm.sys!***unknown***,callee,nvlddmkm.sys!***unknown***,17,0.039235598227474154
nvlddmkm.sys!***unknown***,callee,nvlddmkm.sys!***unknown*** (trimmed),2,0.004615952732644018
nvlddmkm.sys!***unknown***,callee,nvlddmkm.sys!***unknown*** (trimmed),1,0.002307976366322009
nvlddmkm.sys!***unknown***,caller,nvlddmkm.sys!***unknown***,20,0.04615952732644018
ntkrnlmp.exe!***unknown***,callee,ntkrnlmp.exe!***unknown***,10,0.02307976366322009
ntkrnlmp.exe!***unknown***,callee,ntkrnlmp.exe!***unknown***,5,0.011539881831610045
ntkrnlmp.exe!***unknown***,callee,ntkrnlmp.exe!***unknown*** (trimmed),2,0.004615952732644018
ntkrnlmp.exe!***unknown***,callee,ntkrnlmp.exe!***unknown*** (trimmed),1,0.002307976366322009
ntkrnlmp.exe!***unknown***,callee,ntkrnlmp.exe!***unknown*** (trimmed),1,0.002307976366322009
ntkrnlmp.exe!***unknown***,callee,ntkrnlmp.exe!***unknown*** (trimmed),1,0.002307976366322009
ntkrnlmp.exe!***unknown***,caller,ntkrnlmp.exe!***unknown***,20,0.04615952732644018
ntkrnlmp.exe!***unknown***,callee,ntkrnlmp.exe!***unknown***,8,0.01846381093057607
ntkrnlmp.exe!***unknown***,callee,ntkrnlmp.exe!***unknown*** (trimmed),4,0.009231905465288036
ntkrnlmp.exe!***unknown***,callee,ntkrnlmp.exe!***unknown*** (trimmed),2,0.004615952732644018
ntkrnlmp.exe!***unknown***,callee,ntkrnlmp.exe!***unknown*** (trimmed),1,0.002307976366322009
ntkrnlmp.exe!***unknown***,caller,ntkrnlmp.exe!***unknown***,12,0.027695716395864108
ntkrnlmp.exe!***unknown***,caller,ntkrnlmp.exe!***unknown***,8,0.01846381093057607
ntkrnlmp.exe!***unknown***,callee,ntkrnlmp.exe!***unknown***,7,0.01615583456425406
ntkrnlmp.exe!***unknown***,callee,ntkrnlmp.exe!***unknown***,6,0.013847858197932054
ntkrnlmp.exe!***unknown***,callee,ntkrnlmp.exe!***unknown*** (trimmed),2,0.004615952732644018
ntkrnlmp.exe!***unknown***,callee,ntkrnlmp.exe!***unknown*** (trimmed),1,0.002307976366322009
ntkrnlmp.exe!***unknown***,callee,ntkrnlmp.exe!***unknown*** (trimmed),1,0.002307976366322009
ntkrnlmp.exe!***unknown***,callee,ntkrnlmp.exe!***unknown*** (trimmed),1,0.002307976366322009
ntkrnlmp.exe!***unknown***,callee,ntkrnlmp.exe!***unknown*** (trimmed),1,0.002307976366322009
ntkrnlmp.exe!***unknown***,callee,ntkrnlmp.exe!***unknown*** (trimmed),1,0.002307976366322009
ntkrnlmp.exe!***unknown***,caller,ntkrnlmp.exe!***unknown***,20,0.04615952732644018
ntdll.dll!***unknown***,callee,ntdll.dll!***unknown***,8,0.01846381093057607
ntdll.dll!***unknown***,callee,ntdll.dll!***unknown***,7,0.01615583456425406
ntdll.dll!***unknown***,callee,ntdll.dll!***unknown*** (trimmed),2,0.004615952732644018
ntdll.dll!***unknown***,callee,ntdll.dll!***unknown*** (trimmed),1,0.002307976366322009
ntdll.dll!***unknown***,callee,ntdll.dll!***unknown*** (trimmed),1,0.002307976366322009
ntdll.dll!***unknown***,callee,ntdll.dll!***unknown*** (trimmed),1,0.002307976366322009
ntdll.dll!***unknown***,caller,ntdll.dll!***unknown***,20,0.04615952732644018
nvlddmkm.sys!***unknown***,callee,nvlddmkm.sys!***unknown***,7,0.01615583456425406
nvlddmkm.sys!***unknown***,callee,nvlddmkm.sys!***unknown***,6,0.013847858197932054
nvlddmkm.sys!***unknown***,callee,nvlddmkm.sys!***unknown***,5,0.011539881831610045
nvlddmkm.sys!***unknown***,callee,nvlddmkm.sys!***unknown*** (trimmed),1,0.002307976366322009
nvlddmkm.sys!***unknown***,caller,nvlddmkm.sys!***unknown***,19,0.04385155096011817
nvlddmkm.sys!***unknown***,callee,nvlddmkm.sys!***unknown***,10,0.02307976366322009
nvlddmkm.sys!***unknown***,callee,nvlddmkm.sys!***unknown*** (trimmed),2,0.004615952732644018
nvlddmkm.sys!***unknown***,callee,nvlddmkm.sys!***unknown*** (trimmed),2,0.004615952732644018
nvlddmkm.sys!***unknown***,callee,nvlddmkm.sys!***unknown*** (trimmed),1,0.002307976366322009
nvlddmkm.sys!***unknown***,callee,nvlddmkm.sys!***unknown*** (trimmed),1,0.002307976366322009
nvlddmkm.sys!***unknown***,callee,nvlddmkm.sys!***unknown*** (trimmed),1,0.002307976366322009
nvlddmkm.sys!***unknown***,callee,nvlddmkm.sys!***unknown*** (trimmed),1,0.002307976366322009
nvlddmkm.sys!***unknown***,callee,nvlddmkm.sys!***unknown*** (trimmed),1,0.002307976366322009
nvlddmkm.sys!***unknown***,caller,nvlddmkm.sys!***unknown***,17,0.039235598227474154
nvlddmkm.sys!***unknown***,caller,nvlddmkm.sys!***unknown*** (trimmed),2,0.004615952732644018
ntkrnlmp.exe!***unknown***,callee,ntkrnlmp.exe!***unknown***,17,0.039235598227474154
ntkrnlmp.exe!***unknown***,callee,ntkrnlmp.exe!***unknown*** (trimmed),1,0.002307976366322009
ntkrnlmp.exe!***unknown***,callee,ntkrnlmp.exe!***unknown*** (trimmed),1,0.002307976366322009
ntkrnlmp.exe!***unknown***,caller,ntkrnlmp.exe!***unknown***,19,0.04385155096011817
ntdll.dll!***unknown***,caller,ntdll.dll!***unknown***,19,0.04385155096011817
laneflow-urban-harness.exe!laneflow_runtime::kernel::conflict::ConflictWrite::ensure_cells,caller,laneflow-urban-harness.exe!laneflow_runtime::kernel::conflict::ConflictResolution::insert_approach_owner_reduced,19,0.04385155096011817
wdf01000.sys!***unknown***,callee,msgpioclx.sys!***unknown***,11,0.025387740029542097
wdf01000.sys!***unknown***,callee,ntkrnlmp.exe!***unknown*** (trimmed),1,0.002307976366322009
wdf01000.sys!***unknown***,callee,amdi2c.sys!***unknown*** (trimmed),1,0.002307976366322009
wdf01000.sys!***unknown***,callee,amdi2c.sys!***unknown*** (trimmed),1,0.002307976366322009
wdf01000.sys!***unknown***,callee,amdi2c.sys!***unknown*** (trimmed),1,0.002307976366322009
wdf01000.sys!***unknown***,callee,amdi2c.sys!***unknown*** (trimmed),1,0.002307976366322009
wdf01000.sys!***unknown***,callee,amdi2c.sys!***unknown*** (trimmed),1,0.002307976366322009
wdf01000.sys!***unknown***,callee,amdi2c.sys!***unknown*** (trimmed),1,0.002307976366322009
wdf01000.sys!***unknown***,caller,ntkrnlmp.exe!***unknown***,18,0.04154357459379616
wdf01000.sys!***unknown***,callee,wdf01000.sys!***unknown***,16,0.03692762186115214
wdf01000.sys!***unknown***,callee,wdf01000.sys!***unknown*** (trimmed),1,0.002307976366322009
wdf01000.sys!***unknown***,callee,wdf01000.sys!***unknown*** (trimmed),1,0.002307976366322009
wdf01000.sys!***unknown***,caller,usbxhci.sys!***unknown***,8,0.01846381093057607
wdf01000.sys!***unknown***,caller,bthusb.sys!***unknown***,6,0.013847858197932054
wdf01000.sys!***unknown***,caller,SPBCx.sys!***unknown*** (trimmed),4,0.009231905465288036
vcruntime140.dll!***unknown***,caller,"laneflow-urban-harness.exe!rayon_core::scope::ScopeBase::execute_job_closure<rayon_core::scope::impl$0::spawn::closure$0::closure_env$0<laneflow_runtime::kernel::execution::impl$4::try_for_each_chunk::closure$0::closure_env$0<laneflow_runtime::kernel::tick::VehicleMotionOutcome,laneflow_runtime::kernel::tick::prepare_motion_dispatched::closure_env$0> >,tuple$<> >",5,0.011539881831610045
vcruntime140.dll!***unknown***,caller,laneflow-urban-harness.exe!laneflow_urban_harness::observe::Hash::flush,4,0.009231905465288036
vcruntime140.dll!***unknown***,caller,"laneflow-urban-harness.exe!laneflow_runtime::kernel::execution::run_dispatch_chunk<enum2$<laneflow_runtime::kernel::conflict_tick::CandidateReport>,laneflow_runtime::kernel::conflict_tick::impl$6::prepare_conflict_candidates_dispatched::closure_env$2>",4,0.009231905465288036
vcruntime140.dll!***unknown***,caller,laneflow-urban-harness.exe!laneflow_urban_harness::observe::Hash::bytes,2,0.004615952732644018
vcruntime140.dll!***unknown***,caller,"laneflow-urban-harness.exe!enum2$<laneflow_runtime::kernel::execution::ExecutionResources>::try_for_each_chunk<laneflow_runtime::kernel::tick::VehicleMotionOutcome,laneflow_runtime::kernel::tick::prepare_motion_dispatched::closure_env$0>",2,0.004615952732644018
vcruntime140.dll!***unknown***,caller,"laneflow-urban-harness.exe!core::slice::sort::shared::smallsort::insertion_sort_shift_left<laneflow_runtime::kernel::conflict_tick::ConflictCandidate,core::slice::impl$0::sort_unstable_by_key::closure_env$0<laneflow_runtime::kernel::conflict_tick::ConflictCandidate,tuple$<laneflow_runtime::kernel::conflict::ConflictCandidateOrderKey,u32>,laneflow_runtime::kernel::conflict_tick::impl$6::prepare_conflict_candidates::closure_env$1> >",1,0.002307976366322009
nvlddmkm.sys!***unknown***,callee,nvlddmkm.sys!***unknown***,7,0.01615583456425406
nvlddmkm.sys!***unknown***,callee,nvlddmkm.sys!***unknown*** (trimmed),4,0.009231905465288036
nvlddmkm.sys!***unknown***,callee,nvlddmkm.sys!***unknown*** (trimmed),4,0.009231905465288036
nvlddmkm.sys!***unknown***,callee,nvlddmkm.sys!***unknown*** (trimmed),2,0.004615952732644018
nvlddmkm.sys!***unknown***,callee,nvlddmkm.sys!***unknown*** (trimmed),1,0.002307976366322009
nvlddmkm.sys!***unknown***,caller,nvlddmkm.sys!***unknown***,18,0.04154357459379616
nvlddmkm.sys!***unknown***,callee,nvlddmkm.sys!***unknown***,18,0.04154357459379616
nvlddmkm.sys!***unknown***,caller,nvlddmkm.sys!***unknown***,18,0.04154357459379616
nvlddmkm.sys!***unknown***,callee,nvlddmkm.sys!***unknown***,12,0.027695716395864108
nvlddmkm.sys!***unknown***,callee,nvlddmkm.sys!***unknown*** (trimmed),3,0.006923929098966027
nvlddmkm.sys!***unknown***,callee,nvlddmkm.sys!***unknown*** (trimmed),3,0.006923929098966027
nvlddmkm.sys!***unknown***,caller,nvlddmkm.sys!***unknown***,10,0.02307976366322009
nvlddmkm.sys!***unknown***,caller,nvlddmkm.sys!***unknown***,8,0.01846381093057607
ntkrnlmp.exe!***unknown***,callee,ntkrnlmp.exe!***unknown***,11,0.025387740029542097
ntkrnlmp.exe!***unknown***,callee,ntkrnlmp.exe!***unknown***,7,0.01615583456425406
ntkrnlmp.exe!***unknown***,caller,ntkrnlmp.exe!***unknown***,18,0.04154357459379616
ntkrnlmp.exe!***unknown***,callee,ntkrnlmp.exe!***unknown***,7,0.01615583456425406
ntkrnlmp.exe!***unknown***,callee,ntkrnlmp.exe!***unknown*** (trimmed),2,0.004615952732644018
ntkrnlmp.exe!***unknown***,callee,ntkrnlmp.exe!***unknown*** (trimmed),2,0.004615952732644018
ntkrnlmp.exe!***unknown***,callee,ntkrnlmp.exe!***unknown*** (trimmed),1,0.002307976366322009
ntkrnlmp.exe!***unknown***,callee,ntkrnlmp.exe!***unknown*** (trimmed),1,0.002307976366322009
ntkrnlmp.exe!***unknown***,callee,ntkrnlmp.exe!***unknown*** (trimmed),1,0.002307976366322009
ntkrnlmp.exe!***unknown***,callee,ntkrnlmp.exe!***unknown*** (trimmed),1,0.002307976366322009
ntkrnlmp.exe!***unknown***,callee,ntkrnlmp.exe!***unknown*** (trimmed),1,0.002307976366322009
ntkrnlmp.exe!***unknown***,callee,ntkrnlmp.exe!***unknown*** (trimmed),1,0.002307976366322009
ntkrnlmp.exe!***unknown***,callee,ntkrnlmp.exe!***unknown*** (trimmed),1,0.002307976366322009
ntkrnlmp.exe!***unknown***,caller,ntkrnlmp.exe!***unknown***,18,0.04154357459379616
vcruntime140.dll!***unknown***,caller,"laneflow-urban-harness.exe!rayon_core::scope::ScopeBase::execute_job_closure<rayon_core::scope::impl$0::spawn::closure$0::closure_env$0<laneflow_runtime::kernel::execution::impl$4::try_for_each_chunk::closure$0::closure_env$0<laneflow_runtime::kernel::tick::VehicleMotionOutcome,laneflow_runtime::kernel::tick::prepare_motion_dispatched::closure_env$0> >,tuple$<> >",11,0.025387740029542097
vcruntime140.dll!***unknown***,caller,"laneflow-urban-harness.exe!enum2$<laneflow_runtime::kernel::execution::ExecutionResources>::try_for_each_chunk<laneflow_runtime::kernel::tick::VehicleMotionOutcome,laneflow_runtime::kernel::tick::prepare_motion_dispatched::closure_env$0>",2,0.004615952732644018
vcruntime140.dll!***unknown***,caller,"laneflow-urban-harness.exe!laneflow_runtime::kernel::execution::run_dispatch_chunk<enum2$<laneflow_runtime::kernel::conflict_tick::CandidateReport>,laneflow_runtime::kernel::conflict_tick::impl$6::prepare_conflict_candidates_dispatched::closure_env$2>",2,0.004615952732644018
vcruntime140.dll!***unknown***,caller,laneflow-urban-harness.exe!laneflow_runtime::kernel::conflict_tick::ConflictTaskView::evaluate_candidate,1,0.002307976366322009
vcruntime140.dll!***unknown***,caller,"laneflow-urban-harness.exe!core::slice::sort::unstable::quicksort::quicksort<laneflow_runtime::kernel::conflict_tick::ConflictCandidate,core::slice::impl$0::sort_unstable_by_key::closure_env$0<laneflow_runtime::kernel::conflict_tick::ConflictCandidate,tuple$<laneflow_runtime::kernel::conflict::ConflictCandidateOrderKey,u32>,laneflow_runtime::kernel::conflict_tick::impl$6::prepare_conflict_candidates::closure_env$1> >",1,0.002307976366322009
nvlddmkm.sys!***unknown***,callee,ntkrnlmp.exe!***unknown***,11,0.025387740029542097
nvlddmkm.sys!***unknown***,callee,nvlddmkm.sys!***unknown***,6,0.013847858197932054
nvlddmkm.sys!***unknown***,caller,nvlddmkm.sys!***unknown***,17,0.039235598227474154
nvlddmkm.sys!***unknown***,callee,nvlddmkm.sys!***unknown***,14,0.03231166912850812
nvlddmkm.sys!***unknown***,callee,nvlddmkm.sys!***unknown*** (trimmed),3,0.006923929098966027
nvlddmkm.sys!***unknown***,caller,nvlddmkm.sys!***unknown***,14,0.03231166912850812
nvlddmkm.sys!***unknown***,caller,nvlddmkm.sys!***unknown***,3,0.006923929098966027
nvlddmkm.sys!***unknown***,callee,nvlddmkm.sys!***unknown***,16,0.03692762186115214
nvlddmkm.sys!***unknown***,callee,nvlddmkm.sys!***unknown*** (trimmed),1,0.002307976366322009
nvlddmkm.sys!***unknown***,caller,nvlddmkm.sys!***unknown***,17,0.039235598227474154
nvlddmkm.sys!***unknown***,callee,nvlddmkm.sys!***unknown***,11,0.025387740029542097
nvlddmkm.sys!***unknown***,callee,nvlddmkm.sys!***unknown*** (trimmed),2,0.004615952732644018
nvlddmkm.sys!***unknown***,callee,nvlddmkm.sys!***unknown*** (trimmed),2,0.004615952732644018
nvlddmkm.sys!***unknown***,callee,nvlddmkm.sys!***unknown*** (trimmed),1,0.002307976366322009
nvlddmkm.sys!***unknown***,callee,nvlddmkm.sys!***unknown*** (trimmed),1,0.002307976366322009
nvlddmkm.sys!***unknown***,caller,nvlddmkm.sys!***unknown***,17,0.039235598227474154
ntkrnlmp.exe!***unknown***,callee,ntkrnlmp.exe!***unknown***,1,0.002307976366322009
ntkrnlmp.exe!***unknown***,caller,ntdll.dll!***unknown***,6,0.013847858197932054
ntkrnlmp.exe!***unknown***,caller,ntdll.dll!***unknown***,3,0.006923929098966027
ntkrnlmp.exe!***unknown***,caller,laneflow-urban-harness.exe!laneflow_urban_harness::observe::state,3,0.006923929098966027
ntkrnlmp.exe!***unknown***,caller,"laneflow-urban-harness.exe!alloc::vec::spec_from_iter_nested::impl$1::from_iter<enum2$<core::option::Option<laneflow_runtime::kernel::vehicle::VehicleState> >,core::iter::adapters::map::Map<core::slice::iter::Iter<laneflow_urban_harness::runner::Individual>,laneflow_urban_harness::runner::impl$2::advance::closure_env$1> >",2,0.004615952732644018
ntkrnlmp.exe!***unknown***,caller,vcruntime140.dll!***unknown*** (trimmed),1,0.002307976366322009
ntkrnlmp.exe!***unknown***,caller,"laneflow-urban-harness.exe!hashbrown::raw::RawTable<tuple$<u32,std::collections::hash::set::HashSet<laneflow_runtime::kernel::handle::VehicleHandle,std::hash::random::RandomState,alloc::alloc::Global> >,alloc::alloc::Global>::reserve_rehash<tuple$<u32,std::collections::hash::set::HashSet<laneflow_runtime::kernel::handle::VehicleHandle,std::hash::random::RandomState,alloc::alloc::Global> >,alloc::alloc::Global,hashbrown::map::make_hasher::closure_env$0<u32,std::collections::hash::set::HashSet<laneflow_runtime::kernel::handle::VehicleHandle,std::hash::random::RandomState,alloc::alloc::Global>,std::hash::random::RandomState> >",1,0.002307976366322009
ntkrnlmp.exe!***unknown***,callee,ntkrnlmp.exe!***unknown***,17,0.039235598227474154
ntkrnlmp.exe!***unknown***,caller,ntkrnlmp.exe!***unknown***,17,0.039235598227474154
ntkrnlmp.exe!***unknown***,callee,ntkrnlmp.exe!***unknown***,4,0.009231905465288036
ntkrnlmp.exe!***unknown***,callee,ntkrnlmp.exe!***unknown*** (trimmed),2,0.004615952732644018
ntkrnlmp.exe!***unknown***,callee,ntkrnlmp.exe!***unknown*** (trimmed),2,0.004615952732644018
ntkrnlmp.exe!***unknown***,callee,ntkrnlmp.exe!***unknown***,2,0.004615952732644018
ntkrnlmp.exe!***unknown***,callee,ntkrnlmp.exe!***unknown*** (trimmed),2,0.004615952732644018
ntkrnlmp.exe!***unknown***,callee,ntkrnlmp.exe!***unknown*** (trimmed),1,0.002307976366322009
ntkrnlmp.exe!***unknown***,callee,ntkrnlmp.exe!***unknown*** (trimmed),1,0.002307976366322009
ntkrnlmp.exe!***unknown***,callee,ntkrnlmp.exe!***unknown*** (trimmed),1,0.002307976366322009
ntkrnlmp.exe!***unknown***,callee,ntkrnlmp.exe!***unknown*** (trimmed),1,0.002307976366322009
ntkrnlmp.exe!***unknown***,callee,ntkrnlmp.exe!***unknown*** (trimmed),1,0.002307976366322009
ntkrnlmp.exe!***unknown***,caller,ntkrnlmp.exe!***unknown***,17,0.039235598227474154
ntkrnlmp.exe!***unknown***,callee,ntkrnlmp.exe!***unknown***,16,0.03692762186115214
ntkrnlmp.exe!***unknown***,caller,dxgkrnl.sys!***unknown***,17,0.039235598227474154
ntkrnlmp.exe!***unknown***,callee,ntkrnlmp.exe!***unknown***,6,0.013847858197932054
ntkrnlmp.exe!***unknown***,callee,ntkrnlmp.exe!***unknown*** (trimmed),3,0.006923929098966027
ntkrnlmp.exe!***unknown***,callee,ntkrnlmp.exe!***unknown***,3,0.006923929098966027
ntkrnlmp.exe!***unknown***,callee,ntkrnlmp.exe!***unknown*** (trimmed),2,0.004615952732644018
ntkrnlmp.exe!***unknown***,callee,ntkrnlmp.exe!***unknown*** (trimmed),1,0.002307976366322009
ntkrnlmp.exe!***unknown***,callee,ntkrnlmp.exe!***unknown*** (trimmed),1,0.002307976366322009
ntkrnlmp.exe!***unknown***,callee,ntkrnlmp.exe!***unknown*** (trimmed),1,0.002307976366322009
ntkrnlmp.exe!***unknown***,caller,ntkrnlmp.exe!***unknown***,17,0.039235598227474154
ntkrnlmp.exe!***unknown***,callee,ntkrnlmp.exe!***unknown*** (trimmed),3,0.006923929098966027
ntkrnlmp.exe!***unknown***,callee,ntkrnlmp.exe!***unknown*** (trimmed),3,0.006923929098966027
ntkrnlmp.exe!***unknown***,callee,ntkrnlmp.exe!***unknown*** (trimmed),2,0.004615952732644018
ntkrnlmp.exe!***unknown***,callee,ntkrnlmp.exe!***unknown*** (trimmed),1,0.002307976366322009
ntkrnlmp.exe!***unknown***,callee,ntkrnlmp.exe!***unknown*** (trimmed),1,0.002307976366322009
ntkrnlmp.exe!***unknown***,callee,ntkrnlmp.exe!***unknown*** (trimmed),1,0.002307976366322009
ntkrnlmp.exe!***unknown***,callee,ntkrnlmp.exe!***unknown*** (trimmed),1,0.002307976366322009
ntkrnlmp.exe!***unknown***,callee,ntkrnlmp.exe!***unknown*** (trimmed),1,0.002307976366322009
ntkrnlmp.exe!***unknown***,callee,ntkrnlmp.exe!***unknown*** (trimmed),1,0.002307976366322009
ntkrnlmp.exe!***unknown***,callee,ntkrnlmp.exe!***unknown*** (trimmed),1,0.002307976366322009
ntkrnlmp.exe!***unknown***,callee,ntkrnlmp.exe!***unknown*** (trimmed),1,0.002307976366322009
ntkrnlmp.exe!***unknown***,callee,ntkrnlmp.exe!***unknown*** (trimmed),1,0.002307976366322009
ntkrnlmp.exe!***unknown***,caller,ntkrnlmp.exe!***unknown***,17,0.039235598227474154
ntdll.dll!***unknown***,callee,ntdll.dll!***unknown***,16,0.03692762186115214
ntdll.dll!***unknown***,callee,ntdll.dll!***unknown*** (trimmed),1,0.002307976366322009
ntdll.dll!***unknown***,caller,ntdll.dll!***unknown***,17,0.039235598227474154
ntdll.dll!***unknown***,caller,ntdll.dll!***unknown***,17,0.039235598227474154
mtkwl6ex.sys!***unknown***,callee,mtkwl6ex.sys!***unknown***,8,0.01846381093057607
mtkwl6ex.sys!***unknown***,callee,mtkwl6ex.sys!***unknown***,5,0.011539881831610045
mtkwl6ex.sys!***unknown***,callee,mtkwl6ex.sys!***unknown*** (trimmed),2,0.004615952732644018
mtkwl6ex.sys!***unknown***,callee,mtkwl6ex.sys!***unknown*** (trimmed),1,0.002307976366322009
mtkwl6ex.sys!***unknown***,callee,mtkwl6ex.sys!***unknown*** (trimmed),1,0.002307976366322009
mtkwl6ex.sys!***unknown***,caller,mtkwl6ex.sys!***unknown***,17,0.039235598227474154
laneflow-urban-harness.exe!laneflow_static_network::policy::PolicyView::yield_targets,callee,laneflow-urban-harness.exe!laneflow_static_network::policy::PolicyView::stream_classes,6,0.013847858197932054
laneflow-urban-harness.exe!laneflow_static_network::policy::PolicyView::yield_targets,caller,laneflow-urban-harness.exe!laneflow_runtime::kernel::conflict_tick::ConflictTaskView::collect_occurrence_fields,17,0.039235598227474154
wdf01000.sys!***unknown***,callee,wdf01000.sys!***unknown***,12,0.027695716395864108
wdf01000.sys!***unknown***,callee,wdf01000.sys!***unknown*** (trimmed),4,0.009231905465288036
wdf01000.sys!***unknown***,caller,ntkrnlmp.exe!***unknown***,16,0.03692762186115214
wdf01000.sys!***unknown***,callee,ntkrnlmp.exe!***unknown***,16,0.03692762186115214
wdf01000.sys!***unknown***,caller,wdf01000.sys!***unknown***,16,0.03692762186115214
vcruntime140.dll!***unknown***,caller,laneflow-urban-harness.exe!laneflow_urban_harness::observe::Hash::flush,14,0.03231166912850812
vcruntime140.dll!***unknown***,caller,laneflow-urban-harness.exe!laneflow_urban_harness::observe::Hash::bytes,2,0.004615952732644018
nvlddmkm.sys!***unknown***,caller,nvlddmkm.sys!***unknown***,11,0.025387740029542097
nvlddmkm.sys!***unknown***,caller,nvlddmkm.sys!***unknown***,5,0.011539881831610045
nvlddmkm.sys!***unknown***,callee,nvlddmkm.sys!***unknown***,13,0.030003692762186115
nvlddmkm.sys!***unknown***,callee,nvlddmkm.sys!***unknown*** (trimmed),1,0.002307976366322009
nvlddmkm.sys!***unknown***,callee,nvlddmkm.sys!***unknown*** (trimmed),1,0.002307976366322009
nvlddmkm.sys!***unknown***,callee,nvlddmkm.sys!***unknown*** (trimmed),1,0.002307976366322009
nvlddmkm.sys!***unknown***,caller,nvlddmkm.sys!***unknown***,16,0.03692762186115214
nvlddmkm.sys!***unknown***,callee,nvlddmkm.sys!***unknown***,16,0.03692762186115214
nvlddmkm.sys!***unknown***,caller,nvlddmkm.sys!***unknown***,16,0.03692762186115214
nvlddmkm.sys!***unknown***,callee,nvlddmkm.sys!***unknown***,9,0.02077178729689808
nvlddmkm.sys!***unknown***,callee,nvlddmkm.sys!***unknown*** (trimmed),3,0.006923929098966027
nvlddmkm.sys!***unknown***,callee,nvlddmkm.sys!***unknown*** (trimmed),2,0.004615952732644018
nvlddmkm.sys!***unknown***,callee,nvlddmkm.sys!***unknown*** (trimmed),1,0.002307976366322009
nvlddmkm.sys!***unknown***,callee,nvlddmkm.sys!***unknown*** (trimmed),1,0.002307976366322009
nvlddmkm.sys!***unknown***,caller,nvlddmkm.sys!***unknown***,16,0.03692762186115214
ntkrnlmp.exe!***unknown***,caller,ntdll.dll!***unknown***,10,0.02307976366322009
ntkrnlmp.exe!***unknown***,caller,ntdll.dll!***unknown***,3,0.006923929098966027
ntkrnlmp.exe!***unknown***,caller,ntdll.dll!***unknown***,1,0.002307976366322009
ntkrnlmp.exe!***unknown***,caller,ntdll.dll!***unknown***,1,0.002307976366322009
ntkrnlmp.exe!***unknown***,caller,ntdll.dll!***unknown***,1,0.002307976366322009
ntkrnlmp.exe!***unknown***,caller,nvlddmkm.sys!***unknown***,15,0.03461964549483013
ntkrnlmp.exe!***unknown***,caller,nvlddmkm.sys!***unknown*** (trimmed),1,0.002307976366322009
ntkrnlmp.exe!***unknown***,callee,ntkrnlmp.exe!***unknown***,16,0.03692762186115214
ntkrnlmp.exe!***unknown***,caller,ntkrnlmp.exe!***unknown***,16,0.03692762186115214
ntkrnlmp.exe!***unknown***,callee,ntkrnlmp.exe!***unknown***,16,0.03692762186115214
ntkrnlmp.exe!***unknown***,caller,wdf01000.sys!***unknown***,16,0.03692762186115214
ntkrnlmp.exe!***unknown***,callee,wdf01000.sys!***unknown***,16,0.03692762186115214
ntkrnlmp.exe!***unknown***,caller,ntkrnlmp.exe!***unknown***,16,0.03692762186115214
ntkrnlmp.exe!***unknown***,callee,ntkrnlmp.exe!***unknown***,4,0.009231905465288036
ntkrnlmp.exe!***unknown***,caller,ntkrnlmp.exe!***unknown***,16,0.03692762186115214
ntkrnlmp.exe!***unknown***,callee,ntkrnlmp.exe!***unknown***,1,0.002307976366322009
ntkrnlmp.exe!***unknown***,caller,ntkrnlmp.exe!***unknown***,16,0.03692762186115214
ntdll.dll!***unknown***,callee,ntdll.dll!***unknown***,16,0.03692762186115214
ntdll.dll!***unknown***,caller,ntdll.dll!***unknown***,16,0.03692762186115214
ntdll.dll!***unknown***,caller,ntdll.dll!***unknown***,16,0.03692762186115214
laneflow-urban-harness.exe!serde_json::value::to_value<ref$<ref$<str$> > >,callee,ntdll.dll!***unknown***,12,0.027695716395864108
laneflow-urban-harness.exe!serde_json::value::to_value<ref$<ref$<str$> > >,callee,laneflow-urban-harness.exe!std::sys::alloc::windows::process_heap_alloc,2,0.004615952732644018
laneflow-urban-harness.exe!serde_json::value::to_value<ref$<ref$<str$> > >,callee,laneflow-urban-harness.exe!std::alloc::__default_lib_allocator::__rdl_alloc,1,0.002307976366322009
laneflow-urban-harness.exe!serde_json::value::to_value<ref$<ref$<str$> > >,caller,laneflow-urban-harness.exe!laneflow_urban_harness::runner::Harness::execute,13,0.030003692762186115
laneflow-urban-harness.exe!serde_json::value::to_value<ref$<ref$<str$> > >,caller,laneflow-urban-harness.exe!laneflow_urban_harness::observe::events,3,0.006923929098966027
laneflow-urban-harness.exe!laneflow_runtime::facade::TrafficWorld::parking_space_state,callee,laneflow-urban-harness.exe!laneflow_static_network::relations::SharedRelationClosure::parking_space (trimmed),2,0.004615952732644018
laneflow-urban-harness.exe!laneflow_runtime::facade::TrafficWorld::parking_space_state,caller,laneflow-urban-harness.exe!laneflow_urban_harness::observe::parking_invariants,16,0.03692762186115214
laneflow-urban-harness.exe!core::ptr::drop_glue<enum2$<serde_json::value::Value> >,callee,ntdll.dll!***unknown***,1,0.002307976366322009
laneflow-urban-harness.exe!core::ptr::drop_glue<enum2$<serde_json::value::Value> >,caller,laneflow-urban-harness.exe!core::ptr::drop_glue<enum2$<serde_json::value::Value> >,15,0.03461964549483013
laneflow-urban-harness.exe!core::ptr::drop_glue<enum2$<serde_json::value::Value> >,caller,laneflow-urban-harness.exe!core::ptr::drop_glue<enum2$<serde_json::value::Value> >,1,0.002307976366322009
"laneflow-urban-harness.exe!alloc::collections::btree::map::impl$88::from_iter<u32,u8,core::iter::adapters::GenericShunt<core::iter::adapters::map::Map<core::slice::iter::Iter<tuple$<laneflow_static_contract::typed::Ordinal<laneflow_static_contract::typed::SignalGroupKind>,laneflow_static_contract::values::SignalAspect> >,laneflow_urban_harness::runner::signal_signature::closure_env$0>,enum2$<core::result::Result<enum2$<core::convert::Infallible>,enum2$<laneflow_urban_harness::Error> > > > >",callee,"laneflow-urban-harness.exe!alloc::vec::spec_from_iter::impl$0::from_iter<tuple$<u32,u8>,core::iter::adapters::GenericShunt<core::iter::adapters::map::Map<core::slice::iter::Iter<tuple$<laneflow_static_contract::typed::Ordinal<laneflow_static_contract::typed::SignalGroupKind>,laneflow_static_contract::values::SignalAspect> >,laneflow_urban_harness::runner::signal_signature::closure_env$0>,enum2$<core::result::Result<enum2$<core::convert::Infallible>,enum2$<laneflow_urban_harness::Error> > > > >",8,0.01846381093057607
"laneflow-urban-harness.exe!alloc::collections::btree::map::impl$88::from_iter<u32,u8,core::iter::adapters::GenericShunt<core::iter::adapters::map::Map<core::slice::iter::Iter<tuple$<laneflow_static_contract::typed::Ordinal<laneflow_static_contract::typed::SignalGroupKind>,laneflow_static_contract::values::SignalAspect> >,laneflow_urban_harness::runner::signal_signature::closure_env$0>,enum2$<core::result::Result<enum2$<core::convert::Infallible>,enum2$<laneflow_urban_harness::Error> > > > >",callee,"laneflow-urban-harness.exe!alloc::collections::btree::node::NodeRef<enum2$<alloc::collections::btree::node::marker::Owned>,u32,u8,enum2$<alloc::collections::btree::node::marker::LeafOrInternal> >::bulk_push<u32,u8,alloc::collections::btree::dedup_sorted_iter::DedupSortedIter<u32,u8,alloc::vec::into_iter::IntoIter<tuple$<u32,u8>,alloc::alloc::Global> >,alloc::alloc::Global>",7,0.01615583456425406
"laneflow-urban-harness.exe!alloc::collections::btree::map::impl$88::from_iter<u32,u8,core::iter::adapters::GenericShunt<core::iter::adapters::map::Map<core::slice::iter::Iter<tuple$<laneflow_static_contract::typed::Ordinal<laneflow_static_contract::typed::SignalGroupKind>,laneflow_static_contract::values::SignalAspect> >,laneflow_urban_harness::runner::signal_signature::closure_env$0>,enum2$<core::result::Result<enum2$<core::convert::Infallible>,enum2$<laneflow_urban_harness::Error> > > > >",callee,"laneflow-urban-harness.exe!core::slice::sort::stable::driftsort_main<tuple$<u32,u8>,alloc::slice::impl$0::sort_by::closure_env$0<tuple$<u32,u8>,alloc::collections::btree::map::impl$88::from_iter::closure_env$0<u32,u8,core::iter::adapters::GenericShunt<core::iter::adapters::map::Map<core::slice::iter::Iter<tuple$<laneflow_static_contract::typed::Ordinal<laneflow_static_contract::typed::SignalGroupKind>,laneflow_static_contract::values::SignalAspect> >,laneflow_urban_harness::runner::signal_signature::closure_env$0>,enum2$<core::result::Result<enum2$<core::convert::Infallible>,enum2$<laneflow_urban_harness::Error> > > > > >,alloc::vec::Vec<tuple$<u32,u8>,alloc::alloc::Global> > (trimmed)",1,0.002307976366322009
"laneflow-urban-harness.exe!alloc::collections::btree::map::impl$88::from_iter<u32,u8,core::iter::adapters::GenericShunt<core::iter::adapters::map::Map<core::slice::iter::Iter<tuple$<laneflow_static_contract::typed::Ordinal<laneflow_static_contract::typed::SignalGroupKind>,laneflow_static_contract::values::SignalAspect> >,laneflow_urban_harness::runner::signal_signature::closure_env$0>,enum2$<core::result::Result<enum2$<core::convert::Infallible>,enum2$<laneflow_urban_harness::Error> > > > >",caller,laneflow-urban-harness.exe!laneflow_urban_harness::runner::signal_signature,16,0.03692762186115214
"laneflow-urban-harness.exe!alloc::collections::btree::map::BTreeMap<alloc::string::String,laneflow_runtime::kernel::handle::RouteHandle,alloc::alloc::Global>::get<alloc::string::String,laneflow_runtime::kernel::handle::RouteHandle,alloc::alloc::Global,alloc::string::String>",callee,vcruntime140.dll!***unknown***,3,0.006923929098966027
"laneflow-urban-harness.exe!alloc::collections::btree::map::BTreeMap<alloc::string::String,laneflow_runtime::kernel::handle::RouteHandle,alloc::alloc::Global>::get<alloc::string::String,laneflow_runtime::kernel::handle::RouteHandle,alloc::alloc::Global,alloc::string::String>",callee,vcruntime140.dll!***unknown*** (trimmed),2,0.004615952732644018
"laneflow-urban-harness.exe!alloc::collections::btree::map::BTreeMap<alloc::string::String,laneflow_runtime::kernel::handle::RouteHandle,alloc::alloc::Global>::get<alloc::string::String,laneflow_runtime::kernel::handle::RouteHandle,alloc::alloc::Global,alloc::string::String>",callee,vcruntime140.dll!***unknown*** (trimmed),1,0.002307976366322009
"laneflow-urban-harness.exe!alloc::collections::btree::map::BTreeMap<alloc::string::String,laneflow_runtime::kernel::handle::RouteHandle,alloc::alloc::Global>::get<alloc::string::String,laneflow_runtime::kernel::handle::RouteHandle,alloc::alloc::Global,alloc::string::String>",callee,vcruntime140.dll!***unknown*** (trimmed),1,0.002307976366322009
"laneflow-urban-harness.exe!alloc::collections::btree::map::BTreeMap<alloc::string::String,laneflow_runtime::kernel::handle::RouteHandle,alloc::alloc::Global>::get<alloc::string::String,laneflow_runtime::kernel::handle::RouteHandle,alloc::alloc::Global,alloc::string::String>",caller,laneflow-urban-harness.exe!laneflow_urban_harness::runner::Harness::execute,16,0.03692762186115214
vcruntime140.dll!***unknown***,caller,"laneflow-urban-harness.exe!rayon_core::scope::ScopeBase::execute_job_closure<rayon_core::scope::impl$0::spawn::closure$0::closure_env$0<laneflow_runtime::kernel::execution::impl$4::try_for_each_chunk::closure$0::closure_env$0<laneflow_runtime::kernel::tick::WaitingPreviewEntry,laneflow_runtime::kernel::waiting::prepare_waiting_previews_dispatched::closure_env$0> >,tuple$<> >",7,0.01615583456425406
vcruntime140.dll!***unknown***,caller,"laneflow-urban-harness.exe!rayon_core::scope::ScopeBase::execute_job_closure<rayon_core::scope::impl$0::spawn::closure$0::closure_env$0<laneflow_runtime::kernel::execution::impl$4::try_for_each_chunk::closure$0::closure_env$0<laneflow_runtime::kernel::tick::VehicleMotionOutcome,laneflow_runtime::kernel::tick::prepare_motion_dispatched::closure_env$0> >,tuple$<> >",5,0.011539881831610045
vcruntime140.dll!***unknown***,caller,"laneflow-urban-harness.exe!enum2$<laneflow_runtime::kernel::execution::ExecutionResources>::try_for_each_chunk<laneflow_runtime::kernel::tick::WaitingPreviewEntry,laneflow_runtime::kernel::waiting::prepare_waiting_previews_dispatched::closure_env$0>",1,0.002307976366322009
vcruntime140.dll!***unknown***,caller,"laneflow-urban-harness.exe!enum2$<laneflow_runtime::kernel::execution::ExecutionResources>::try_for_each_chunk<laneflow_runtime::kernel::tick::VehicleMotionOutcome,laneflow_runtime::kernel::tick::prepare_motion_dispatched::closure_env$0>",1,0.002307976366322009
vcruntime140.dll!***unknown***,caller,"laneflow-urban-harness.exe!core::slice::sort::unstable::quicksort::quicksort<laneflow_runtime::kernel::conflict_tick::ConflictCandidate,core::slice::impl$0::sort_unstable_by_key::closure_env$0<laneflow_runtime::kernel::conflict_tick::ConflictCandidate,tuple$<laneflow_runtime::kernel::conflict::ConflictCandidateOrderKey,u32>,laneflow_runtime::kernel::conflict_tick::impl$6::prepare_conflict_candidates::closure_env$1> >",1,0.002307976366322009
nvlddmkm.sys!***unknown***,callee,nvlddmkm.sys!***unknown***,7,0.01615583456425406
nvlddmkm.sys!***unknown***,callee,nvlddmkm.sys!***unknown***,6,0.013847858197932054
nvlddmkm.sys!***unknown***,callee,nvlddmkm.sys!***unknown*** (trimmed),1,0.002307976366322009
nvlddmkm.sys!***unknown***,callee,nvlddmkm.sys!***unknown*** (trimmed),1,0.002307976366322009
nvlddmkm.sys!***unknown***,caller,nvlddmkm.sys!***unknown***,15,0.03461964549483013
nvlddmkm.sys!***unknown***,callee,nvlddmkm.sys!***unknown***,10,0.02307976366322009
nvlddmkm.sys!***unknown***,callee,nvlddmkm.sys!***unknown*** (trimmed),4,0.009231905465288036
nvlddmkm.sys!***unknown***,caller,nvlddmkm.sys!***unknown***,11,0.025387740029542097
nvlddmkm.sys!***unknown***,caller,nvlddmkm.sys!***unknown*** (trimmed),3,0.006923929098966027
nvlddmkm.sys!***unknown***,callee,ntkrnlmp.exe!***unknown***,10,0.02307976366322009
nvlddmkm.sys!***unknown***,callee,ntkrnlmp.exe!***unknown***,5,0.011539881831610045
nvlddmkm.sys!***unknown***,caller,nvlddmkm.sys!***unknown***,5,0.011539881831610045
nvlddmkm.sys!***unknown***,caller,nvlddmkm.sys!***unknown*** (trimmed),2,0.004615952732644018
nvlddmkm.sys!***unknown***,caller,nvlddmkm.sys!***unknown***,2,0.004615952732644018
nvlddmkm.sys!***unknown***,caller,nvlddmkm.sys!***unknown*** (trimmed),1,0.002307976366322009
nvlddmkm.sys!***unknown***,caller,nvlddmkm.sys!***unknown*** (trimmed),1,0.002307976366322009
nvlddmkm.sys!***unknown***,caller,nvlddmkm.sys!***unknown*** (trimmed),1,0.002307976366322009
nvlddmkm.sys!***unknown***,caller,nvlddmkm.sys!***unknown*** (trimmed),1,0.002307976366322009
nvlddmkm.sys!***unknown***,caller,nvlddmkm.sys!***unknown***,1,0.002307976366322009
nvlddmkm.sys!***unknown***,caller,nvlddmkm.sys!***unknown*** (trimmed),1,0.002307976366322009
ntkrnlmp.exe!***unknown***,caller,nvlddmkm.sys!***unknown***,5,0.011539881831610045
ntkrnlmp.exe!***unknown***,caller,nvlddmkm.sys!***unknown*** (trimmed),3,0.006923929098966027
ntkrnlmp.exe!***unknown***,caller,nvlddmkm.sys!***unknown*** (trimmed),2,0.004615952732644018
ntkrnlmp.exe!***unknown***,caller,nvlddmkm.sys!***unknown***,2,0.004615952732644018
ntkrnlmp.exe!***unknown***,caller,nvlddmkm.sys!***unknown*** (trimmed),2,0.004615952732644018
ntkrnlmp.exe!***unknown***,caller,nvlddmkm.sys!***unknown*** (trimmed),1,0.002307976366322009
ntkrnlmp.exe!***unknown***,caller,nvlddmkm.sys!***unknown***,10,0.02307976366322009
ntkrnlmp.exe!***unknown***,caller,nvlddmkm.sys!***unknown***,3,0.006923929098966027
ntkrnlmp.exe!***unknown***,caller,nvlddmkm.sys!***unknown*** (trimmed),1,0.002307976366322009
ntkrnlmp.exe!***unknown***,caller,nvlddmkm.sys!***unknown*** (trimmed),1,0.002307976366322009
ntkrnlmp.exe!***unknown***,callee,ntkrnlmp.exe!***unknown*** (trimmed),3,0.006923929098966027
ntkrnlmp.exe!***unknown***,callee,ntkrnlmp.exe!***unknown*** (trimmed),2,0.004615952732644018
ntkrnlmp.exe!***unknown***,callee,ntkrnlmp.exe!***unknown*** (trimmed),2,0.004615952732644018
ntkrnlmp.exe!***unknown***,callee,ntkrnlmp.exe!***unknown*** (trimmed),1,0.002307976366322009
ntkrnlmp.exe!***unknown***,callee,ntkrnlmp.exe!***unknown*** (trimmed),1,0.002307976366322009
ntkrnlmp.exe!***unknown***,callee,ntkrnlmp.exe!***unknown*** (trimmed),1,0.002307976366322009
ntkrnlmp.exe!***unknown***,callee,ntkrnlmp.exe!***unknown*** (trimmed),1,0.002307976366322009
ntkrnlmp.exe!***unknown***,callee,ntkrnlmp.exe!***unknown*** (trimmed),1,0.002307976366322009
ntkrnlmp.exe!***unknown***,callee,ntkrnlmp.exe!***unknown*** (trimmed),1,0.002307976366322009
ntkrnlmp.exe!***unknown***,callee,ntkrnlmp.exe!***unknown*** (trimmed),1,0.002307976366322009
ntkrnlmp.exe!***unknown***,callee,ntkrnlmp.exe!***unknown*** (trimmed),1,0.002307976366322009
ntkrnlmp.exe!***unknown***,caller,ntkrnlmp.exe!***unknown***,11,0.025387740029542097
ntkrnlmp.exe!***unknown***,caller,ntkrnlmp.exe!***unknown***,4,0.009231905465288036
ntkrnlmp.exe!***unknown***,callee,ntkrnlmp.exe!***unknown***,5,0.011539881831610045
ntkrnlmp.exe!***unknown***,callee,ntkrnlmp.exe!***unknown*** (trimmed),3,0.006923929098966027
ntkrnlmp.exe!***unknown***,callee,ntkrnlmp.exe!***unknown*** (trimmed),3,0.006923929098966027
ntkrnlmp.exe!***unknown***,callee,ntkrnlmp.exe!***unknown*** (trimmed),1,0.002307976366322009
ntkrnlmp.exe!***unknown***,callee,ntkrnlmp.exe!***unknown*** (trimmed),1,0.002307976366322009
ntkrnlmp.exe!***unknown***,callee,ntkrnlmp.exe!***unknown*** (trimmed),1,0.002307976366322009
ntkrnlmp.exe!***unknown***,callee,ntkrnlmp.exe!***unknown*** (trimmed),1,0.002307976366322009
ntkrnlmp.exe!***unknown***,caller,ntkrnlmp.exe!***unknown***,15,0.03461964549483013
ntdll.dll!***unknown***,callee,ntdll.dll!***unknown***,15,0.03461964549483013
ntdll.dll!***unknown***,caller,ntdll.dll!***unknown***,15,0.03461964549483013
vcruntime140.dll!***unknown***,caller,laneflow-urban-harness.exe!laneflow_runtime::kernel::occupancy::OccupancyIndex::finish_layout,7,0.01615583456425406
vcruntime140.dll!***unknown***,caller,laneflow-urban-harness.exe!laneflow_runtime::kernel::phase::StepWorkspace::stage_vehicle_transitions,4,0.009231905465288036
vcruntime140.dll!***unknown***,caller,laneflow-urban-harness.exe!laneflow_runtime::kernel::occupancy::rebuild_occupancy_index,2,0.004615952732644018
vcruntime140.dll!***unknown***,caller,laneflow-urban-harness.exe!laneflow_runtime::kernel::phase::StepWorkspace::prepare_commit,1,0.002307976366322009
vcruntime140.dll!***unknown***,caller,"laneflow-urban-harness.exe!rayon_core::scope::ScopeBase::execute_job_closure<rayon_core::scope::impl$0::spawn::closure$0::closure_env$0<laneflow_runtime::kernel::execution::impl$4::try_for_each_chunk::closure$0::closure_env$0<laneflow_runtime::kernel::tick::VehicleMotionOutcome,laneflow_runtime::kernel::tick::prepare_motion_dispatched::closure_env$0> >,tuple$<> >",4,0.009231905465288036
vcruntime140.dll!***unknown***,caller,"laneflow-urban-harness.exe!rayon_core::scope::ScopeBase::execute_job_closure<rayon_core::scope::impl$0::spawn::closure$0::closure_env$0<laneflow_runtime::kernel::execution::impl$4::try_for_each_chunk::closure$0::closure_env$0<laneflow_runtime::kernel::tick::WaitingPreviewEntry,laneflow_runtime::kernel::waiting::prepare_waiting_previews_dispatched::closure_env$0> >,tuple$<> >",3,0.006923929098966027
vcruntime140.dll!***unknown***,caller,"laneflow-urban-harness.exe!enum2$<laneflow_runtime::kernel::execution::ExecutionResources>::try_for_each_chunk<laneflow_runtime::kernel::tick::VehicleMotionOutcome,laneflow_runtime::kernel::tick::prepare_motion_dispatched::closure_env$0>",3,0.006923929098966027
vcruntime140.dll!***unknown***,caller,"laneflow-urban-harness.exe!core::slice::sort::shared::smallsort::insertion_sort_shift_left<laneflow_runtime::kernel::conflict_tick::ConflictCandidate,core::slice::impl$0::sort_unstable_by_key::closure_env$0<laneflow_runtime::kernel::conflict_tick::ConflictCandidate,tuple$<laneflow_runtime::kernel::conflict::ConflictCandidateOrderKey,u32>,laneflow_runtime::kernel::conflict_tick::impl$6::prepare_conflict_candidates::closure_env$1> >",2,0.004615952732644018
vcruntime140.dll!***unknown***,caller,"laneflow-urban-harness.exe!core::slice::sort::unstable::quicksort::quicksort<laneflow_runtime::kernel::conflict_tick::ConflictCandidate,core::slice::impl$0::sort_unstable_by_key::closure_env$0<laneflow_runtime::kernel::conflict_tick::ConflictCandidate,tuple$<laneflow_runtime::kernel::conflict::ConflictCandidateOrderKey,u32>,laneflow_runtime::kernel::conflict_tick::impl$6::prepare_conflict_candidates::closure_env$1> >",2,0.004615952732644018
vcruntime140.dll!***unknown***,caller,"laneflow-urban-harness.exe!rayon_core::scope::ScopeBase::execute_job_closure<rayon_core::scope::impl$0::spawn::closure$0::closure_env$0<laneflow_runtime::kernel::execution::impl$4::try_for_each_chunk::closure$0::closure_env$0<laneflow_runtime::kernel::tick::VehicleMotionOutcome,laneflow_runtime::kernel::tick::prepare_motion_dispatched::closure_env$0> >,tuple$<> >",9,0.02077178729689808
vcruntime140.dll!***unknown***,caller,"laneflow-urban-harness.exe!enum2$<laneflow_runtime::kernel::execution::ExecutionResources>::try_for_each_chunk<laneflow_runtime::kernel::tick::VehicleMotionOutcome,laneflow_runtime::kernel::tick::prepare_motion_dispatched::closure_env$0>",3,0.006923929098966027
vcruntime140.dll!***unknown***,caller,"laneflow-urban-harness.exe!enum2$<laneflow_runtime::kernel::execution::ExecutionResources>::try_for_each_chunk<laneflow_runtime::kernel::tick::WaitingPreviewEntry,laneflow_runtime::kernel::waiting::prepare_waiting_previews_dispatched::closure_env$0>",1,0.002307976366322009
vcruntime140.dll!***unknown***,caller,"laneflow-urban-harness.exe!core::slice::sort::shared::smallsort::insertion_sort_shift_left<laneflow_runtime::kernel::conflict_tick::ConflictCandidate,core::slice::impl$0::sort_unstable_by_key::closure_env$0<laneflow_runtime::kernel::conflict_tick::ConflictCandidate,tuple$<laneflow_runtime::kernel::conflict::ConflictCandidateOrderKey,u32>,laneflow_runtime::kernel::conflict_tick::impl$6::prepare_conflict_candidates::closure_env$1> >",1,0.002307976366322009
nvlddmkm.sys!***unknown***,callee,nvlddmkm.sys!***unknown***,13,0.030003692762186115
nvlddmkm.sys!***unknown***,caller,nvlddmkm.sys!***unknown***,13,0.030003692762186115
nvlddmkm.sys!***unknown***,callee,nvlddmkm.sys!***unknown***,12,0.027695716395864108
nvlddmkm.sys!***unknown***,callee,nvlddmkm.sys!***unknown*** (trimmed),1,0.002307976366322009
nvlddmkm.sys!***unknown***,callee,nvlddmkm.sys!***unknown*** (trimmed),1,0.002307976366322009
nvlddmkm.sys!***unknown***,caller,nvlddmkm.sys!***unknown***,10,0.02307976366322009
nvlddmkm.sys!***unknown***,caller,nvlddmkm.sys!***unknown*** (trimmed),4,0.009231905465288036
nvlddmkm.sys!***unknown***,callee,nvlddmkm.sys!***unknown***,10,0.02307976366322009
nvlddmkm.sys!***unknown***,callee,nvlddmkm.sys!***unknown***,4,0.009231905465288036
nvlddmkm.sys!***unknown***,caller,nvlddmkm.sys!***unknown***,14,0.03231166912850812
ntkrnlmp.exe!***unknown***,callee,ntkrnlmp.exe!***unknown***,13,0.030003692762186115
ntkrnlmp.exe!***unknown***,callee,ntkrnlmp.exe!***unknown*** (trimmed),1,0.002307976366322009
ntkrnlmp.exe!***unknown***,caller,ntkrnlmp.exe!***unknown***,14,0.03231166912850812
ntkrnlmp.exe!***unknown***,callee,ntkrnlmp.exe!***unknown***,12,0.027695716395864108
ntkrnlmp.exe!***unknown***,callee,ntkrnlmp.exe!***unknown*** (trimmed),1,0.002307976366322009
ntkrnlmp.exe!***unknown***,callee,ntkrnlmp.exe!***unknown*** (trimmed),1,0.002307976366322009
ntkrnlmp.exe!***unknown***,caller,ntkrnlmp.exe!***unknown***,14,0.03231166912850812
ntkrnlmp.exe!***unknown***,callee,ntkrnlmp.exe!***unknown***,14,0.03231166912850812
ntkrnlmp.exe!***unknown***,caller,ntkrnlmp.exe!***unknown***,4,0.009231905465288036
ntkrnlmp.exe!***unknown***,caller,ntkrnlmp.exe!***unknown***,3,0.006923929098966027
ntkrnlmp.exe!***unknown***,caller,ntkrnlmp.exe!***unknown***,1,0.002307976366322009
ntkrnlmp.exe!***unknown***,caller,ntkrnlmp.exe!***unknown*** (trimmed),1,0.002307976366322009
ntkrnlmp.exe!***unknown***,callee,ntkrnlmp.exe!***unknown*** (trimmed),3,0.006923929098966027
ntkrnlmp.exe!***unknown***,callee,ntkrnlmp.exe!***unknown*** (trimmed),2,0.004615952732644018
ntkrnlmp.exe!***unknown***,callee,ntkrnlmp.exe!***unknown*** (trimmed),2,0.004615952732644018
ntkrnlmp.exe!***unknown***,callee,ntkrnlmp.exe!***unknown*** (trimmed),2,0.004615952732644018
ntkrnlmp.exe!***unknown***,callee,ntkrnlmp.exe!***unknown*** (trimmed),1,0.002307976366322009
ntkrnlmp.exe!***unknown***,callee,ntkrnlmp.exe!***unknown*** (trimmed),1,0.002307976366322009
ntkrnlmp.exe!***unknown***,callee,ntkrnlmp.exe!***unknown*** (trimmed),1,0.002307976366322009
ntkrnlmp.exe!***unknown***,callee,ntkrnlmp.exe!***unknown*** (trimmed),1,0.002307976366322009
ntkrnlmp.exe!***unknown***,callee,ntkrnlmp.exe!***unknown*** (trimmed),1,0.002307976366322009
ntkrnlmp.exe!***unknown***,caller,ntkrnlmp.exe!***unknown***,14,0.03231166912850812
ntkrnlmp.exe!***unknown***,callee,ntkrnlmp.exe!***unknown***,8,0.01846381093057607
ntkrnlmp.exe!***unknown***,callee,ntkrnlmp.exe!***unknown*** (trimmed),2,0.004615952732644018
ntkrnlmp.exe!***unknown***,callee,ntkrnlmp.exe!***unknown*** (trimmed),1,0.002307976366322009
ntkrnlmp.exe!***unknown***,callee,ntkrnlmp.exe!***unknown*** (trimmed),1,0.002307976366322009
ntkrnlmp.exe!***unknown***,callee,ntkrnlmp.exe!***unknown*** (trimmed),1,0.002307976366322009
ntkrnlmp.exe!***unknown***,caller,nvlddmkm.sys!***unknown*** (trimmed),3,0.006923929098966027
ntkrnlmp.exe!***unknown***,caller,nvlddmkm.sys!***unknown*** (trimmed),2,0.004615952732644018
ntkrnlmp.exe!***unknown***,caller,dxgkrnl.sys!***unknown*** (trimmed),1,0.002307976366322009
ntkrnlmp.exe!***unknown***,caller,nvlddmkm.sys!***unknown*** (trimmed),1,0.002307976366322009
ntkrnlmp.exe!***unknown***,caller,nvlddmkm.sys!***unknown*** (trimmed),1,0.002307976366322009
ntkrnlmp.exe!***unknown***,caller,nvlddmkm.sys!***unknown*** (trimmed),1,0.002307976366322009
ntkrnlmp.exe!***unknown***,caller,nvlddmkm.sys!***unknown*** (trimmed),1,0.002307976366322009
ntkrnlmp.exe!***unknown***,caller,dxgmms2.sys!***unknown*** (trimmed),1,0.002307976366322009
ntkrnlmp.exe!***unknown***,caller,dxgmms2.sys!***unknown*** (trimmed),1,0.002307976366322009
ntkrnlmp.exe!***unknown***,caller,dxgmms2.sys!***unknown*** (trimmed),1,0.002307976366322009
ntkrnlmp.exe!***unknown***,caller,dxgmms2.sys!***unknown*** (trimmed),1,0.002307976366322009
ntkrnlmp.exe!***unknown***,caller,ntkrnlmp.exe!***unknown***,14,0.03231166912850812
ntdll.dll!***unknown***,caller,ntdll.dll!***unknown***,14,0.03231166912850812
laneflow-urban-harness.exe!std::alloc::__default_lib_allocator::__rdl_alloc,callee,ntkrnlmp.exe!***unknown***,2,0.004615952732644018
laneflow-urban-harness.exe!std::alloc::__default_lib_allocator::__rdl_alloc,caller,laneflow-urban-harness.exe!laneflow_urban_harness::observe::passage,7,0.01615583456425406
laneflow-urban-harness.exe!std::alloc::__default_lib_allocator::__rdl_alloc,caller,"laneflow-urban-harness.exe!hashbrown::raw::RawTable<tuple$<laneflow_runtime::kernel::handle::VehicleHandle,tuple$<> >,alloc::alloc::Global>::reserve_rehash<tuple$<laneflow_runtime::kernel::handle::VehicleHandle,tuple$<> >,alloc::alloc::Global,hashbrown::map::make_hasher::closure_env$0<laneflow_runtime::kernel::handle::VehicleHandle,tuple$<>,std::hash::random::RandomState> >",3,0.006923929098966027
laneflow-urban-harness.exe!std::alloc::__default_lib_allocator::__rdl_alloc,caller,laneflow-urban-harness.exe!serde_json::value::ser::impl$8::serialize_field<u32>,1,0.002307976366322009
laneflow-urban-harness.exe!std::alloc::__default_lib_allocator::__rdl_alloc,caller,laneflow-urban-harness.exe!laneflow_urban_harness::observe::range,1,0.002307976366322009
laneflow-urban-harness.exe!std::alloc::__default_lib_allocator::__rdl_alloc,caller,laneflow-urban-harness.exe!laneflow_urban_harness::observe::events,1,0.002307976366322009
laneflow-urban-harness.exe!std::alloc::__default_lib_allocator::__rdl_alloc,caller,laneflow-urban-harness.exe!serde_json::value::to_value<ref$<ref$<str$> > >,1,0.002307976366322009
laneflow-urban-harness.exe!laneflow_runtime::kernel::tables::for_each_admission_interval<laneflow_runtime::kernel::spawn_overlap::impl$1::insert::closure_env$0>,caller,laneflow-urban-harness.exe!laneflow_runtime::kernel::spawn_overlap::SpawnOverlapIndex::refresh,14,0.03231166912850812
laneflow-urban-harness.exe!crossbeam_deque::deque::Stealer<rayon_core::job::JobRef>::steal<rayon_core::job::JobRef>,callee,"laneflow-urban-harness.exe!crossbeam_epoch::default::with_handle<crossbeam_epoch::default::pin::closure_env$0,crossbeam_epoch::guard::Guard>",7,0.01615583456425406
laneflow-urban-harness.exe!crossbeam_deque::deque::Stealer<rayon_core::job::JobRef>::steal<rayon_core::job::JobRef>,caller,laneflow-urban-harness.exe!rayon_core::registry::WorkerThread::find_work,8,0.01846381093057607
laneflow-urban-harness.exe!crossbeam_deque::deque::Stealer<rayon_core::job::JobRef>::steal<rayon_core::job::JobRef>,caller,"laneflow-urban-harness.exe!core::iter::adapters::chain::impl$1::try_fold<core::ops::range::Range<usize>,core::ops::range::Range<usize>,tuple$<>,core::iter::adapters::filter::filter_try_fold::closure_env$0<usize,tuple$<>,enum2$<core::ops::control_flow::ControlFlow<rayon_core::job::JobRef,tuple$<> > >,rayon_core::registry::impl$10::steal::closure_env$0,core::iter::traits::iterator::Iterator::find_map::check::closure_env$0<usize,rayon_core::job::JobRef,rayon_core::registry::impl$10::steal::closure_env$1> >,enum2$<core::ops::control_flow::ControlFlow<rayon_core::job::JobRef,tuple$<> > > >",5,0.011539881831610045
laneflow-urban-harness.exe!crossbeam_deque::deque::Stealer<rayon_core::job::JobRef>::steal<rayon_core::job::JobRef>,caller,laneflow-urban-harness.exe!rayon_core::registry::WorkerThread::wait_until_cold,1,0.002307976366322009
dxgmms2.sys!***unknown***,callee,dxgmms2.sys!***unknown***,13,0.030003692762186115
dxgmms2.sys!***unknown***,callee,dxgmms2.sys!***unknown*** (trimmed),1,0.002307976366322009
dxgmms2.sys!***unknown***,caller,dxgmms2.sys!***unknown***,14,0.03231166912850812
dxgmms2.sys!***unknown***,callee,dxgmms2.sys!***unknown***,14,0.03231166912850812
dxgmms2.sys!***unknown***,caller,dxgmms2.sys!***unknown***,14,0.03231166912850812
dxgmms2.sys!***unknown***,callee,dxgmms2.sys!***unknown***,14,0.03231166912850812
dxgmms2.sys!***unknown***,caller,dxgmms2.sys!***unknown***,14,0.03231166912850812
nvlddmkm.sys!***unknown***,callee,nvlddmkm.sys!***unknown***,12,0.027695716395864108
nvlddmkm.sys!***unknown***,callee,nvlddmkm.sys!***unknown***,1,0.002307976366322009
nvlddmkm.sys!***unknown***,caller,nvlddmkm.sys!***unknown***,13,0.030003692762186115
ntkrnlmp.exe!***unknown***,callee,ntkrnlmp.exe!***unknown*** (trimmed),4,0.009231905465288036
ntkrnlmp.exe!***unknown***,callee,ntkrnlmp.exe!***unknown*** (trimmed),3,0.006923929098966027
ntkrnlmp.exe!***unknown***,callee,ntkrnlmp.exe!***unknown*** (trimmed),3,0.006923929098966027
ntkrnlmp.exe!***unknown***,callee,ntkrnlmp.exe!***unknown*** (trimmed),1,0.002307976366322009
ntkrnlmp.exe!***unknown***,callee,ntkrnlmp.exe!***unknown*** (trimmed),1,0.002307976366322009
ntkrnlmp.exe!***unknown***,callee,ntkrnlmp.exe!***unknown*** (trimmed),1,0.002307976366322009
ntkrnlmp.exe!***unknown***,caller,ntkrnlmp.exe!***unknown***,13,0.030003692762186115
ntkrnlmp.exe!***unknown***,callee,ntkrnlmp.exe!***unknown***,13,0.030003692762186115
ntkrnlmp.exe!***unknown***,callee,ntkrnlmp.exe!***unknown*** (trimmed),4,0.009231905465288036
ntkrnlmp.exe!***unknown***,callee,ntkrnlmp.exe!***unknown*** (trimmed),2,0.004615952732644018
ntkrnlmp.exe!***unknown***,callee,ntkrnlmp.exe!***unknown*** (trimmed),1,0.002307976366322009
ntkrnlmp.exe!***unknown***,callee,ntkrnlmp.exe!***unknown*** (trimmed),1,0.002307976366322009
ntkrnlmp.exe!***unknown***,callee,ntkrnlmp.exe!***unknown*** (trimmed),1,0.002307976366322009
ntkrnlmp.exe!***unknown***,callee,ntkrnlmp.exe!***unknown*** (trimmed),1,0.002307976366322009
ntkrnlmp.exe!***unknown***,callee,ntkrnlmp.exe!***unknown*** (trimmed),1,0.002307976366322009
ntkrnlmp.exe!***unknown***,callee,ntkrnlmp.exe!***unknown*** (trimmed),1,0.002307976366322009
ntkrnlmp.exe!***unknown***,caller,ntkrnlmp.exe!***unknown***,13,0.030003692762186115
ntkrnlmp.exe!***unknown***,caller,ntkrnlmp.exe!***unknown***,8,0.01846381093057607
ntkrnlmp.exe!***unknown***,caller,ntkrnlmp.exe!***unknown***,5,0.011539881831610045
ntkrnlmp.exe!***unknown***,callee,ntkrnlmp.exe!***unknown***,12,0.027695716395864108
ntkrnlmp.exe!***unknown***,callee,ntkrnlmp.exe!***unknown***,1,0.002307976366322009
ntkrnlmp.exe!***unknown***,caller,ntkrnlmp.exe!***unknown***,5,0.011539881831610045
ntkrnlmp.exe!***unknown***,caller,ntkrnlmp.exe!***unknown***,5,0.011539881831610045
ntkrnlmp.exe!***unknown***,caller,ntkrnlmp.exe!***unknown*** (trimmed),2,0.004615952732644018
ntkrnlmp.exe!***unknown***,caller,ntkrnlmp.exe!***unknown*** (trimmed),1,0.002307976366322009
ntkrnlmp.exe!***unknown***,caller,ntkrnlmp.exe!***unknown***,13,0.030003692762186115
ntdll.dll!***unknown***,caller,ntdll.dll!***unknown***,13,0.030003692762186115
laneflow-urban-harness.exe!rayon_core::latch::impl$11::set,callee,ntdll.dll!***unknown***,13,0.030003692762186115
laneflow-urban-harness.exe!rayon_core::latch::impl$11::set,caller,"laneflow-urban-harness.exe!rayon_core::scope::ScopeBase::execute_job_closure<rayon_core::scope::impl$0::spawn::closure$0::closure_env$0<laneflow_runtime::kernel::execution::impl$4::try_for_each_chunk::closure$0::closure_env$0<enum2$<laneflow_runtime::kernel::conflict_tick::CandidateReport>,laneflow_runtime::kernel::conflict_tick::impl$6::prepare_conflict_candidates_dispatched::closure_env$2> >,tuple$<> >",7,0.01615583456425406
laneflow-urban-harness.exe!rayon_core::latch::impl$11::set,caller,"laneflow-urban-harness.exe!rayon_core::scope::ScopeBase::execute_job_closure<rayon_core::scope::impl$0::spawn::closure$0::closure_env$0<laneflow_runtime::kernel::execution::impl$4::try_for_each_chunk::closure$0::closure_env$0<laneflow_runtime::kernel::tick::VehicleMotionOutcome,laneflow_runtime::kernel::tick::prepare_motion_dispatched::closure_env$0> >,tuple$<> >",5,0.011539881831610045
laneflow-urban-harness.exe!rayon_core::latch::impl$11::set,caller,"laneflow-urban-harness.exe!rayon_core::scope::ScopeBase::execute_job_closure<rayon_core::scope::impl$0::spawn::closure$0::closure_env$0<laneflow_runtime::kernel::execution::impl$4::try_for_each_chunk::closure$0::closure_env$0<laneflow_runtime::kernel::tick::WaitingPreviewEntry,laneflow_runtime::kernel::waiting::prepare_waiting_previews_dispatched::closure_env$0> >,tuple$<> >",1,0.002307976366322009
laneflow-urban-harness.exe!laneflow_static_network::policy::PolicyView::stream_classes,caller,laneflow-urban-harness.exe!laneflow_static_network::policy::PolicyView::stream,7,0.01615583456425406
laneflow-urban-harness.exe!laneflow_static_network::policy::PolicyView::stream_classes,caller,laneflow-urban-harness.exe!laneflow_static_network::policy::PolicyView::yield_targets,6,0.013847858197932054
laneflow-urban-harness.exe!laneflow_runtime::kernel::conflict_tick::ConflictTaskView::waiting_stop_for,caller,laneflow-urban-harness.exe!laneflow_runtime::kernel::conflict_tick::ConflictTaskView::evaluate_candidate,13,0.030003692762186115
laneflow-urban-harness.exe!core::fmt::write,callee,laneflow-urban-harness.exe!std::io::default_write_fmt::impl$0::write_str<std::io::stdio::StderrLock>,5,0.011539881831610045
laneflow-urban-harness.exe!core::fmt::write,callee,laneflow-urban-harness.exe!core::fmt::num::imp::impl$15::fmt (trimmed),4,0.009231905465288036
laneflow-urban-harness.exe!core::fmt::write,callee,laneflow-urban-harness.exe!core::fmt::num::impl$16::fmt (trimmed),3,0.006923929098966027
laneflow-urban-harness.exe!core::fmt::write,callee,laneflow-urban-harness.exe!std::io::default_write_fmt::impl$0::write_str<std::io::buffered::bufwriter::BufWriter<std::fs::File> > (trimmed),1,0.002307976366322009
laneflow-urban-harness.exe!core::fmt::write,caller,laneflow-urban-harness.exe!std::io::stdio::impl$26::write_fmt,7,0.01615583456425406
laneflow-urban-harness.exe!core::fmt::write,caller,laneflow-urban-harness.exe!std::io::Write::write_fmt<std::io::buffered::bufwriter::BufWriter<std::fs::File> > (trimmed),3,0.006923929098966027
laneflow-urban-harness.exe!core::fmt::write,caller,laneflow-urban-harness.exe!alloc::fmt::format::format_inner (trimmed),3,0.006923929098966027
dxgmms2.sys!***unknown***,callee,dxgmms2.sys!***unknown***,11,0.025387740029542097
dxgmms2.sys!***unknown***,callee,dxgmms2.sys!***unknown*** (trimmed),1,0.002307976366322009
dxgmms2.sys!***unknown***,callee,dxgmms2.sys!***unknown*** (trimmed),1,0.002307976366322009
dxgmms2.sys!***unknown***,caller,dxgmms2.sys!***unknown***,13,0.030003692762186115
dxgmms2.sys!***unknown***,callee,dxgmms2.sys!***unknown***,10,0.02307976366322009
dxgmms2.sys!***unknown***,callee,dxgmms2.sys!***unknown*** (trimmed),3,0.006923929098966027
dxgmms2.sys!***unknown***,caller,dxgmms2.sys!***unknown***,11,0.025387740029542097
dxgmms2.sys!***unknown***,caller,dxgmms2.sys!***unknown*** (trimmed),2,0.004615952732644018
wdf01000.sys!***unknown***,callee,bthusb.sys!***unknown***,6,0.013847858197932054
wdf01000.sys!***unknown***,callee,bthport.sys!***unknown***,6,0.013847858197932054
wdf01000.sys!***unknown***,caller,wdf01000.sys!***unknown***,12,0.027695716395864108
nvlddmkm.sys!***unknown***,callee,nvlddmkm.sys!***unknown***,5,0.011539881831610045
nvlddmkm.sys!***unknown***,callee,nvlddmkm.sys!***unknown*** (trimmed),4,0.009231905465288036
nvlddmkm.sys!***unknown***,callee,nvlddmkm.sys!***unknown*** (trimmed),1,0.002307976366322009
nvlddmkm.sys!***unknown***,callee,nvlddmkm.sys!***unknown*** (trimmed),1,0.002307976366322009
nvlddmkm.sys!***unknown***,callee,nvlddmkm.sys!***unknown*** (trimmed),1,0.002307976366322009
nvlddmkm.sys!***unknown***,caller,nvlddmkm.sys!***unknown***,12,0.027695716395864108
nvlddmkm.sys!***unknown***,callee,nvlddmkm.sys!***unknown***,11,0.025387740029542097
nvlddmkm.sys!***unknown***,callee,nvlddmkm.sys!***unknown*** (trimmed),1,0.002307976366322009
nvlddmkm.sys!***unknown***,caller,nvlddmkm.sys!***unknown***,12,0.027695716395864108
nvlddmkm.sys!***unknown***,callee,nvlddmkm.sys!***unknown***,11,0.025387740029542097
nvlddmkm.sys!***unknown***,callee,nvlddmkm.sys!***unknown***,1,0.002307976366322009
nvlddmkm.sys!***unknown***,caller,nvlddmkm.sys!***unknown***,12,0.027695716395864108
nvlddmkm.sys!***unknown***,callee,nvlddmkm.sys!***unknown***,11,0.025387740029542097
nvlddmkm.sys!***unknown***,callee,nvlddmkm.sys!***unknown*** (trimmed),1,0.002307976366322009
nvlddmkm.sys!***unknown***,caller,nvlddmkm.sys!***unknown***,4,0.009231905465288036
nvlddmkm.sys!***unknown***,caller,nvlddmkm.sys!***unknown*** (trimmed),3,0.006923929098966027
nvlddmkm.sys!***unknown***,caller,nvlddmkm.sys!***unknown*** (trimmed),2,0.004615952732644018
nvlddmkm.sys!***unknown***,caller,nvlddmkm.sys!***unknown***,1,0.002307976366322009
nvlddmkm.sys!***unknown***,caller,nvlddmkm.sys!***unknown***,1,0.002307976366322009
nvlddmkm.sys!***unknown***,caller,nvlddmkm.sys!***unknown*** (trimmed),1,0.002307976366322009
nvlddmkm.sys!***unknown***,callee,nvlddmkm.sys!***unknown*** (trimmed),4,0.009231905465288036
nvlddmkm.sys!***unknown***,callee,nvlddmkm.sys!***unknown*** (trimmed),4,0.009231905465288036
nvlddmkm.sys!***unknown***,callee,nvlddmkm.sys!***unknown*** (trimmed),3,0.006923929098966027
nvlddmkm.sys!***unknown***,callee,nvlddmkm.sys!***unknown*** (trimmed),1,0.002307976366322009
nvlddmkm.sys!***unknown***,caller,nvlddmkm.sys!***unknown***,12,0.027695716395864108
nvlddmkm.sys!***unknown***,callee,nvlddmkm.sys!***unknown***,8,0.01846381093057607
nvlddmkm.sys!***unknown***,callee,nvlddmkm.sys!***unknown***,4,0.009231905465288036
nvlddmkm.sys!***unknown***,caller,ntkrnlmp.exe!***unknown***,12,0.027695716395864108
ntkrnlmp.exe!***unknown***,caller,ntkrnlmp.exe!***unknown***,12,0.027695716395864108
ntkrnlmp.exe!***unknown***,callee,ntkrnlmp.exe!***unknown***,7,0.01615583456425406
ntkrnlmp.exe!***unknown***,callee,ntkrnlmp.exe!***unknown*** (trimmed),4,0.009231905465288036
ntkrnlmp.exe!***unknown***,callee,ntkrnlmp.exe!***unknown*** (trimmed),1,0.002307976366322009
ntkrnlmp.exe!***unknown***,caller,ntkrnlmp.exe!***unknown***,12,0.027695716395864108
ntkrnlmp.exe!***unknown***,callee,ntkrnlmp.exe!***unknown***,6,0.013847858197932054
ntkrnlmp.exe!***unknown***,callee,ntkrnlmp.exe!***unknown*** (trimmed),2,0.004615952732644018
ntkrnlmp.exe!***unknown***,callee,ntkrnlmp.exe!***unknown*** (trimmed),1,0.002307976366322009
ntkrnlmp.exe!***unknown***,callee,ntkrnlmp.exe!***unknown*** (trimmed),1,0.002307976366322009
ntkrnlmp.exe!***unknown***,callee,ntkrnlmp.exe!***unknown*** (trimmed),1,0.002307976366322009
ntkrnlmp.exe!***unknown***,callee,ntkrnlmp.exe!***unknown*** (trimmed),1,0.002307976366322009
ntkrnlmp.exe!***unknown***,caller,ntkrnlmp.exe!***unknown***,11,0.025387740029542097
ntkrnlmp.exe!***unknown***,caller,ntkrnlmp.exe!***unknown*** (trimmed),1,0.002307976366322009
ntkrnlmp.exe!***unknown***,callee,ntkrnlmp.exe!***unknown*** (trimmed),3,0.006923929098966027
ntkrnlmp.exe!***unknown***,callee,ntkrnlmp.exe!***unknown*** (trimmed),3,0.006923929098966027
ntkrnlmp.exe!***unknown***,callee,ntkrnlmp.exe!***unknown*** (trimmed),2,0.004615952732644018
ntkrnlmp.exe!***unknown***,callee,ntkrnlmp.exe!***unknown*** (trimmed),1,0.002307976366322009
ntkrnlmp.exe!***unknown***,callee,ntkrnlmp.exe!***unknown*** (trimmed),1,0.002307976366322009
ntkrnlmp.exe!***unknown***,callee,ntkrnlmp.exe!***unknown*** (trimmed),1,0.002307976366322009
ntkrnlmp.exe!***unknown***,callee,ntkrnlmp.exe!***unknown*** (trimmed),1,0.002307976366322009
ntkrnlmp.exe!***unknown***,caller,ntkrnlmp.exe!***unknown***,12,0.027695716395864108
ntkrnlmp.exe!***unknown***,callee,ntkrnlmp.exe!***unknown***,8,0.01846381093057607
ntkrnlmp.exe!***unknown***,callee,ntkrnlmp.exe!***unknown*** (trimmed),1,0.002307976366322009
ntkrnlmp.exe!***unknown***,callee,ntkrnlmp.exe!***unknown*** (trimmed),1,0.002307976366322009
ntkrnlmp.exe!***unknown***,callee,ntkrnlmp.exe!***unknown*** (trimmed),1,0.002307976366322009
ntkrnlmp.exe!***unknown***,callee,ntkrnlmp.exe!***unknown*** (trimmed),1,0.002307976366322009
ntkrnlmp.exe!***unknown***,caller,ntkrnlmp.exe!***unknown***,12,0.027695716395864108
ntkrnlmp.exe!***unknown***,callee,ntkrnlmp.exe!***unknown***,9,0.02077178729689808
ntkrnlmp.exe!***unknown***,callee,ntkrnlmp.exe!***unknown*** (trimmed),1,0.002307976366322009
ntkrnlmp.exe!***unknown***,callee,ntkrnlmp.exe!***unknown*** (trimmed),1,0.002307976366322009
ntkrnlmp.exe!***unknown***,callee,ntkrnlmp.exe!***unknown*** (trimmed),1,0.002307976366322009
ntkrnlmp.exe!***unknown***,caller,ntkrnlmp.exe!***unknown***,12,0.027695716395864108
ntkrnlmp.exe!***unknown***,callee,ntkrnlmp.exe!***unknown***,12,0.027695716395864108
ntkrnlmp.exe!***unknown***,caller,dxgmms2.sys!***unknown***,8,0.01846381093057607
ntkrnlmp.exe!***unknown***,caller,dxgmms2.sys!***unknown*** (trimmed),3,0.006923929098966027
ntkrnlmp.exe!***unknown***,caller,dxgmms2.sys!***unknown*** (trimmed),1,0.002307976366322009
ntkrnlmp.exe!***unknown***,callee,ntkrnlmp.exe!***unknown***,12,0.027695716395864108
ntkrnlmp.exe!***unknown***,caller,ntkrnlmp.exe!***unknown***,12,0.027695716395864108
ntdll.dll!***unknown***,caller,ntdll.dll!***unknown***,12,0.027695716395864108
ntdll.dll!***unknown***,caller,ntdll.dll!***unknown***,12,0.027695716395864108
ntdll.dll!***unknown***,caller,ntdll.dll!***unknown***,12,0.027695716395864108
ntdll.dll!***unknown***,caller,ntdll.dll!***unknown***,12,0.027695716395864108
ntdll.dll!***unknown***,caller,ntdll.dll!***unknown***,12,0.027695716395864108
ntdll.dll!***unknown***,caller,ntdll.dll!***unknown***,12,0.027695716395864108
ntdll.dll!***unknown***,callee,ntdll.dll!***unknown*** (trimmed),2,0.004615952732644018
ntdll.dll!***unknown***,callee,ntdll.dll!***unknown*** (trimmed),2,0.004615952732644018
ntdll.dll!***unknown***,callee,ntdll.dll!***unknown*** (trimmed),2,0.004615952732644018
ntdll.dll!***unknown***,callee,ntdll.dll!***unknown*** (trimmed),1,0.002307976366322009
ntdll.dll!***unknown***,callee,ntdll.dll!***unknown*** (trimmed),1,0.002307976366322009
ntdll.dll!***unknown***,callee,ntdll.dll!***unknown*** (trimmed),1,0.002307976366322009
ntdll.dll!***unknown***,callee,ntdll.dll!***unknown*** (trimmed),1,0.002307976366322009
ntdll.dll!***unknown***,callee,ntdll.dll!***unknown*** (trimmed),1,0.002307976366322009
ntdll.dll!***unknown***,callee,ntdll.dll!***unknown*** (trimmed),1,0.002307976366322009
ntdll.dll!***unknown***,caller,ntdll.dll!***unknown***,12,0.027695716395864108
ntdll.dll!***unknown***,callee,ntdll.dll!***unknown***,12,0.027695716395864108
ntdll.dll!***unknown***,caller,ntdll.dll!***unknown***,12,0.027695716395864108
mtkwl6ex.sys!***unknown***,callee,mtkwl6ex.sys!***unknown***,7,0.01615583456425406
mtkwl6ex.sys!***unknown***,callee,mtkwl6ex.sys!***unknown*** (trimmed),3,0.006923929098966027
mtkwl6ex.sys!***unknown***,callee,mtkwl6ex.sys!***unknown*** (trimmed),1,0.002307976366322009
mtkwl6ex.sys!***unknown***,callee,mtkwl6ex.sys!***unknown*** (trimmed),1,0.002307976366322009
mtkwl6ex.sys!***unknown***,caller,mtkwl6ex.sys!***unknown*** (trimmed),2,0.004615952732644018
mtkwl6ex.sys!***unknown***,caller,mtkwl6ex.sys!***unknown*** (trimmed),2,0.004615952732644018
mtkwl6ex.sys!***unknown***,caller,mtkwl6ex.sys!***unknown*** (trimmed),2,0.004615952732644018
mtkwl6ex.sys!***unknown***,caller,mtkwl6ex.sys!***unknown*** (trimmed),2,0.004615952732644018
mtkwl6ex.sys!***unknown***,caller,mtkwl6ex.sys!***unknown*** (trimmed),1,0.002307976366322009
mtkwl6ex.sys!***unknown***,caller,mtkwl6ex.sys!***unknown*** (trimmed),1,0.002307976366322009
mtkwl6ex.sys!***unknown***,caller,mtkwl6ex.sys!***unknown*** (trimmed),1,0.002307976366322009
mtkwl6ex.sys!***unknown***,caller,mtkwl6ex.sys!***unknown*** (trimmed),1,0.002307976366322009
laneflow-urban-harness.exe!laneflow_urban_harness::runner::Harness::enqueue,callee,ntkrnlmp.exe!***unknown***,2,0.004615952732644018
laneflow-urban-harness.exe!laneflow_urban_harness::runner::Harness::enqueue,callee,"laneflow-urban-harness.exe!alloc::raw_vec::RawVec<laneflow_urban_harness::plan::LifecycleBurst,alloc::alloc::Global>::grow_one<laneflow_urban_harness::plan::LifecycleBurst,alloc::alloc::Global> (trimmed)",1,0.002307976366322009
laneflow-urban-harness.exe!laneflow_urban_harness::runner::Harness::enqueue,caller,laneflow-urban-harness.exe!laneflow_urban_harness::runner::Harness::execute,12,0.027695716395864108
laneflow-urban-harness.exe!laneflow_static_network::policy::PolicyView::stream,callee,laneflow-urban-harness.exe!laneflow_static_network::policy::PolicyView::stream_classes,7,0.01615583456425406
laneflow-urban-harness.exe!laneflow_static_network::policy::PolicyView::stream,caller,laneflow-urban-harness.exe!laneflow_runtime::kernel::conflict_tick::ConflictTaskView::collect_occurrence_fields,12,0.027695716395864108
"laneflow-urban-harness.exe!hashbrown::map::HashMap<u32,bool,std::hash::random::RandomState,alloc::alloc::Global>::insert<u32,bool,std::hash::random::RandomState,alloc::alloc::Global>",callee,"laneflow-urban-harness.exe!core::hash::BuildHasher::hash_one<std::hash::random::RandomState,ref$<u32> >",6,0.013847858197932054
"laneflow-urban-harness.exe!hashbrown::map::HashMap<u32,bool,std::hash::random::RandomState,alloc::alloc::Global>::insert<u32,bool,std::hash::random::RandomState,alloc::alloc::Global>",caller,laneflow-urban-harness.exe!laneflow_urban_harness::observe::red_waiters,12,0.027695716395864108
wdf01000.sys!***unknown***,callee,wdf01000.sys!***unknown***,6,0.013847858197932054
wdf01000.sys!***unknown***,callee,wdf01000.sys!***unknown***,5,0.011539881831610045
wdf01000.sys!***unknown***,caller,wdf01000.sys!***unknown***,6,0.013847858197932054
wdf01000.sys!***unknown***,caller,wdf01000.sys!***unknown***,5,0.011539881831610045
vcruntime140.dll!***unknown***,caller,"laneflow-urban-harness.exe!rayon_core::scope::ScopeBase::execute_job_closure<rayon_core::scope::impl$0::spawn::closure$0::closure_env$0<laneflow_runtime::kernel::execution::impl$4::try_for_each_chunk::closure$0::closure_env$0<laneflow_runtime::kernel::tick::VehicleMotionOutcome,laneflow_runtime::kernel::tick::prepare_motion_dispatched::closure_env$0> >,tuple$<> >",4,0.009231905465288036
vcruntime140.dll!***unknown***,caller,"laneflow-urban-harness.exe!enum2$<laneflow_runtime::kernel::execution::ExecutionResources>::try_for_each_chunk<laneflow_runtime::kernel::tick::VehicleMotionOutcome,laneflow_runtime::kernel::tick::prepare_motion_dispatched::closure_env$0>",3,0.006923929098966027
vcruntime140.dll!***unknown***,caller,"laneflow-urban-harness.exe!rayon_core::scope::ScopeBase::execute_job_closure<rayon_core::scope::impl$0::spawn::closure$0::closure_env$0<laneflow_runtime::kernel::execution::impl$4::try_for_each_chunk::closure$0::closure_env$0<laneflow_runtime::kernel::tick::WaitingPreviewEntry,laneflow_runtime::kernel::waiting::prepare_waiting_previews_dispatched::closure_env$0> >,tuple$<> >",2,0.004615952732644018
vcruntime140.dll!***unknown***,caller,"laneflow-urban-harness.exe!enum2$<laneflow_runtime::kernel::execution::ExecutionResources>::try_for_each_chunk<laneflow_runtime::kernel::tick::WaitingPreviewEntry,laneflow_runtime::kernel::waiting::prepare_waiting_previews_dispatched::closure_env$0>",1,0.002307976366322009
vcruntime140.dll!***unknown***,caller,"laneflow-urban-harness.exe!core::slice::sort::shared::smallsort::insertion_sort_shift_left<laneflow_runtime::kernel::conflict_tick::ConflictCandidate,core::slice::impl$0::sort_unstable_by_key::closure_env$0<laneflow_runtime::kernel::conflict_tick::ConflictCandidate,tuple$<laneflow_runtime::kernel::conflict::ConflictCandidateOrderKey,u32>,laneflow_runtime::kernel::conflict_tick::impl$6::prepare_conflict_candidates::closure_env$1> >",1,0.002307976366322009
vcruntime140.dll!***unknown***,caller,"laneflow-urban-harness.exe!enum2$<laneflow_runtime::kernel::execution::ExecutionResources>::try_for_each_chunk<laneflow_runtime::kernel::tick::VehicleMotionOutcome,laneflow_runtime::kernel::tick::prepare_motion_dispatched::closure_env$0>",4,0.009231905465288036
vcruntime140.dll!***unknown***,caller,"laneflow-urban-harness.exe!rayon_core::scope::ScopeBase::execute_job_closure<rayon_core::scope::impl$0::spawn::closure$0::closure_env$0<laneflow_runtime::kernel::execution::impl$4::try_for_each_chunk::closure$0::closure_env$0<laneflow_runtime::kernel::tick::VehicleMotionOutcome,laneflow_runtime::kernel::tick::prepare_motion_dispatched::closure_env$0> >,tuple$<> >",2,0.004615952732644018
vcruntime140.dll!***unknown***,caller,"laneflow-urban-harness.exe!rayon_core::scope::ScopeBase::execute_job_closure<rayon_core::scope::impl$0::spawn::closure$0::closure_env$0<laneflow_runtime::kernel::execution::impl$4::try_for_each_chunk::closure$0::closure_env$0<laneflow_runtime::kernel::tick::WaitingPreviewEntry,laneflow_runtime::kernel::waiting::prepare_waiting_previews_dispatched::closure_env$0> >,tuple$<> >",1,0.002307976366322009
vcruntime140.dll!***unknown***,caller,"laneflow-urban-harness.exe!enum2$<laneflow_runtime::kernel::execution::ExecutionResources>::try_for_each_chunk<laneflow_runtime::kernel::tick::WaitingPreviewEntry,laneflow_runtime::kernel::waiting::prepare_waiting_previews_dispatched::closure_env$0>",1,0.002307976366322009
vcruntime140.dll!***unknown***,caller,"laneflow-urban-harness.exe!laneflow_runtime::kernel::execution::run_dispatch_chunk<enum2$<laneflow_runtime::kernel::conflict_tick::CandidateReport>,laneflow_runtime::kernel::conflict_tick::impl$6::prepare_conflict_candidates_dispatched::closure_env$2>",1,0.002307976366322009
vcruntime140.dll!***unknown***,caller,"laneflow-urban-harness.exe!core::slice::sort::shared::smallsort::insertion_sort_shift_left<laneflow_runtime::kernel::conflict_tick::ConflictCandidate,core::slice::impl$0::sort_unstable_by_key::closure_env$0<laneflow_runtime::kernel::conflict_tick::ConflictCandidate,tuple$<laneflow_runtime::kernel::conflict::ConflictCandidateOrderKey,u32>,laneflow_runtime::kernel::conflict_tick::impl$6::prepare_conflict_candidates::closure_env$1> >",1,0.002307976366322009
vcruntime140.dll!***unknown***,caller,"laneflow-urban-harness.exe!core::slice::sort::unstable::quicksort::quicksort<laneflow_runtime::kernel::conflict_tick::ConflictCandidate,core::slice::impl$0::sort_unstable_by_key::closure_env$0<laneflow_runtime::kernel::conflict_tick::ConflictCandidate,tuple$<laneflow_runtime::kernel::conflict::ConflictCandidateOrderKey,u32>,laneflow_runtime::kernel::conflict_tick::impl$6::prepare_conflict_candidates::closure_env$1> >",1,0.002307976366322009
nvlddmkm.sys!***unknown***,callee,nvlddmkm.sys!***unknown***,5,0.011539881831610045
nvlddmkm.sys!***unknown***,callee,nvlddmkm.sys!***unknown*** (trimmed),3,0.006923929098966027
nvlddmkm.sys!***unknown***,callee,nvlddmkm.sys!***unknown*** (trimmed),1,0.002307976366322009
nvlddmkm.sys!***unknown***,callee,nvlddmkm.sys!***unknown*** (trimmed),1,0.002307976366322009
nvlddmkm.sys!***unknown***,callee,nvlddmkm.sys!***unknown*** (trimmed),1,0.002307976366322009
nvlddmkm.sys!***unknown***,caller,nvlddmkm.sys!***unknown***,11,0.025387740029542097
nvlddmkm.sys!***unknown***,callee,ntkrnlmp.exe!***unknown***,7,0.01615583456425406
nvlddmkm.sys!***unknown***,callee,ntkrnlmp.exe!***unknown***,4,0.009231905465288036
nvlddmkm.sys!***unknown***,caller,nvlddmkm.sys!***unknown***,11,0.025387740029542097
ntkrnlmp.exe!***unknown***,callee,ntkrnlmp.exe!***unknown***,6,0.013847858197932054
ntkrnlmp.exe!***unknown***,callee,ntkrnlmp.exe!***unknown*** (trimmed),2,0.004615952732644018
ntkrnlmp.exe!***unknown***,callee,ntkrnlmp.exe!***unknown*** (trimmed),1,0.002307976366322009
ntkrnlmp.exe!***unknown***,caller,ntkrnlmp.exe!***unknown***,8,0.01846381093057607
ntkrnlmp.exe!***unknown***,caller,ntkrnlmp.exe!***unknown*** (trimmed),2,0.004615952732644018
ntkrnlmp.exe!***unknown***,caller,ntkrnlmp.exe!***unknown*** (trimmed),1,0.002307976366322009
ntkrnlmp.exe!***unknown***,callee,ntkrnlmp.exe!***unknown***,6,0.013847858197932054
ntkrnlmp.exe!***unknown***,callee,ntkrnlmp.exe!***unknown*** (trimmed),3,0.006923929098966027
ntkrnlmp.exe!***unknown***,callee,ntkrnlmp.exe!***unknown*** (trimmed),1,0.002307976366322009
ntkrnlmp.exe!***unknown***,callee,ntkrnlmp.exe!***unknown*** (trimmed),1,0.002307976366322009
ntkrnlmp.exe!***unknown***,caller,ntkrnlmp.exe!***unknown***,4,0.009231905465288036
ntkrnlmp.exe!***unknown***,caller,ntkrnlmp.exe!***unknown***,3,0.006923929098966027
ntkrnlmp.exe!***unknown***,caller,ntkrnlmp.exe!***unknown***,2,0.004615952732644018
ntkrnlmp.exe!***unknown***,caller,ntkrnlmp.exe!***unknown***,2,0.004615952732644018
ntkrnlmp.exe!***unknown***,callee,ntkrnlmp.exe!***unknown***,10,0.02307976366322009
ntkrnlmp.exe!***unknown***,callee,ntkrnlmp.exe!***unknown*** (trimmed),1,0.002307976366322009
ntkrnlmp.exe!***unknown***,caller,ntkrnlmp.exe!***unknown***,8,0.01846381093057607
ntkrnlmp.exe!***unknown***,caller,ntkrnlmp.exe!***unknown***,3,0.006923929098966027
ntkrnlmp.exe!***unknown***,callee,ntkrnlmp.exe!***unknown***,6,0.013847858197932054
ntkrnlmp.exe!***unknown***,callee,ntkrnlmp.exe!***unknown*** (trimmed),2,0.004615952732644018
ntkrnlmp.exe!***unknown***,callee,ntkrnlmp.exe!***unknown*** (trimmed),1,0.002307976366322009
ntkrnlmp.exe!***unknown***,callee,ntkrnlmp.exe!***unknown*** (trimmed),1,0.002307976366322009
ntkrnlmp.exe!***unknown***,callee,ntkrnlmp.exe!***unknown*** (trimmed),1,0.002307976366322009
ntkrnlmp.exe!***unknown***,caller,ntkrnlmp.exe!***unknown***,10,0.02307976366322009
ntkrnlmp.exe!***unknown***,caller,ntkrnlmp.exe!***unknown*** (trimmed),1,0.002307976366322009
ntkrnlmp.exe!***unknown***,caller,ntkrnlmp.exe!***unknown***,11,0.025387740029542097
ntdll.dll!***unknown***,caller,ntdll.dll!***unknown***,11,0.025387740029542097
msgpioclx.sys!***unknown***,callee,msgpioclx.sys!***unknown***,7,0.01615583456425406
msgpioclx.sys!***unknown***,callee,msgpioclx.sys!***unknown*** (trimmed),4,0.009231905465288036
msgpioclx.sys!***unknown***,caller,msgpioclx.sys!***unknown***,11,0.025387740029542097
msgpioclx.sys!***unknown***,callee,msgpioclx.sys!***unknown***,11,0.025387740029542097
msgpioclx.sys!***unknown***,caller,wdf01000.sys!***unknown***,11,0.025387740029542097
laneflow-urban-harness.exe!laneflow_runtime::kernel::phase::StepReadView::preview_active_vehicle_with_waiting_stop,callee,laneflow-urban-harness.exe!laneflow_runtime::kernel::phase::StepReadView::calculate_active_vehicle_motion,8,0.01846381093057607
laneflow-urban-harness.exe!laneflow_runtime::kernel::phase::StepReadView::preview_active_vehicle_with_waiting_stop,callee,"laneflow-urban-harness.exe!hashbrown::map::HashMap<laneflow_runtime::kernel::handle::VehicleHandle,enum2$<laneflow_runtime::kernel::parking::ParkingBinding>,std::hash::random::RandomState,alloc::alloc::Global>::get<laneflow_runtime::kernel::handle::VehicleHandle,enum2$<laneflow_runtime::kernel::parking::ParkingBinding>,std::hash::random::RandomState,alloc::alloc::Global,laneflow_runtime::kernel::handle::VehicleHandle>",3,0.006923929098966027
laneflow-urban-harness.exe!laneflow_runtime::kernel::phase::StepReadView::preview_active_vehicle_with_waiting_stop,caller,laneflow-urban-harness.exe!laneflow_runtime::kernel::phase::StepReadView::waiting_preview_entry,11,0.025387740029542097
laneflow-urban-harness.exe!laneflow_runtime::kernel::conflict_tick::ConflictSchedule::prepare,callee,"laneflow-urban-harness.exe!alloc::collections::binary_heap::BinaryHeap<core::cmp::Reverse<laneflow_runtime::kernel::conflict_tick::ReadyCandidate>,alloc::alloc::Global>::push<core::cmp::Reverse<laneflow_runtime::kernel::conflict_tick::ReadyCandidate>,alloc::alloc::Global>",10,0.02307976366322009
laneflow-urban-harness.exe!laneflow_runtime::kernel::conflict_tick::ConflictSchedule::prepare,caller,laneflow-urban-harness.exe!laneflow_runtime::kernel::phase::StepWorkspace::stage_vehicle_transitions,11,0.025387740029542097
laneflow-urban-harness.exe!compiler_builtins::int::udiv::__umodti3::__umodti3,caller,laneflow-urban-harness.exe!laneflow_runtime::kernel::world::fill_signal_aspects,11,0.025387740029542097
dxgmms2.sys!***unknown***,callee,ntkrnlmp.exe!***unknown***,11,0.025387740029542097
dxgmms2.sys!***unknown***,caller,dxgmms2.sys!***unknown***,11,0.025387740029542097
dxgmms2.sys!***unknown***,callee,dxgmms2.sys!***unknown***,11,0.025387740029542097
dxgmms2.sys!***unknown***,caller,dxgmms2.sys!***unknown***,11,0.025387740029542097
wdf01000.sys!***unknown***,callee,wdf01000.sys!***unknown***,6,0.013847858197932054
wdf01000.sys!***unknown***,callee,wdf01000.sys!***unknown*** (trimmed),4,0.009231905465288036
wdf01000.sys!***unknown***,caller,bthport.sys!***unknown***,6,0.013847858197932054
wdf01000.sys!***unknown***,caller,bthusb.sys!***unknown*** (trimmed),4,0.009231905465288036
nvlddmkm.sys!***unknown***,callee,nvlddmkm.sys!***unknown***,9,0.02077178729689808
nvlddmkm.sys!***unknown***,callee,nvlddmkm.sys!***unknown***,1,0.002307976366322009
nvlddmkm.sys!***unknown***,caller,nvlddmkm.sys!***unknown***,5,0.011539881831610045
nvlddmkm.sys!***unknown***,caller,nvlddmkm.sys!***unknown***,4,0.009231905465288036
nvlddmkm.sys!***unknown***,caller,nvlddmkm.sys!***unknown***,1,0.002307976366322009
nvlddmkm.sys!***unknown***,callee,ntkrnlmp.exe!***unknown***,6,0.013847858197932054
nvlddmkm.sys!***unknown***,callee,ntkrnlmp.exe!***unknown***,2,0.004615952732644018
nvlddmkm.sys!***unknown***,callee,nvlddmkm.sys!***unknown***,2,0.004615952732644018
nvlddmkm.sys!***unknown***,caller,nvlddmkm.sys!***unknown***,10,0.02307976366322009
nvlddmkm.sys!***unknown***,callee,nvlddmkm.sys!***unknown***,5,0.011539881831610045
nvlddmkm.sys!***unknown***,callee,nvlddmkm.sys!***unknown***,4,0.009231905465288036
nvlddmkm.sys!***unknown***,callee,nvlddmkm.sys!***unknown*** (trimmed),1,0.002307976366322009
nvlddmkm.sys!***unknown***,caller,nvlddmkm.sys!***unknown***,10,0.02307976366322009
ntkrnlmp.exe!***unknown***,callee,ntkrnlmp.exe!***unknown*** (trimmed),2,0.004615952732644018
ntkrnlmp.exe!***unknown***,callee,ntkrnlmp.exe!***unknown*** (trimmed),1,0.002307976366322009
ntkrnlmp.exe!***unknown***,caller,ntkrnlmp.exe!***unknown***,10,0.02307976366322009
ntkrnlmp.exe!***unknown***,callee,ntkrnlmp.exe!***unknown*** (trimmed),3,0.006923929098966027
ntkrnlmp.exe!***unknown***,callee,ntkrnlmp.exe!***unknown*** (trimmed),2,0.004615952732644018
ntkrnlmp.exe!***unknown***,callee,ntkrnlmp.exe!***unknown*** (trimmed),1,0.002307976366322009
ntkrnlmp.exe!***unknown***,callee,ntkrnlmp.exe!***unknown*** (trimmed),1,0.002307976366322009
ntkrnlmp.exe!***unknown***,caller,ntkrnlmp.exe!***unknown***,6,0.013847858197932054
ntkrnlmp.exe!***unknown***,caller,ntkrnlmp.exe!***unknown***,4,0.009231905465288036
ntkrnlmp.exe!***unknown***,callee,ntkrnlmp.exe!***unknown*** (trimmed),2,0.004615952732644018
ntkrnlmp.exe!***unknown***,callee,ntkrnlmp.exe!***unknown*** (trimmed),2,0.004615952732644018
ntkrnlmp.exe!***unknown***,callee,ntkrnlmp.exe!***unknown*** (trimmed),2,0.004615952732644018
ntkrnlmp.exe!***unknown***,callee,ntkrnlmp.exe!***unknown*** (trimmed),1,0.002307976366322009
ntkrnlmp.exe!***unknown***,callee,ntkrnlmp.exe!***unknown*** (trimmed),1,0.002307976366322009
ntkrnlmp.exe!***unknown***,callee,ntkrnlmp.exe!***unknown*** (trimmed),1,0.002307976366322009
ntkrnlmp.exe!***unknown***,callee,ntkrnlmp.exe!***unknown*** (trimmed),1,0.002307976366322009
ntkrnlmp.exe!***unknown***,caller,ntkrnlmp.exe!***unknown***,10,0.02307976366322009
ntkrnlmp.exe!***unknown***,callee,ntkrnlmp.exe!***unknown***,9,0.02077178729689808
ntkrnlmp.exe!***unknown***,callee,ntkrnlmp.exe!***unknown*** (trimmed),1,0.002307976366322009
ntkrnlmp.exe!***unknown***,caller,ntkrnlmp.exe!***unknown***,10,0.02307976366322009
ntkrnlmp.exe!***unknown***,callee,ntkrnlmp.exe!***unknown***,10,0.02307976366322009
ntkrnlmp.exe!***unknown***,caller,ntkrnlmp.exe!***unknown***,10,0.02307976366322009
ntkrnlmp.exe!***unknown***,callee,ntkrnlmp.exe!***unknown***,10,0.02307976366322009
ntkrnlmp.exe!***unknown***,caller,ntkrnlmp.exe!***unknown***,10,0.02307976366322009
ntkrnlmp.exe!***unknown***,callee,ntkrnlmp.exe!***unknown***,1,0.002307976366322009
ntkrnlmp.exe!***unknown***,caller,ntkrnlmp.exe!***unknown***,10,0.02307976366322009
ntkrnlmp.exe!***unknown***,callee,ntkrnlmp.exe!***unknown***,10,0.02307976366322009
ntkrnlmp.exe!***unknown***,caller,ntkrnlmp.exe!***unknown***,10,0.02307976366322009
ntdll.dll!***unknown***,caller,ntdll.dll!***unknown***,10,0.02307976366322009
laneflow-urban-harness.exe!laneflow_runtime::kernel::phase::StepReadView::reservation_downstream_claim_plan,callee,laneflow-urban-harness.exe!laneflow_runtime::kernel::conflict::downstream_claim_target (trimmed),4,0.009231905465288036
laneflow-urban-harness.exe!laneflow_runtime::kernel::phase::StepReadView::reservation_downstream_claim_plan,caller,laneflow-urban-harness.exe!laneflow_runtime::kernel::conflict_tick::ConflictTaskView::downstream_plan_prechecks,10,0.02307976366322009
laneflow-urban-harness.exe!laneflow_runtime::kernel::downstream_index::DownstreamIndex::refresh,caller,laneflow-urban-harness.exe!laneflow_runtime::kernel::downstream_index::DownstreamIndex::insert_at,8,0.01846381093057607
laneflow-urban-harness.exe!laneflow_runtime::kernel::downstream_index::DownstreamIndex::refresh,caller,laneflow-urban-harness.exe!laneflow_runtime::kernel::downstream_index::DownstreamIndex::rotate_left (trimmed),1,0.002307976366322009
laneflow-urban-harness.exe!laneflow_runtime::kernel::downstream_index::DownstreamIndex::refresh,caller,laneflow-urban-harness.exe!laneflow_runtime::kernel::downstream_index::DownstreamIndex::rotate_right (trimmed),1,0.002307976366322009
laneflow-urban-harness.exe!laneflow_runtime::facade::TrafficWorld::parking_facility_counts,callee,laneflow-urban-harness.exe!laneflow_runtime::kernel::state::WorldState::parking_facility_counts,8,0.01846381093057607
laneflow-urban-harness.exe!laneflow_runtime::facade::TrafficWorld::parking_facility_counts,caller,laneflow-urban-harness.exe!laneflow_urban_harness::observe::parking_invariants,10,0.02307976366322009
"laneflow-urban-harness.exe!alloc::collections::btree::map::impl$0::drop<u32,u8,alloc::alloc::Global>",callee,ntdll.dll!***unknown***,4,0.009231905465288036
"laneflow-urban-harness.exe!alloc::collections::btree::map::impl$0::drop<u32,u8,alloc::alloc::Global>",caller,laneflow-urban-harness.exe!laneflow_urban_harness::runner::Harness::advance,10,0.02307976366322009
"laneflow-urban-harness.exe!alloc::collections::binary_heap::BinaryHeap<core::cmp::Reverse<laneflow_runtime::kernel::conflict_tick::ReadyCandidate>,alloc::alloc::Global>::push<core::cmp::Reverse<laneflow_runtime::kernel::conflict_tick::ReadyCandidate>,alloc::alloc::Global>",caller,laneflow-urban-harness.exe!laneflow_runtime::kernel::conflict_tick::ConflictSchedule::prepare,10,0.02307976366322009
dxgmms2.sys!***unknown***,callee,dxgmms2.sys!***unknown*** (trimmed),3,0.006923929098966027
dxgmms2.sys!***unknown***,callee,dxgmms2.sys!***unknown*** (trimmed),1,0.002307976366322009
dxgmms2.sys!***unknown***,callee,dxgmms2.sys!***unknown*** (trimmed),1,0.002307976366322009
dxgmms2.sys!***unknown***,callee,dxgmms2.sys!***unknown*** (trimmed),1,0.002307976366322009
dxgmms2.sys!***unknown***,callee,dxgmms2.sys!***unknown*** (trimmed),1,0.002307976366322009
dxgmms2.sys!***unknown***,callee,dxgmms2.sys!***unknown*** (trimmed),1,0.002307976366322009
dxgmms2.sys!***unknown***,callee,dxgmms2.sys!***unknown*** (trimmed),1,0.002307976366322009
dxgmms2.sys!***unknown***,caller,dxgmms2.sys!***unknown***,10,0.02307976366322009
dxgmms2.sys!***unknown***,callee,dxgmms2.sys!***unknown***,7,0.01615583456425406
dxgmms2.sys!***unknown***,callee,dxgmms2.sys!***unknown*** (trimmed),3,0.006923929098966027
dxgmms2.sys!***unknown***,caller,dxgmms2.sys!***unknown***,10,0.02307976366322009
dxgmms2.sys!***unknown***,callee,dxgmms2.sys!***unknown***,7,0.01615583456425406
dxgmms2.sys!***unknown***,callee,dxgmms2.sys!***unknown*** (trimmed),1,0.002307976366322009
dxgmms2.sys!***unknown***,callee,dxgmms2.sys!***unknown*** (trimmed),1,0.002307976366322009
dxgmms2.sys!***unknown***,callee,dxgmms2.sys!***unknown*** (trimmed),1,0.002307976366322009
dxgmms2.sys!***unknown***,caller,dxgmms2.sys!***unknown***,10,0.02307976366322009
dxgmms2.sys!***unknown***,callee,dxgmms2.sys!***unknown***,10,0.02307976366322009
dxgmms2.sys!***unknown***,caller,dxgmms2.sys!***unknown***,10,0.02307976366322009
dxgmms2.sys!***unknown***,callee,ntkrnlmp.exe!***unknown***,9,0.02077178729689808
dxgmms2.sys!***unknown***,callee,ntkrnlmp.exe!***unknown*** (trimmed),1,0.002307976366322009
dxgmms2.sys!***unknown***,caller,dxgmms2.sys!***unknown***,10,0.02307976366322009
dxgmms2.sys!***unknown***,callee,dxgmms2.sys!***unknown***,9,0.02077178729689808
dxgmms2.sys!***unknown***,callee,dxgmms2.sys!***unknown***,1,0.002307976366322009
dxgmms2.sys!***unknown***,caller,dxgmms2.sys!***unknown***,9,0.02077178729689808
dxgmms2.sys!***unknown***,caller,dxgmms2.sys!***unknown***,1,0.002307976366322009
ACPI.sys!***unknown***,callee,ntkrnlmp.exe!***unknown***,10,0.02307976366322009
ACPI.sys!***unknown***,caller,ACPI.sys!***unknown***,10,0.02307976366322009
ACPI.sys!***unknown***,callee,ACPI.sys!***unknown***,10,0.02307976366322009
ACPI.sys!***unknown***,caller,ntkrnlmp.exe!***unknown***,10,0.02307976366322009
vcruntime140.dll!***unknown***,caller,"laneflow-urban-harness.exe!alloc::collections::btree::node::Handle<alloc::collections::btree::node::NodeRef<alloc::collections::btree::node::marker::Mut,alloc::string::String,enum2$<serde_json::value::Value>,enum2$<alloc::collections::btree::node::marker::Leaf> >,enum2$<alloc::collections::btree::node::marker::Edge> >::insert_recursing<alloc::string::String,enum2$<serde_json::value::Value>,alloc::alloc::Global,alloc::collections::btree::map::entry::impl$6::insert_entry::closure_env$0<alloc::string::String,enum2$<serde_json::value::Value>,alloc::alloc::Global> >",8,0.01846381093057607
vcruntime140.dll!***unknown***,caller,"laneflow-urban-harness.exe!alloc::collections::btree::node::Handle<alloc::collections::btree::node::NodeRef<alloc::collections::btree::node::marker::Mut,u32,alloc::collections::btree::set_val::SetValZST,enum2$<alloc::collections::btree::node::marker::Leaf> >,enum2$<alloc::collections::btree::node::marker::Edge> >::insert_recursing<u32,alloc::collections::btree::set_val::SetValZST,alloc::alloc::Global,alloc::collections::btree::map::entry::impl$6::insert_entry::closure_env$0<u32,alloc::collections::btree::set_val::SetValZST,alloc::alloc::Global> > (trimmed)",1,0.002307976366322009
vcruntime140.dll!***unknown***,caller,"laneflow-urban-harness.exe!rayon_core::scope::ScopeBase::execute_job_closure<rayon_core::scope::impl$0::spawn::closure$0::closure_env$0<laneflow_runtime::kernel::execution::impl$4::try_for_each_chunk::closure$0::closure_env$0<laneflow_runtime::kernel::tick::WaitingPreviewEntry,laneflow_runtime::kernel::waiting::prepare_waiting_previews_dispatched::closure_env$0> >,tuple$<> >",3,0.006923929098966027
vcruntime140.dll!***unknown***,caller,"laneflow-urban-harness.exe!rayon_core::scope::ScopeBase::execute_job_closure<rayon_core::scope::impl$0::spawn::closure$0::closure_env$0<laneflow_runtime::kernel::execution::impl$4::try_for_each_chunk::closure$0::closure_env$0<laneflow_runtime::kernel::tick::VehicleMotionOutcome,laneflow_runtime::kernel::tick::prepare_motion_dispatched::closure_env$0> >,tuple$<> >",3,0.006923929098966027
vcruntime140.dll!***unknown***,caller,"laneflow-urban-harness.exe!enum2$<laneflow_runtime::kernel::execution::ExecutionResources>::try_for_each_chunk<laneflow_runtime::kernel::tick::VehicleMotionOutcome,laneflow_runtime::kernel::tick::prepare_motion_dispatched::closure_env$0>",1,0.002307976366322009
vcruntime140.dll!***unknown***,caller,laneflow-urban-harness.exe!laneflow_runtime::kernel::phase::StepWorkspace::stage_vehicle_transitions,1,0.002307976366322009
vcruntime140.dll!***unknown***,caller,"laneflow-urban-harness.exe!core::slice::sort::shared::smallsort::insertion_sort_shift_left<laneflow_runtime::kernel::conflict_tick::ConflictCandidate,core::slice::impl$0::sort_unstable_by_key::closure_env$0<laneflow_runtime::kernel::conflict_tick::ConflictCandidate,tuple$<laneflow_runtime::kernel::conflict::ConflictCandidateOrderKey,u32>,laneflow_runtime::kernel::conflict_tick::impl$6::prepare_conflict_candidates::closure_env$1> >",1,0.002307976366322009
usbxhci.sys!***unknown***,callee,usbxhci.sys!***unknown***,9,0.02077178729689808
usbxhci.sys!***unknown***,caller,usbxhci.sys!***unknown***,9,0.02077178729689808
usbxhci.sys!***unknown***,callee,usbxhci.sys!***unknown***,8,0.01846381093057607
usbxhci.sys!***unknown***,callee,usbxhci.sys!***unknown*** (trimmed),1,0.002307976366322009
usbxhci.sys!***unknown***,caller,usbxhci.sys!***unknown***,9,0.02077178729689808
usbxhci.sys!***unknown***,callee,usbxhci.sys!***unknown***,9,0.02077178729689808
usbxhci.sys!***unknown***,caller,usbxhci.sys!***unknown***,9,0.02077178729689808
usbxhci.sys!***unknown***,callee,usbxhci.sys!***unknown***,9,0.02077178729689808
usbxhci.sys!***unknown***,caller,usbxhci.sys!***unknown***,9,0.02077178729689808
usbxhci.sys!***unknown***,callee,usbxhci.sys!***unknown***,9,0.02077178729689808
usbxhci.sys!***unknown***,caller,usbxhci.sys!***unknown***,9,0.02077178729689808
usbxhci.sys!***unknown***,callee,usbxhci.sys!***unknown***,9,0.02077178729689808
usbxhci.sys!***unknown***,caller,usbxhci.sys!***unknown***,9,0.02077178729689808
usbxhci.sys!***unknown***,callee,usbxhci.sys!***unknown***,9,0.02077178729689808
usbxhci.sys!***unknown***,caller,wdf01000.sys!***unknown***,9,0.02077178729689808
nvlddmkm.sys!***unknown***,callee,dxgkrnl.sys!***unknown***,6,0.013847858197932054
nvlddmkm.sys!***unknown***,callee,dxgkrnl.sys!***unknown*** (trimmed),2,0.004615952732644018
nvlddmkm.sys!***unknown***,callee,dxgkrnl.sys!***unknown*** (trimmed),1,0.002307976366322009
nvlddmkm.sys!***unknown***,caller,nvlddmkm.sys!***unknown***,5,0.011539881831610045
nvlddmkm.sys!***unknown***,caller,nvlddmkm.sys!***unknown*** (trimmed),3,0.006923929098966027
nvlddmkm.sys!***unknown***,caller,nvlddmkm.sys!***unknown*** (trimmed),1,0.002307976366322009
nvlddmkm.sys!***unknown***,callee,nvlddmkm.sys!***unknown***,5,0.011539881831610045
nvlddmkm.sys!***unknown***,callee,nvlddmkm.sys!***unknown***,3,0.006923929098966027
nvlddmkm.sys!***unknown***,callee,nvlddmkm.sys!***unknown***,1,0.002307976366322009
nvlddmkm.sys!***unknown***,caller,nvlddmkm.sys!***unknown***,9,0.02077178729689808
nvlddmkm.sys!***unknown***,callee,nvlddmkm.sys!***unknown*** (trimmed),3,0.006923929098966027
nvlddmkm.sys!***unknown***,callee,nvlddmkm.sys!***unknown*** (trimmed),2,0.004615952732644018
nvlddmkm.sys!***unknown***,callee,nvlddmkm.sys!***unknown*** (trimmed),2,0.004615952732644018
nvlddmkm.sys!***unknown***,callee,nvlddmkm.sys!***unknown*** (trimmed),1,0.002307976366322009
nvlddmkm.sys!***unknown***,callee,nvlddmkm.sys!***unknown*** (trimmed),1,0.002307976366322009
nvlddmkm.sys!***unknown***,caller,nvlddmkm.sys!***unknown***,9,0.02077178729689808
ntkrnlmp.exe!***unknown***,callee,ntkrnlmp.exe!***unknown*** (trimmed),2,0.004615952732644018
ntkrnlmp.exe!***unknown***,callee,ntkrnlmp.exe!***unknown*** (trimmed),2,0.004615952732644018
ntkrnlmp.exe!***unknown***,callee,ntkrnlmp.exe!***unknown*** (trimmed),1,0.002307976366322009
ntkrnlmp.exe!***unknown***,callee,ntkrnlmp.exe!***unknown*** (trimmed),1,0.002307976366322009
ntkrnlmp.exe!***unknown***,callee,ntkrnlmp.exe!***unknown*** (trimmed),1,0.002307976366322009
ntkrnlmp.exe!***unknown***,callee,ntkrnlmp.exe!***unknown*** (trimmed),1,0.002307976366322009
ntkrnlmp.exe!***unknown***,callee,ntkrnlmp.exe!***unknown*** (trimmed),1,0.002307976366322009
ntkrnlmp.exe!***unknown***,caller,ntkrnlmp.exe!***unknown***,9,0.02077178729689808
ntkrnlmp.exe!***unknown***,callee,ntkrnlmp.exe!***unknown***,9,0.02077178729689808
ntkrnlmp.exe!***unknown***,caller,ntkrnlmp.exe!***unknown***,9,0.02077178729689808
ntkrnlmp.exe!***unknown***,callee,ntkrnlmp.exe!***unknown*** (trimmed),3,0.006923929098966027
ntkrnlmp.exe!***unknown***,callee,ntkrnlmp.exe!***unknown*** (trimmed),2,0.004615952732644018
ntkrnlmp.exe!***unknown***,callee,ntkrnlmp.exe!***unknown*** (trimmed),1,0.002307976366322009
ntkrnlmp.exe!***unknown***,callee,ntkrnlmp.exe!***unknown*** (trimmed),1,0.002307976366322009
ntkrnlmp.exe!***unknown***,callee,ntkrnlmp.exe!***unknown*** (trimmed),1,0.002307976366322009
ntkrnlmp.exe!***unknown***,callee,ntkrnlmp.exe!***unknown*** (trimmed),1,0.002307976366322009
ntkrnlmp.exe!***unknown***,caller,ntkrnlmp.exe!***unknown***,9,0.02077178729689808
ntkrnlmp.exe!***unknown***,callee,ntkrnlmp.exe!***unknown***,7,0.01615583456425406
ntkrnlmp.exe!***unknown***,callee,ntkrnlmp.exe!***unknown*** (trimmed),1,0.002307976366322009
ntkrnlmp.exe!***unknown***,callee,ntkrnlmp.exe!***unknown*** (trimmed),1,0.002307976366322009
ntkrnlmp.exe!***unknown***,caller,ntkrnlmp.exe!***unknown***,9,0.02077178729689808
ntkrnlmp.exe!***unknown***,caller,ntkrnlmp.exe!***unknown***,9,0.02077178729689808
ntkrnlmp.exe!***unknown***,callee,ntkrnlmp.exe!***unknown***,8,0.01846381093057607
ntkrnlmp.exe!***unknown***,callee,ntkrnlmp.exe!***unknown*** (trimmed),1,0.002307976366322009
ntkrnlmp.exe!***unknown***,caller,dxgkrnl.sys!***unknown*** (trimmed),3,0.006923929098966027
ntkrnlmp.exe!***unknown***,caller,nvlddmkm.sys!***unknown*** (trimmed),2,0.004615952732644018
ntkrnlmp.exe!***unknown***,caller,nvlddmkm.sys!***unknown*** (trimmed),2,0.004615952732644018
ntkrnlmp.exe!***unknown***,caller,ntkrnlmp.exe!***unknown*** (trimmed),1,0.002307976366322009
ntkrnlmp.exe!***unknown***,caller,storport.sys!***unknown*** (trimmed),1,0.002307976366322009
ntkrnlmp.exe!***unknown***,callee,ntkrnlmp.exe!***unknown***,8,0.01846381093057607
ntkrnlmp.exe!***unknown***,callee,ntkrnlmp.exe!***unknown*** (trimmed),1,0.002307976366322009
ntkrnlmp.exe!***unknown***,caller,ntkrnlmp.exe!***unknown***,9,0.02077178729689808
ntkrnlmp.exe!***unknown***,caller,nvlddmkm.sys!***unknown***,4,0.009231905465288036
ntkrnlmp.exe!***unknown***,caller,nvlddmkm.sys!***unknown***,2,0.004615952732644018
ntkrnlmp.exe!***unknown***,caller,nvlddmkm.sys!***unknown*** (trimmed),1,0.002307976366322009
ntkrnlmp.exe!***unknown***,caller,nvlddmkm.sys!***unknown***,1,0.002307976366322009
ntkrnlmp.exe!***unknown***,caller,nvlddmkm.sys!***unknown***,1,0.002307976366322009
ntkrnlmp.exe!***unknown***,callee,ntkrnlmp.exe!***unknown***,8,0.01846381093057607
ntkrnlmp.exe!***unknown***,callee,ntkrnlmp.exe!***unknown*** (trimmed),1,0.002307976366322009
ntkrnlmp.exe!***unknown***,caller,dxgmms2.sys!***unknown***,6,0.013847858197932054
ntkrnlmp.exe!***unknown***,caller,dxgmms2.sys!***unknown*** (trimmed),1,0.002307976366322009
ntkrnlmp.exe!***unknown***,caller,dxgmms2.sys!***unknown*** (trimmed),1,0.002307976366322009
ntkrnlmp.exe!***unknown***,caller,dxgmms2.sys!***unknown*** (trimmed),1,0.002307976366322009
ntdll.dll!***unknown***,callee,ntdll.dll!***unknown***,9,0.02077178729689808
ntdll.dll!***unknown***,caller,ntdll.dll!***unknown***,9,0.02077178729689808
ntdll.dll!***unknown***,caller,ntdll.dll!***unknown***,9,0.02077178729689808
laneflow-urban-harness.exe!laneflow_urban_harness::runner::impl$39::clone,callee,laneflow-urban-harness.exe!alloc::string::impl$6::clone,9,0.02077178729689808
laneflow-urban-harness.exe!laneflow_urban_harness::runner::impl$39::clone,caller,laneflow-urban-harness.exe!laneflow_urban_harness::runner::Harness::execute,9,0.02077178729689808
laneflow-urban-harness.exe!laneflow_runtime::kernel::spawn_overlap::impl$2::indexed_overlap_blocker::closure$0,caller,laneflow-urban-harness.exe!laneflow_runtime::kernel::state::WorldState::overlap_blocker,9,0.02077178729689808
laneflow-urban-harness.exe!alloc::string::impl$6::clone,callee,ntdll.dll!***unknown***,6,0.013847858197932054
laneflow-urban-harness.exe!alloc::string::impl$6::clone,callee,vcruntime140.dll!***unknown***,1,0.002307976366322009
laneflow-urban-harness.exe!alloc::string::impl$6::clone,callee,vcruntime140.dll!***unknown***,1,0.002307976366322009
laneflow-urban-harness.exe!alloc::string::impl$6::clone,caller,laneflow-urban-harness.exe!laneflow_urban_harness::runner::impl$39::clone,9,0.02077178729689808
"laneflow-urban-harness.exe!alloc::collections::btree::map::impl$93::eq<u32,u8,alloc::alloc::Global>",caller,laneflow-urban-harness.exe!laneflow_urban_harness::runner::Harness::advance,9,0.02077178729689808
"laneflow-urban-harness.exe!alloc::collections::btree::map::BTreeMap<u32,alloc::collections::btree::set_val::SetValZST,alloc::alloc::Global>::insert<u32,alloc::collections::btree::set_val::SetValZST,alloc::alloc::Global>",callee,"laneflow-urban-harness.exe!alloc::collections::btree::node::Handle<alloc::collections::btree::node::NodeRef<alloc::collections::btree::node::marker::Mut,u32,alloc::collections::btree::set_val::SetValZST,enum2$<alloc::collections::btree::node::marker::Leaf> >,enum2$<alloc::collections::btree::node::marker::Edge> >::insert_recursing<u32,alloc::collections::btree::set_val::SetValZST,alloc::alloc::Global,alloc::collections::btree::map::entry::impl$6::insert_entry::closure_env$0<u32,alloc::collections::btree::set_val::SetValZST,alloc::alloc::Global> > (trimmed)",3,0.006923929098966027
"laneflow-urban-harness.exe!alloc::collections::btree::map::BTreeMap<u32,alloc::collections::btree::set_val::SetValZST,alloc::alloc::Global>::insert<u32,alloc::collections::btree::set_val::SetValZST,alloc::alloc::Global>",caller,laneflow-urban-harness.exe!laneflow_urban_harness::runner::Harness::execute,9,0.02077178729689808
"laneflow-urban-harness.exe!alloc::collections::btree::map::BTreeMap<alloc::string::String,u64,alloc::alloc::Global>::entry<alloc::string::String,u64,alloc::alloc::Global>",callee,ntdll.dll!***unknown***,3,0.006923929098966027
"laneflow-urban-harness.exe!alloc::collections::btree::map::BTreeMap<alloc::string::String,u64,alloc::alloc::Global>::entry<alloc::string::String,u64,alloc::alloc::Global>",callee,vcruntime140.dll!***unknown***,2,0.004615952732644018
"laneflow-urban-harness.exe!alloc::collections::btree::map::BTreeMap<alloc::string::String,u64,alloc::alloc::Global>::entry<alloc::string::String,u64,alloc::alloc::Global>",callee,vcruntime140.dll!***unknown*** (trimmed),1,0.002307976366322009
"laneflow-urban-harness.exe!alloc::collections::btree::map::BTreeMap<alloc::string::String,u64,alloc::alloc::Global>::entry<alloc::string::String,u64,alloc::alloc::Global>",callee,vcruntime140.dll!***unknown***,1,0.002307976366322009
"laneflow-urban-harness.exe!alloc::collections::btree::map::BTreeMap<alloc::string::String,u64,alloc::alloc::Global>::entry<alloc::string::String,u64,alloc::alloc::Global>",callee,laneflow-urban-harness.exe!std::alloc::__default_lib_allocator::__rdl_dealloc,1,0.002307976366322009
"laneflow-urban-harness.exe!alloc::collections::btree::map::BTreeMap<alloc::string::String,u64,alloc::alloc::Global>::entry<alloc::string::String,u64,alloc::alloc::Global>",caller,laneflow-urban-harness.exe!laneflow_urban_harness::runner::Harness::execute,9,0.02077178729689808
dxgmms2.sys!***unknown***,callee,ntkrnlmp.exe!***unknown***,9,0.02077178729689808
dxgmms2.sys!***unknown***,caller,dxgmms2.sys!***unknown***,9,0.02077178729689808
vcruntime140.dll!***unknown***,caller,"laneflow-urban-harness.exe!alloc::collections::btree::map::BTreeMap<alloc::string::String,laneflow_runtime::kernel::handle::RouteHandle,alloc::alloc::Global>::get<alloc::string::String,laneflow_runtime::kernel::handle::RouteHandle,alloc::alloc::Global,alloc::string::String>",3,0.006923929098966027
vcruntime140.dll!***unknown***,caller,"laneflow-urban-harness.exe!alloc::collections::btree::map::BTreeMap<alloc::string::String,enum2$<serde_json::value::Value>,alloc::alloc::Global>::insert<alloc::string::String,enum2$<serde_json::value::Value>,alloc::alloc::Global>",3,0.006923929098966027
vcruntime140.dll!***unknown***,caller,"laneflow-urban-harness.exe!alloc::collections::btree::map::BTreeMap<alloc::string::String,u64,alloc::alloc::Global>::entry<alloc::string::String,u64,alloc::alloc::Global>",2,0.004615952732644018
usbxhci.sys!***unknown***,callee,wdf01000.sys!***unknown***,8,0.01846381093057607
usbxhci.sys!***unknown***,caller,usbxhci.sys!***unknown***,8,0.01846381093057607
nvlddmkm.sys!***unknown***,callee,nvlddmkm.sys!***unknown*** (trimmed),4,0.009231905465288036
nvlddmkm.sys!***unknown***,callee,nvlddmkm.sys!***unknown*** (trimmed),2,0.004615952732644018
nvlddmkm.sys!***unknown***,callee,nvlddmkm.sys!***unknown*** (trimmed),1,0.002307976366322009
nvlddmkm.sys!***unknown***,callee,nvlddmkm.sys!***unknown*** (trimmed),1,0.002307976366322009
nvlddmkm.sys!***unknown***,caller,nvlddmkm.sys!***unknown***,6,0.013847858197932054
nvlddmkm.sys!***unknown***,caller,nvlddmkm.sys!***unknown*** (trimmed),2,0.004615952732644018
nvlddmkm.sys!***unknown***,caller,nvlddmkm.sys!***unknown*** (trimmed),3,0.006923929098966027
nvlddmkm.sys!***unknown***,caller,nvlddmkm.sys!***unknown*** (trimmed),1,0.002307976366322009
nvlddmkm.sys!***unknown***,caller,nvlddmkm.sys!***unknown*** (trimmed),1,0.002307976366322009
nvlddmkm.sys!***unknown***,caller,nvlddmkm.sys!***unknown*** (trimmed),1,0.002307976366322009
nvlddmkm.sys!***unknown***,caller,nvlddmkm.sys!***unknown*** (trimmed),1,0.002307976366322009
nvlddmkm.sys!***unknown***,caller,nvlddmkm.sys!***unknown*** (trimmed),1,0.002307976366322009
nvlddmkm.sys!***unknown***,callee,nvlddmkm.sys!***unknown***,6,0.013847858197932054
nvlddmkm.sys!***unknown***,callee,nvlddmkm.sys!***unknown*** (trimmed),2,0.004615952732644018
nvlddmkm.sys!***unknown***,caller,nvlddmkm.sys!***unknown***,4,0.009231905465288036
nvlddmkm.sys!***unknown***,caller,nvlddmkm.sys!***unknown***,4,0.009231905465288036
nvlddmkm.sys!***unknown***,callee,nvlddmkm.sys!***unknown***,7,0.01615583456425406
nvlddmkm.sys!***unknown***,callee,nvlddmkm.sys!***unknown***,1,0.002307976366322009
nvlddmkm.sys!***unknown***,caller,nvlddmkm.sys!***unknown***,4,0.009231905465288036
nvlddmkm.sys!***unknown***,caller,nvlddmkm.sys!***unknown***,4,0.009231905465288036
nvlddmkm.sys!***unknown***,callee,nvlddmkm.sys!***unknown***,6,0.013847858197932054
nvlddmkm.sys!***unknown***,callee,nvlddmkm.sys!***unknown***,1,0.002307976366322009
nvlddmkm.sys!***unknown***,callee,nvlddmkm.sys!***unknown*** (trimmed),1,0.002307976366322009
nvlddmkm.sys!***unknown***,caller,nvlddmkm.sys!***unknown***,8,0.01846381093057607
nvlddmkm.sys!***unknown***,callee,nvlddmkm.sys!***unknown***,5,0.011539881831610045
nvlddmkm.sys!***unknown***,callee,nvlddmkm.sys!***unknown*** (trimmed),2,0.004615952732644018
nvlddmkm.sys!***unknown***,callee,nvlddmkm.sys!***unknown*** (trimmed),1,0.002307976366322009
nvlddmkm.sys!***unknown***,caller,nvlddmkm.sys!***unknown***,6,0.013847858197932054
nvlddmkm.sys!***unknown***,caller,nvlddmkm.sys!***unknown*** (trimmed),2,0.004615952732644018
ntkrnlmp.exe!***unknown***,callee,ntkrnlmp.exe!***unknown***,6,0.013847858197932054
ntkrnlmp.exe!***unknown***,callee,ntkrnlmp.exe!***unknown*** (trimmed),1,0.002307976366322009
ntkrnlmp.exe!***unknown***,callee,ntkrnlmp.exe!***unknown*** (trimmed),1,0.002307976366322009
ntkrnlmp.exe!***unknown***,caller,ntkrnlmp.exe!***unknown***,8,0.01846381093057607
ntkrnlmp.exe!***unknown***,caller,ntkrnlmp.exe!***unknown***,8,0.01846381093057607
ntkrnlmp.exe!***unknown***,caller,ntkrnlmp.exe!***unknown***,8,0.01846381093057607
ntkrnlmp.exe!***unknown***,callee,ntkrnlmp.exe!***unknown***,7,0.01615583456425406
ntkrnlmp.exe!***unknown***,callee,ntkrnlmp.exe!***unknown*** (trimmed),1,0.002307976366322009
ntkrnlmp.exe!***unknown***,caller,ntkrnlmp.exe!***unknown***,8,0.01846381093057607
ntkrnlmp.exe!***unknown***,callee,ntkrnlmp.exe!***unknown***,7,0.01615583456425406
ntkrnlmp.exe!***unknown***,callee,ntkrnlmp.exe!***unknown*** (trimmed),1,0.002307976366322009
ntkrnlmp.exe!***unknown***,caller,ntkrnlmp.exe!***unknown***,8,0.01846381093057607
ntkrnlmp.exe!***unknown***,callee,ntkrnlmp.exe!***unknown*** (trimmed),4,0.009231905465288036
ntkrnlmp.exe!***unknown***,callee,ntkrnlmp.exe!***unknown*** (trimmed),2,0.004615952732644018
ntkrnlmp.exe!***unknown***,callee,ntkrnlmp.exe!***unknown*** (trimmed),1,0.002307976366322009
ntkrnlmp.exe!***unknown***,callee,ntkrnlmp.exe!***unknown*** (trimmed),1,0.002307976366322009
ntkrnlmp.exe!***unknown***,caller,ntkrnlmp.exe!***unknown***,8,0.01846381093057607
ntkrnlmp.exe!***unknown***,callee,ntkrnlmp.exe!***unknown***,7,0.01615583456425406
ntkrnlmp.exe!***unknown***,callee,ntkrnlmp.exe!***unknown*** (trimmed),1,0.002307976366322009
ntkrnlmp.exe!***unknown***,caller,ntkrnlmp.exe!***unknown***,8,0.01846381093057607
ntkrnlmp.exe!***unknown***,callee,ntkrnlmp.exe!***unknown***,5,0.011539881831610045
ntkrnlmp.exe!***unknown***,callee,ntkrnlmp.exe!***unknown*** (trimmed),2,0.004615952732644018
ntkrnlmp.exe!***unknown***,callee,ntkrnlmp.exe!***unknown*** (trimmed),1,0.002307976366322009
ntkrnlmp.exe!***unknown***,caller,ntkrnlmp.exe!***unknown***,7,0.01615583456425406
ntkrnlmp.exe!***unknown***,caller,ntkrnlmp.exe!***unknown***,1,0.002307976366322009
ntkrnlmp.exe!***unknown***,caller,ntkrnlmp.exe!***unknown***,8,0.01846381093057607
ntkrnlmp.exe!***unknown***,callee,ntkrnlmp.exe!***unknown*** (trimmed),2,0.004615952732644018
ntkrnlmp.exe!***unknown***,callee,ntkrnlmp.exe!***unknown*** (trimmed),1,0.002307976366322009
ntkrnlmp.exe!***unknown***,callee,ntkrnlmp.exe!***unknown*** (trimmed),1,0.002307976366322009
ntkrnlmp.exe!***unknown***,callee,ntkrnlmp.exe!***unknown*** (trimmed),1,0.002307976366322009
ntkrnlmp.exe!***unknown***,callee,ntkrnlmp.exe!***unknown*** (trimmed),1,0.002307976366322009
ntkrnlmp.exe!***unknown***,callee,ntkrnlmp.exe!***unknown*** (trimmed),1,0.002307976366322009
ntkrnlmp.exe!***unknown***,callee,ntkrnlmp.exe!***unknown*** (trimmed),1,0.002307976366322009
ntkrnlmp.exe!***unknown***,caller,ntkrnlmp.exe!***unknown***,8,0.01846381093057607
ntkrnlmp.exe!***unknown***,callee,ntkrnlmp.exe!***unknown***,4,0.009231905465288036
ntkrnlmp.exe!***unknown***,callee,ntkrnlmp.exe!***unknown*** (trimmed),2,0.004615952732644018
ntkrnlmp.exe!***unknown***,callee,ntkrnlmp.exe!***unknown*** (trimmed),1,0.002307976366322009
ntkrnlmp.exe!***unknown***,callee,ntkrnlmp.exe!***unknown*** (trimmed),1,0.002307976366322009
ntkrnlmp.exe!***unknown***,caller,ntkrnlmp.exe!***unknown***,6,0.013847858197932054
ntkrnlmp.exe!***unknown***,caller,ntkrnlmp.exe!***unknown***,2,0.004615952732644018
ntkrnlmp.exe!***unknown***,callee,ntkrnlmp.exe!***unknown***,6,0.013847858197932054
ntkrnlmp.exe!***unknown***,callee,ntkrnlmp.exe!***unknown*** (trimmed),1,0.002307976366322009
ntkrnlmp.exe!***unknown***,callee,ntkrnlmp.exe!***unknown*** (trimmed),1,0.002307976366322009
ntkrnlmp.exe!***unknown***,caller,ntkrnlmp.exe!***unknown***,8,0.01846381093057607
ntkrnlmp.exe!***unknown***,caller,ntkrnlmp.exe!***unknown***,8,0.01846381093057607
ntkrnlmp.exe!***unknown***,callee,ntkrnlmp.exe!***unknown***,2,0.004615952732644018
ntkrnlmp.exe!***unknown***,caller,ntkrnlmp.exe!***unknown***,8,0.01846381093057607
ntkrnlmp.exe!***unknown***,callee,ntkrnlmp.exe!***unknown***,8,0.01846381093057607
ntkrnlmp.exe!***unknown***,caller,ntkrnlmp.exe!***unknown***,8,0.01846381093057607
ntdll.dll!***unknown***,callee,ntkrnlmp.exe!***unknown***,7,0.01615583456425406
ntdll.dll!***unknown***,callee,ntkrnlmp.exe!***unknown***,1,0.002307976366322009
ntdll.dll!***unknown***,caller,ntdll.dll!***unknown***,5,0.011539881831610045
ntdll.dll!***unknown***,caller,ntdll.dll!***unknown*** (trimmed),2,0.004615952732644018
ntdll.dll!***unknown***,caller,ntdll.dll!***unknown*** (trimmed),1,0.002307976366322009
ntdll.dll!***unknown***,callee,ntdll.dll!***unknown*** (trimmed),4,0.009231905465288036
ntdll.dll!***unknown***,callee,ntdll.dll!***unknown*** (trimmed),2,0.004615952732644018
ntdll.dll!***unknown***,callee,ntdll.dll!***unknown*** (trimmed),1,0.002307976366322009
ntdll.dll!***unknown***,callee,ntdll.dll!***unknown*** (trimmed),1,0.002307976366322009
ntdll.dll!***unknown***,caller,ntdll.dll!***unknown***,8,0.01846381093057607
ntdll.dll!***unknown***,caller,ntdll.dll!***unknown***,8,0.01846381093057607
ntdll.dll!***unknown***,caller,ntdll.dll!***unknown***,8,0.01846381093057607
ntdll.dll!***unknown***,callee,ntdll.dll!***unknown***,8,0.01846381093057607
ntdll.dll!***unknown***,caller,ntdll.dll!***unknown***,8,0.01846381093057607
ntdll.dll!***unknown***,caller,ntdll.dll!***unknown***,8,0.01846381093057607
NDIS.SYS!***unknown***,callee,ntkrnlmp.exe!***unknown***,7,0.01615583456425406
NDIS.SYS!***unknown***,callee,ntkrnlmp.exe!***unknown*** (trimmed),1,0.002307976366322009
NDIS.SYS!***unknown***,caller,mtkwl6ex.sys!***unknown***,8,0.01846381093057607
mtkwl6ex.sys!***unknown***,callee,mtkwl6ex.sys!***unknown***,4,0.009231905465288036
mtkwl6ex.sys!***unknown***,callee,mtkwl6ex.sys!***unknown*** (trimmed),2,0.004615952732644018
mtkwl6ex.sys!***unknown***,callee,mtkwl6ex.sys!***unknown*** (trimmed),1,0.002307976366322009
mtkwl6ex.sys!***unknown***,callee,mtkwl6ex.sys!***unknown*** (trimmed),1,0.002307976366322009
mtkwl6ex.sys!***unknown***,caller,mtkwl6ex.sys!***unknown***,8,0.01846381093057607
mtkwl6ex.sys!***unknown***,callee,NDIS.SYS!***unknown***,8,0.01846381093057607
mtkwl6ex.sys!***unknown***,caller,mtkwl6ex.sys!***unknown***,4,0.009231905465288036
mtkwl6ex.sys!***unknown***,caller,mtkwl6ex.sys!***unknown***,4,0.009231905465288036
laneflow-urban-harness.exe!laneflow_runtime::kernel::state::WorldState::parking_facility_counts,callee,laneflow-urban-harness.exe!laneflow_static_network::relations::SharedRelationClosure::parking_facility,2,0.004615952732644018
laneflow-urban-harness.exe!laneflow_runtime::kernel::state::WorldState::parking_facility_counts,caller,laneflow-urban-harness.exe!laneflow_runtime::facade::TrafficWorld::parking_facility_counts,8,0.01846381093057607
laneflow-urban-harness.exe!laneflow_runtime::kernel::boundary::Workspace::all_clear,caller,laneflow-urban-harness.exe!laneflow_runtime::kernel::phase::StepWorkspace::stage_vehicle_transitions,8,0.01846381093057607
laneflow-urban-harness.exe!laneflow_runtime::facade::TrafficWorld::committed_signal_groups,callee,"laneflow-urban-harness.exe!alloc::vec::spec_from_iter_nested::impl$1::from_iter<tuple$<laneflow_static_contract::typed::Ordinal<laneflow_static_contract::typed::SignalGroupKind>,laneflow_static_contract::values::SignalAspect>,core::iter::adapters::map::Map<core::iter::adapters::enumerate::Enumerate<core::slice::iter::Iter<laneflow_static_contract::values::SignalAspect> >,laneflow_runtime::kernel::world::impl$3::committed_signal_groups::closure_env$0> >",8,0.01846381093057607
laneflow-urban-harness.exe!laneflow_runtime::facade::TrafficWorld::committed_signal_groups,caller,laneflow-urban-harness.exe!laneflow_urban_harness::runner::signal_signature,4,0.009231905465288036
laneflow-urban-harness.exe!laneflow_runtime::facade::TrafficWorld::committed_signal_groups,caller,laneflow-urban-harness.exe!laneflow_urban_harness::observe::red_waiters,3,0.006923929098966027
laneflow-urban-harness.exe!laneflow_runtime::facade::TrafficWorld::committed_signal_groups,caller,laneflow-urban-harness.exe!laneflow_urban_harness::observe::state,1,0.002307976366322009
"laneflow-urban-harness.exe!core::slice::sort::shared::pivot::median3_rec<laneflow_runtime::kernel::conflict_tick::ConflictDecision,core::slice::impl$0::sort_unstable_by_key::closure_env$0<laneflow_runtime::kernel::conflict_tick::ConflictDecision,tuple$<u32,u32,enum2$<core::option::Option<laneflow_runtime::kernel::conflict::ConflictPassageAddress> > >,laneflow_runtime::kernel::conflict_tick::impl$6::finalize_conflict_step::closure_env$15> >",callee,"laneflow-urban-harness.exe!core::slice::sort::shared::pivot::median3_rec<laneflow_runtime::kernel::conflict_tick::ConflictDecision,core::slice::impl$0::sort_unstable_by_key::closure_env$0<laneflow_runtime::kernel::conflict_tick::ConflictDecision,tuple$<u32,u32,enum2$<core::option::Option<laneflow_runtime::kernel::conflict::ConflictPassageAddress> > >,laneflow_runtime::kernel::conflict_tick::impl$6::finalize_conflict_step::closure_env$15> >",4,0.009231905465288036
"laneflow-urban-harness.exe!core::slice::sort::shared::pivot::median3_rec<laneflow_runtime::kernel::conflict_tick::ConflictDecision,core::slice::impl$0::sort_unstable_by_key::closure_env$0<laneflow_runtime::kernel::conflict_tick::ConflictDecision,tuple$<u32,u32,enum2$<core::option::Option<laneflow_runtime::kernel::conflict::ConflictPassageAddress> > >,laneflow_runtime::kernel::conflict_tick::impl$6::finalize_conflict_step::closure_env$15> >",caller,"laneflow-urban-harness.exe!core::slice::sort::shared::pivot::median3_rec<laneflow_runtime::kernel::conflict_tick::ConflictDecision,core::slice::impl$0::sort_unstable_by_key::closure_env$0<laneflow_runtime::kernel::conflict_tick::ConflictDecision,tuple$<u32,u32,enum2$<core::option::Option<laneflow_runtime::kernel::conflict::ConflictPassageAddress> > >,laneflow_runtime::kernel::conflict_tick::impl$6::finalize_conflict_step::closure_env$15> >",4,0.009231905465288036
"laneflow-urban-harness.exe!core::slice::sort::shared::pivot::median3_rec<laneflow_runtime::kernel::conflict_tick::ConflictDecision,core::slice::impl$0::sort_unstable_by_key::closure_env$0<laneflow_runtime::kernel::conflict_tick::ConflictDecision,tuple$<u32,u32,enum2$<core::option::Option<laneflow_runtime::kernel::conflict::ConflictPassageAddress> > >,laneflow_runtime::kernel::conflict_tick::impl$6::finalize_conflict_step::closure_env$15> >",caller,"laneflow-urban-harness.exe!core::slice::sort::unstable::quicksort::quicksort<laneflow_runtime::kernel::conflict_tick::ConflictDecision,core::slice::impl$0::sort_unstable_by_key::closure_env$0<laneflow_runtime::kernel::conflict_tick::ConflictDecision,tuple$<u32,u32,enum2$<core::option::Option<laneflow_runtime::kernel::conflict::ConflictPassageAddress> > >,laneflow_runtime::kernel::conflict_tick::impl$6::finalize_conflict_step::closure_env$15> >",4,0.009231905465288036
laneflow-urban-harness.exe!core::ptr::drop_glue<enum2$<laneflow_runtime::kernel::execution::DispatchSlot<enum2$<laneflow_runtime::kernel::conflict_tick::CandidateReport> > > >,caller,laneflow-urban-harness.exe!laneflow_runtime::kernel::phase::StepWorkspace::stage_vehicle_transitions,8,0.01846381093057607
"laneflow-urban-harness.exe!core::iter::adapters::chain::impl$1::try_fold<core::ops::range::Range<usize>,core::ops::range::Range<usize>,tuple$<>,core::iter::adapters::filter::filter_try_fold::closure_env$0<usize,tuple$<>,enum2$<core::ops::control_flow::ControlFlow<rayon_core::job::JobRef,tuple$<> > >,rayon_core::registry::impl$10::steal::closure_env$0,core::iter::traits::iterator::Iterator::find_map::check::closure_env$0<usize,rayon_core::job::JobRef,rayon_core::registry::impl$10::steal::closure_env$1> >,enum2$<core::ops::control_flow::ControlFlow<rayon_core::job::JobRef,tuple$<> > > >",callee,laneflow-urban-harness.exe!crossbeam_deque::deque::Stealer<rayon_core::job::JobRef>::steal<rayon_core::job::JobRef>,5,0.011539881831610045
"laneflow-urban-harness.exe!core::iter::adapters::chain::impl$1::try_fold<core::ops::range::Range<usize>,core::ops::range::Range<usize>,tuple$<>,core::iter::adapters::filter::filter_try_fold::closure_env$0<usize,tuple$<>,enum2$<core::ops::control_flow::ControlFlow<rayon_core::job::JobRef,tuple$<> > >,rayon_core::registry::impl$10::steal::closure_env$0,core::iter::traits::iterator::Iterator::find_map::check::closure_env$0<usize,rayon_core::job::JobRef,rayon_core::registry::impl$10::steal::closure_env$1> >,enum2$<core::ops::control_flow::ControlFlow<rayon_core::job::JobRef,tuple$<> > > >",caller,laneflow-urban-harness.exe!rayon_core::registry::WorkerThread::find_work,8,0.01846381093057607
"laneflow-urban-harness.exe!alloc::vec::spec_from_iter_nested::impl$1::from_iter<tuple$<laneflow_static_contract::typed::Ordinal<laneflow_static_contract::typed::SignalGroupKind>,laneflow_static_contract::values::SignalAspect>,core::iter::adapters::map::Map<core::iter::adapters::enumerate::Enumerate<core::slice::iter::Iter<laneflow_static_contract::values::SignalAspect> >,laneflow_runtime::kernel::world::impl$3::committed_signal_groups::closure_env$0> >",callee,ntdll.dll!***unknown***,5,0.011539881831610045
"laneflow-urban-harness.exe!alloc::vec::spec_from_iter_nested::impl$1::from_iter<tuple$<laneflow_static_contract::typed::Ordinal<laneflow_static_contract::typed::SignalGroupKind>,laneflow_static_contract::values::SignalAspect>,core::iter::adapters::map::Map<core::iter::adapters::enumerate::Enumerate<core::slice::iter::Iter<laneflow_static_contract::values::SignalAspect> >,laneflow_runtime::kernel::world::impl$3::committed_signal_groups::closure_env$0> >",callee,ntdll.dll!***unknown*** (trimmed),1,0.002307976366322009
"laneflow-urban-harness.exe!alloc::vec::spec_from_iter_nested::impl$1::from_iter<tuple$<laneflow_static_contract::typed::Ordinal<laneflow_static_contract::typed::SignalGroupKind>,laneflow_static_contract::values::SignalAspect>,core::iter::adapters::map::Map<core::iter::adapters::enumerate::Enumerate<core::slice::iter::Iter<laneflow_static_contract::values::SignalAspect> >,laneflow_runtime::kernel::world::impl$3::committed_signal_groups::closure_env$0> >",caller,laneflow-urban-harness.exe!laneflow_runtime::facade::TrafficWorld::committed_signal_groups,8,0.01846381093057607
"laneflow-urban-harness.exe!alloc::vec::spec_from_iter::impl$0::from_iter<tuple$<u32,u8>,core::iter::adapters::GenericShunt<core::iter::adapters::map::Map<core::slice::iter::Iter<tuple$<laneflow_static_contract::typed::Ordinal<laneflow_static_contract::typed::SignalGroupKind>,laneflow_static_contract::values::SignalAspect> >,laneflow_urban_harness::runner::signal_signature::closure_env$0>,enum2$<core::result::Result<enum2$<core::convert::Infallible>,enum2$<laneflow_urban_harness::Error> > > > >",callee,laneflow-urban-harness.exe!alloc::raw_vec::impl$4::reserve::do_reserve_and_handle<alloc::alloc::Global>,5,0.011539881831610045
"laneflow-urban-harness.exe!alloc::vec::spec_from_iter::impl$0::from_iter<tuple$<u32,u8>,core::iter::adapters::GenericShunt<core::iter::adapters::map::Map<core::slice::iter::Iter<tuple$<laneflow_static_contract::typed::Ordinal<laneflow_static_contract::typed::SignalGroupKind>,laneflow_static_contract::values::SignalAspect> >,laneflow_urban_harness::runner::signal_signature::closure_env$0>,enum2$<core::result::Result<enum2$<core::convert::Infallible>,enum2$<laneflow_urban_harness::Error> > > > >",callee,ntdll.dll!***unknown***,1,0.002307976366322009
"laneflow-urban-harness.exe!alloc::vec::spec_from_iter::impl$0::from_iter<tuple$<u32,u8>,core::iter::adapters::GenericShunt<core::iter::adapters::map::Map<core::slice::iter::Iter<tuple$<laneflow_static_contract::typed::Ordinal<laneflow_static_contract::typed::SignalGroupKind>,laneflow_static_contract::values::SignalAspect> >,laneflow_urban_harness::runner::signal_signature::closure_env$0>,enum2$<core::result::Result<enum2$<core::convert::Infallible>,enum2$<laneflow_urban_harness::Error> > > > >",caller,"laneflow-urban-harness.exe!alloc::collections::btree::map::impl$88::from_iter<u32,u8,core::iter::adapters::GenericShunt<core::iter::adapters::map::Map<core::slice::iter::Iter<tuple$<laneflow_static_contract::typed::Ordinal<laneflow_static_contract::typed::SignalGroupKind>,laneflow_static_contract::values::SignalAspect> >,laneflow_urban_harness::runner::signal_signature::closure_env$0>,enum2$<core::result::Result<enum2$<core::convert::Infallible>,enum2$<laneflow_urban_harness::Error> > > > >",8,0.01846381093057607
dxgmms2.sys!***unknown***,callee,ntkrnlmp.exe!***unknown***,8,0.01846381093057607
dxgmms2.sys!***unknown***,caller,dxgmms2.sys!***unknown***,8,0.01846381093057607
dxgmms2.sys!***unknown***,callee,dxgmms2.sys!***unknown***,8,0.01846381093057607
dxgmms2.sys!***unknown***,caller,dxgmms2.sys!***unknown***,7,0.01615583456425406
dxgmms2.sys!***unknown***,caller,dxgmms2.sys!***unknown*** (trimmed),1,0.002307976366322009
dxgmms2.sys!***unknown***,callee,dxgmms2.sys!***unknown*** (trimmed),4,0.009231905465288036
dxgmms2.sys!***unknown***,callee,dxgmms2.sys!***unknown*** (trimmed),2,0.004615952732644018
dxgmms2.sys!***unknown***,callee,dxgmms2.sys!***unknown*** (trimmed),2,0.004615952732644018
dxgmms2.sys!***unknown***,caller,dxgmms2.sys!***unknown***,8,0.01846381093057607
vcruntime140.dll!***unknown***,caller,"laneflow-urban-harness.exe!alloc::collections::btree::map::BTreeMap<alloc::string::String,enum2$<serde_json::value::Value>,alloc::alloc::Global>::insert<alloc::string::String,enum2$<serde_json::value::Value>,alloc::alloc::Global>",6,0.013847858197932054
vcruntime140.dll!***unknown***,caller,"laneflow-urban-harness.exe!alloc::collections::btree::map::BTreeMap<alloc::string::String,u64,alloc::alloc::Global>::entry<alloc::string::String,u64,alloc::alloc::Global>",1,0.002307976366322009
vcruntime140.dll!***unknown***,caller,laneflow-urban-harness.exe!laneflow_runtime::kernel::phase::CommittedStateMut::commit,7,0.01615583456425406
nvlddmkm.sys!***unknown***,callee,nvlddmkm.sys!***unknown***,3,0.006923929098966027
nvlddmkm.sys!***unknown***,callee,nvlddmkm.sys!***unknown***,2,0.004615952732644018
nvlddmkm.sys!***unknown***,callee,nvlddmkm.sys!***unknown***,2,0.004615952732644018
nvlddmkm.sys!***unknown***,caller,nvlddmkm.sys!***unknown***,7,0.01615583456425406
nvlddmkm.sys!***unknown***,caller,nvlddmkm.sys!***unknown***,5,0.011539881831610045
nvlddmkm.sys!***unknown***,caller,nvlddmkm.sys!***unknown***,2,0.004615952732644018
nvlddmkm.sys!***unknown***,callee,nvlddmkm.sys!***unknown***,6,0.013847858197932054
nvlddmkm.sys!***unknown***,callee,nvlddmkm.sys!***unknown*** (trimmed),1,0.002307976366322009
nvlddmkm.sys!***unknown***,caller,nvlddmkm.sys!***unknown***,7,0.01615583456425406
nvlddmkm.sys!***unknown***,callee,nvlddmkm.sys!***unknown***,5,0.011539881831610045
nvlddmkm.sys!***unknown***,callee,nvlddmkm.sys!***unknown*** (trimmed),1,0.002307976366322009
nvlddmkm.sys!***unknown***,callee,nvlddmkm.sys!***unknown*** (trimmed),1,0.002307976366322009
nvlddmkm.sys!***unknown***,caller,nvlddmkm.sys!***unknown***,7,0.01615583456425406
nvlddmkm.sys!***unknown***,callee,nvlddmkm.sys!***unknown***,4,0.009231905465288036
nvlddmkm.sys!***unknown***,callee,ntkrnlmp.exe!***unknown***,2,0.004615952732644018
nvlddmkm.sys!***unknown***,callee,ntkrnlmp.exe!***unknown***,1,0.002307976366322009
nvlddmkm.sys!***unknown***,caller,nvlddmkm.sys!***unknown***,7,0.01615583456425406
nvlddmkm.sys!***unknown***,callee,nvlddmkm.sys!***unknown***,4,0.009231905465288036
nvlddmkm.sys!***unknown***,callee,nvlddmkm.sys!***unknown*** (trimmed),3,0.006923929098966027
nvlddmkm.sys!***unknown***,caller,nvlddmkm.sys!***unknown***,7,0.01615583456425406
nvlddmkm.sys!***unknown***,callee,nvlddmkm.sys!***unknown***,4,0.009231905465288036
nvlddmkm.sys!***unknown***,callee,nvlddmkm.sys!***unknown***,3,0.006923929098966027
nvlddmkm.sys!***unknown***,caller,nvlddmkm.sys!***unknown***,7,0.01615583456425406
nvlddmkm.sys!***unknown***,callee,nvlddmkm.sys!***unknown***,6,0.013847858197932054
nvlddmkm.sys!***unknown***,caller,nvlddmkm.sys!***unknown*** (trimmed),2,0.004615952732644018
nvlddmkm.sys!***unknown***,caller,nvlddmkm.sys!***unknown*** (trimmed),2,0.004615952732644018
nvlddmkm.sys!***unknown***,caller,nvlddmkm.sys!***unknown*** (trimmed),1,0.002307976366322009
nvlddmkm.sys!***unknown***,caller,nvlddmkm.sys!***unknown*** (trimmed),1,0.002307976366322009
nvlddmkm.sys!***unknown***,callee,nvlddmkm.sys!***unknown*** (trimmed),4,0.009231905465288036
nvlddmkm.sys!***unknown***,callee,nvlddmkm.sys!***unknown*** (trimmed),1,0.002307976366322009
nvlddmkm.sys!***unknown***,callee,nvlddmkm.sys!***unknown*** (trimmed),1,0.002307976366322009
nvlddmkm.sys!***unknown***,callee,nvlddmkm.sys!***unknown*** (trimmed),1,0.002307976366322009
nvlddmkm.sys!***unknown***,caller,ntkrnlmp.exe!***unknown***,7,0.01615583456425406
ntkrnlmp.exe!***unknown***,callee,ntkrnlmp.exe!***unknown*** (trimmed),4,0.009231905465288036
ntkrnlmp.exe!***unknown***,callee,ntkrnlmp.exe!***unknown*** (trimmed),2,0.004615952732644018
ntkrnlmp.exe!***unknown***,callee,ntkrnlmp.exe!***unknown*** (trimmed),1,0.002307976366322009
ntkrnlmp.exe!***unknown***,caller,ntkrnlmp.exe!***unknown***,7,0.01615583456425406
ntkrnlmp.exe!***unknown***,callee,ntkrnlmp.exe!***unknown***,5,0.011539881831610045
ntkrnlmp.exe!***unknown***,callee,ntkrnlmp.exe!***unknown*** (trimmed),2,0.004615952732644018
ntkrnlmp.exe!***unknown***,caller,ntkrnlmp.exe!***unknown***,7,0.01615583456425406
ntkrnlmp.exe!***unknown***,caller,ntkrnlmp.exe!***unknown***,4,0.009231905465288036
ntkrnlmp.exe!***unknown***,caller,ntkrnlmp.exe!***unknown*** (trimmed),2,0.004615952732644018
ntkrnlmp.exe!***unknown***,caller,ntkrnlmp.exe!***unknown*** (trimmed),1,0.002307976366322009
ntkrnlmp.exe!***unknown***,callee,ntkrnlmp.exe!***unknown*** (trimmed),2,0.004615952732644018
ntkrnlmp.exe!***unknown***,callee,ntkrnlmp.exe!***unknown*** (trimmed),2,0.004615952732644018
ntkrnlmp.exe!***unknown***,callee,ntkrnlmp.exe!***unknown*** (trimmed),1,0.002307976366322009
ntkrnlmp.exe!***unknown***,callee,ntkrnlmp.exe!***unknown*** (trimmed),1,0.002307976366322009
ntkrnlmp.exe!***unknown***,caller,ntkrnlmp.exe!***unknown***,7,0.01615583456425406
ntkrnlmp.exe!***unknown***,callee,ntkrnlmp.exe!***unknown***,5,0.011539881831610045
ntkrnlmp.exe!***unknown***,callee,ntkrnlmp.exe!***unknown*** (trimmed),2,0.004615952732644018
ntkrnlmp.exe!***unknown***,caller,ntkrnlmp.exe!***unknown***,7,0.01615583456425406
ntkrnlmp.exe!***unknown***,callee,ntkrnlmp.exe!***unknown*** (trimmed),4,0.009231905465288036
ntkrnlmp.exe!***unknown***,callee,ntkrnlmp.exe!***unknown*** (trimmed),2,0.004615952732644018
ntkrnlmp.exe!***unknown***,callee,ntkrnlmp.exe!***unknown*** (trimmed),1,0.002307976366322009
ntkrnlmp.exe!***unknown***,caller,ntkrnlmp.exe!***unknown***,7,0.01615583456425406
ntkrnlmp.exe!***unknown***,callee,ntkrnlmp.exe!***unknown*** (trimmed),1,0.002307976366322009
ntkrnlmp.exe!***unknown***,callee,ntkrnlmp.exe!***unknown*** (trimmed),1,0.002307976366322009
ntkrnlmp.exe!***unknown***,callee,ntkrnlmp.exe!***unknown*** (trimmed),1,0.002307976366322009
ntkrnlmp.exe!***unknown***,callee,ntkrnlmp.exe!***unknown*** (trimmed),1,0.002307976366322009
ntkrnlmp.exe!***unknown***,callee,ntkrnlmp.exe!***unknown*** (trimmed),1,0.002307976366322009
ntkrnlmp.exe!***unknown***,callee,ntkrnlmp.exe!***unknown*** (trimmed),1,0.002307976366322009
ntkrnlmp.exe!***unknown***,callee,ntkrnlmp.exe!***unknown*** (trimmed),1,0.002307976366322009
ntkrnlmp.exe!***unknown***,caller,ntkrnlmp.exe!***unknown***,7,0.01615583456425406
ntkrnlmp.exe!***unknown***,callee,ntkrnlmp.exe!***unknown*** (trimmed),3,0.006923929098966027
ntkrnlmp.exe!***unknown***,callee,ntkrnlmp.exe!***unknown*** (trimmed),2,0.004615952732644018
ntkrnlmp.exe!***unknown***,callee,ntkrnlmp.exe!***unknown*** (trimmed),2,0.004615952732644018
ntkrnlmp.exe!***unknown***,caller,ntkrnlmp.exe!***unknown***,7,0.01615583456425406
ntkrnlmp.exe!***unknown***,callee,ntkrnlmp.exe!***unknown***,5,0.011539881831610045
ntkrnlmp.exe!***unknown***,callee,ntkrnlmp.exe!***unknown*** (trimmed),2,0.004615952732644018
ntkrnlmp.exe!***unknown***,caller,ntkrnlmp.exe!***unknown***,7,0.01615583456425406
ntkrnlmp.exe!***unknown***,caller,ntkrnlmp.exe!***unknown***,7,0.01615583456425406
ntkrnlmp.exe!***unknown***,callee,ntkrnlmp.exe!***unknown***,7,0.01615583456425406
ntkrnlmp.exe!***unknown***,caller,ntkrnlmp.exe!***unknown***,5,0.011539881831610045
ntkrnlmp.exe!***unknown***,caller,ntkrnlmp.exe!***unknown*** (trimmed),2,0.004615952732644018
ntkrnlmp.exe!***unknown***,caller,ntkrnlmp.exe!***unknown***,7,0.01615583456425406
ntkrnlmp.exe!***unknown***,callee,ntkrnlmp.exe!***unknown***,5,0.011539881831610045
ntkrnlmp.exe!***unknown***,callee,ntkrnlmp.exe!***unknown***,2,0.004615952732644018
ntkrnlmp.exe!***unknown***,caller,bthport.sys!***unknown***,5,0.011539881831610045
ntkrnlmp.exe!***unknown***,caller,refs.sys!***unknown*** (trimmed),2,0.004615952732644018
ntkrnlmp.exe!***unknown***,caller,ntkrnlmp.exe!***unknown***,7,0.01615583456425406
ntkrnlmp.exe!***unknown***,callee,ntkrnlmp.exe!***unknown***,5,0.011539881831610045
ntkrnlmp.exe!***unknown***,callee,ntkrnlmp.exe!***unknown*** (trimmed),1,0.002307976366322009
ntkrnlmp.exe!***unknown***,callee,ntkrnlmp.exe!***unknown*** (trimmed),1,0.002307976366322009
ntkrnlmp.exe!***unknown***,caller,ntkrnlmp.exe!***unknown***,7,0.01615583456425406
ntkrnlmp.exe!***unknown***,callee,ntkrnlmp.exe!***unknown*** (trimmed),4,0.009231905465288036
ntkrnlmp.exe!***unknown***,callee,ntkrnlmp.exe!***unknown*** (trimmed),2,0.004615952732644018
ntkrnlmp.exe!***unknown***,callee,ntkrnlmp.exe!***unknown*** (trimmed),1,0.002307976366322009
ntkrnlmp.exe!***unknown***,caller,ntkrnlmp.exe!***unknown***,7,0.01615583456425406
ntkrnlmp.exe!***unknown***,caller,ntkrnlmp.exe!***unknown***,7,0.01615583456425406
ntkrnlmp.exe!***unknown***,callee,ntkrnlmp.exe!***unknown*** (trimmed),3,0.006923929098966027
ntkrnlmp.exe!***unknown***,callee,ntkrnlmp.exe!***unknown*** (trimmed),2,0.004615952732644018
ntkrnlmp.exe!***unknown***,callee,ntkrnlmp.exe!***unknown*** (trimmed),2,0.004615952732644018
ntkrnlmp.exe!***unknown***,caller,ntkrnlmp.exe!***unknown***,7,0.01615583456425406
ntkrnlmp.exe!***unknown***,callee,ntkrnlmp.exe!***unknown*** (trimmed),4,0.009231905465288036
ntkrnlmp.exe!***unknown***,callee,ntkrnlmp.exe!***unknown*** (trimmed),3,0.006923929098966027
ntkrnlmp.exe!***unknown***,caller,ntkrnlmp.exe!***unknown***,6,0.013847858197932054
ntkrnlmp.exe!***unknown***,caller,ntkrnlmp.exe!***unknown*** (trimmed),1,0.002307976366322009
ntkrnlmp.exe!***unknown***,caller,ntkrnlmp.exe!***unknown***,7,0.01615583456425406
ntdll.dll!***unknown***,caller,ntdll.dll!***unknown***,4,0.009231905465288036
ntdll.dll!***unknown***,caller,ntdll.dll!***unknown*** (trimmed),3,0.006923929098966027
ntdll.dll!***unknown***,caller,ntdll.dll!***unknown***,7,0.01615583456425406
ntdll.dll!***unknown***,caller,ntdll.dll!***unknown***,7,0.01615583456425406
ntdll.dll!***unknown***,caller,ntdll.dll!***unknown***,7,0.01615583456425406
ntdll.dll!***unknown***,caller,ntdll.dll!***unknown***,7,0.01615583456425406
ntdll.dll!***unknown***,caller,ntdll.dll!***unknown***,7,0.01615583456425406
ntdll.dll!***unknown***,caller,ntdll.dll!***unknown***,7,0.01615583456425406
mtkwl6ex.sys!***unknown***,callee,NDIS.SYS!***unknown***,6,0.013847858197932054
mtkwl6ex.sys!***unknown***,callee,NDIS.SYS!***unknown*** (trimmed),1,0.002307976366322009
mtkwl6ex.sys!***unknown***,caller,mtkwl6ex.sys!***unknown***,7,0.01615583456425406
mtkwl6ex.sys!***unknown***,caller,mtkwl6ex.sys!***unknown***,7,0.01615583456425406
msgpioclx.sys!***unknown***,callee,msgpioclx.sys!***unknown***,6,0.013847858197932054
msgpioclx.sys!***unknown***,callee,msgpioclx.sys!***unknown*** (trimmed),1,0.002307976366322009
msgpioclx.sys!***unknown***,caller,msgpioclx.sys!***unknown***,7,0.01615583456425406
laneflow-urban-harness.exe!std::sys::stdio::windows::write,callee,laneflow-urban-harness.exe!std::sys::pal::windows::handle::Handle::synchronous_write,7,0.01615583456425406
laneflow-urban-harness.exe!std::sys::stdio::windows::write,caller,laneflow-urban-harness.exe!std::io::Write::write_all<std::sys::stdio::windows::Stderr>,7,0.01615583456425406
laneflow-urban-harness.exe!std::io::Write::write_all<std::sys::stdio::windows::Stderr>,callee,laneflow-urban-harness.exe!std::sys::stdio::windows::write,7,0.01615583456425406
laneflow-urban-harness.exe!std::io::Write::write_all<std::sys::stdio::windows::Stderr>,caller,laneflow-urban-harness.exe!std::io::default_write_fmt::impl$0::write_str<std::io::stdio::StderrLock>,7,0.01615583456425406
laneflow-urban-harness.exe!std::io::stdio::impl$26::write_fmt,callee,laneflow-urban-harness.exe!core::fmt::write,7,0.01615583456425406
laneflow-urban-harness.exe!std::io::stdio::impl$26::write_fmt,caller,laneflow-urban-harness.exe!std::io::stdio::_eprint,7,0.01615583456425406
laneflow-urban-harness.exe!std::io::stdio::_eprint,callee,laneflow-urban-harness.exe!std::io::stdio::impl$26::write_fmt,7,0.01615583456425406
laneflow-urban-harness.exe!std::io::stdio::_eprint,caller,laneflow-urban-harness.exe!laneflow_urban_harness::short_prefix::run,7,0.01615583456425406
laneflow-urban-harness.exe!std::io::default_write_fmt::impl$0::write_str<std::io::stdio::StderrLock>,callee,laneflow-urban-harness.exe!std::io::Write::write_all<std::sys::stdio::windows::Stderr>,7,0.01615583456425406
laneflow-urban-harness.exe!std::io::default_write_fmt::impl$0::write_str<std::io::stdio::StderrLock>,caller,laneflow-urban-harness.exe!core::fmt::write,5,0.011539881831610045
laneflow-urban-harness.exe!std::io::default_write_fmt::impl$0::write_str<std::io::stdio::StderrLock>,caller,laneflow-urban-harness.exe!core::fmt::num::imp::impl$15::fmt (trimmed),2,0.004615952732644018
"laneflow-urban-harness.exe!crossbeam_epoch::default::with_handle<crossbeam_epoch::default::pin::closure_env$0,crossbeam_epoch::guard::Guard>",callee,laneflow-urban-harness.exe!crossbeam_epoch::internal::Global::collect (trimmed),3,0.006923929098966027
"laneflow-urban-harness.exe!crossbeam_epoch::default::with_handle<crossbeam_epoch::default::pin::closure_env$0,crossbeam_epoch::guard::Guard>",caller,laneflow-urban-harness.exe!crossbeam_deque::deque::Stealer<rayon_core::job::JobRef>::steal<rayon_core::job::JobRef>,7,0.01615583456425406
"laneflow-urban-harness.exe!core::slice::sort::shared::smallsort::insertion_sort_shift_left<laneflow_runtime::kernel::conflict::DownstreamInterval,bool (*)(ref$<laneflow_runtime::kernel::conflict::DownstreamInterval>,ref$<laneflow_runtime::kernel::conflict::DownstreamInterval>)>",caller,laneflow-urban-harness.exe!laneflow_runtime::kernel::conflict_tick::ConflictTaskView::prepare_resource_candidate_task,6,0.013847858197932054
"laneflow-urban-harness.exe!core::slice::sort::shared::smallsort::insertion_sort_shift_left<laneflow_runtime::kernel::conflict::DownstreamInterval,bool (*)(ref$<laneflow_runtime::kernel::conflict::DownstreamInterval>,ref$<laneflow_runtime::kernel::conflict::DownstreamInterval>)>",caller,laneflow-urban-harness.exe!laneflow_runtime::kernel::conflict::derive_downstream_claims_from_plan (trimmed),1,0.002307976366322009
"laneflow-urban-harness.exe!alloc::collections::btree::node::NodeRef<enum2$<alloc::collections::btree::node::marker::Owned>,u32,u8,enum2$<alloc::collections::btree::node::marker::LeafOrInternal> >::bulk_push<u32,u8,alloc::collections::btree::dedup_sorted_iter::DedupSortedIter<u32,u8,alloc::vec::into_iter::IntoIter<tuple$<u32,u8>,alloc::alloc::Global> >,alloc::alloc::Global>",callee,ntdll.dll!***unknown***,1,0.002307976366322009
"laneflow-urban-harness.exe!alloc::collections::btree::node::NodeRef<enum2$<alloc::collections::btree::node::marker::Owned>,u32,u8,enum2$<alloc::collections::btree::node::marker::LeafOrInternal> >::bulk_push<u32,u8,alloc::collections::btree::dedup_sorted_iter::DedupSortedIter<u32,u8,alloc::vec::into_iter::IntoIter<tuple$<u32,u8>,alloc::alloc::Global> >,alloc::alloc::Global>",callee,laneflow-urban-harness.exe!std::sys::alloc::windows::process_heap_alloc,1,0.002307976366322009
"laneflow-urban-harness.exe!alloc::collections::btree::node::NodeRef<enum2$<alloc::collections::btree::node::marker::Owned>,u32,u8,enum2$<alloc::collections::btree::node::marker::LeafOrInternal> >::bulk_push<u32,u8,alloc::collections::btree::dedup_sorted_iter::DedupSortedIter<u32,u8,alloc::vec::into_iter::IntoIter<tuple$<u32,u8>,alloc::alloc::Global> >,alloc::alloc::Global>",caller,"laneflow-urban-harness.exe!alloc::collections::btree::map::impl$88::from_iter<u32,u8,core::iter::adapters::GenericShunt<core::iter::adapters::map::Map<core::slice::iter::Iter<tuple$<laneflow_static_contract::typed::Ordinal<laneflow_static_contract::typed::SignalGroupKind>,laneflow_static_contract::values::SignalAspect> >,laneflow_urban_harness::runner::signal_signature::closure_env$0>,enum2$<core::result::Result<enum2$<core::convert::Infallible>,enum2$<laneflow_urban_harness::Error> > > > >",7,0.01615583456425406
dxgmms2.sys!***unknown***,callee,dxgmms2.sys!***unknown***,7,0.01615583456425406
dxgmms2.sys!***unknown***,caller,dxgmms2.sys!***unknown***,7,0.01615583456425406
dxgmms2.sys!***unknown***,callee,dxgmms2.sys!***unknown***,5,0.011539881831610045
dxgmms2.sys!***unknown***,callee,dxgmms2.sys!***unknown*** (trimmed),2,0.004615952732644018
dxgmms2.sys!***unknown***,caller,dxgmms2.sys!***unknown***,7,0.01615583456425406
dxgmms2.sys!***unknown***,callee,dxgmms2.sys!***unknown*** (trimmed),4,0.009231905465288036
dxgmms2.sys!***unknown***,callee,dxgmms2.sys!***unknown*** (trimmed),2,0.004615952732644018
dxgmms2.sys!***unknown***,callee,dxgmms2.sys!***unknown*** (trimmed),1,0.002307976366322009
dxgmms2.sys!***unknown***,caller,dxgmms2.sys!***unknown***,7,0.01615583456425406
wdf01000.sys!***unknown***,callee,wdf01000.sys!***unknown***,6,0.013847858197932054
wdf01000.sys!***unknown***,caller,wdf01000.sys!***unknown***,6,0.013847858197932054
wdf01000.sys!***unknown***,callee,wdf01000.sys!***unknown***,6,0.013847858197932054
wdf01000.sys!***unknown***,caller,wdf01000.sys!***unknown***,6,0.013847858197932054
wdf01000.sys!***unknown***,callee,bthport.sys!***unknown***,5,0.011539881831610045
wdf01000.sys!***unknown***,callee,bthport.sys!***unknown*** (trimmed),1,0.002307976366322009
wdf01000.sys!***unknown***,caller,wdf01000.sys!***unknown***,6,0.013847858197932054
vcruntime140.dll!***unknown***,caller,laneflow-urban-harness.exe!laneflow_runtime::kernel::phase::CommittedStateMut::commit,6,0.013847858197932054
vcruntime140.dll!***unknown***,caller,"laneflow-urban-harness.exe!rayon_core::scope::ScopeBase::execute_job_closure<rayon_core::scope::impl$0::spawn::closure$0::closure_env$0<laneflow_runtime::kernel::execution::impl$4::try_for_each_chunk::closure$0::closure_env$0<laneflow_runtime::kernel::tick::WaitingPreviewEntry,laneflow_runtime::kernel::waiting::prepare_waiting_previews_dispatched::closure_env$0> >,tuple$<> >",4,0.009231905465288036
vcruntime140.dll!***unknown***,caller,"laneflow-urban-harness.exe!rayon_core::scope::ScopeBase::execute_job_closure<rayon_core::scope::impl$0::spawn::closure$0::closure_env$0<laneflow_runtime::kernel::execution::impl$4::try_for_each_chunk::closure$0::closure_env$0<laneflow_runtime::kernel::tick::VehicleMotionOutcome,laneflow_runtime::kernel::tick::prepare_motion_dispatched::closure_env$0> >,tuple$<> >",1,0.002307976366322009
vcruntime140.dll!***unknown***,caller,"laneflow-urban-harness.exe!enum2$<laneflow_runtime::kernel::execution::ExecutionResources>::try_for_each_chunk<laneflow_runtime::kernel::tick::WaitingPreviewEntry,laneflow_runtime::kernel::waiting::prepare_waiting_previews_dispatched::closure_env$0>",1,0.002307976366322009
vcruntime140.dll!***unknown***,caller,"laneflow-urban-harness.exe!rayon_core::scope::ScopeBase::execute_job_closure<rayon_core::scope::impl$0::spawn::closure$0::closure_env$0<laneflow_runtime::kernel::execution::impl$4::try_for_each_chunk::closure$0::closure_env$0<laneflow_runtime::kernel::tick::VehicleMotionOutcome,laneflow_runtime::kernel::tick::prepare_motion_dispatched::closure_env$0> >,tuple$<> >",2,0.004615952732644018
vcruntime140.dll!***unknown***,caller,"laneflow-urban-harness.exe!rayon_core::scope::ScopeBase::execute_job_closure<rayon_core::scope::impl$0::spawn::closure$0::closure_env$0<laneflow_runtime::kernel::execution::impl$4::try_for_each_chunk::closure$0::closure_env$0<laneflow_runtime::kernel::tick::WaitingPreviewEntry,laneflow_runtime::kernel::waiting::prepare_waiting_previews_dispatched::closure_env$0> >,tuple$<> >",1,0.002307976366322009
vcruntime140.dll!***unknown***,caller,"laneflow-urban-harness.exe!enum2$<laneflow_runtime::kernel::execution::ExecutionResources>::try_for_each_chunk<laneflow_runtime::kernel::tick::WaitingPreviewEntry,laneflow_runtime::kernel::waiting::prepare_waiting_previews_dispatched::closure_env$0>",1,0.002307976366322009
vcruntime140.dll!***unknown***,caller,"laneflow-urban-harness.exe!core::slice::sort::shared::smallsort::insertion_sort_shift_left<laneflow_runtime::kernel::conflict_tick::ConflictCandidate,core::slice::impl$0::sort_unstable_by_key::closure_env$0<laneflow_runtime::kernel::conflict_tick::ConflictCandidate,tuple$<laneflow_runtime::kernel::conflict::ConflictCandidateOrderKey,u32>,laneflow_runtime::kernel::conflict_tick::impl$6::prepare_conflict_candidates::closure_env$1> >",1,0.002307976366322009
vcruntime140.dll!***unknown***,caller,"laneflow-urban-harness.exe!core::slice::sort::unstable::quicksort::quicksort<laneflow_runtime::kernel::conflict_tick::ConflictCandidate,core::slice::impl$0::sort_unstable_by_key::closure_env$0<laneflow_runtime::kernel::conflict_tick::ConflictCandidate,tuple$<laneflow_runtime::kernel::conflict::ConflictCandidateOrderKey,u32>,laneflow_runtime::kernel::conflict_tick::impl$6::prepare_conflict_candidates::closure_env$1> >",1,0.002307976366322009
ucrtbase.dll!***unknown***,caller,laneflow-urban-harness.exe!laneflow_runtime::kernel::phase::StepReadView::calculate_active_vehicle_motion,6,0.013847858197932054
refs.sys!***unknown***,callee,refs.sys!***unknown***,5,0.011539881831610045
refs.sys!***unknown***,callee,refs.sys!***unknown*** (trimmed),1,0.002307976366322009
refs.sys!***unknown***,caller,refs.sys!***unknown***,6,0.013847858197932054
nvlddmkm.sys!***unknown***,callee,ntkrnlmp.exe!***unknown***,5,0.011539881831610045
nvlddmkm.sys!***unknown***,callee,ntkrnlmp.exe!***unknown*** (trimmed),1,0.002307976366322009
nvlddmkm.sys!***unknown***,caller,nvlddmkm.sys!***unknown***,6,0.013847858197932054
nvlddmkm.sys!***unknown***,callee,nvlddmkm.sys!***unknown***,6,0.013847858197932054
nvlddmkm.sys!***unknown***,caller,nvlddmkm.sys!***unknown***,6,0.013847858197932054
nvlddmkm.sys!***unknown***,callee,nvlddmkm.sys!***unknown***,6,0.013847858197932054
nvlddmkm.sys!***unknown***,caller,nvlddmkm.sys!***unknown***,6,0.013847858197932054
nvlddmkm.sys!***unknown***,callee,nvlddmkm.sys!***unknown*** (trimmed),3,0.006923929098966027
nvlddmkm.sys!***unknown***,callee,nvlddmkm.sys!***unknown***,2,0.004615952732644018
nvlddmkm.sys!***unknown***,callee,nvlddmkm.sys!***unknown*** (trimmed),1,0.002307976366322009
nvlddmkm.sys!***unknown***,caller,nvlddmkm.sys!***unknown***,6,0.013847858197932054
nvlddmkm.sys!***unknown***,callee,nvlddmkm.sys!***unknown***,6,0.013847858197932054
nvlddmkm.sys!***unknown***,caller,nvlddmkm.sys!***unknown***,6,0.013847858197932054
nvlddmkm.sys!***unknown***,callee,nvlddmkm.sys!***unknown***,6,0.013847858197932054
nvlddmkm.sys!***unknown***,caller,nvlddmkm.sys!***unknown***,6,0.013847858197932054
nvlddmkm.sys!***unknown***,callee,nvlddmkm.sys!***unknown***,5,0.011539881831610045
nvlddmkm.sys!***unknown***,callee,nvlddmkm.sys!***unknown***,1,0.002307976366322009
nvlddmkm.sys!***unknown***,caller,nvlddmkm.sys!***unknown***,6,0.013847858197932054
nvlddmkm.sys!***unknown***,callee,nvlddmkm.sys!***unknown***,3,0.006923929098966027
nvlddmkm.sys!***unknown***,callee,nvlddmkm.sys!***unknown*** (trimmed),2,0.004615952732644018
nvlddmkm.sys!***unknown***,callee,nvlddmkm.sys!***unknown*** (trimmed),1,0.002307976366322009
nvlddmkm.sys!***unknown***,caller,nvlddmkm.sys!***unknown***,6,0.013847858197932054
nvlddmkm.sys!***unknown***,callee,nvlddmkm.sys!***unknown***,5,0.011539881831610045
nvlddmkm.sys!***unknown***,callee,nvlddmkm.sys!***unknown*** (trimmed),1,0.002307976366322009
nvlddmkm.sys!***unknown***,caller,nvlddmkm.sys!***unknown*** (trimmed),4,0.009231905465288036
nvlddmkm.sys!***unknown***,caller,nvlddmkm.sys!***unknown*** (trimmed),1,0.002307976366322009
nvlddmkm.sys!***unknown***,caller,nvlddmkm.sys!***unknown*** (trimmed),1,0.002307976366322009
nvlddmkm.sys!***unknown***,callee,nvlddmkm.sys!***unknown***,5,0.011539881831610045
nvlddmkm.sys!***unknown***,callee,nvlddmkm.sys!***unknown***,1,0.002307976366322009
nvlddmkm.sys!***unknown***,caller,nvlddmkm.sys!***unknown***,6,0.013847858197932054
nvlddmkm.sys!***unknown***,callee,nvlddmkm.sys!***unknown***,6,0.013847858197932054
nvlddmkm.sys!***unknown***,caller,nvlddmkm.sys!***unknown***,6,0.013847858197932054
nvlddmkm.sys!***unknown***,caller,nvlddmkm.sys!***unknown***,6,0.013847858197932054
ntkrnlmp.exe!***unknown***,callee,ntkrnlmp.exe!***unknown***,6,0.013847858197932054
ntkrnlmp.exe!***unknown***,callee,ntkrnlmp.exe!***unknown***,5,0.011539881831610045
ntkrnlmp.exe!***unknown***,caller,ntkrnlmp.exe!***unknown***,6,0.013847858197932054
ntkrnlmp.exe!***unknown***,callee,ntkrnlmp.exe!***unknown*** (trimmed),3,0.006923929098966027
ntkrnlmp.exe!***unknown***,callee,ntkrnlmp.exe!***unknown*** (trimmed),2,0.004615952732644018
ntkrnlmp.exe!***unknown***,callee,ntkrnlmp.exe!***unknown*** (trimmed),1,0.002307976366322009
ntkrnlmp.exe!***unknown***,caller,ntdll.dll!***unknown***,3,0.006923929098966027
ntkrnlmp.exe!***unknown***,caller,laneflow-urban-harness.exe!laneflow_runtime::kernel::conflict::ConflictRead::cells_unavailable,1,0.002307976366322009
ntkrnlmp.exe!***unknown***,caller,laneflow-urban-harness.exe!laneflow_runtime::kernel::boundary::consume,1,0.002307976366322009
ntkrnlmp.exe!***unknown***,callee,ntkrnlmp.exe!***unknown***,5,0.011539881831610045
ntkrnlmp.exe!***unknown***,caller,ntkrnlmp.exe!***unknown***,6,0.013847858197932054
ntkrnlmp.exe!***unknown***,callee,ntkrnlmp.exe!***unknown*** (trimmed),2,0.004615952732644018
ntkrnlmp.exe!***unknown***,caller,ntkrnlmp.exe!***unknown***,6,0.013847858197932054
ntkrnlmp.exe!***unknown***,caller,ntkrnlmp.exe!***unknown***,6,0.013847858197932054
ntkrnlmp.exe!***unknown***,caller,ntkrnlmp.exe!***unknown***,5,0.011539881831610045
ntkrnlmp.exe!***unknown***,caller,ntkrnlmp.exe!***unknown***,1,0.002307976366322009
ntkrnlmp.exe!***unknown***,caller,nvlddmkm.sys!***unknown***,6,0.013847858197932054
ntkrnlmp.exe!***unknown***,callee,ntkrnlmp.exe!***unknown***,5,0.011539881831610045
ntkrnlmp.exe!***unknown***,callee,ntkrnlmp.exe!***unknown*** (trimmed),1,0.002307976366322009
ntkrnlmp.exe!***unknown***,caller,ntkrnlmp.exe!***unknown***,6,0.013847858197932054
ntkrnlmp.exe!***unknown***,callee,ntkrnlmp.exe!***unknown*** (trimmed),2,0.004615952732644018
ntkrnlmp.exe!***unknown***,callee,ntkrnlmp.exe!***unknown*** (trimmed),1,0.002307976366322009
ntkrnlmp.exe!***unknown***,callee,ntkrnlmp.exe!***unknown*** (trimmed),1,0.002307976366322009
ntkrnlmp.exe!***unknown***,callee,ntkrnlmp.exe!***unknown*** (trimmed),1,0.002307976366322009
ntkrnlmp.exe!***unknown***,callee,ntkrnlmp.exe!***unknown*** (trimmed),1,0.002307976366322009
ntkrnlmp.exe!***unknown***,caller,ntkrnlmp.exe!***unknown***,6,0.013847858197932054
ntkrnlmp.exe!***unknown***,caller,amdgpio2.sys!***unknown*** (trimmed),4,0.009231905465288036
ntkrnlmp.exe!***unknown***,caller,amdgpio2.sys!***unknown*** (trimmed),2,0.004615952732644018
ntkrnlmp.exe!***unknown***,callee,ntkrnlmp.exe!***unknown***,1,0.002307976366322009
ntkrnlmp.exe!***unknown***,caller,ntkrnlmp.exe!***unknown***,6,0.013847858197932054
ntkrnlmp.exe!***unknown***,caller,ntkrnlmp.exe!***unknown***,6,0.013847858197932054
ntkrnlmp.exe!***unknown***,callee,ntkrnlmp.exe!***unknown*** (trimmed),2,0.004615952732644018
ntkrnlmp.exe!***unknown***,callee,ntkrnlmp.exe!***unknown*** (trimmed),1,0.002307976366322009
ntkrnlmp.exe!***unknown***,callee,ntkrnlmp.exe!***unknown*** (trimmed),1,0.002307976366322009
ntkrnlmp.exe!***unknown***,callee,ntkrnlmp.exe!***unknown*** (trimmed),1,0.002307976366322009
ntkrnlmp.exe!***unknown***,callee,ntkrnlmp.exe!***unknown*** (trimmed),1,0.002307976366322009
ntkrnlmp.exe!***unknown***,caller,ntkrnlmp.exe!***unknown***,6,0.013847858197932054
ntkrnlmp.exe!***unknown***,callee,ntkrnlmp.exe!***unknown*** (trimmed),2,0.004615952732644018
ntkrnlmp.exe!***unknown***,callee,ntkrnlmp.exe!***unknown*** (trimmed),1,0.002307976366322009
ntkrnlmp.exe!***unknown***,callee,ntkrnlmp.exe!***unknown*** (trimmed),1,0.002307976366322009
ntkrnlmp.exe!***unknown***,callee,ntkrnlmp.exe!***unknown*** (trimmed),1,0.002307976366322009
ntkrnlmp.exe!***unknown***,callee,ntkrnlmp.exe!***unknown*** (trimmed),1,0.002307976366322009
ntkrnlmp.exe!***unknown***,caller,ntkrnlmp.exe!***unknown***,6,0.013847858197932054
ntkrnlmp.exe!***unknown***,callee,ntkrnlmp.exe!***unknown*** (trimmed),1,0.002307976366322009
ntkrnlmp.exe!***unknown***,caller,ntkrnlmp.exe!***unknown***,6,0.013847858197932054
ntkrnlmp.exe!***unknown***,caller,ntkrnlmp.exe!***unknown***,6,0.013847858197932054
ntkrnlmp.exe!***unknown***,callee,ntkrnlmp.exe!***unknown*** (trimmed),3,0.006923929098966027
ntkrnlmp.exe!***unknown***,callee,ntkrnlmp.exe!***unknown*** (trimmed),2,0.004615952732644018
ntkrnlmp.exe!***unknown***,callee,ntkrnlmp.exe!***unknown*** (trimmed),1,0.002307976366322009
ntkrnlmp.exe!***unknown***,caller,ntkrnlmp.exe!***unknown***,5,0.011539881831610045
ntkrnlmp.exe!***unknown***,caller,ntkrnlmp.exe!***unknown*** (trimmed),1,0.002307976366322009
ntkrnlmp.exe!***unknown***,caller,ntkrnlmp.exe!***unknown***,5,0.011539881831610045
ntkrnlmp.exe!***unknown***,caller,ntkrnlmp.exe!***unknown*** (trimmed),1,0.002307976366322009
ntkrnlmp.exe!***unknown***,callee,ntkrnlmp.exe!***unknown*** (trimmed),3,0.006923929098966027
ntkrnlmp.exe!***unknown***,callee,ntkrnlmp.exe!***unknown*** (trimmed),1,0.002307976366322009
ntkrnlmp.exe!***unknown***,caller,ntkrnlmp.exe!***unknown***,6,0.013847858197932054
ntkrnlmp.exe!***unknown***,caller,ntkrnlmp.exe!***unknown***,6,0.013847858197932054
ntkrnlmp.exe!***unknown***,caller,ntkrnlmp.exe!***unknown***,6,0.013847858197932054
ntkrnlmp.exe!***unknown***,callee,ntkrnlmp.exe!***unknown***,6,0.013847858197932054
ntkrnlmp.exe!***unknown***,caller,ntkrnlmp.exe!***unknown***,6,0.013847858197932054
ntkrnlmp.exe!***unknown***,callee,ntkrnlmp.exe!***unknown***,5,0.011539881831610045
ntkrnlmp.exe!***unknown***,callee,ntkrnlmp.exe!***unknown*** (trimmed),1,0.002307976366322009
ntkrnlmp.exe!***unknown***,caller,ntkrnlmp.exe!***unknown***,6,0.013847858197932054
ntdll.dll!***unknown***,caller,ntdll.dll!***unknown***,6,0.013847858197932054
ntdll.dll!***unknown***,caller,laneflow-urban-harness.exe!laneflow_urban_harness::observe::passage,6,0.013847858197932054
ntdll.dll!***unknown***,callee,ntdll.dll!***unknown***,6,0.013847858197932054
ntdll.dll!***unknown***,caller,ntdll.dll!***unknown***,6,0.013847858197932054
NDIS.SYS!***unknown***,callee,ntkrnlmp.exe!***unknown***,6,0.013847858197932054
NDIS.SYS!***unknown***,caller,mtkwl6ex.sys!***unknown***,6,0.013847858197932054
mtkwl6ex.sys!***unknown***,callee,mtkwl6ex.sys!***unknown*** (trimmed),2,0.004615952732644018
mtkwl6ex.sys!***unknown***,callee,mtkwl6ex.sys!***unknown*** (trimmed),1,0.002307976366322009
mtkwl6ex.sys!***unknown***,callee,mtkwl6ex.sys!***unknown*** (trimmed),1,0.002307976366322009
mtkwl6ex.sys!***unknown***,callee,mtkwl6ex.sys!***unknown*** (trimmed),1,0.002307976366322009
mtkwl6ex.sys!***unknown***,caller,mtkwl6ex.sys!***unknown*** (trimmed),3,0.006923929098966027
mtkwl6ex.sys!***unknown***,caller,mtkwl6ex.sys!***unknown*** (trimmed),3,0.006923929098966027
msgpioclx.sys!***unknown***,callee,amdgpio2.sys!***unknown*** (trimmed),4,0.009231905465288036
msgpioclx.sys!***unknown***,callee,amdgpio2.sys!***unknown*** (trimmed),2,0.004615952732644018
msgpioclx.sys!***unknown***,caller,msgpioclx.sys!***unknown***,6,0.013847858197932054
"laneflow-urban-harness.exe!serde_core::ser::Serializer::collect_seq<serde_json::value::ser::Serializer,ref$<alloc::vec::Vec<enum2$<serde_json::value::Value>,alloc::alloc::Global> > >",callee,"laneflow-urban-harness.exe!serde_core::ser::Serializer::collect_seq<serde_json::value::ser::Serializer,ref$<alloc::vec::Vec<enum2$<serde_json::value::Value>,alloc::alloc::Global> > >",2,0.004615952732644018
"laneflow-urban-harness.exe!serde_core::ser::Serializer::collect_seq<serde_json::value::ser::Serializer,ref$<alloc::vec::Vec<enum2$<serde_json::value::Value>,alloc::alloc::Global> > >",callee,laneflow-urban-harness.exe!serde_json::value::ser::impl$1::serialize_seq (trimmed),2,0.004615952732644018
"laneflow-urban-harness.exe!serde_core::ser::Serializer::collect_seq<serde_json::value::ser::Serializer,ref$<alloc::vec::Vec<enum2$<serde_json::value::Value>,alloc::alloc::Global> > >",callee,"laneflow-urban-harness.exe!serde_core::ser::impls::impl$107::serialize<enum2$<serde_json::value::Value>,serde_json::value::ser::Serializer>",1,0.002307976366322009
"laneflow-urban-harness.exe!serde_core::ser::Serializer::collect_seq<serde_json::value::ser::Serializer,ref$<alloc::vec::Vec<enum2$<serde_json::value::Value>,alloc::alloc::Global> > >",caller,laneflow-urban-harness.exe!laneflow_urban_harness::observe::events,4,0.009231905465288036
"laneflow-urban-harness.exe!serde_core::ser::Serializer::collect_seq<serde_json::value::ser::Serializer,ref$<alloc::vec::Vec<enum2$<serde_json::value::Value>,alloc::alloc::Global> > >",caller,"laneflow-urban-harness.exe!serde_core::ser::Serializer::collect_seq<serde_json::value::ser::Serializer,ref$<alloc::vec::Vec<enum2$<serde_json::value::Value>,alloc::alloc::Global> > >",2,0.004615952732644018
"laneflow-urban-harness.exe!serde_core::ser::Serializer::collect_seq<ref_mut$<serde_json::ser::Serializer<ref_mut$<std::io::buffered::bufwriter::BufWriter<std::fs::File> >,serde_json::ser::CompactFormatter> >,ref$<alloc::vec::Vec<enum2$<serde_json::value::Value>,alloc::alloc::Global> > >",callee,"laneflow-urban-harness.exe!serde_json::number::impl$6::serialize<ref_mut$<serde_json::ser::Serializer<ref_mut$<std::io::buffered::bufwriter::BufWriter<std::fs::File> >,serde_json::ser::CompactFormatter> > >",2,0.004615952732644018
"laneflow-urban-harness.exe!serde_core::ser::Serializer::collect_seq<ref_mut$<serde_json::ser::Serializer<ref_mut$<std::io::buffered::bufwriter::BufWriter<std::fs::File> >,serde_json::ser::CompactFormatter> >,ref$<alloc::vec::Vec<enum2$<serde_json::value::Value>,alloc::alloc::Global> > >",callee,"laneflow-urban-harness.exe!serde_json::value::ser::impl$0::serialize<ref_mut$<serde_json::ser::Serializer<ref_mut$<std::io::buffered::bufwriter::BufWriter<std::fs::File> >,serde_json::ser::CompactFormatter> > >",2,0.004615952732644018
"laneflow-urban-harness.exe!serde_core::ser::Serializer::collect_seq<ref_mut$<serde_json::ser::Serializer<ref_mut$<std::io::buffered::bufwriter::BufWriter<std::fs::File> >,serde_json::ser::CompactFormatter> >,ref$<alloc::vec::Vec<enum2$<serde_json::value::Value>,alloc::alloc::Global> > >",callee,"laneflow-urban-harness.exe!serde_core::ser::Serializer::collect_seq<ref_mut$<serde_json::ser::Serializer<ref_mut$<std::io::buffered::bufwriter::BufWriter<std::fs::File> >,serde_json::ser::CompactFormatter> >,ref$<alloc::vec::Vec<enum2$<serde_json::value::Value>,alloc::alloc::Global> > >",2,0.004615952732644018
"laneflow-urban-harness.exe!serde_core::ser::Serializer::collect_seq<ref_mut$<serde_json::ser::Serializer<ref_mut$<std::io::buffered::bufwriter::BufWriter<std::fs::File> >,serde_json::ser::CompactFormatter> >,ref$<alloc::vec::Vec<enum2$<serde_json::value::Value>,alloc::alloc::Global> > >",caller,"laneflow-urban-harness.exe!serde_json::ser::to_writer<ref_mut$<std::io::buffered::bufwriter::BufWriter<std::fs::File> >,enum2$<serde_json::value::Value> >",4,0.009231905465288036
"laneflow-urban-harness.exe!serde_core::ser::Serializer::collect_seq<ref_mut$<serde_json::ser::Serializer<ref_mut$<std::io::buffered::bufwriter::BufWriter<std::fs::File> >,serde_json::ser::CompactFormatter> >,ref$<alloc::vec::Vec<enum2$<serde_json::value::Value>,alloc::alloc::Global> > >",caller,"laneflow-urban-harness.exe!serde_core::ser::Serializer::collect_seq<ref_mut$<serde_json::ser::Serializer<ref_mut$<std::io::buffered::bufwriter::BufWriter<std::fs::File> >,serde_json::ser::CompactFormatter> >,ref$<alloc::vec::Vec<enum2$<serde_json::value::Value>,alloc::alloc::Global> > >",2,0.004615952732644018
laneflow-urban-harness.exe!laneflow_static_network::relations::SharedRelationClosure::signal_controller,caller,laneflow-urban-harness.exe!laneflow_runtime::kernel::world::fill_signal_aspects,6,0.013847858197932054
laneflow-urban-harness.exe!laneflow_runtime::kernel::conflict::ConflictRead::authority_owners_valid<laneflow_runtime::kernel::world::impl$3::conflict_state_valid::closure_env$1>,callee,"laneflow-urban-harness.exe!core::iter::adapters::chain::impl$1::try_fold<core::iter::adapters::map::Map<core::slice::iter::Iter<laneflow_runtime::kernel::conflict::ConflictReservation>,laneflow_runtime::kernel::conflict::impl$26::owners::closure_env$0>,core::iter::adapters::map::Map<core::iter::adapters::filter::Filter<core::slice::iter::Iter<laneflow_runtime::kernel::conflict::StagedConflictOwner>,laneflow_runtime::kernel::conflict::impl$26::owners::closure_env$1>,laneflow_runtime::kernel::conflict::impl$26::owners::closure_env$2>,tuple$<>,core::iter::traits::iterator::Iterator::all::check::closure_env$0<laneflow_runtime::kernel::conflict::ConflictOwnerAuthority,laneflow_runtime::kernel::conflict::impl$26::authority_owners_valid::closure_env$6<laneflow_runtime::kernel::world::impl$3::conflict_state_valid::closure_env$1> >,enum2$<core::ops::control_flow::ControlFlow<tuple$<>,tuple$<> > > > (trimmed)",3,0.006923929098966027
laneflow-urban-harness.exe!laneflow_runtime::kernel::conflict::ConflictRead::authority_owners_valid<laneflow_runtime::kernel::world::impl$3::conflict_state_valid::closure_env$1>,callee,"laneflow-urban-harness.exe!core::slice::iter::impl$171::all<tuple$<usize,laneflow_runtime::kernel::handle::VehicleHandle,u64>,laneflow_runtime::kernel::conflict::impl$26::authority_owners_valid::closure_env$8<laneflow_runtime::kernel::world::impl$3::conflict_state_valid::closure_env$1> > (trimmed)",2,0.004615952732644018
laneflow-urban-harness.exe!laneflow_runtime::kernel::conflict::ConflictRead::authority_owners_valid<laneflow_runtime::kernel::world::impl$3::conflict_state_valid::closure_env$1>,callee,"laneflow-urban-harness.exe!core::slice::iter::impl$171::all<laneflow_runtime::kernel::conflict::ConflictCellAuthority,laneflow_runtime::kernel::conflict::impl$26::authority_owners_valid::closure_env$13<laneflow_runtime::kernel::world::impl$3::conflict_state_valid::closure_env$1> > (trimmed)",1,0.002307976366322009
laneflow-urban-harness.exe!laneflow_runtime::kernel::conflict::ConflictRead::authority_owners_valid<laneflow_runtime::kernel::world::impl$3::conflict_state_valid::closure_env$1>,caller,laneflow-urban-harness.exe!laneflow_runtime::kernel::state::WorldState::conflict_state_valid,6,0.013847858197932054
laneflow-urban-harness.exe!crossbeam_deque::deque::Injector<rayon_core::job::JobRef>::steal<rayon_core::job::JobRef>,caller,laneflow-urban-harness.exe!rayon_core::registry::WorkerThread::find_work,6,0.013847858197932054
"laneflow-urban-harness.exe!core::slice::sort::unstable::quicksort::quicksort<laneflow_runtime::kernel::transitions::TrafficTransitionEvent,core::slice::impl$0::sort_unstable_by_key::closure_env$0<laneflow_runtime::kernel::transitions::TrafficTransitionEvent,tuple$<u32,laneflow_runtime::kernel::conflict::DownstreamRoutePoint,tuple$<u8,u32,u32,u32>,u32,u32>,laneflow_runtime::kernel::transitions::impl$3::stage_transition_events::closure_env$1> >",callee,"laneflow-urban-harness.exe!core::slice::sort::unstable::quicksort::quicksort<laneflow_runtime::kernel::transitions::TrafficTransitionEvent,core::slice::impl$0::sort_unstable_by_key::closure_env$0<laneflow_runtime::kernel::transitions::TrafficTransitionEvent,tuple$<u32,laneflow_runtime::kernel::conflict::DownstreamRoutePoint,tuple$<u8,u32,u32,u32>,u32,u32>,laneflow_runtime::kernel::transitions::impl$3::stage_transition_events::closure_env$1> >",3,0.006923929098966027
"laneflow-urban-harness.exe!core::slice::sort::unstable::quicksort::quicksort<laneflow_runtime::kernel::transitions::TrafficTransitionEvent,core::slice::impl$0::sort_unstable_by_key::closure_env$0<laneflow_runtime::kernel::transitions::TrafficTransitionEvent,tuple$<u32,laneflow_runtime::kernel::conflict::DownstreamRoutePoint,tuple$<u8,u32,u32,u32>,u32,u32>,laneflow_runtime::kernel::transitions::impl$3::stage_transition_events::closure_env$1> >",callee,"laneflow-urban-harness.exe!core::slice::sort::shared::smallsort::insertion_sort_shift_left<laneflow_runtime::kernel::transitions::TrafficTransitionEvent,core::slice::impl$0::sort_unstable_by_key::closure_env$0<laneflow_runtime::kernel::transitions::TrafficTransitionEvent,tuple$<u32,laneflow_runtime::kernel::conflict::DownstreamRoutePoint,tuple$<u8,u32,u32,u32>,u32,u32>,laneflow_runtime::kernel::transitions::impl$3::stage_transition_events::closure_env$4> > (trimmed)",2,0.004615952732644018
"laneflow-urban-harness.exe!core::slice::sort::unstable::quicksort::quicksort<laneflow_runtime::kernel::transitions::TrafficTransitionEvent,core::slice::impl$0::sort_unstable_by_key::closure_env$0<laneflow_runtime::kernel::transitions::TrafficTransitionEvent,tuple$<u32,laneflow_runtime::kernel::conflict::DownstreamRoutePoint,tuple$<u8,u32,u32,u32>,u32,u32>,laneflow_runtime::kernel::transitions::impl$3::stage_transition_events::closure_env$1> >",caller,"laneflow-urban-harness.exe!core::slice::sort::unstable::ipnsort<laneflow_runtime::kernel::transitions::TrafficTransitionEvent,core::slice::impl$0::sort_unstable_by_key::closure_env$0<laneflow_runtime::kernel::transitions::TrafficTransitionEvent,tuple$<u32,laneflow_runtime::kernel::conflict::DownstreamRoutePoint,tuple$<u8,u32,u32,u32>,u32,u32>,laneflow_runtime::kernel::transitions::impl$3::stage_transition_events::closure_env$1> > (trimmed)",3,0.006923929098966027
"laneflow-urban-harness.exe!core::slice::sort::unstable::quicksort::quicksort<laneflow_runtime::kernel::transitions::TrafficTransitionEvent,core::slice::impl$0::sort_unstable_by_key::closure_env$0<laneflow_runtime::kernel::transitions::TrafficTransitionEvent,tuple$<u32,laneflow_runtime::kernel::conflict::DownstreamRoutePoint,tuple$<u8,u32,u32,u32>,u32,u32>,laneflow_runtime::kernel::transitions::impl$3::stage_transition_events::closure_env$1> >",caller,"laneflow-urban-harness.exe!core::slice::sort::unstable::quicksort::quicksort<laneflow_runtime::kernel::transitions::TrafficTransitionEvent,core::slice::impl$0::sort_unstable_by_key::closure_env$0<laneflow_runtime::kernel::transitions::TrafficTransitionEvent,tuple$<u32,laneflow_runtime::kernel::conflict::DownstreamRoutePoint,tuple$<u8,u32,u32,u32>,u32,u32>,laneflow_runtime::kernel::transitions::impl$3::stage_transition_events::closure_env$1> >",3,0.006923929098966027
laneflow-urban-harness.exe!alloc::raw_vec::RawVecInner<alloc::alloc::Global>::try_allocate_in<alloc::alloc::Global>,callee,ntdll.dll!***unknown***,6,0.013847858197932054
laneflow-urban-harness.exe!alloc::raw_vec::RawVecInner<alloc::alloc::Global>::try_allocate_in<alloc::alloc::Global>,caller,laneflow-urban-harness.exe!laneflow_urban_harness::runner::Harness::execute,6,0.013847858197932054
fltMgr.sys!***unknown***,callee,fltMgr.sys!***unknown***,6,0.013847858197932054
fltMgr.sys!***unknown***,caller,ntkrnlmp.exe!***unknown***,6,0.013847858197932054
fltMgr.sys!***unknown***,callee,ntkrnlmp.exe!***unknown***,6,0.013847858197932054
fltMgr.sys!***unknown***,caller,fltMgr.sys!***unknown***,6,0.013847858197932054
dxgmms2.sys!***unknown***,callee,ntkrnlmp.exe!***unknown***,6,0.013847858197932054
dxgmms2.sys!***unknown***,caller,dxgmms2.sys!***unknown***,6,0.013847858197932054
dxgmms2.sys!***unknown***,callee,dxgmms2.sys!***unknown*** (trimmed),3,0.006923929098966027
dxgmms2.sys!***unknown***,callee,dxgmms2.sys!***unknown*** (trimmed),1,0.002307976366322009
dxgmms2.sys!***unknown***,callee,dxgmms2.sys!***unknown*** (trimmed),1,0.002307976366322009
dxgmms2.sys!***unknown***,callee,dxgmms2.sys!***unknown*** (trimmed),1,0.002307976366322009
dxgmms2.sys!***unknown***,caller,dxgmms2.sys!***unknown***,6,0.013847858197932054
dxgmms2.sys!***unknown***,callee,dxgmms2.sys!***unknown***,6,0.013847858197932054
dxgmms2.sys!***unknown***,caller,dxgmms2.sys!***unknown*** (trimmed),4,0.009231905465288036
dxgmms2.sys!***unknown***,caller,dxgmms2.sys!***unknown*** (trimmed),1,0.002307976366322009
dxgmms2.sys!***unknown***,caller,dxgmms2.sys!***unknown*** (trimmed),1,0.002307976366322009
dxgkrnl.sys!***unknown***,callee,dxgmms2.sys!***unknown*** (trimmed),4,0.009231905465288036
dxgkrnl.sys!***unknown***,callee,dxgmms2.sys!***unknown*** (trimmed),2,0.004615952732644018
dxgkrnl.sys!***unknown***,caller,nvlddmkm.sys!***unknown***,6,0.013847858197932054
bthusb.sys!***unknown***,callee,bthusb.sys!***unknown***,6,0.013847858197932054
bthusb.sys!***unknown***,caller,wdf01000.sys!***unknown***,6,0.013847858197932054
bthusb.sys!***unknown***,callee,wdf01000.sys!***unknown***,6,0.013847858197932054
bthusb.sys!***unknown***,caller,bthusb.sys!***unknown***,6,0.013847858197932054
bthport.sys!***unknown***,callee,bthport.sys!***unknown***,6,0.013847858197932054
bthport.sys!***unknown***,caller,bthport.sys!***unknown***,6,0.013847858197932054
bthport.sys!***unknown***,callee,bthport.sys!***unknown***,6,0.013847858197932054
bthport.sys!***unknown***,caller,bthport.sys!***unknown***,6,0.013847858197932054
bthport.sys!***unknown***,callee,wdf01000.sys!***unknown***,6,0.013847858197932054
bthport.sys!***unknown***,caller,bthport.sys!***unknown***,6,0.013847858197932054
bthport.sys!***unknown***,callee,bthport.sys!***unknown***,6,0.013847858197932054
bthport.sys!***unknown***,caller,bthport.sys!***unknown***,6,0.013847858197932054
bthport.sys!***unknown***,callee,bthport.sys!***unknown***,6,0.013847858197932054
bthport.sys!***unknown***,caller,wdf01000.sys!***unknown***,6,0.013847858197932054
bthport.sys!***unknown***,callee,bthport.sys!***unknown***,6,0.013847858197932054
bthport.sys!***unknown***,caller,bthport.sys!***unknown***,6,0.013847858197932054
amdi2c.sys!***unknown***,callee,amdi2c.sys!***unknown*** (trimmed),4,0.009231905465288036
amdi2c.sys!***unknown***,callee,amdi2c.sys!***unknown*** (trimmed),2,0.004615952732644018
amdi2c.sys!***unknown***,caller,wdf01000.sys!***unknown***,6,0.013847858197932054
wdf01000.sys!***unknown***,callee,bthusb.sys!***unknown***,5,0.011539881831610045
wdf01000.sys!***unknown***,caller,wdf01000.sys!***unknown***,5,0.011539881831610045
wdf01000.sys!***unknown***,callee,wdf01000.sys!***unknown***,5,0.011539881831610045
wdf01000.sys!***unknown***,caller,bthport.sys!***unknown***,5,0.011539881831610045
vcruntime140.dll!***unknown***,caller,"laneflow-urban-harness.exe!alloc::collections::btree::map::BTreeMap<alloc::string::String,enum2$<serde_json::value::Value>,alloc::alloc::Global>::insert<alloc::string::String,enum2$<serde_json::value::Value>,alloc::alloc::Global>",4,0.009231905465288036
vcruntime140.dll!***unknown***,caller,laneflow-urban-harness.exe!laneflow_urban_harness::runner::Harness::execute,1,0.002307976366322009
vcruntime140.dll!***unknown***,caller,"laneflow-urban-harness.exe!rayon_core::scope::ScopeBase::execute_job_closure<rayon_core::scope::impl$0::spawn::closure$0::closure_env$0<laneflow_runtime::kernel::execution::impl$4::try_for_each_chunk::closure$0::closure_env$0<laneflow_runtime::kernel::tick::WaitingPreviewEntry,laneflow_runtime::kernel::waiting::prepare_waiting_previews_dispatched::closure_env$0> >,tuple$<> >",2,0.004615952732644018
vcruntime140.dll!***unknown***,caller,"laneflow-urban-harness.exe!enum2$<laneflow_runtime::kernel::execution::ExecutionResources>::try_for_each_chunk<laneflow_runtime::kernel::tick::VehicleMotionOutcome,laneflow_runtime::kernel::tick::prepare_motion_dispatched::closure_env$0>",2,0.004615952732644018
vcruntime140.dll!***unknown***,caller,laneflow-urban-harness.exe!laneflow_runtime::kernel::phase::StepWorkspace::stage_vehicle_transitions,1,0.002307976366322009
vcruntime140.dll!***unknown***,caller,laneflow-urban-harness.exe!laneflow_urban_harness::observe::Hash::flush,4,0.009231905465288036
vcruntime140.dll!***unknown***,caller,"laneflow-urban-harness.exe!enum2$<laneflow_runtime::kernel::execution::ExecutionResources>::try_for_each_chunk<laneflow_runtime::kernel::tick::WaitingPreviewEntry,laneflow_runtime::kernel::waiting::prepare_waiting_previews_dispatched::closure_env$0>",1,0.002307976366322009
ucrtbase.dll!***unknown***,caller,laneflow-urban-harness.exe!laneflow_runtime::kernel::tick::leader_query_horizon,5,0.011539881831610045
tcpip.sys!***unknown***,callee,tcpip.sys!***unknown*** (trimmed),4,0.009231905465288036
tcpip.sys!***unknown***,callee,tcpip.sys!***unknown*** (trimmed),1,0.002307976366322009
tcpip.sys!***unknown***,caller,ntkrnlmp.exe!***unknown***,5,0.011539881831610045
SPBCx.sys!***unknown***,callee,SPBCx.sys!***unknown*** (trimmed),4,0.009231905465288036
SPBCx.sys!***unknown***,callee,SPBCx.sys!***unknown*** (trimmed),1,0.002307976366322009
SPBCx.sys!***unknown***,caller,amdi2c.sys!***unknown***,5,0.011539881831610045
refs.sys!***unknown***,callee,refs.sys!***unknown***,5,0.011539881831610045
refs.sys!***unknown***,caller,refs.sys!***unknown***,5,0.011539881831610045
refs.sys!***unknown***,callee,refs.sys!***unknown***,5,0.011539881831610045
refs.sys!***unknown***,caller,refs.sys!***unknown***,5,0.011539881831610045
refs.sys!***unknown***,callee,refs.sys!***unknown*** (trimmed),4,0.009231905465288036
refs.sys!***unknown***,callee,refs.sys!***unknown*** (trimmed),1,0.002307976366322009
refs.sys!***unknown***,caller,refs.sys!***unknown***,5,0.011539881831610045
nvlddmkm.sys!***unknown***,callee,nvlddmkm.sys!***unknown***,5,0.011539881831610045
nvlddmkm.sys!***unknown***,caller,nvlddmkm.sys!***unknown***,5,0.011539881831610045
nvlddmkm.sys!***unknown***,callee,nvlddmkm.sys!***unknown***,5,0.011539881831610045
nvlddmkm.sys!***unknown***,caller,nvlddmkm.sys!***unknown***,5,0.011539881831610045
nvlddmkm.sys!***unknown***,caller,nvlddmkm.sys!***unknown***,3,0.006923929098966027
nvlddmkm.sys!***unknown***,caller,nvlddmkm.sys!***unknown***,2,0.004615952732644018
nvlddmkm.sys!***unknown***,callee,nvlddmkm.sys!***unknown*** (trimmed),1,0.002307976366322009
nvlddmkm.sys!***unknown***,callee,nvlddmkm.sys!***unknown*** (trimmed),1,0.002307976366322009
nvlddmkm.sys!***unknown***,callee,nvlddmkm.sys!***unknown*** (trimmed),1,0.002307976366322009
nvlddmkm.sys!***unknown***,callee,nvlddmkm.sys!***unknown*** (trimmed),1,0.002307976366322009
nvlddmkm.sys!***unknown***,callee,nvlddmkm.sys!***unknown*** (trimmed),1,0.002307976366322009
nvlddmkm.sys!***unknown***,caller,nvlddmkm.sys!***unknown***,5,0.011539881831610045
nvlddmkm.sys!***unknown***,callee,nvlddmkm.sys!***unknown*** (trimmed),2,0.004615952732644018
nvlddmkm.sys!***unknown***,callee,nvlddmkm.sys!***unknown*** (trimmed),1,0.002307976366322009
nvlddmkm.sys!***unknown***,callee,nvlddmkm.sys!***unknown*** (trimmed),1,0.002307976366322009
nvlddmkm.sys!***unknown***,callee,nvlddmkm.sys!***unknown*** (trimmed),1,0.002307976366322009
nvlddmkm.sys!***unknown***,caller,nvlddmkm.sys!***unknown***,5,0.011539881831610045
nvlddmkm.sys!***unknown***,callee,nvlddmkm.sys!***unknown*** (trimmed),1,0.002307976366322009
nvlddmkm.sys!***unknown***,callee,nvlddmkm.sys!***unknown*** (trimmed),1,0.002307976366322009
nvlddmkm.sys!***unknown***,callee,nvlddmkm.sys!***unknown*** (trimmed),1,0.002307976366322009
nvlddmkm.sys!***unknown***,callee,nvlddmkm.sys!***unknown*** (trimmed),1,0.002307976366322009
nvlddmkm.sys!***unknown***,callee,nvlddmkm.sys!***unknown*** (trimmed),1,0.002307976366322009
nvlddmkm.sys!***unknown***,caller,nvlddmkm.sys!***unknown*** (trimmed),3,0.006923929098966027
nvlddmkm.sys!***unknown***,caller,nvlddmkm.sys!***unknown*** (trimmed),2,0.004615952732644018
nvlddmkm.sys!***unknown***,callee,nvlddmkm.sys!***unknown*** (trimmed),3,0.006923929098966027
nvlddmkm.sys!***unknown***,callee,nvlddmkm.sys!***unknown*** (trimmed),1,0.002307976366322009
nvlddmkm.sys!***unknown***,callee,nvlddmkm.sys!***unknown*** (trimmed),1,0.002307976366322009
nvlddmkm.sys!***unknown***,caller,nvlddmkm.sys!***unknown***,5,0.011539881831610045
nvlddmkm.sys!***unknown***,callee,nvlddmkm.sys!***unknown***,5,0.011539881831610045
nvlddmkm.sys!***unknown***,caller,nvlddmkm.sys!***unknown***,5,0.011539881831610045
nvlddmkm.sys!***unknown***,callee,nvlddmkm.sys!***unknown***,5,0.011539881831610045
nvlddmkm.sys!***unknown***,caller,nvlddmkm.sys!***unknown***,5,0.011539881831610045
nvlddmkm.sys!***unknown***,callee,nvlddmkm.sys!***unknown***,4,0.009231905465288036
nvlddmkm.sys!***unknown***,callee,nvlddmkm.sys!***unknown*** (trimmed),1,0.002307976366322009
nvlddmkm.sys!***unknown***,caller,nvlddmkm.sys!***unknown*** (trimmed),2,0.004615952732644018
nvlddmkm.sys!***unknown***,caller,nvlddmkm.sys!***unknown*** (trimmed),2,0.004615952732644018
nvlddmkm.sys!***unknown***,caller,nvlddmkm.sys!***unknown*** (trimmed),1,0.002307976366322009
nvlddmkm.sys!***unknown***,callee,nvlddmkm.sys!***unknown***,5,0.011539881831610045
nvlddmkm.sys!***unknown***,caller,nvlddmkm.sys!***unknown***,5,0.011539881831610045
nvlddmkm.sys!***unknown***,callee,nvlddmkm.sys!***unknown***,4,0.009231905465288036
nvlddmkm.sys!***unknown***,callee,nvlddmkm.sys!***unknown*** (trimmed),1,0.002307976366322009
nvlddmkm.sys!***unknown***,caller,nvlddmkm.sys!***unknown***,5,0.011539881831610045
nvlddmkm.sys!***unknown***,callee,nvlddmkm.sys!***unknown*** (trimmed),2,0.004615952732644018
nvlddmkm.sys!***unknown***,callee,nvlddmkm.sys!***unknown***,2,0.004615952732644018
nvlddmkm.sys!***unknown***,callee,nvlddmkm.sys!***unknown*** (trimmed),1,0.002307976366322009
nvlddmkm.sys!***unknown***,caller,nvlddmkm.sys!***unknown***,5,0.011539881831610045
nvlddmkm.sys!***unknown***,callee,nvlddmkm.sys!***unknown*** (trimmed),2,0.004615952732644018
nvlddmkm.sys!***unknown***,callee,nvlddmkm.sys!***unknown*** (trimmed),1,0.002307976366322009
nvlddmkm.sys!***unknown***,callee,nvlddmkm.sys!***unknown*** (trimmed),1,0.002307976366322009
nvlddmkm.sys!***unknown***,callee,nvlddmkm.sys!***unknown*** (trimmed),1,0.002307976366322009
nvlddmkm.sys!***unknown***,caller,nvlddmkm.sys!***unknown***,5,0.011539881831610045
nvlddmkm.sys!***unknown***,callee,nvlddmkm.sys!***unknown***,3,0.006923929098966027
nvlddmkm.sys!***unknown***,callee,ntkrnlmp.exe!***unknown***,1,0.002307976366322009
nvlddmkm.sys!***unknown***,callee,ntkrnlmp.exe!***unknown*** (trimmed),1,0.002307976366322009
nvlddmkm.sys!***unknown***,caller,nvlddmkm.sys!***unknown*** (trimmed),2,0.004615952732644018
nvlddmkm.sys!***unknown***,caller,nvlddmkm.sys!***unknown*** (trimmed),2,0.004615952732644018
nvlddmkm.sys!***unknown***,caller,nvlddmkm.sys!***unknown*** (trimmed),1,0.002307976366322009
nvlddmkm.sys!***unknown***,callee,ntkrnlmp.exe!***unknown***,4,0.009231905465288036
nvlddmkm.sys!***unknown***,callee,ntkrnlmp.exe!***unknown*** (trimmed),1,0.002307976366322009
nvlddmkm.sys!***unknown***,caller,nvlddmkm.sys!***unknown*** (trimmed),4,0.009231905465288036
nvlddmkm.sys!***unknown***,caller,nvlddmkm.sys!***unknown*** (trimmed),1,0.002307976366322009
nvlddmkm.sys!***unknown***,callee,nvlddmkm.sys!***unknown***,4,0.009231905465288036
nvlddmkm.sys!***unknown***,callee,ntkrnlmp.exe!***unknown***,1,0.002307976366322009
nvlddmkm.sys!***unknown***,caller,nvlddmkm.sys!***unknown***,5,0.011539881831610045
nvlddmkm.sys!***unknown***,callee,nvlddmkm.sys!***unknown***,5,0.011539881831610045
nvlddmkm.sys!***unknown***,caller,nvlddmkm.sys!***unknown***,5,0.011539881831610045
nvlddmkm.sys!***unknown***,callee,nvlddmkm.sys!***unknown*** (trimmed),2,0.004615952732644018
nvlddmkm.sys!***unknown***,callee,nvlddmkm.sys!***unknown*** (trimmed),1,0.002307976366322009
nvlddmkm.sys!***unknown***,callee,nvlddmkm.sys!***unknown*** (trimmed),1,0.002307976366322009
nvlddmkm.sys!***unknown***,callee,nvlddmkm.sys!***unknown*** (trimmed),1,0.002307976366322009
nvlddmkm.sys!***unknown***,caller,nvlddmkm.sys!***unknown***,5,0.011539881831610045
nvlddmkm.sys!***unknown***,callee,ntkrnlmp.exe!***unknown***,3,0.006923929098966027
nvlddmkm.sys!***unknown***,callee,ntkrnlmp.exe!***unknown***,2,0.004615952732644018
nvlddmkm.sys!***unknown***,caller,nvlddmkm.sys!***unknown*** (trimmed),2,0.004615952732644018
nvlddmkm.sys!***unknown***,caller,nvlddmkm.sys!***unknown*** (trimmed),1,0.002307976366322009
nvlddmkm.sys!***unknown***,caller,nvlddmkm.sys!***unknown*** (trimmed),1,0.002307976366322009
nvlddmkm.sys!***unknown***,caller,nvlddmkm.sys!***unknown*** (trimmed),1,0.002307976366322009
ntkrnlmp.exe!***unknown***,callee,ntkrnlmp.exe!***unknown*** (trimmed),2,0.004615952732644018
ntkrnlmp.exe!***unknown***,callee,ntkrnlmp.exe!***unknown*** (trimmed),1,0.002307976366322009
ntkrnlmp.exe!***unknown***,callee,ntkrnlmp.exe!***unknown*** (trimmed),1,0.002307976366322009
ntkrnlmp.exe!***unknown***,callee,ntkrnlmp.exe!***unknown*** (trimmed),1,0.002307976366322009
ntkrnlmp.exe!***unknown***,caller,ntkrnlmp.exe!***unknown*** (trimmed),1,0.002307976366322009
ntkrnlmp.exe!***unknown***,caller,nvlddmkm.sys!***unknown*** (trimmed),1,0.002307976366322009
ntkrnlmp.exe!***unknown***,caller,refs.sys!***unknown*** (trimmed),1,0.002307976366322009
ntkrnlmp.exe!***unknown***,caller,refs.sys!***unknown*** (trimmed),1,0.002307976366322009
ntkrnlmp.exe!***unknown***,caller,refs.sys!***unknown*** (trimmed),1,0.002307976366322009
ntkrnlmp.exe!***unknown***,callee,ntkrnlmp.exe!***unknown***,5,0.011539881831610045
ntkrnlmp.exe!***unknown***,caller,ntkrnlmp.exe!***unknown***,5,0.011539881831610045
ntkrnlmp.exe!***unknown***,callee,ntkrnlmp.exe!***unknown*** (trimmed),1,0.002307976366322009
ntkrnlmp.exe!***unknown***,callee,ntkrnlmp.exe!***unknown*** (trimmed),1,0.002307976366322009
ntkrnlmp.exe!***unknown***,callee,ntkrnlmp.exe!***unknown*** (trimmed),1,0.002307976366322009
ntkrnlmp.exe!***unknown***,callee,ntkrnlmp.exe!***unknown*** (trimmed),1,0.002307976366322009
ntkrnlmp.exe!***unknown***,callee,ntkrnlmp.exe!***unknown*** (trimmed),1,0.002307976366322009
ntkrnlmp.exe!***unknown***,caller,ntkrnlmp.exe!***unknown***,5,0.011539881831610045
ntkrnlmp.exe!***unknown***,caller,ntkrnlmp.exe!***unknown*** (trimmed),2,0.004615952732644018
ntkrnlmp.exe!***unknown***,caller,ntkrnlmp.exe!***unknown*** (trimmed),1,0.002307976366322009
ntkrnlmp.exe!***unknown***,caller,dxgmms2.sys!***unknown*** (trimmed),1,0.002307976366322009
ntkrnlmp.exe!***unknown***,caller,dxgmms2.sys!***unknown*** (trimmed),1,0.002307976366322009
ntkrnlmp.exe!***unknown***,caller,ntkrnlmp.exe!***unknown***,5,0.011539881831610045
ntkrnlmp.exe!***unknown***,callee,ntkrnlmp.exe!***unknown*** (trimmed),2,0.004615952732644018
ntkrnlmp.exe!***unknown***,callee,ntkrnlmp.exe!***unknown*** (trimmed),1,0.002307976366322009
ntkrnlmp.exe!***unknown***,callee,ntkrnlmp.exe!***unknown*** (trimmed),1,0.002307976366322009
ntkrnlmp.exe!***unknown***,callee,ntkrnlmp.exe!***unknown*** (trimmed),1,0.002307976366322009
ntkrnlmp.exe!***unknown***,caller,ntkrnlmp.exe!***unknown***,5,0.011539881831610045
ntkrnlmp.exe!***unknown***,callee,ntkrnlmp.exe!***unknown*** (trimmed),2,0.004615952732644018
ntkrnlmp.exe!***unknown***,callee,ntkrnlmp.exe!***unknown*** (trimmed),1,0.002307976366322009
ntkrnlmp.exe!***unknown***,callee,ntkrnlmp.exe!***unknown*** (trimmed),1,0.002307976366322009
ntkrnlmp.exe!***unknown***,callee,ntkrnlmp.exe!***unknown*** (trimmed),1,0.002307976366322009
ntkrnlmp.exe!***unknown***,caller,ntkrnlmp.exe!***unknown***,5,0.011539881831610045
ntkrnlmp.exe!***unknown***,caller,nvlddmkm.sys!***unknown***,4,0.009231905465288036
ntkrnlmp.exe!***unknown***,caller,nvlddmkm.sys!***unknown*** (trimmed),1,0.002307976366322009
ntkrnlmp.exe!***unknown***,callee,ntkrnlmp.exe!***unknown*** (trimmed),2,0.004615952732644018
ntkrnlmp.exe!***unknown***,callee,ntkrnlmp.exe!***unknown*** (trimmed),1,0.002307976366322009
ntkrnlmp.exe!***unknown***,callee,ntkrnlmp.exe!***unknown*** (trimmed),1,0.002307976366322009
ntkrnlmp.exe!***unknown***,callee,ntkrnlmp.exe!***unknown*** (trimmed),1,0.002307976366322009
ntkrnlmp.exe!***unknown***,caller,ntkrnlmp.exe!***unknown***,5,0.011539881831610045
ntkrnlmp.exe!***unknown***,callee,ntkrnlmp.exe!***unknown*** (trimmed),3,0.006923929098966027
ntkrnlmp.exe!***unknown***,caller,ntkrnlmp.exe!***unknown***,5,0.011539881831610045
ntkrnlmp.exe!***unknown***,callee,ntkrnlmp.exe!***unknown*** (trimmed),4,0.009231905465288036
ntkrnlmp.exe!***unknown***,callee,ntkrnlmp.exe!***unknown*** (trimmed),1,0.002307976366322009
ntkrnlmp.exe!***unknown***,caller,ntkrnlmp.exe!***unknown***,3,0.006923929098966027
ntkrnlmp.exe!***unknown***,caller,ntkrnlmp.exe!***unknown***,2,0.004615952732644018
ntkrnlmp.exe!***unknown***,callee,ntkrnlmp.exe!***unknown***,5,0.011539881831610045
ntkrnlmp.exe!***unknown***,caller,ntkrnlmp.exe!***unknown***,5,0.011539881831610045
ntkrnlmp.exe!***unknown***,callee,ntkrnlmp.exe!***unknown***,3,0.006923929098966027
ntkrnlmp.exe!***unknown***,callee,ntkrnlmp.exe!***unknown*** (trimmed),1,0.002307976366322009
ntkrnlmp.exe!***unknown***,callee,ntkrnlmp.exe!***unknown*** (trimmed),1,0.002307976366322009
ntkrnlmp.exe!***unknown***,caller,ntkrnlmp.exe!***unknown***,5,0.011539881831610045
ntkrnlmp.exe!***unknown***,callee,ntkrnlmp.exe!***unknown***,2,0.004615952732644018
ntkrnlmp.exe!***unknown***,callee,ntkrnlmp.exe!***unknown*** (trimmed),1,0.002307976366322009
ntkrnlmp.exe!***unknown***,callee,ntkrnlmp.exe!***unknown*** (trimmed),1,0.002307976366322009
ntkrnlmp.exe!***unknown***,callee,ntkrnlmp.exe!***unknown*** (trimmed),1,0.002307976366322009
ntkrnlmp.exe!***unknown***,caller,ntkrnlmp.exe!***unknown***,5,0.011539881831610045
ntkrnlmp.exe!***unknown***,callee,ntkrnlmp.exe!***unknown***,5,0.011539881831610045
ntkrnlmp.exe!***unknown***,caller,ntkrnlmp.exe!***unknown***,5,0.011539881831610045
ntkrnlmp.exe!***unknown***,callee,ntkrnlmp.exe!***unknown***,5,0.011539881831610045
ntkrnlmp.exe!***unknown***,caller,ntkrnlmp.exe!***unknown***,5,0.011539881831610045
ntkrnlmp.exe!***unknown***,callee,ntkrnlmp.exe!***unknown*** (trimmed),3,0.006923929098966027
ntkrnlmp.exe!***unknown***,callee,ntkrnlmp.exe!***unknown*** (trimmed),1,0.002307976366322009
ntkrnlmp.exe!***unknown***,callee,ntkrnlmp.exe!***unknown*** (trimmed),1,0.002307976366322009
ntkrnlmp.exe!***unknown***,caller,ntkrnlmp.exe!***unknown***,5,0.011539881831610045
ntkrnlmp.exe!***unknown***,caller,ntkrnlmp.exe!***unknown***,5,0.011539881831610045
ntkrnlmp.exe!***unknown***,caller,ntkrnlmp.exe!***unknown***,5,0.011539881831610045
ntkrnlmp.exe!***unknown***,caller,ntkrnlmp.exe!***unknown***,5,0.011539881831610045
ntkrnlmp.exe!***unknown***,callee,ntkrnlmp.exe!***unknown***,5,0.011539881831610045
ntkrnlmp.exe!***unknown***,caller,ntkrnlmp.exe!***unknown***,5,0.011539881831610045
ntkrnlmp.exe!***unknown***,caller,ntkrnlmp.exe!***unknown***,5,0.011539881831610045
ntkrnlmp.exe!***unknown***,caller,ntkrnlmp.exe!***unknown***,5,0.011539881831610045
ntkrnlmp.exe!***unknown***,callee,ntkrnlmp.exe!***unknown*** (trimmed),2,0.004615952732644018
ntkrnlmp.exe!***unknown***,callee,ntkrnlmp.exe!***unknown*** (trimmed),1,0.002307976366322009
ntkrnlmp.exe!***unknown***,callee,ntkrnlmp.exe!***unknown*** (trimmed),1,0.002307976366322009
ntkrnlmp.exe!***unknown***,caller,ntkrnlmp.exe!***unknown***,5,0.011539881831610045
ntkrnlmp.exe!***unknown***,caller,ntkrnlmp.exe!***unknown***,5,0.011539881831610045
ntkrnlmp.exe!***unknown***,callee,ntkrnlmp.exe!***unknown***,4,0.009231905465288036
ntkrnlmp.exe!***unknown***,callee,ntkrnlmp.exe!***unknown*** (trimmed),1,0.002307976366322009
ntkrnlmp.exe!***unknown***,caller,ntkrnlmp.exe!***unknown***,5,0.011539881831610045
ntkrnlmp.exe!***unknown***,caller,dxgmms2.sys!***unknown*** (trimmed),3,0.006923929098966027
ntkrnlmp.exe!***unknown***,caller,dxgmms2.sys!***unknown*** (trimmed),1,0.002307976366322009
ntkrnlmp.exe!***unknown***,caller,dxgmms2.sys!***unknown*** (trimmed),1,0.002307976366322009
ntkrnlmp.exe!***unknown***,caller,ntkrnlmp.exe!***unknown***,5,0.011539881831610045
ntkrnlmp.exe!***unknown***,callee,ntkrnlmp.exe!***unknown***,4,0.009231905465288036
ntkrnlmp.exe!***unknown***,callee,ntkrnlmp.exe!***unknown***,1,0.002307976366322009
ntkrnlmp.exe!***unknown***,caller,ntkrnlmp.exe!***unknown***,5,0.011539881831610045
ntdll.dll!***unknown***,callee,ntdll.dll!***unknown***,5,0.011539881831610045
ntdll.dll!***unknown***,caller,ntdll.dll!***unknown***,5,0.011539881831610045
ntdll.dll!***unknown***,caller,ntdll.dll!***unknown***,5,0.011539881831610045
ntdll.dll!***unknown***,caller,ntdll.dll!***unknown***,5,0.011539881831610045
ntdll.dll!***unknown***,callee,ntdll.dll!***unknown***,5,0.011539881831610045
ntdll.dll!***unknown***,caller,ntdll.dll!***unknown***,5,0.011539881831610045
ntdll.dll!***unknown***,caller,ntdll.dll!***unknown***,5,0.011539881831610045
ntdll.dll!***unknown***,caller,ntdll.dll!***unknown***,5,0.011539881831610045
ntdll.dll!***unknown***,caller,ntdll.dll!***unknown***,5,0.011539881831610045
ntdll.dll!***unknown***,caller,ntdll.dll!***unknown***,5,0.011539881831610045
ntdll.dll!***unknown***,callee,ntdll.dll!***unknown***,5,0.011539881831610045
ntdll.dll!***unknown***,caller,ntdll.dll!***unknown***,5,0.011539881831610045
mtkwl6ex.sys!***unknown***,callee,mtkwl6ex.sys!***unknown***,4,0.009231905465288036
mtkwl6ex.sys!***unknown***,callee,mtkwl6ex.sys!***unknown*** (trimmed),1,0.002307976366322009
mtkwl6ex.sys!***unknown***,caller,mtkwl6ex.sys!***unknown***,5,0.011539881831610045
laneflow-urban-harness.exe!std::time::Instant::now,callee,ntdll.dll!***unknown*** (trimmed),1,0.002307976366322009
laneflow-urban-harness.exe!std::time::Instant::now,caller,laneflow-urban-harness.exe!std::time::Instant::elapsed (trimmed),3,0.006923929098966027
laneflow-urban-harness.exe!std::time::Instant::now,caller,"laneflow-urban-harness.exe!laneflow_urban_harness::runner::Harness::measure_command<enum2$<core::result::Result<enum2$<core::result::Result<laneflow_runtime::kernel::vehicle::VehicleReplaceRecord,enum2$<laneflow_runtime::kernel::error::ReplaceError> > >,enum2$<laneflow_urban_harness::Error> > >,laneflow_urban_harness::runner::impl$2::execute::closure_env$2>",2,0.004615952732644018
"laneflow-urban-harness.exe!serde_json::value::ser::impl$0::serialize<ref_mut$<serde_json::ser::Serializer<ref_mut$<alloc::vec::Vec<u8,alloc::alloc::Global> >,serde_json::ser::CompactFormatter> > >",caller,laneflow-urban-harness.exe!laneflow_urban_harness::observe::events,3,0.006923929098966027
"laneflow-urban-harness.exe!serde_json::value::ser::impl$0::serialize<ref_mut$<serde_json::ser::Serializer<ref_mut$<alloc::vec::Vec<u8,alloc::alloc::Global> >,serde_json::ser::CompactFormatter> > >",caller,laneflow-urban-harness.exe!laneflow_urban_harness::observe::state,2,0.004615952732644018
laneflow-urban-harness.exe!laneflow_static_network::relations::SharedRelationClosure::parking_facility,caller,laneflow-urban-harness.exe!laneflow_urban_harness::observe::parking_invariants,3,0.006923929098966027
laneflow-urban-harness.exe!laneflow_static_network::relations::SharedRelationClosure::parking_facility,caller,laneflow-urban-harness.exe!laneflow_runtime::kernel::state::WorldState::parking_facility_counts,2,0.004615952732644018
laneflow-urban-harness.exe!laneflow_runtime::kernel::state::WorldState::ensure_current_occupancy,callee,laneflow-urban-harness.exe!laneflow_runtime::kernel::occupancy::rebuild_occupancy_index,5,0.011539881831610045
laneflow-urban-harness.exe!laneflow_runtime::kernel::state::WorldState::ensure_current_occupancy,caller,laneflow-urban-harness.exe!laneflow_runtime::kernel::state::WorldState::leave_parking,5,0.011539881831610045
laneflow-urban-harness.exe!_RNvCs6rREvFdRhLb_7___rustc35___rust_no_alloc_shim_is_unstable_v2,caller,laneflow-urban-harness.exe!serde_json::value::ser::impl$8::serialize_field<u32>,1,0.002307976366322009
laneflow-urban-harness.exe!_RNvCs6rREvFdRhLb_7___rustc35___rust_no_alloc_shim_is_unstable_v2,caller,laneflow-urban-harness.exe!laneflow_urban_harness::observe::passage,1,0.002307976366322009
laneflow-urban-harness.exe!_RNvCs6rREvFdRhLb_7___rustc35___rust_no_alloc_shim_is_unstable_v2,caller,laneflow-urban-harness.exe!laneflow_urban_harness::runner::Harness::execute,1,0.002307976366322009
laneflow-urban-harness.exe!_RNvCs6rREvFdRhLb_7___rustc35___rust_no_alloc_shim_is_unstable_v2,caller,"laneflow-urban-harness.exe!alloc::collections::btree::map::entry::VacantEntry<alloc::string::String,enum2$<serde_json::value::Value>,alloc::alloc::Global>::insert_entry<alloc::string::String,enum2$<serde_json::value::Value>,alloc::alloc::Global>",1,0.002307976366322009
laneflow-urban-harness.exe!_RNvCs6rREvFdRhLb_7___rustc35___rust_no_alloc_shim_is_unstable_v2,caller,"laneflow-urban-harness.exe!hashbrown::raw::RawTable<tuple$<laneflow_runtime::kernel::handle::VehicleHandle,tuple$<> >,alloc::alloc::Global>::reserve_rehash<tuple$<laneflow_runtime::kernel::handle::VehicleHandle,tuple$<> >,alloc::alloc::Global,hashbrown::map::make_hasher::closure_env$0<laneflow_runtime::kernel::handle::VehicleHandle,tuple$<>,std::hash::random::RandomState> >",1,0.002307976366322009
dxgmms2.sys!***unknown***,callee,ntkrnlmp.exe!***unknown***,3,0.006923929098966027
dxgmms2.sys!***unknown***,callee,ntkrnlmp.exe!***unknown*** (trimmed),2,0.004615952732644018
dxgmms2.sys!***unknown***,caller,dxgmms2.sys!***unknown***,5,0.011539881831610045
dxgmms2.sys!***unknown***,callee,dxgmms2.sys!***unknown***,5,0.011539881831610045
dxgmms2.sys!***unknown***,caller,dxgmms2.sys!***unknown***,5,0.011539881831610045
dxgmms2.sys!***unknown***,callee,dxgmms2.sys!***unknown*** (trimmed),2,0.004615952732644018
dxgmms2.sys!***unknown***,callee,dxgmms2.sys!***unknown*** (trimmed),2,0.004615952732644018
dxgmms2.sys!***unknown***,callee,dxgmms2.sys!***unknown*** (trimmed),1,0.002307976366322009
dxgmms2.sys!***unknown***,caller,dxgmms2.sys!***unknown***,3,0.006923929098966027
dxgmms2.sys!***unknown***,caller,dxgmms2.sys!***unknown***,1,0.002307976366322009
dxgmms2.sys!***unknown***,caller,dxgmms2.sys!***unknown*** (trimmed),1,0.002307976366322009
dxgmms2.sys!***unknown***,callee,dxgmms2.sys!***unknown*** (trimmed),2,0.004615952732644018
dxgmms2.sys!***unknown***,callee,dxgmms2.sys!***unknown*** (trimmed),1,0.002307976366322009
dxgmms2.sys!***unknown***,callee,dxgmms2.sys!***unknown*** (trimmed),1,0.002307976366322009
dxgmms2.sys!***unknown***,callee,dxgmms2.sys!***unknown*** (trimmed),1,0.002307976366322009
dxgmms2.sys!***unknown***,caller,dxgmms2.sys!***unknown***,5,0.011539881831610045
dxgmms2.sys!***unknown***,callee,dxgmms2.sys!***unknown***,5,0.011539881831610045
dxgmms2.sys!***unknown***,caller,dxgmms2.sys!***unknown***,5,0.011539881831610045
dxgmms2.sys!***unknown***,callee,dxgmms2.sys!***unknown***,5,0.011539881831610045
dxgmms2.sys!***unknown***,caller,dxgmms2.sys!***unknown***,5,0.011539881831610045
dxgkrnl.sys!***unknown***,callee,ntkrnlmp.exe!***unknown*** (trimmed),3,0.006923929098966027
dxgkrnl.sys!***unknown***,callee,ntkrnlmp.exe!***unknown*** (trimmed),1,0.002307976366322009
dxgkrnl.sys!***unknown***,callee,ntkrnlmp.exe!***unknown*** (trimmed),1,0.002307976366322009
dxgkrnl.sys!***unknown***,caller,dxgkrnl.sys!***unknown***,5,0.011539881831610045
bthusb.sys!***unknown***,callee,bthusb.sys!***unknown*** (trimmed),4,0.009231905465288036
bthusb.sys!***unknown***,callee,bthusb.sys!***unknown*** (trimmed),1,0.002307976366322009
bthusb.sys!***unknown***,caller,wdf01000.sys!***unknown***,5,0.011539881831610045
bthport.sys!***unknown***,callee,wdf01000.sys!***unknown***,5,0.011539881831610045
bthport.sys!***unknown***,caller,bthport.sys!***unknown***,5,0.011539881831610045
bthport.sys!***unknown***,callee,bthport.sys!***unknown***,5,0.011539881831610045
bthport.sys!***unknown***,caller,ntkrnlmp.exe!***unknown***,5,0.011539881831610045
bthport.sys!***unknown***,callee,ntkrnlmp.exe!***unknown***,5,0.011539881831610045
bthport.sys!***unknown***,caller,bthport.sys!***unknown***,5,0.011539881831610045
bthport.sys!***unknown***,callee,bthport.sys!***unknown***,5,0.011539881831610045
bthport.sys!***unknown***,caller,wdf01000.sys!***unknown***,5,0.011539881831610045
amdi2c.sys!***unknown***,callee,SPBCx.sys!***unknown***,5,0.011539881831610045
amdi2c.sys!***unknown***,caller,amdi2c.sys!***unknown***,5,0.011539881831610045
amdi2c.sys!***unknown***,callee,amdi2c.sys!***unknown***,5,0.011539881831610045
amdi2c.sys!***unknown***,caller,wdf01000.sys!***unknown***,5,0.011539881831610045
