symbol,exclusive_hits,target_cpu_percent,inclusive_hits,base
laneflow-urban-harness.exe!sha2::sha256::x86_sha::compress,4888,11.28138847858198,4899,0x002fe520
"laneflow-urban-harness.exe!hashbrown::map::HashMap<laneflow_runtime::kernel::handle::VehicleHandle,enum2$<laneflow_runtime::kernel::parking::ParkingBinding>,std::hash::random::RandomState,alloc::alloc::Global>::get<laneflow_runtime::kernel::handle::VehicleHandle,enum2$<laneflow_runtime::kernel::parking::ParkingBinding>,std::hash::random::RandomState,alloc::alloc::Global,laneflow_runtime::kernel::handle::VehicleHandle>",4171,9.6265694239291,4180,0x002373c0
laneflow-urban-harness.exe!laneflow_urban_harness::observe::state,2278,5.257570162481536,12889,0x0006b490
laneflow-urban-harness.exe!laneflow_runtime::kernel::phase::StepWorkspace::stage_vehicle_transitions,2027,4.678268094534712,7291,0x0021a730
laneflow-urban-harness.exe!laneflow_runtime::kernel::tick::MotionTaskView::vehicle_motion_outcome,1846,4.260524372230428,8269,0x0022cd40
laneflow-urban-harness.exe!std::hash::random::impl$4::write,1484,3.425036927621861,1485,0x00062d00
laneflow-urban-harness.exe!laneflow_runtime::kernel::tick::si_comfort_travel,1348,3.111152141802068,1416,0x00231200
laneflow-urban-harness.exe!laneflow_runtime::kernel::phase::StepReadView::calculate_active_vehicle_motion,1207,2.7857274741506646,5665,0x00217710
laneflow-urban-harness.exe!laneflow_runtime::kernel::occupancy::OccupancyIndex::leader_relation,1002,2.312592319054653,1004,0x0022c6f0
laneflow-urban-harness.exe!laneflow_runtime::kernel::conflict::ConflictRead::owner_at,850,1.9617799113737076,853,0x0024f180
laneflow-urban-harness.exe!laneflow_runtime::facade::TrafficWorld::parking_binding,799,1.8440731166912852,3993,0x00203720
"laneflow-urban-harness.exe!core::slice::sort::shared::smallsort::small_sort_general<tuple$<u32,u64,u64,laneflow_urban_harness::runner::IndividualId>,bool (*)(ref$<tuple$<u32,u64,u64,laneflow_urban_harness::runner::IndividualId> >,ref$<tuple$<u32,u64,u64,laneflow_urban_harness::runner::IndividualId> >)>",740,1.7079025110782866,786,0x00142df0
laneflow-urban-harness.exe!laneflow_urban_harness::observe::events,677,1.5625,1999,0x0006ee80
laneflow-urban-harness.exe!laneflow_runtime::kernel::phase::StepReadView::scope_near_gate,663,1.5301883308714919,775,0x00227850
laneflow-urban-harness.exe!laneflow_runtime::facade::TrafficWorld::vehicle,638,1.4724889217134416,639,0x002041a0
"laneflow-urban-harness.exe!core::hash::BuildHasher::hash_one<std::hash::random::RandomState,ref$<laneflow_runtime::kernel::handle::RouteHandle> >",625,1.4424852289512555,1806,0x0005e200
laneflow-urban-harness.exe!laneflow_urban_harness::observe::counts,606,1.3986336779911375,3369,0x0006e920
laneflow-urban-harness.exe!laneflow_runtime::kernel::tick::leader_query_horizon,601,1.3870937961595273,765,0x002322a0
"laneflow-urban-harness.exe!core::slice::sort::unstable::quicksort::quicksort<tuple$<u32,u64,u64,laneflow_urban_harness::runner::IndividualId>,bool (*)(ref$<tuple$<u32,u64,u64,laneflow_urban_harness::runner::IndividualId> >,ref$<tuple$<u32,u64,u64,laneflow_urban_harness::runner::IndividualId> >)>",597,1.3778618906942393,1417,0x0005cab0
laneflow-urban-harness.exe!laneflow_runtime::kernel::phase::StepReadView::gate_policy_decision_with_signals,464,1.0709010339734122,1049,0x002188e0
laneflow-urban-harness.exe!laneflow_runtime::kernel::tick::prepare_motion_dispatched,426,0.9831979320531757,2941,0x00232e10
laneflow-urban-harness.exe!laneflow_urban_harness::observe::Hash::flush,415,0.9578101920236337,5537,0x00069b70
laneflow-urban-harness.exe!laneflow_runtime::kernel::phase::CommittedStateMut::commit,412,0.9508862629246676,601,0x00215300
laneflow-urban-harness.exe!laneflow_runtime::kernel::occupancy::rebuild_occupancy_index,366,0.8447193500738552,795,0x00234560
laneflow-urban-harness.exe!laneflow_static_network::relations::SharedRelationClosure::vehicle_profile,359,0.8285635155096012,360,0x0028c760
laneflow-urban-harness.exe!laneflow_runtime::kernel::phase::StepReadView::conflict_passage_occurrence_locator,328,0.7570162481536189,329,0x00219100
laneflow-urban-harness.exe!laneflow_runtime::kernel::waiting::prepare_waiting_previews_dispatched,313,0.7223966026587888,599,0x00233f90
laneflow-urban-harness.exe!laneflow_runtime::kernel::state::WorldState::replace_completed_vehicle,278,0.6416174298375185,524,0x00242c40
laneflow-urban-harness.exe!laneflow_urban_harness::research_quality::Quality::observe,271,0.6254615952732644,657,0x00068030
laneflow-urban-harness.exe!laneflow_runtime::kernel::tables::occupancy_front_gap,256,0.5908419497784343,256,0x00261f50
laneflow-urban-harness.exe!laneflow_runtime::kernel::tables::for_each_admission_interval<laneflow_runtime::kernel::occupancy::visit_occupancy_records::closure_env$0<laneflow_runtime::kernel::occupancy::rebuild_occupancy_index::closure_env$1> >,244,0.5631462333825702,245,0x0025e360
laneflow-urban-harness.exe!laneflow_runtime::kernel::boundary::consume,235,0.5423744460856721,236,0x0025d550
laneflow-urban-harness.exe!laneflow_urban_harness::observe::red_waiters,220,0.507754800590842,439,0x00069ed0
laneflow-urban-harness.exe!laneflow_runtime::kernel::phase::StepReadView::waiting_preview_entry,219,0.5054468242245199,442,0x00217320
laneflow-urban-harness.exe!laneflow_urban_harness::observe::Hash::id,209,0.48236706056129985,1592,0x000698c0
laneflow-urban-harness.exe!laneflow_runtime::kernel::state::WorldState::rebuild_active_order,209,0.48236706056129985,209,0x0023e5e0
laneflow-urban-harness.exe!laneflow_urban_harness::observe::parking_invariants,206,0.4754431314623338,1349,0x0006a6a0
laneflow-urban-harness.exe!laneflow_urban_harness::observe::Hash::bytes,203,0.4685192023633678,1549,0x000699d0
laneflow-urban-harness.exe!laneflow_runtime::kernel::conflict_tick::ConflictTaskView::evaluate_candidate,192,0.4431314623338257,1757,0x0022e540
"laneflow-urban-harness.exe!alloc::vec::spec_from_iter_nested::impl$1::from_iter<enum2$<core::option::Option<laneflow_runtime::kernel::vehicle::VehicleState> >,core::iter::adapters::map::Map<core::slice::iter::Iter<laneflow_urban_harness::runner::Individual>,laneflow_urban_harness::runner::impl$2::advance::closure_env$1> >",189,0.43620753323485967,563,0x0001b720
laneflow-urban-harness.exe!laneflow_static_network::relations::SharedRelationClosure::maneuver_gate,182,0.4200516986706056,183,0x0028c5d0
laneflow-urban-harness.exe!laneflow_static_network::policy::PolicyView::gate_classes,181,0.4177437223042836,182,0x00289350
vcruntime140.dll!***unknown***,152,0.35081240768094535,153,0x0001c4ea
"laneflow-urban-harness.exe!core::hash::BuildHasher::hash_one<std::hash::random::RandomState,ref$<enum2$<laneflow_runtime::kernel::parking::ParkingTarget> > >",149,0.3438884785819793,414,0x0005e380
laneflow-urban-harness.exe!laneflow_runtime::kernel::tick::apply_travel_mm<laneflow_runtime::kernel::tick::impl$4::calculate_active_vehicle_motion::closure_env$4>,149,0.3438884785819793,156,0x00228820
laneflow-urban-harness.exe!laneflow_urban_harness::runner::Harness::stable_individual,147,0.3392725258493353,179,0x00122000
laneflow-urban-harness.exe!laneflow_runtime::kernel::state::WorldState::validate_leave_followers,126,0.2908050221565731,382,0x00249a70
vcruntime140.dll!***unknown***,125,0.2884970457902511,126,0x0001c460
laneflow-urban-harness.exe!lf707_profile::quality_motion,122,0.2815731166912851,122,0x00288c50
laneflow-urban-harness.exe!laneflow_runtime::facade::TrafficWorld::route_edges,120,0.27695716395864106,120,0x00203410
"laneflow-urban-harness.exe!core::hash::BuildHasher::hash_one<std::hash::random::RandomState,ref$<u32> >",114,0.263109305760709,155,0x0005e6d0
laneflow-urban-harness.exe!laneflow_runtime::kernel::phase::StepReadView::parking_state_valid_with_binding,114,0.263109305760709,114,0x00227d00
nvlddmkm.sys!***unknown***,108,0.24926144756277696,109,0x00cf32b0
vcruntime140.dll!***unknown***,108,0.24926144756277696,108,0x0001f020
nvlddmkm.sys!***unknown***,108,0.24926144756277696,108,0x00309959
laneflow-urban-harness.exe!laneflow_runtime::kernel::conflict::ConflictRead::cells_unavailable,106,0.24464549483013293,108,0x0024e2f0
laneflow-urban-harness.exe!laneflow_runtime::kernel::occupancy::OccupancyIndex::sort_buckets,104,0.24002954209748892,147,0x0022b950
ucrtbase.dll!***unknown***,97,0.22387370753323485,97,0x000b9fc6
laneflow-urban-harness.exe!sha2::sha256::compress256,97,0.22387370753323485,97,0x002fe4d0
laneflow-urban-harness.exe!laneflow_static_network::policy::PolicyView::gate,92,0.21233382570162482,274,0x002897b0
laneflow-urban-harness.exe!laneflow_urban_harness::runner::Harness::advance,90,0.2077178729689808,32130,0x00123bf0
vcruntime140.dll!***unknown***,90,0.2077178729689808,90,0x0001c45a
laneflow-urban-harness.exe!laneflow_runtime::kernel::phase::StepReadView::waiting_semantic_member_count,88,0.20310192023633677,88,0x00221fd0
"laneflow-urban-harness.exe!serde_json::value::ser::impl$0::serialize<ref_mut$<serde_json::ser::Serializer<ref_mut$<alloc::vec::Vec<u8,alloc::alloc::Global> >,serde_json::ser::CompactFormatter> > >",84,0.19387001477104873,201,0x0007cce0
laneflow-urban-harness.exe!laneflow_runtime::kernel::phase::CommittedStateMut::rebuild_waiting_member_rows,84,0.19387001477104873,84,0x00227690
laneflow-urban-harness.exe!laneflow_runtime::facade::TrafficWorld::conflict_reservation,82,0.18925406203840472,307,0x002038b0
vcruntime140.dll!***unknown***,78,0.18002215657311668,78,0x0001c65f
ntdll.dll!***unknown***,77,0.1777141802067947,77,0x0016ed44
"laneflow-urban-harness.exe!rayon_core::scope::ScopeBase::execute_job_closure<rayon_core::scope::impl$0::spawn::closure$0::closure_env$0<laneflow_runtime::kernel::execution::impl$4::try_for_each_chunk::closure$0::closure_env$0<laneflow_runtime::kernel::tick::VehicleMotionOutcome,laneflow_runtime::kernel::tick::prepare_motion_dispatched::closure_env$0> >,tuple$<> >",74,0.17079025110782867,6501,0x001fe2a0
laneflow-urban-harness.exe!laneflow_runtime::kernel::phase::StepReadView::conflict_eligibility_valid_with_signals,73,0.16848227474150665,195,0x002192a0
laneflow-urban-harness.exe!laneflow_runtime::kernel::conflict::ConflictResolution::insert_approach_owner_reduced,69,0.1592503692762186,92,0x002531b0
laneflow-urban-harness.exe!laneflow_runtime::kernel::conflict::ConflictRead::evaluate_yield_target,69,0.1592503692762186,69,0x0024e7f0
laneflow-urban-harness.exe!laneflow_runtime::kernel::conflict_tick::evaluate_gate_hop,67,0.1546344165435746,426,0x00230e60
laneflow-urban-harness.exe!laneflow_runtime::kernel::conflict_tick::ConflictTaskView::prepare_resource_candidate_task,66,0.15232644017725258,280,0x0022fe30
"laneflow-urban-harness.exe!serde_json::ser::format_escaped_str<ref_mut$<alloc::vec::Vec<u8,alloc::alloc::Global> >,serde_json::ser::PrettyFormatter>",66,0.15232644017725258,89,0x00079eb0
nvlddmkm.sys!***unknown***,66,0.15232644017725258,66,0x0030995d
"laneflow-urban-harness.exe!core::slice::impl$0::partition_point<laneflow_runtime::kernel::tables::SpeedLimitDrop,laneflow_runtime::kernel::tick::constrain_upcoming_speed_limits::closure_env$0>",64,0.14771048744460857,64,0x0025dd20
ucrtbase.dll!***unknown***,63,0.14540251107828656,63,0x000b9fc0
laneflow-urban-harness.exe!std::sys::alloc::windows::process_heap_alloc,62,0.14309453471196454,105,0x0031a450
laneflow-urban-harness.exe!itoa::impl$32::fmt,57,0.1315546528803545,57,0x001b76a0
"laneflow-urban-harness.exe!alloc::collections::binary_heap::BinaryHeap<core::cmp::Reverse<laneflow_runtime::kernel::conflict_tick::ReadyCandidate>,alloc::alloc::Global>::pop<core::cmp::Reverse<laneflow_runtime::kernel::conflict_tick::ReadyCandidate>,alloc::alloc::Global>",56,0.1292466765140325,58,0x00257530
vcruntime140.dll!***unknown***,56,0.1292466765140325,56,0x0001c5e3
laneflow-urban-harness.exe!laneflow_runtime::kernel::phase::StepWorkspace::finalize_waiting_outputs,55,0.1269387001477105,87,0x00222770
vcruntime140.dll!***unknown***,54,0.12463072378138848,54,0x0001c4e4
vcruntime140.dll!***unknown***,54,0.12463072378138848,54,0x0001c4d3
laneflow-urban-harness.exe!laneflow_runtime::kernel::conflict_tick::ConflictTaskView::collect_occurrence_fields,53,0.12232274741506646,151,0x0022f5f0
vcruntime140.dll!***unknown***,53,0.12232274741506646,53,0x0001c5f3
"laneflow-urban-harness.exe!alloc::vec::Vec<enum2$<laneflow_runtime::kernel::execution::DispatchSlot<laneflow_runtime::kernel::tick::VehicleMotionOutcome> >,alloc::alloc::Global>::resize<enum2$<laneflow_runtime::kernel::execution::DispatchSlot<laneflow_runtime::kernel::tick::VehicleMotionOutcome> >,alloc::alloc::Global>",52,0.12001477104874446,52,0x00236510
laneflow-urban-harness.exe!laneflow_runtime::kernel::tables::distance_to_occurrence_start,51,0.11770679468242246,51,0x00262f20
"laneflow-urban-harness.exe!serde_json::ser::format_escaped_str<ref_mut$<std::io::buffered::bufwriter::BufWriter<std::fs::File> >,serde_json::ser::PrettyFormatter>",50,0.11539881831610044,91,0x0007a130
"laneflow-urban-harness.exe!core::slice::sort::unstable::quicksort::quicksort<laneflow_runtime::kernel::conflict_tick::ConflictDecision,core::slice::impl$0::sort_unstable_by_key::closure_env$0<laneflow_runtime::kernel::conflict_tick::ConflictDecision,tuple$<u32,u32,enum2$<core::option::Option<laneflow_runtime::kernel::conflict::ConflictPassageAddress> > >,laneflow_runtime::kernel::conflict_tick::impl$6::finalize_conflict_step::closure_env$15> >",49,0.11309084194977843,79,0x002787c0
laneflow-urban-harness.exe!laneflow_runtime::kernel::conflict::ConflictRead::reservation,49,0.11309084194977843,163,0x0024db50
ntdll.dll!***unknown***,48,0.11078286558345643,48,0x00047640
"laneflow-urban-harness.exe!core::slice::sort::unstable::quicksort::quicksort<laneflow_runtime::kernel::conflict_tick::ConflictCandidate,core::slice::impl$0::sort_unstable_by_key::closure_env$0<laneflow_runtime::kernel::conflict_tick::ConflictCandidate,tuple$<laneflow_runtime::kernel::conflict::ConflictCandidateOrderKey,u32>,laneflow_runtime::kernel::conflict_tick::impl$6::prepare_conflict_candidates::closure_env$1> >",47,0.10847488921713441,120,0x00279560
laneflow-urban-harness.exe!laneflow_runtime::kernel::tick::impl$5::vehicle_motion_outcome::closure$3,47,0.10847488921713441,47,0x00228ee0
"laneflow-urban-harness.exe!laneflow_runtime::kernel::execution::run_dispatch_chunk<enum2$<laneflow_runtime::kernel::conflict_tick::CandidateReport>,laneflow_runtime::kernel::conflict_tick::impl$6::prepare_conflict_candidates_dispatched::closure_env$2>",45,0.1038589364844904,1837,0x00202110
ntkrnlmp.exe!***unknown***,45,0.1038589364844904,46,0x0027ed92
"laneflow-urban-harness.exe!core::slice::sort::shared::smallsort::sort4_stable<tuple$<u32,u64,u64,laneflow_urban_harness::runner::IndividualId>,bool (*)(ref$<tuple$<u32,u64,u64,laneflow_urban_harness::runner::IndividualId> >,ref$<tuple$<u32,u64,u64,laneflow_urban_harness::runner::IndividualId> >)>",44,0.10155096011816839,44,0x00142110
laneflow-urban-harness.exe!laneflow_runtime::kernel::phase::StepReadView::hop_permitted,43,0.09924298375184638,398,0x00217280
vcruntime140.dll!***unknown***,43,0.09924298375184638,43,0x0001c440
laneflow-urban-harness.exe!laneflow_static_network::policy::SharedPolicyNetwork::policy,43,0.09924298375184638,43,0x002892d0
"laneflow-urban-harness.exe!core::slice::sort::shared::smallsort::insertion_sort_shift_left<laneflow_runtime::kernel::occupancy::OccupancyRecord,core::slice::impl$0::sort_unstable_by_key::closure_env$0<laneflow_runtime::kernel::occupancy::OccupancyRecord,tuple$<u32,u32,u32,u32>,laneflow_runtime::kernel::occupancy::impl$4::sort_buckets::closure_env$0> >",43,0.09924298375184638,43,0x00273970
"laneflow-urban-harness.exe!alloc::vec::Vec<enum2$<laneflow_runtime::kernel::execution::DispatchSlot<laneflow_runtime::kernel::tick::WaitingPreviewEntry> >,alloc::alloc::Global>::resize<enum2$<laneflow_runtime::kernel::execution::DispatchSlot<laneflow_runtime::kernel::tick::WaitingPreviewEntry> >,alloc::alloc::Global>",43,0.09924298375184638,43,0x00236190
ntdll.dll!***unknown***,42,0.09693500738552437,42,0x00062923
"laneflow-urban-harness.exe!alloc::collections::btree::map::BTreeMap<alloc::string::String,enum2$<serde_json::value::Value>,alloc::alloc::Global>::insert<alloc::string::String,enum2$<serde_json::value::Value>,alloc::alloc::Global>",39,0.09001107828655834,223,0x00083940
laneflow-urban-harness.exe!laneflow_runtime::kernel::boundary::advance,39,0.09001107828655834,39,0x0025d2c0
nvlddmkm.sys!***unknown***,37,0.08539512555391433,39,0x000e9023
nvlddmkm.sys!***unknown***,37,0.08539512555391433,37,0x000ff5c8
"laneflow-urban-harness.exe!enum2$<laneflow_runtime::kernel::execution::ExecutionResources>::try_for_each_chunk<laneflow_runtime::kernel::tick::VehicleMotionOutcome,laneflow_runtime::kernel::tick::prepare_motion_dispatched::closure_env$0>",36,0.08308714918759232,2226,0x001ff900
"laneflow-urban-harness.exe!rayon_core::scope::ScopeBase::execute_job_closure<rayon_core::scope::impl$0::spawn::closure$0::closure_env$0<laneflow_runtime::kernel::execution::impl$4::try_for_each_chunk::closure$0::closure_env$0<laneflow_runtime::kernel::tick::WaitingPreviewEntry,laneflow_runtime::kernel::waiting::prepare_waiting_previews_dispatched::closure_env$0> >,tuple$<> >",36,0.08308714918759232,566,0x001fdd10
"laneflow-urban-harness.exe!alloc::collections::btree::map::entry::VacantEntry<alloc::string::String,enum2$<serde_json::value::Value>,alloc::alloc::Global>::insert_entry<alloc::string::String,enum2$<serde_json::value::Value>,alloc::alloc::Global>",36,0.08308714918759232,156,0x00135310
vcruntime140.dll!***unknown***,36,0.08308714918759232,36,0x0001c443
ucrtbase.dll!***unknown***,35,0.08077917282127031,35,0x000ba040
ntkrnlmp.exe!***unknown***,34,0.07847119645494831,34,0x00730cfd
kernel32.dll!***unknown***,34,0.07847119645494831,34,0x00029789
"laneflow-urban-harness.exe!core::slice::sort::shared::pivot::median3_rec<tuple$<u32,u64,u64,laneflow_urban_harness::runner::IndividualId>,bool (*)(ref$<tuple$<u32,u64,u64,laneflow_urban_harness::runner::IndividualId> >,ref$<tuple$<u32,u64,u64,laneflow_urban_harness::runner::IndividualId> >)>",33,0.07616322008862629,33,0x00055050
vcruntime140.dll!***unknown***,32,0.07385524372230429,32,0x0001c5c3
ucrtbase.dll!***unknown***,32,0.07385524372230429,32,0x000ba046
"laneflow-urban-harness.exe!enum2$<core::option::Option<laneflow_runtime::kernel::tick::MotionPreview> >::or_else<laneflow_runtime::kernel::tick::MotionPreview,laneflow_runtime::kernel::conflict_tick::impl$9::evaluate_candidate::closure_env$8>",31,0.07154726735598227,828,0x002280d0
"laneflow-urban-harness.exe!serde_core::ser::SerializeMap::serialize_entry<enum2$<serde_json::ser::Compound<ref_mut$<std::io::buffered::bufwriter::BufWriter<std::fs::File> >,serde_json::ser::CompactFormatter> >,alloc::string::String,enum2$<serde_json::value::Value> >",31,0.07154726735598227,110,0x000824c0
vcruntime140.dll!***unknown***,31,0.07154726735598227,31,0x0001c5d3
ntkrnlmp.exe!***unknown***,31,0.07154726735598227,31,0x002b2dfe
"laneflow-urban-harness.exe!hashbrown::raw::RawTable<tuple$<u32,std::collections::hash::set::HashSet<laneflow_runtime::kernel::handle::VehicleHandle,std::hash::random::RandomState,alloc::alloc::Global> >,alloc::alloc::Global>::reserve_rehash<tuple$<u32,std::collections::hash::set::HashSet<laneflow_runtime::kernel::handle::VehicleHandle,std::hash::random::RandomState,alloc::alloc::Global> >,alloc::alloc::Global,hashbrown::map::make_hasher::closure_env$0<u32,std::collections::hash::set::HashSet<laneflow_runtime::kernel::handle::VehicleHandle,std::hash::random::RandomState,alloc::alloc::Global>,std::hash::random::RandomState> >",30,0.06923929098966027,63,0x0034f050
"laneflow-urban-harness.exe!core::slice::iter::impl$171::find<laneflow_urban_generator::catalog::ParkingTarget,laneflow_urban_harness::plan::impl$3::for_case::closure_env$43>",30,0.06923929098966027,32,0x000214a0
"laneflow-urban-harness.exe!alloc::collections::btree::map::BTreeMap<tuple$<laneflow_urban_harness::runner::IndividualId,u32>,alloc::collections::btree::set_val::SetValZST,alloc::alloc::Global>::insert<tuple$<laneflow_urban_harness::runner::IndividualId,u32>,alloc::collections::btree::set_val::SetValZST,alloc::alloc::Global>",30,0.06923929098966027,30,0x00084910
vcruntime140.dll!***unknown***,29,0.06693131462333826,30,0x0001c477
laneflow-urban-harness.exe!memcpy,29,0.06693131462333826,29,0x0034217b
"laneflow-urban-harness.exe!hashbrown::map::HashMap<laneflow_runtime::kernel::handle::VehicleHandle,tuple$<>,std::hash::random::RandomState,alloc::alloc::Global>::insert<laneflow_runtime::kernel::handle::VehicleHandle,tuple$<>,std::hash::random::RandomState,alloc::alloc::Global>",28,0.06462333825701624,151,0x001519f0
"laneflow-urban-harness.exe!serde_json::number::impl$6::serialize<ref_mut$<serde_json::ser::Serializer<ref_mut$<alloc::vec::Vec<u8,alloc::alloc::Global> >,serde_json::ser::CompactFormatter> > >",28,0.06462333825701624,112,0x0005de00
ntkrnlmp.exe!***unknown***,28,0.06462333825701624,29,0x007380eb
laneflow-urban-harness.exe!laneflow_runtime::kernel::spawn_overlap::SpawnOverlapIndex::refresh,27,0.06231536189069424,41,0x00208470
vcruntime140.dll!***unknown***,26,0.06000738552437223,26,0x0001c613
ntdll.dll!***unknown***,26,0.06000738552437223,26,0x000628df
"laneflow-urban-harness.exe!hashbrown::raw::RawTable<tuple$<u32,laneflow_urban_harness::runner::IndividualId>,alloc::alloc::Global>::reserve_rehash<tuple$<u32,laneflow_urban_harness::runner::IndividualId>,alloc::alloc::Global,hashbrown::map::make_hasher::closure_env$0<u32,laneflow_urban_harness::runner::IndividualId,std::hash::random::RandomState> >",25,0.05769940915805022,48,0x0034f660
ntdll.dll!***unknown***,25,0.05769940915805022,25,0x000488a9
"laneflow-urban-harness.exe!alloc::collections::btree::map::IntoIter<alloc::string::String,laneflow_urban_harness::artifacts::FileDigest,alloc::alloc::Global>::dying_next<alloc::string::String,laneflow_urban_harness::artifacts::FileDigest,alloc::alloc::Global>",24,0.055391432791728215,66,0x000860b0
laneflow-urban-harness.exe!laneflow_runtime::kernel::phase::StepReadView::derive_waiting_traversal_with_signals,24,0.055391432791728215,27,0x00222100
"laneflow-urban-harness.exe!core::slice::sort::shared::smallsort::insertion_sort_shift_left<laneflow_runtime::kernel::conflict_tick::ConflictDecision,core::slice::impl$0::sort_unstable_by_key::closure_env$0<laneflow_runtime::kernel::conflict_tick::ConflictDecision,tuple$<u32,u32,enum2$<core::option::Option<laneflow_runtime::kernel::conflict::ConflictPassageAddress> > >,laneflow_runtime::kernel::conflict_tick::impl$6::finalize_conflict_step::closure_env$15> >",24,0.055391432791728215,25,0x00272960
ntdll.dll!***unknown***,24,0.055391432791728215,24,0x00062a70
ntdll.dll!***unknown***,24,0.055391432791728215,24,0x00047487
"laneflow-urban-harness.exe!hashbrown::map::HashMap<u32,laneflow_urban_harness::runner::IndividualId,std::hash::random::RandomState,alloc::alloc::Global>::insert<u32,laneflow_urban_harness::runner::IndividualId,std::hash::random::RandomState,alloc::alloc::Global>",23,0.053083456425406204,107,0x001521d0
ntkrnlmp.exe!***unknown***,23,0.053083456425406204,23,0x00425394
laneflow-urban-harness.exe!laneflow_urban_harness::runner::Harness::execute,22,0.050775480059084194,1470,0x00126820
laneflow-urban-harness.exe!laneflow_urban_harness::observe::passage,22,0.050775480059084194,185,0x000767f0
kernel32.dll!***unknown***,22,0.050775480059084194,22,0x00029780
"laneflow-urban-harness.exe!alloc::collections::btree::node::Handle<alloc::collections::btree::node::NodeRef<alloc::collections::btree::node::marker::Mut,alloc::string::String,enum2$<serde_json::value::Value>,enum2$<alloc::collections::btree::node::marker::Leaf> >,enum2$<alloc::collections::btree::node::marker::Edge> >::insert_recursing<alloc::string::String,enum2$<serde_json::value::Value>,alloc::alloc::Global,alloc::collections::btree::map::entry::impl$6::insert_entry::closure_env$0<alloc::string::String,enum2$<serde_json::value::Value>,alloc::alloc::Global> >",21,0.04846750369276218,45,0x0019d200
laneflow-urban-harness.exe!laneflow_runtime::kernel::world::fill_signal_aspects,21,0.04846750369276218,43,0x0023b330
ntdll.dll!***unknown***,21,0.04846750369276218,21,0x00062a86
laneflow-urban-harness.exe!laneflow_runtime::kernel::occupancy::OccupancyIndex::finish_layout,20,0.04615952732644018,32,0x0022be70
vcruntime140.dll!***unknown***,20,0.04615952732644018,20,0x0001c466
"laneflow-urban-harness.exe!core::slice::sort::shared::smallsort::insertion_sort_shift_left<laneflow_runtime::kernel::conflict_tick::ConflictCandidate,core::slice::impl$0::sort_unstable_by_key::closure_env$0<laneflow_runtime::kernel::conflict_tick::ConflictCandidate,tuple$<laneflow_runtime::kernel::conflict::ConflictCandidateOrderKey,u32>,laneflow_runtime::kernel::conflict_tick::impl$6::prepare_conflict_candidates::closure_env$1> >",19,0.04385155096011817,48,0x00272d50
ntdll.dll!***unknown***,19,0.04385155096011817,19,0x00048506
laneflow-urban-harness.exe!laneflow_runtime::kernel::conflict::ConflictWrite::ensure_cells,19,0.04385155096011817,19,0x00250220
"laneflow-urban-harness.exe!serde_core::ser::Serializer::collect_seq<ref_mut$<serde_json::ser::Serializer<ref_mut$<alloc::vec::Vec<u8,alloc::alloc::Global> >,serde_json::ser::CompactFormatter> >,ref$<alloc::vec::Vec<enum2$<serde_json::value::Value>,alloc::alloc::Global> > >",18,0.04154357459379616,305,0x00082810
"laneflow-urban-harness.exe!serde_json::value::ser::impl$0::serialize<ref_mut$<serde_json::ser::Serializer<ref_mut$<std::io::buffered::bufwriter::BufWriter<std::fs::File> >,serde_json::ser::CompactFormatter> > >",18,0.04154357459379616,84,0x0007da30
laneflow-urban-harness.exe!core::ptr::drop_glue<enum2$<serde_json::value::Value> >,18,0.04154357459379616,62,0x00034ef0
vcruntime140.dll!***unknown***,18,0.04154357459379616,18,0x0001c44a
nvlddmkm.sys!***unknown***,18,0.04154357459379616,18,0x006f91e0
laneflow-urban-harness.exe!std::alloc::__default_lib_allocator::__rdl_dealloc,17,0.039235598227474154,34,0x00306aa0
vcruntime140.dll!***unknown***,17,0.039235598227474154,17,0x0001c586
ntdll.dll!***unknown***,17,0.039235598227474154,17,0x000470d5
ntkrnlmp.exe!***unknown***,16,0.03692762186115214,17,0x0073f510
vcruntime140.dll!***unknown***,16,0.03692762186115214,16,0x0001c469
nvlddmkm.sys!***unknown***,16,0.03692762186115214,16,0x0069fbd0
ntkrnlmp.exe!***unknown***,16,0.03692762186115214,16,0x00744028
ntkrnlmp.exe!***unknown***,16,0.03692762186115214,16,0x00425380
ntdll.dll!***unknown***,16,0.03692762186115214,16,0x000471e1
"laneflow-urban-harness.exe!hashbrown::raw::RawTable<tuple$<laneflow_runtime::kernel::handle::VehicleHandle,tuple$<> >,alloc::alloc::Global>::reserve_rehash<tuple$<laneflow_runtime::kernel::handle::VehicleHandle,tuple$<> >,alloc::alloc::Global,hashbrown::map::make_hasher::closure_env$0<laneflow_runtime::kernel::handle::VehicleHandle,tuple$<>,std::hash::random::RandomState> >",15,0.03461964549483013,89,0x0034d6b0
ntkrnlmp.exe!***unknown***,15,0.03461964549483013,16,0x002b2e19
laneflow-urban-harness.exe!core::ptr::drop_glue<enum2$<serde_json::value::Value> >,15,0.03461964549483013,16,0x0000d7f0
vcruntime140.dll!***unknown***,15,0.03461964549483013,15,0x0001c579
ntkrnlmp.exe!***unknown***,15,0.03461964549483013,15,0x00468c24
ntkrnlmp.exe!***unknown***,15,0.03461964549483013,15,0x00468c20
"laneflow-urban-harness.exe!enum2$<laneflow_runtime::kernel::execution::ExecutionResources>::try_for_each_chunk<laneflow_runtime::kernel::tick::WaitingPreviewEntry,laneflow_runtime::kernel::waiting::prepare_waiting_previews_dispatched::closure_env$0>",14,0.03231166912850812,243,0x001fee30
laneflow-urban-harness.exe!laneflow_urban_harness::observe::range,14,0.03231166912850812,49,0x0006b210
laneflow-urban-harness.exe!laneflow_runtime::facade::TrafficWorld::parking_space_state,14,0.03231166912850812,16,0x002037e0
vcruntime140.dll!***unknown***,14,0.03231166912850812,14,0x0001e256
vcruntime140.dll!***unknown***,14,0.03231166912850812,14,0x0001c56c
vcruntime140.dll!***unknown***,14,0.03231166912850812,14,0x0001c4f3
nvlddmkm.sys!***unknown***,14,0.03231166912850812,14,0x000e9030
ntkrnlmp.exe!***unknown***,14,0.03231166912850812,14,0x002598a6
ntdll.dll!***unknown***,14,0.03231166912850812,14,0x00062947
laneflow-urban-harness.exe!laneflow_runtime::kernel::tables::for_each_admission_interval<laneflow_runtime::kernel::spawn_overlap::impl$1::insert::closure_env$0>,14,0.03231166912850812,14,0x0025e560
"laneflow-urban-harness.exe!hashbrown::raw::RawTable<tuple$<enum2$<laneflow_runtime::kernel::parking::ParkingTarget>,tuple$<u64,u64> >,alloc::alloc::Global>::reserve_rehash<tuple$<enum2$<laneflow_runtime::kernel::parking::ParkingTarget>,tuple$<u64,u64> >,alloc::alloc::Global,hashbrown::map::make_hasher::closure_env$0<enum2$<laneflow_runtime::kernel::parking::ParkingTarget>,tuple$<u64,u64>,std::hash::random::RandomState> >",13,0.030003692762186115,49,0x0034e330
ntkrnlmp.exe!***unknown***,13,0.030003692762186115,13,0x002f585f
ntkrnlmp.exe!***unknown***,13,0.030003692762186115,13,0x00242509
ntdll.dll!***unknown***,13,0.030003692762186115,13,0x00062962
laneflow-urban-harness.exe!laneflow_static_network::policy::PolicyView::stream_classes,13,0.030003692762186115,13,0x00289610
laneflow-urban-harness.exe!laneflow_runtime::kernel::conflict_tick::ConflictTaskView::waiting_stop_for,13,0.030003692762186115,13,0x00230d20
ntdll.dll!***unknown***,12,0.027695716395864108,29,0x001699e4
ntkrnlmp.exe!***unknown***,12,0.027695716395864108,16,0x002ebe22
laneflow-urban-harness.exe!std::alloc::__default_lib_allocator::__rdl_alloc,12,0.027695716395864108,14,0x00306a40
ntkrnlmp.exe!***unknown***,12,0.027695716395864108,12,0x00730bad
ntdll.dll!***unknown***,12,0.027695716395864108,12,0x0016ed57
ntdll.dll!***unknown***,12,0.027695716395864108,12,0x0016ed4e
ntdll.dll!***unknown***,12,0.027695716395864108,12,0x000629d8
ntdll.dll!***unknown***,12,0.027695716395864108,12,0x00062934
ntdll.dll!***unknown***,12,0.027695716395864108,12,0x00048613
ntdll.dll!***unknown***,12,0.027695716395864108,12,0x00046b15
laneflow-urban-harness.exe!laneflow_static_network::policy::PolicyView::yield_targets,11,0.025387740029542097,17,0x002894e0
vcruntime140.dll!***unknown***,11,0.025387740029542097,11,0x0001c568
vcruntime140.dll!***unknown***,11,0.025387740029542097,11,0x0001c4a9
ntkrnlmp.exe!***unknown***,11,0.025387740029542097,11,0x00256cb3
ntdll.dll!***unknown***,11,0.025387740029542097,11,0x00062883
laneflow-urban-harness.exe!compiler_builtins::int::udiv::__umodti3::__umodti3,11,0.025387740029542097,11,0x00335850
laneflow-urban-harness.exe!laneflow_runtime::kernel::downstream_index::DownstreamIndex::insert_at,10,0.02307976366322009,22,0x00258340
nvlddmkm.sys!***unknown***,10,0.02307976366322009,10,0x00309fd9
ntdll.dll!***unknown***,10,0.02307976366322009,10,0x00048544
laneflow-urban-harness.exe!laneflow_runtime::kernel::downstream_index::DownstreamIndex::refresh,10,0.02307976366322009,10,0x00258180
"laneflow-urban-harness.exe!alloc::collections::binary_heap::BinaryHeap<core::cmp::Reverse<laneflow_runtime::kernel::conflict_tick::ReadyCandidate>,alloc::alloc::Global>::push<core::cmp::Reverse<laneflow_runtime::kernel::conflict_tick::ReadyCandidate>,alloc::alloc::Global>",10,0.02307976366322009,10,0x00257b30
ntdll.dll!***unknown***,9,0.02077178729689808,574,0x00099f43
"laneflow-urban-harness.exe!serde_json::ser::to_writer<ref_mut$<std::io::buffered::bufwriter::BufWriter<std::fs::File> >,enum2$<serde_json::value::Value> >",9,0.02077178729689808,178,0x00052280
"laneflow-urban-harness.exe!alloc::collections::btree::map::BTreeMap<alloc::string::String,laneflow_runtime::kernel::handle::RouteHandle,alloc::alloc::Global>::get<alloc::string::String,laneflow_runtime::kernel::handle::RouteHandle,alloc::alloc::Global,alloc::string::String>",9,0.02077178729689808,16,0x00078ac0
laneflow-urban-harness.exe!laneflow_urban_harness::runner::Harness::enqueue,9,0.02077178729689808,12,0x00126540
ntkrnlmp.exe!***unknown***,9,0.02077178729689808,10,0x00256c2a
vcruntime140.dll!***unknown***,9,0.02077178729689808,9,0x0001db00
vcruntime140.dll!***unknown***,9,0.02077178729689808,9,0x0001c603
nvlddmkm.sys!***unknown***,9,0.02077178729689808,9,0x0010896e
ntkrnlmp.exe!***unknown***,9,0.02077178729689808,9,0x002b2e6c
ntkrnlmp.exe!***unknown***,9,0.02077178729689808,9,0x0027ed72
ntdll.dll!***unknown***,9,0.02077178729689808,9,0x000471d5
laneflow-urban-harness.exe!laneflow_runtime::kernel::spawn_overlap::impl$2::indexed_overlap_blocker::closure$0,9,0.02077178729689808,9,0x0025eb00
"laneflow-urban-harness.exe!alloc::collections::btree::map::impl$93::eq<u32,u8,alloc::alloc::Global>",9,0.02077178729689808,9,0x0008cf90
"laneflow-urban-harness.exe!serde_core::ser::SerializeMap::serialize_entry<enum2$<serde_json::value::ser::SerializeMap>,alloc::string::String,enum2$<serde_json::value::Value> >",8,0.01846381093057607,74,0x00012cb0
vcruntime140.dll!***unknown***,8,0.01846381093057607,8,0x0001e490
nvlddmkm.sys!***unknown***,8,0.01846381093057607,8,0x00cf3317
nvlddmkm.sys!***unknown***,8,0.01846381093057607,8,0x00129ed7
nvlddmkm.sys!***unknown***,8,0.01846381093057607,8,0x00125198
nvlddmkm.sys!***unknown***,8,0.01846381093057607,8,0x0010894e
ntkrnlmp.exe!***unknown***,8,0.01846381093057607,8,0x005513b2
ntkrnlmp.exe!***unknown***,8,0.01846381093057607,8,0x00440d8b
ntkrnlmp.exe!***unknown***,8,0.01846381093057607,8,0x002af4ce
ntkrnlmp.exe!***unknown***,8,0.01846381093057607,8,0x00242455
ntdll.dll!***unknown***,8,0.01846381093057607,8,0x0006e7dc
ntdll.dll!***unknown***,8,0.01846381093057607,8,0x0006294b
ntdll.dll!***unknown***,8,0.01846381093057607,8,0x000471c6
laneflow-urban-harness.exe!laneflow_runtime::kernel::boundary::Workspace::all_clear,8,0.01846381093057607,8,0x0025af40
laneflow-urban-harness.exe!core::ptr::drop_glue<enum2$<laneflow_runtime::kernel::execution::DispatchSlot<enum2$<laneflow_runtime::kernel::conflict_tick::CandidateReport> > > >,8,0.01846381093057607,8,0x00212fb0
"laneflow-urban-harness.exe!core::ptr::drop_glue<alloc::collections::btree::map::IntoIter<alloc::string::String,enum2$<serde_json::value::Value>,alloc::alloc::Global> >",7,0.01615583456425406,200,0x000798b0
laneflow-urban-harness.exe!core::ptr::drop_glue<enum2$<serde_json::value::Value> >,7,0.01615583456425406,80,0x00079c50
laneflow-urban-harness.exe!crossbeam_deque::deque::Stealer<rayon_core::job::JobRef>::steal<rayon_core::job::JobRef>,7,0.01615583456425406,14,0x00286c30
ntkrnlmp.exe!***unknown***,7,0.01615583456425406,10,0x0065bdf4
vcruntime140.dll!***unknown***,7,0.01615583456425406,7,0x0001f010
vcruntime140.dll!***unknown***,7,0.01615583456425406,7,0x0001c63d
nvlddmkm.sys!***unknown***,7,0.01615583456425406,7,0x00da71f7
nvlddmkm.sys!***unknown***,7,0.01615583456425406,7,0x00125b8e
ntkrnlmp.exe!***unknown***,7,0.01615583456425406,7,0x00728d77
ntkrnlmp.exe!***unknown***,7,0.01615583456425406,7,0x002e63c6
ntkrnlmp.exe!***unknown***,7,0.01615583456425406,7,0x002b2e04
ntkrnlmp.exe!***unknown***,7,0.01615583456425406,7,0x002a7c43
ntkrnlmp.exe!***unknown***,7,0.01615583456425406,7,0x00242415
ntkrnlmp.exe!***unknown***,7,0.01615583456425406,7,0x00215fda
ntdll.dll!***unknown***,7,0.01615583456425406,7,0x0016ec84
ntdll.dll!***unknown***,7,0.01615583456425406,7,0x0006e7e2
ntdll.dll!***unknown***,7,0.01615583456425406,7,0x00062955
ntdll.dll!***unknown***,7,0.01615583456425406,7,0x00062831
ntdll.dll!***unknown***,7,0.01615583456425406,7,0x0004712d
ntdll.dll!***unknown***,7,0.01615583456425406,7,0x00046a43
ntdll.dll!***unknown***,7,0.01615583456425406,7,0x0001c904
mtkwl6ex.sys!***unknown***,7,0.01615583456425406,7,0x00046f76
"laneflow-urban-harness.exe!core::slice::sort::shared::smallsort::insertion_sort_shift_left<laneflow_runtime::kernel::conflict::DownstreamInterval,bool (*)(ref$<laneflow_runtime::kernel::conflict::DownstreamInterval>,ref$<laneflow_runtime::kernel::conflict::DownstreamInterval>)>",7,0.01615583456425406,7,0x00273860
ntdll.dll!***unknown***,6,0.013847858197932054,106,0x0016ed53
"laneflow-urban-harness.exe!hashbrown::map::HashMap<u32,bool,std::hash::random::RandomState,alloc::alloc::Global>::insert<u32,bool,std::hash::random::RandomState,alloc::alloc::Global>",6,0.013847858197932054,12,0x00152390
laneflow-urban-harness.exe!laneflow_runtime::kernel::phase::StepReadView::reservation_downstream_claim_plan,6,0.013847858197932054,10,0x00218e10
"laneflow-urban-harness.exe!alloc::collections::btree::map::impl$0::drop<u32,u8,alloc::alloc::Global>",6,0.013847858197932054,10,0x0008a470
"laneflow-urban-harness.exe!alloc::collections::btree::map::BTreeMap<u32,alloc::collections::btree::set_val::SetValZST,alloc::alloc::Global>::insert<u32,alloc::collections::btree::set_val::SetValZST,alloc::alloc::Global>",6,0.013847858197932054,9,0x00084c30
ntkrnlmp.exe!***unknown***,6,0.013847858197932054,8,0x00220e40
laneflow-urban-harness.exe!laneflow_runtime::kernel::state::WorldState::parking_facility_counts,6,0.013847858197932054,8,0x00242ad0
vcruntime140.dll!***unknown***,6,0.013847858197932054,6,0x0001c666
vcruntime140.dll!***unknown***,6,0.013847858197932054,6,0x0001c621
vcruntime140.dll!***unknown***,6,0.013847858197932054,6,0x0001c4b0
ucrtbase.dll!***unknown***,6,0.013847858197932054,6,0x000f6090
nvlddmkm.sys!***unknown***,6,0.013847858197932054,6,0x00123fbe
nvlddmkm.sys!***unknown***,6,0.013847858197932054,6,0x000ff53e
nvlddmkm.sys!***unknown***,6,0.013847858197932054,6,0x000ff52f
nvlddmkm.sys!***unknown***,6,0.013847858197932054,6,0x0001f3e0
ntkrnlmp.exe!***unknown***,6,0.013847858197932054,6,0x00440ce3
ntkrnlmp.exe!***unknown***,6,0.013847858197932054,6,0x00431bf1
ntkrnlmp.exe!***unknown***,6,0.013847858197932054,6,0x00425384
ntkrnlmp.exe!***unknown***,6,0.013847858197932054,6,0x0037ac63
ntkrnlmp.exe!***unknown***,6,0.013847858197932054,6,0x0033b624
ntkrnlmp.exe!***unknown***,6,0.013847858197932054,6,0x00282c93
ntkrnlmp.exe!***unknown***,6,0.013847858197932054,6,0x002598e5
ntkrnlmp.exe!***unknown***,6,0.013847858197932054,6,0x0024f25b
ntkrnlmp.exe!***unknown***,6,0.013847858197932054,6,0x002424f3
ntdll.dll!***unknown***,6,0.013847858197932054,6,0x0006292c
ntdll.dll!***unknown***,6,0.013847858197932054,6,0x000457d8
laneflow-urban-harness.exe!laneflow_static_network::relations::SharedRelationClosure::signal_controller,6,0.013847858197932054,6,0x0028cab0
laneflow-urban-harness.exe!crossbeam_deque::deque::Injector<rayon_core::job::JobRef>::steal<rayon_core::job::JobRef>,6,0.013847858197932054,6,0x00287030
ntdll.dll!***unknown***,5,0.011539881831610045,36,0x00048549
"laneflow-urban-harness.exe!serde_json::number::impl$6::serialize<ref_mut$<serde_json::ser::Serializer<ref_mut$<std::io::buffered::bufwriter::BufWriter<std::fs::File> >,serde_json::ser::CompactFormatter> > >",5,0.011539881831610045,28,0x0005dfc0
ntkrnlmp.exe!***unknown***,5,0.011539881831610045,24,0x00733de2
ntkrnlmp.exe!***unknown***,5,0.011539881831610045,20,0x0021fddd
laneflow-urban-harness.exe!laneflow_static_network::policy::PolicyView::stream,5,0.011539881831610045,12,0x00289820
"laneflow-urban-harness.exe!alloc::collections::btree::node::NodeRef<enum2$<alloc::collections::btree::node::marker::Owned>,u32,u8,enum2$<alloc::collections::btree::node::marker::LeafOrInternal> >::bulk_push<u32,u8,alloc::collections::btree::dedup_sorted_iter::DedupSortedIter<u32,u8,alloc::vec::into_iter::IntoIter<tuple$<u32,u8>,alloc::alloc::Global> >,alloc::alloc::Global>",5,0.011539881831610045,7,0x001942b0
ntkrnlmp.exe!***unknown***,5,0.011539881831610045,6,0x00366625
ntkrnlmp.exe!***unknown***,5,0.011539881831610045,6,0x002b2e21
vcruntime140.dll!***unknown***,5,0.011539881831610045,5,0x0001e4cd
vcruntime140.dll!***unknown***,5,0.011539881831610045,5,0x0001c5fb
vcruntime140.dll!***unknown***,5,0.011539881831610045,5,0x0001c44e
ucrtbase.dll!***unknown***,5,0.011539881831610045,5,0x000f6020
nvlddmkm.sys!***unknown***,5,0.011539881831610045,5,0x00da71f0
nvlddmkm.sys!***unknown***,5,0.011539881831610045,5,0x006f9140
nvlddmkm.sys!***unknown***,5,0.011539881831610045,5,0x00309953
nvlddmkm.sys!***unknown***,5,0.011539881831610045,5,0x0012d441
nvlddmkm.sys!***unknown***,5,0.011539881831610045,5,0x001251e6
nvlddmkm.sys!***unknown***,5,0.011539881831610045,5,0x00106691
ntkrnlmp.exe!***unknown***,5,0.011539881831610045,5,0x00738b5e
ntkrnlmp.exe!***unknown***,5,0.011539881831610045,5,0x0065d27d
ntkrnlmp.exe!***unknown***,5,0.011539881831610045,5,0x0043cc40
ntkrnlmp.exe!***unknown***,5,0.011539881831610045,5,0x002b2e33
ntkrnlmp.exe!***unknown***,5,0.011539881831610045,5,0x002b2dfb
ntkrnlmp.exe!***unknown***,5,0.011539881831610045,5,0x002a7e17
ntkrnlmp.exe!***unknown***,5,0.011539881831610045,5,0x00259913
ntkrnlmp.exe!***unknown***,5,0.011539881831610045,5,0x0025986a
ntkrnlmp.exe!***unknown***,5,0.011539881831610045,5,0x00256dc7
ntkrnlmp.exe!***unknown***,5,0.011539881831610045,5,0x0021c00e
ntkrnlmp.exe!***unknown***,5,0.011539881831610045,5,0x00219101
ntdll.dll!***unknown***,5,0.011539881831610045,5,0x000627e0
ntdll.dll!***unknown***,5,0.011539881831610045,5,0x0004866e
ntdll.dll!***unknown***,5,0.011539881831610045,5,0x00047665
ntdll.dll!***unknown***,5,0.011539881831610045,5,0x00047193
ntdll.dll!***unknown***,5,0.011539881831610045,5,0x0004710c
ntdll.dll!***unknown***,5,0.011539881831610045,5,0x00046b2f
"laneflow-urban-harness.exe!serde_json::value::ser::impl$0::serialize<ref_mut$<serde_json::ser::Serializer<ref_mut$<alloc::vec::Vec<u8,alloc::alloc::Global> >,serde_json::ser::CompactFormatter> > >",5,0.011539881831610045,5,0x000646c0
laneflow-urban-harness.exe!laneflow_static_network::relations::SharedRelationClosure::parking_facility,5,0.011539881831610045,5,0x0028c860
laneflow-urban-harness.exe!_RNvCs6rREvFdRhLb_7___rustc35___rust_no_alloc_shim_is_unstable_v2,5,0.011539881831610045,5,0x0000b170
"laneflow-urban-harness.exe!serde_core::ser::impls::impl$107::serialize<enum2$<serde_json::value::Value>,serde_json::value::ser::Serializer>",4,0.009231905465288036,76,0x00121490
ntkrnlmp.exe!***unknown***,4,0.009231905465288036,66,0x00258a2e
laneflow-urban-harness.exe!laneflow_runtime::kernel::conflict_tick::ConflictSchedule::next,4,0.009231905465288036,62,0x0022b340
laneflow-urban-harness.exe!std::sys::sync::mutex::futex::Mutex::lock_contended,4,0.009231905465288036,49,0x0035eb90
laneflow-urban-harness.exe!laneflow_runtime::kernel::conflict_tick::ConflictTaskView::downstream_plan_prechecks,4,0.009231905465288036,30,0x0022f8d0
ntkrnlmp.exe!***unknown***,4,0.009231905465288036,28,0x0024ff1c
laneflow-urban-harness.exe!rayon_core::registry::WorkerThread::find_work,4,0.009231905465288036,27,0x00285510
"laneflow-urban-harness.exe!core::slice::sort::shared::pivot::median3_rec<laneflow_runtime::kernel::conflict_tick::ConflictDecision,core::slice::impl$0::sort_unstable_by_key::closure_env$0<laneflow_runtime::kernel::conflict_tick::ConflictDecision,tuple$<u32,u32,enum2$<core::option::Option<laneflow_runtime::kernel::conflict::ConflictPassageAddress> > >,laneflow_runtime::kernel::conflict_tick::impl$6::finalize_conflict_step::closure_env$15> >",4,0.009231905465288036,4,0x0020d210
"laneflow-urban-harness.exe!crossbeam_epoch::default::with_handle<crossbeam_epoch::default::pin::closure_env$0,crossbeam_epoch::guard::Guard>",4,0.009231905465288036,7,0x002860a0
ntkrnlmp.exe!***unknown***,4,0.009231905465288036,6,0x0065c373
laneflow-urban-harness.exe!std::time::Instant::now,4,0.009231905465288036,5,0x00306ee0
vcruntime140.dll!***unknown***,4,0.009231905465288036,4,0x0001e4a3
vcruntime140.dll!***unknown***,4,0.009231905465288036,4,0x0001c651
vcruntime140.dll!***unknown***,4,0.009231905465288036,4,0x0001c5cb
vcruntime140.dll!***unknown***,4,0.009231905465288036,4,0x0001c4b3
nvlddmkm.sys!***unknown***,4,0.009231905465288036,4,0x00315bc0
nvlddmkm.sys!***unknown***,4,0.009231905465288036,4,0x0030a183
nvlddmkm.sys!***unknown***,4,0.009231905465288036,4,0x00309964
nvlddmkm.sys!***unknown***,4,0.009231905465288036,4,0x0027c6ff
nvlddmkm.sys!***unknown***,4,0.009231905465288036,4,0x0012d415
nvlddmkm.sys!***unknown***,4,0.009231905465288036,4,0x000e9035
nvlddmkm.sys!***unknown***,4,0.009231905465288036,4,0x000e9028
nvlddmkm.sys!***unknown***,4,0.009231905465288036,4,0x000e9015
nvlddmkm.sys!***unknown***,4,0.009231905465288036,4,0x00006172
ntkrnlmp.exe!***unknown***,4,0.009231905465288036,4,0x007380d9
ntkrnlmp.exe!***unknown***,4,0.009231905465288036,4,0x00734222
ntkrnlmp.exe!***unknown***,4,0.009231905465288036,4,0x0066168d
ntkrnlmp.exe!***unknown***,4,0.009231905465288036,4,0x0066164d
ntkrnlmp.exe!***unknown***,4,0.009231905465288036,4,0x0065c276
ntkrnlmp.exe!***unknown***,4,0.009231905465288036,4,0x0032dafb
ntkrnlmp.exe!***unknown***,4,0.009231905465288036,4,0x002f12a0
ntkrnlmp.exe!***unknown***,4,0.009231905465288036,4,0x002e63a0
ntkrnlmp.exe!***unknown***,4,0.009231905465288036,4,0x00258a36
ntkrnlmp.exe!***unknown***,4,0.009231905465288036,4,0x00256d7e
ntkrnlmp.exe!***unknown***,4,0.009231905465288036,4,0x00251065
ntkrnlmp.exe!***unknown***,4,0.009231905465288036,4,0x002143d3
ntdll.dll!***unknown***,4,0.009231905465288036,4,0x00099f4c
ntdll.dll!***unknown***,4,0.009231905465288036,4,0x0007067b
ntdll.dll!***unknown***,4,0.009231905465288036,4,0x00062b6a
ntdll.dll!***unknown***,4,0.009231905465288036,4,0x000628e6
ntdll.dll!***unknown***,4,0.009231905465288036,4,0x0004863e
ntdll.dll!***unknown***,4,0.009231905465288036,4,0x000485b8
ntdll.dll!***unknown***,4,0.009231905465288036,4,0x00048534
ntdll.dll!***unknown***,4,0.009231905465288036,4,0x00047241
ntdll.dll!***unknown***,4,0.009231905465288036,4,0x0004718e
ntdll.dll!***unknown***,4,0.009231905465288036,4,0x00046b18
ntdll.dll!***unknown***,4,0.009231905465288036,4,0x000457f7
ntdll.dll!***unknown***,4,0.009231905465288036,4,0x000457dc
laneflow-urban-harness.exe!std::hash::random::impl$0::new::KEYS::constant$0::closure$1::__RUST_STD_INTERNAL_VAL,4,0.009231905465288036,4,0x00306640
laneflow-urban-harness.exe!laneflow_runtime::kernel::conflict::downstream_claim_target,4,0.009231905465288036,4,0x00253620
"laneflow-urban-harness.exe!core::slice::sort::shared::smallsort::insertion_sort_shift_left<enum2$<core::option::Option<laneflow_runtime::kernel::conflict::ApproachOwner> >,core::slice::impl$0::sort_unstable_by_key::closure_env$0<enum2$<core::option::Option<laneflow_runtime::kernel::conflict::ApproachOwner> >,tuple$<u8,u64,u32>,laneflow_runtime::kernel::conflict::impl$8::insert_owner_reduced::closure_env$1> >",4,0.009231905465288036,4,0x00271980
kernel32.dll!***unknown***,4,0.009231905465288036,4,0x0002978d
dxgmms2.sys!***unknown***,4,0.009231905465288036,4,0x00020bf5
amdi2c.sys!***unknown***,4,0.009231905465288036,4,0x000027dd
laneflow-urban-harness.exe!laneflow_runtime::kernel::phase::StepWorkspace::prepare_commit,3,0.006923929098966027,7985,0x002133a0
laneflow-urban-harness.exe!laneflow_urban_harness::runner::_::impl$0::serialize<serde_json::value::ser::Serializer>,3,0.006923929098966027,87,0x0011f5d0
"laneflow-urban-harness.exe!core::slice::sort::unstable::ipnsort<laneflow_runtime::kernel::conflict_tick::ConflictDecision,core::slice::impl$0::sort_unstable_by_key::closure_env$0<laneflow_runtime::kernel::conflict_tick::ConflictDecision,tuple$<u32,u32,enum2$<core::option::Option<laneflow_runtime::kernel::conflict::ConflictPassageAddress> > >,laneflow_runtime::kernel::conflict_tick::impl$6::finalize_conflict_step::closure_env$15> >",3,0.006923929098966027,82,0x00254680
ntdll.dll!***unknown***,3,0.006923929098966027,32,0x0001c8f4
ntkrnlmp.exe!***unknown***,3,0.006923929098966027,10,0x003a265c
"laneflow-urban-harness.exe!core::iter::adapters::chain::impl$1::try_fold<core::ops::range::Range<usize>,core::ops::range::Range<usize>,tuple$<>,core::iter::adapters::filter::filter_try_fold::closure_env$0<usize,tuple$<>,enum2$<core::ops::control_flow::ControlFlow<rayon_core::job::JobRef,tuple$<> > >,rayon_core::registry::impl$10::steal::closure_env$0,core::iter::traits::iterator::Iterator::find_map::check::closure_env$0<usize,rayon_core::job::JobRef,rayon_core::registry::impl$10::steal::closure_env$1> >,enum2$<core::ops::control_flow::ControlFlow<rayon_core::job::JobRef,tuple$<> > > >",3,0.006923929098966027,8,0x002813f0
nvlddmkm.sys!***unknown***,3,0.006923929098966027,4,0x00da773c
ntkrnlmp.exe!***unknown***,3,0.006923929098966027,4,0x00733984
ntkrnlmp.exe!***unknown***,3,0.006923929098966027,4,0x0065cc54
ntkrnlmp.exe!***unknown***,3,0.006923929098966027,4,0x002e7d3a
ntkrnlmp.exe!***unknown***,3,0.006923929098966027,4,0x002a6cf8
ntkrnlmp.exe!***unknown***,3,0.006923929098966027,4,0x0021fe4a
laneflow-urban-harness.exe!laneflow_runtime::kernel::conflict::ConflictRead::state_valid,3,0.006923929098966027,4,0x0024dc00
laneflow-urban-harness.exe!alloc::raw_vec::RawVecInner<alloc::alloc::Global>::try_reserve<alloc::alloc::Global>,3,0.006923929098966027,4,0x0023a5a0
watchdog.sys!***unknown***,3,0.006923929098966027,3,0x00001ed5
vcruntime140.dll!***unknown***,3,0.006923929098966027,3,0x0001e4ca
vcruntime140.dll!***unknown***,3,0.006923929098966027,3,0x0001e26b
vcruntime140.dll!***unknown***,3,0.006923929098966027,3,0x0001e264
vcruntime140.dll!***unknown***,3,0.006923929098966027,3,0x0001db03
vcruntime140.dll!***unknown***,3,0.006923929098966027,3,0x0001c60b
vcruntime140.dll!***unknown***,3,0.006923929098966027,3,0x0001c5b3
vcruntime140.dll!***unknown***,3,0.006923929098966027,3,0x0001c4d7
nvlddmkm.sys!***unknown***,3,0.006923929098966027,3,0x00da7580
nvlddmkm.sys!***unknown***,3,0.006923929098966027,3,0x00da3926
nvlddmkm.sys!***unknown***,3,0.006923929098966027,3,0x00cf3319
nvlddmkm.sys!***unknown***,3,0.006923929098966027,3,0x003cd930
nvlddmkm.sys!***unknown***,3,0.006923929098966027,3,0x0030a19e
nvlddmkm.sys!***unknown***,3,0.006923929098966027,3,0x0030a199
nvlddmkm.sys!***unknown***,3,0.006923929098966027,3,0x00309fef
nvlddmkm.sys!***unknown***,3,0.006923929098966027,3,0x0027cb86
nvlddmkm.sys!***unknown***,3,0.006923929098966027,3,0x0016f9bf
nvlddmkm.sys!***unknown***,3,0.006923929098966027,3,0x0016f886
nvlddmkm.sys!***unknown***,3,0.006923929098966027,3,0x0016a299
nvlddmkm.sys!***unknown***,3,0.006923929098966027,3,0x00169783
nvlddmkm.sys!***unknown***,3,0.006923929098966027,3,0x0012d5d6
nvlddmkm.sys!***unknown***,3,0.006923929098966027,3,0x0012d574
nvlddmkm.sys!***unknown***,3,0.006923929098966027,3,0x0011ce77
nvlddmkm.sys!***unknown***,3,0.006923929098966027,3,0x0010d333
nvlddmkm.sys!***unknown***,3,0.006923929098966027,3,0x00107f7f
nvlddmkm.sys!***unknown***,3,0.006923929098966027,3,0x00107f4c
nvlddmkm.sys!***unknown***,3,0.006923929098966027,3,0x000ff5c4
nvlddmkm.sys!***unknown***,3,0.006923929098966027,3,0x000e90cd
nvlddmkm.sys!***unknown***,3,0.006923929098966027,3,0x00020d40
nvlddmkm.sys!***unknown***,3,0.006923929098966027,3,0x00006190
ntkrnlmp.exe!***unknown***,3,0.006923929098966027,3,0x00c6e40a
ntkrnlmp.exe!***unknown***,3,0.006923929098966027,3,0x00c6e3ca
ntkrnlmp.exe!***unknown***,3,0.006923929098966027,3,0x00c6e3c0
ntkrnlmp.exe!***unknown***,3,0.006923929098966027,3,0x009b7db5
ntkrnlmp.exe!***unknown***,3,0.006923929098966027,3,0x00746aaa
ntkrnlmp.exe!***unknown***,3,0.006923929098966027,3,0x00746a9b
ntkrnlmp.exe!***unknown***,3,0.006923929098966027,3,0x00737709
ntkrnlmp.exe!***unknown***,3,0.006923929098966027,3,0x0066167e
ntkrnlmp.exe!***unknown***,3,0.006923929098966027,3,0x0065bd48
ntkrnlmp.exe!***unknown***,3,0.006923929098966027,3,0x0065bb60
ntkrnlmp.exe!***unknown***,3,0.006923929098966027,3,0x0056d9b5
ntkrnlmp.exe!***unknown***,3,0.006923929098966027,3,0x00440bd4
ntkrnlmp.exe!***unknown***,3,0.006923929098966027,3,0x003c8a48
ntkrnlmp.exe!***unknown***,3,0.006923929098966027,3,0x00364e98
ntkrnlmp.exe!***unknown***,3,0.006923929098966027,3,0x00353bf0
ntkrnlmp.exe!***unknown***,3,0.006923929098966027,3,0x00350686
ntkrnlmp.exe!***unknown***,3,0.006923929098966027,3,0x0032db71
ntkrnlmp.exe!***unknown***,3,0.006923929098966027,3,0x0032db69
ntkrnlmp.exe!***unknown***,3,0.006923929098966027,3,0x0032daf7
ntkrnlmp.exe!***unknown***,3,0.006923929098966027,3,0x002f53ce
ntkrnlmp.exe!***unknown***,3,0.006923929098966027,3,0x002f1366
ntkrnlmp.exe!***unknown***,3,0.006923929098966027,3,0x002ef759
ntkrnlmp.exe!***unknown***,3,0.006923929098966027,3,0x002b3713
ntkrnlmp.exe!***unknown***,3,0.006923929098966027,3,0x002b2e70
ntkrnlmp.exe!***unknown***,3,0.006923929098966027,3,0x002b2e2a
ntkrnlmp.exe!***unknown***,3,0.006923929098966027,3,0x002b2d55
ntkrnlmp.exe!***unknown***,3,0.006923929098966027,3,0x002afdcc
ntkrnlmp.exe!***unknown***,3,0.006923929098966027,3,0x002af0dc
ntkrnlmp.exe!***unknown***,3,0.006923929098966027,3,0x002aa097
ntkrnlmp.exe!***unknown***,3,0.006923929098966027,3,0x002a6f87
ntkrnlmp.exe!***unknown***,3,0.006923929098966027,3,0x0028037d
ntkrnlmp.exe!***unknown***,3,0.006923929098966027,3,0x0027dd30
ntkrnlmp.exe!***unknown***,3,0.006923929098966027,3,0x0027ba9d
ntkrnlmp.exe!***unknown***,3,0.006923929098966027,3,0x0027a52f
ntkrnlmp.exe!***unknown***,3,0.006923929098966027,3,0x0025c369
ntkrnlmp.exe!***unknown***,3,0.006923929098966027,3,0x0025990a
ntkrnlmp.exe!***unknown***,3,0.006923929098966027,3,0x00259856
ntkrnlmp.exe!***unknown***,3,0.006923929098966027,3,0x00256e3f
ntkrnlmp.exe!***unknown***,3,0.006923929098966027,3,0x00256d35
ntkrnlmp.exe!***unknown***,3,0.006923929098966027,3,0x00256c7d
ntkrnlmp.exe!***unknown***,3,0.006923929098966027,3,0x00255a44
ntkrnlmp.exe!***unknown***,3,0.006923929098966027,3,0x00250ff3
ntkrnlmp.exe!***unknown***,3,0.006923929098966027,3,0x00250f4f
ntkrnlmp.exe!***unknown***,3,0.006923929098966027,3,0x0024ff1e
ntkrnlmp.exe!***unknown***,3,0.006923929098966027,3,0x0024f29b
ntkrnlmp.exe!***unknown***,3,0.006923929098966027,3,0x00242580
ntkrnlmp.exe!***unknown***,3,0.006923929098966027,3,0x00235a47
ntkrnlmp.exe!***unknown***,3,0.006923929098966027,3,0x002261b2
ntkrnlmp.exe!***unknown***,3,0.006923929098966027,3,0x00225689
ntkrnlmp.exe!***unknown***,3,0.006923929098966027,3,0x00220652
ntkrnlmp.exe!***unknown***,3,0.006923929098966027,3,0x0022054f
ntkrnlmp.exe!***unknown***,3,0.006923929098966027,3,0x0021c469
ntkrnlmp.exe!***unknown***,3,0.006923929098966027,3,0x00218fb3
ntdll.dll!***unknown***,3,0.006923929098966027,3,0x0016eca2
ntdll.dll!***unknown***,3,0.006923929098966027,3,0x00099f15
ntdll.dll!***unknown***,3,0.006923929098966027,3,0x00062aa2
ntdll.dll!***unknown***,3,0.006923929098966027,3,0x00062912
ntdll.dll!***unknown***,3,0.006923929098966027,3,0x0006288e
ntdll.dll!***unknown***,3,0.006923929098966027,3,0x000488be
ntdll.dll!***unknown***,3,0.006923929098966027,3,0x000488b1
ntdll.dll!***unknown***,3,0.006923929098966027,3,0x00048620
ntdll.dll!***unknown***,3,0.006923929098966027,3,0x0004857b
ntdll.dll!***unknown***,3,0.006923929098966027,3,0x00048510
ntdll.dll!***unknown***,3,0.006923929098966027,3,0x00047207
ntdll.dll!***unknown***,3,0.006923929098966027,3,0x0004710e
ntdll.dll!***unknown***,3,0.006923929098966027,3,0x00046a5a
ntdll.dll!***unknown***,3,0.006923929098966027,3,0x00045bfc
ntdll.dll!***unknown***,3,0.006923929098966027,3,0x00045811
ntdll.dll!***unknown***,3,0.006923929098966027,3,0x0001c8f8
laneflow-urban-harness.exe!laneflow_static_network::relations::SharedRelationClosure::phase_end_offset_ms,3,0.006923929098966027,3,0x0028cc20
dxgmms2.sys!***unknown***,3,0.006923929098966027,3,0x00020c5f
"laneflow-urban-harness.exe!enum2$<laneflow_runtime::kernel::execution::ExecutionResources>::try_for_each_chunk<enum2$<laneflow_runtime::kernel::conflict_tick::CandidateReport>,laneflow_runtime::kernel::conflict_tick::impl$6::prepare_conflict_candidates_dispatched::closure_env$2>",2,0.004615952732644018,489,0x001fe880
"laneflow-urban-harness.exe!alloc::collections::btree::map::impl$0::drop<alloc::string::String,enum2$<serde_json::value::Value>,alloc::alloc::Global>",2,0.004615952732644018,202,0x00088b10
ntkrnlmp.exe!***unknown***,2,0.004615952732644018,98,0x002192c9
laneflow-urban-harness.exe!serde_json::value::ser::impl$8::serialize_field<u32>,2,0.004615952732644018,84,0x00012130
laneflow-urban-harness.exe!laneflow_runtime::kernel::state::WorldState::conflict_state_valid,2,0.004615952732644018,23,0x0023df40
ntkrnlmp.exe!***unknown***,2,0.004615952732644018,11,0x00438107
laneflow-urban-harness.exe!laneflow_runtime::facade::TrafficWorld::parking_facility_counts,2,0.004615952732644018,10,0x00203a20
"laneflow-urban-harness.exe!alloc::vec::spec_from_iter_nested::impl$1::from_iter<tuple$<laneflow_static_contract::typed::Ordinal<laneflow_static_contract::typed::SignalGroupKind>,laneflow_static_contract::values::SignalAspect>,core::iter::adapters::map::Map<core::iter::adapters::enumerate::Enumerate<core::slice::iter::Iter<laneflow_static_contract::values::SignalAspect> >,laneflow_runtime::kernel::world::impl$3::committed_signal_groups::closure_env$0> >",2,0.004615952732644018,8,0x00236f90
"laneflow-urban-harness.exe!alloc::vec::spec_from_iter::impl$0::from_iter<tuple$<u32,u8>,core::iter::adapters::GenericShunt<core::iter::adapters::map::Map<core::slice::iter::Iter<tuple$<laneflow_static_contract::typed::Ordinal<laneflow_static_contract::typed::SignalGroupKind>,laneflow_static_contract::values::SignalAspect> >,laneflow_urban_harness::runner::signal_signature::closure_env$0>,enum2$<core::result::Result<enum2$<core::convert::Infallible>,enum2$<laneflow_urban_harness::Error> > > > >",2,0.004615952732644018,8,0x00019270
ntkrnlmp.exe!***unknown***,2,0.004615952732644018,6,0x00256893
ntkrnlmp.exe!***unknown***,2,0.004615952732644018,5,0x003c874e
nvlddmkm.sys!***unknown***,2,0.004615952732644018,4,0x0012530c
ntkrnlmp.exe!***unknown***,2,0.004615952732644018,4,0x0043a22a
ntkrnlmp.exe!***unknown***,2,0.004615952732644018,4,0x0032da0a
ntkrnlmp.exe!***unknown***,2,0.004615952732644018,3,0x0065c734
ntkrnlmp.exe!***unknown***,2,0.004615952732644018,3,0x0065c2be
ntkrnlmp.exe!***unknown***,2,0.004615952732644018,3,0x00256dde
ntkrnlmp.exe!***unknown***,2,0.004615952732644018,3,0x00220029
ntkrnlmp.exe!***unknown***,2,0.004615952732644018,3,0x0021af1b
laneflow-urban-harness.exe!laneflow_runtime::facade::TrafficWorld::waiting_zone,2,0.004615952732644018,3,0x002034c0
"laneflow-urban-harness.exe!core::slice::sort::shared::pivot::median3_rec<laneflow_runtime::kernel::conflict_tick::ConflictCandidate,core::slice::impl$0::sort_unstable_by_key::closure_env$0<laneflow_runtime::kernel::conflict_tick::ConflictCandidate,tuple$<laneflow_runtime::kernel::conflict::ConflictCandidateOrderKey,u32>,laneflow_runtime::kernel::conflict_tick::impl$6::prepare_conflict_candidates::closure_env$1> >",2,0.004615952732644018,2,0x0020d4d0
"laneflow-urban-harness.exe!alloc::collections::btree::node::Handle<alloc::collections::btree::node::NodeRef<alloc::collections::btree::node::marker::Mut,u32,alloc::collections::btree::set_val::SetValZST,enum2$<alloc::collections::btree::node::marker::Leaf> >,enum2$<alloc::collections::btree::node::marker::Edge> >::insert_recursing<u32,alloc::collections::btree::set_val::SetValZST,alloc::alloc::Global,alloc::collections::btree::map::entry::impl$6::insert_entry::closure_env$0<u32,alloc::collections::btree::set_val::SetValZST,alloc::alloc::Global> >",2,0.004615952732644018,3,0x001a53e0
vcruntime140.dll!***unknown***,2,0.004615952732644018,2,0x0001e516
vcruntime140.dll!***unknown***,2,0.004615952732644018,2,0x0001e4fd
vcruntime140.dll!***unknown***,2,0.004615952732644018,2,0x0001e4f4
vcruntime140.dll!***unknown***,2,0.004615952732644018,2,0x0001e4b0
vcruntime140.dll!***unknown***,2,0.004615952732644018,2,0x0001e4ac
vcruntime140.dll!***unknown***,2,0.004615952732644018,2,0x0001e497
vcruntime140.dll!***unknown***,2,0.004615952732644018,2,0x0001e280
vcruntime140.dll!***unknown***,2,0.004615952732644018,2,0x0001e25d
vcruntime140.dll!***unknown***,2,0.004615952732644018,2,0x0001e163
vcruntime140.dll!***unknown***,2,0.004615952732644018,2,0x0001e150
vcruntime140.dll!***unknown***,2,0.004615952732644018,2,0x0001dc24
vcruntime140.dll!***unknown***,2,0.004615952732644018,2,0x0001c682
vcruntime140.dll!***unknown***,2,0.004615952732644018,2,0x0001c658
vcruntime140.dll!***unknown***,2,0.004615952732644018,2,0x0001c64b
vcruntime140.dll!***unknown***,2,0.004615952732644018,2,0x0001c644
vcruntime140.dll!***unknown***,2,0.004615952732644018,2,0x0001c624
vcruntime140.dll!***unknown***,2,0.004615952732644018,2,0x0001c61b
vcruntime140.dll!***unknown***,2,0.004615952732644018,2,0x0001c5eb
vcruntime140.dll!***unknown***,2,0.004615952732644018,2,0x0001c595
vcruntime140.dll!***unknown***,2,0.004615952732644018,2,0x0001c494
nvlddmkm.sys!***unknown***,2,0.004615952732644018,2,0x00dd3179
nvlddmkm.sys!***unknown***,2,0.004615952732644018,2,0x00dd17e2
nvlddmkm.sys!***unknown***,2,0.004615952732644018,2,0x00dd118c
nvlddmkm.sys!***unknown***,2,0.004615952732644018,2,0x00dd0a9c
nvlddmkm.sys!***unknown***,2,0.004615952732644018,2,0x00db85fa
nvlddmkm.sys!***unknown***,2,0.004615952732644018,2,0x00db7eb2
nvlddmkm.sys!***unknown***,2,0.004615952732644018,2,0x00da3929
nvlddmkm.sys!***unknown***,2,0.004615952732644018,2,0x00d69e1d
nvlddmkm.sys!***unknown***,2,0.004615952732644018,2,0x00d3d567
nvlddmkm.sys!***unknown***,2,0.004615952732644018,2,0x00706730
nvlddmkm.sys!***unknown***,2,0.004615952732644018,2,0x006f8daa
nvlddmkm.sys!***unknown***,2,0.004615952732644018,2,0x0030d379
nvlddmkm.sys!***unknown***,2,0.004615952732644018,2,0x0030a059
nvlddmkm.sys!***unknown***,2,0.004615952732644018,2,0x0030a043
nvlddmkm.sys!***unknown***,2,0.004615952732644018,2,0x00309fea
nvlddmkm.sys!***unknown***,2,0.004615952732644018,2,0x00309fe5
nvlddmkm.sys!***unknown***,2,0.004615952732644018,2,0x00309f6e
nvlddmkm.sys!***unknown***,2,0.004615952732644018,2,0x00309944
nvlddmkm.sys!***unknown***,2,0.004615952732644018,2,0x0029e1e5
nvlddmkm.sys!***unknown***,2,0.004615952732644018,2,0x0027cb74
nvlddmkm.sys!***unknown***,2,0.004615952732644018,2,0x0027cb4f
nvlddmkm.sys!***unknown***,2,0.004615952732644018,2,0x0027cada
nvlddmkm.sys!***unknown***,2,0.004615952732644018,2,0x0016fe46
nvlddmkm.sys!***unknown***,2,0.004615952732644018,2,0x0016a904
nvlddmkm.sys!***unknown***,2,0.004615952732644018,2,0x0016a19d
nvlddmkm.sys!***unknown***,2,0.004615952732644018,2,0x001698d1
nvlddmkm.sys!***unknown***,2,0.004615952732644018,2,0x0016980a
nvlddmkm.sys!***unknown***,2,0.004615952732644018,2,0x001696b6
nvlddmkm.sys!***unknown***,2,0.004615952732644018,2,0x00169679
nvlddmkm.sys!***unknown***,2,0.004615952732644018,2,0x0012d9e2
nvlddmkm.sys!***unknown***,2,0.004615952732644018,2,0x0012d580
nvlddmkm.sys!***unknown***,2,0.004615952732644018,2,0x0012d3f9
nvlddmkm.sys!***unknown***,2,0.004615952732644018,2,0x00129ea0
nvlddmkm.sys!***unknown***,2,0.004615952732644018,2,0x00125232
nvlddmkm.sys!***unknown***,2,0.004615952732644018,2,0x001251cd
nvlddmkm.sys!***unknown***,2,0.004615952732644018,2,0x000ff4e3
nvlddmkm.sys!***unknown***,2,0.004615952732644018,2,0x000e903a
nvlddmkm.sys!***unknown***,2,0.004615952732644018,2,0x000dd75f
nvlddmkm.sys!***unknown***,2,0.004615952732644018,2,0x000dd742
nvlddmkm.sys!***unknown***,2,0.004615952732644018,2,0x0009e940
nvlddmkm.sys!***unknown***,2,0.004615952732644018,2,0x00021032
nvlddmkm.sys!***unknown***,2,0.004615952732644018,2,0x00021030
nvlddmkm.sys!***unknown***,2,0.004615952732644018,2,0x000204c0
nvlddmkm.sys!***unknown***,2,0.004615952732644018,2,0x0001e085
nvlddmkm.sys!***unknown***,2,0.004615952732644018,2,0x0001ba10
nvlddmkm.sys!***unknown***,2,0.004615952732644018,2,0x0000ddf0
nvlddmkm.sys!***unknown***,2,0.004615952732644018,2,0x0000d120
nvlddmkm.sys!***unknown***,2,0.004615952732644018,2,0x0000cdb0
ntkrnlmp.exe!***unknown***,2,0.004615952732644018,2,0x00c6eb14
ntkrnlmp.exe!***unknown***,2,0.004615952732644018,2,0x00c6ea93
ntkrnlmp.exe!***unknown***,2,0.004615952732644018,2,0x00c6e860
ntkrnlmp.exe!***unknown***,2,0.004615952732644018,2,0x00c6e41d
ntkrnlmp.exe!***unknown***,2,0.004615952732644018,2,0x00c6e3cd
ntkrnlmp.exe!***unknown***,2,0.004615952732644018,2,0x009b7d9a
ntkrnlmp.exe!***unknown***,2,0.004615952732644018,2,0x00737d0c
ntkrnlmp.exe!***unknown***,2,0.004615952732644018,2,0x00728d79
ntkrnlmp.exe!***unknown***,2,0.004615952732644018,2,0x006634b6
ntkrnlmp.exe!***unknown***,2,0.004615952732644018,2,0x006634a2
ntkrnlmp.exe!***unknown***,2,0.004615952732644018,2,0x00663050
ntkrnlmp.exe!***unknown***,2,0.004615952732644018,2,0x00662b89
ntkrnlmp.exe!***unknown***,2,0.004615952732644018,2,0x0065c27b
ntkrnlmp.exe!***unknown***,2,0.004615952732644018,2,0x0065bd86
ntkrnlmp.exe!***unknown***,2,0.004615952732644018,2,0x0065bc5a
ntkrnlmp.exe!***unknown***,2,0.004615952732644018,2,0x0056d9b9
ntkrnlmp.exe!***unknown***,2,0.004615952732644018,2,0x0056b094
ntkrnlmp.exe!***unknown***,2,0.004615952732644018,2,0x0056b082
ntkrnlmp.exe!***unknown***,2,0.004615952732644018,2,0x0053620d
ntkrnlmp.exe!***unknown***,2,0.004615952732644018,2,0x00536203
ntkrnlmp.exe!***unknown***,2,0.004615952732644018,2,0x00531d0b
ntkrnlmp.exe!***unknown***,2,0.004615952732644018,2,0x00468ea6
ntkrnlmp.exe!***unknown***,2,0.004615952732644018,2,0x00440cf5
ntkrnlmp.exe!***unknown***,2,0.004615952732644018,2,0x00440c2a
ntkrnlmp.exe!***unknown***,2,0.004615952732644018,2,0x00440b12
ntkrnlmp.exe!***unknown***,2,0.004615952732644018,2,0x0043d0a6
ntkrnlmp.exe!***unknown***,2,0.004615952732644018,2,0x0043cc49
ntkrnlmp.exe!***unknown***,2,0.004615952732644018,2,0x0043bb50
ntkrnlmp.exe!***unknown***,2,0.004615952732644018,2,0x0043bb24
ntkrnlmp.exe!***unknown***,2,0.004615952732644018,2,0x004276cd
ntkrnlmp.exe!***unknown***,2,0.004615952732644018,2,0x00425388
ntkrnlmp.exe!***unknown***,2,0.004615952732644018,2,0x004192eb
ntkrnlmp.exe!***unknown***,2,0.004615952732644018,2,0x003f2982
ntkrnlmp.exe!***unknown***,2,0.004615952732644018,2,0x003c7ddd
ntkrnlmp.exe!***unknown***,2,0.004615952732644018,2,0x003a2e73
ntkrnlmp.exe!***unknown***,2,0.004615952732644018,2,0x003a2741
ntkrnlmp.exe!***unknown***,2,0.004615952732644018,2,0x003a2034
ntkrnlmp.exe!***unknown***,2,0.004615952732644018,2,0x003a1b8c
ntkrnlmp.exe!***unknown***,2,0.004615952732644018,2,0x003a0a73
ntkrnlmp.exe!***unknown***,2,0.004615952732644018,2,0x0037360e
ntkrnlmp.exe!***unknown***,2,0.004615952732644018,2,0x00366603
ntkrnlmp.exe!***unknown***,2,0.004615952732644018,2,0x00364796
ntkrnlmp.exe!***unknown***,2,0.004615952732644018,2,0x0036238a
ntkrnlmp.exe!***unknown***,2,0.004615952732644018,2,0x00339db7
ntkrnlmp.exe!***unknown***,2,0.004615952732644018,2,0x0030f9c0
ntkrnlmp.exe!***unknown***,2,0.004615952732644018,2,0x0030a140
ntkrnlmp.exe!***unknown***,2,0.004615952732644018,2,0x00306af3
ntkrnlmp.exe!***unknown***,2,0.004615952732644018,2,0x002f4853
ntkrnlmp.exe!***unknown***,2,0.004615952732644018,2,0x002f47b6
ntkrnlmp.exe!***unknown***,2,0.004615952732644018,2,0x002eeccd
ntkrnlmp.exe!***unknown***,2,0.004615952732644018,2,0x002ec1d3
ntkrnlmp.exe!***unknown***,2,0.004615952732644018,2,0x002e115b
ntkrnlmp.exe!***unknown***,2,0.004615952732644018,2,0x002bc05b
ntkrnlmp.exe!***unknown***,2,0.004615952732644018,2,0x002b3204
ntkrnlmp.exe!***unknown***,2,0.004615952732644018,2,0x002b31c4
ntkrnlmp.exe!***unknown***,2,0.004615952732644018,2,0x002b2ed1
ntkrnlmp.exe!***unknown***,2,0.004615952732644018,2,0x002b2ece
ntkrnlmp.exe!***unknown***,2,0.004615952732644018,2,0x002b2e12
ntkrnlmp.exe!***unknown***,2,0.004615952732644018,2,0x002b2e0e
ntkrnlmp.exe!***unknown***,2,0.004615952732644018,2,0x002b2e07
ntkrnlmp.exe!***unknown***,2,0.004615952732644018,2,0x002b0e0a
ntkrnlmp.exe!***unknown***,2,0.004615952732644018,2,0x002b0d45
ntkrnlmp.exe!***unknown***,2,0.004615952732644018,2,0x002afd5c
ntkrnlmp.exe!***unknown***,2,0.004615952732644018,2,0x002a8ebb
ntkrnlmp.exe!***unknown***,2,0.004615952732644018,2,0x002a7bc7
ntkrnlmp.exe!***unknown***,2,0.004615952732644018,2,0x002a4b3f
ntkrnlmp.exe!***unknown***,2,0.004615952732644018,2,0x00282cfb
ntkrnlmp.exe!***unknown***,2,0.004615952732644018,2,0x00280691
ntkrnlmp.exe!***unknown***,2,0.004615952732644018,2,0x00280296
ntkrnlmp.exe!***unknown***,2,0.004615952732644018,2,0x0027dfb9
ntkrnlmp.exe!***unknown***,2,0.004615952732644018,2,0x00259a97
ntkrnlmp.exe!***unknown***,2,0.004615952732644018,2,0x00259934
ntkrnlmp.exe!***unknown***,2,0.004615952732644018,2,0x002597a7
ntkrnlmp.exe!***unknown***,2,0.004615952732644018,2,0x00258ae8
ntkrnlmp.exe!***unknown***,2,0.004615952732644018,2,0x00257152
ntkrnlmp.exe!***unknown***,2,0.004615952732644018,2,0x00256e5f
ntkrnlmp.exe!***unknown***,2,0.004615952732644018,2,0x00256c13
ntkrnlmp.exe!***unknown***,2,0.004615952732644018,2,0x002566a7
ntkrnlmp.exe!***unknown***,2,0.004615952732644018,2,0x0024ffa6
ntkrnlmp.exe!***unknown***,2,0.004615952732644018,2,0x0024ff29
ntkrnlmp.exe!***unknown***,2,0.004615952732644018,2,0x0024fea5
ntkrnlmp.exe!***unknown***,2,0.004615952732644018,2,0x0024f688
ntkrnlmp.exe!***unknown***,2,0.004615952732644018,2,0x0024b17e
ntkrnlmp.exe!***unknown***,2,0.004615952732644018,2,0x00242488
ntkrnlmp.exe!***unknown***,2,0.004615952732644018,2,0x002423e6
ntkrnlmp.exe!***unknown***,2,0.004615952732644018,2,0x0024239b
ntkrnlmp.exe!***unknown***,2,0.004615952732644018,2,0x00235a4c
ntkrnlmp.exe!***unknown***,2,0.004615952732644018,2,0x002203b9
ntkrnlmp.exe!***unknown***,2,0.004615952732644018,2,0x00220152
ntkrnlmp.exe!***unknown***,2,0.004615952732644018,2,0x0021fecf
ntkrnlmp.exe!***unknown***,2,0.004615952732644018,2,0x0021c4cf
ntkrnlmp.exe!***unknown***,2,0.004615952732644018,2,0x0021c24e
ntkrnlmp.exe!***unknown***,2,0.004615952732644018,2,0x0021c236
ntkrnlmp.exe!***unknown***,2,0.004615952732644018,2,0x0021c224
ntkrnlmp.exe!***unknown***,2,0.004615952732644018,2,0x0021c11e
ntkrnlmp.exe!***unknown***,2,0.004615952732644018,2,0x0021bd37
ntkrnlmp.exe!***unknown***,2,0.004615952732644018,2,0x0021af8a
ntkrnlmp.exe!***unknown***,2,0.004615952732644018,2,0x0021af84
ntkrnlmp.exe!***unknown***,2,0.004615952732644018,2,0x0021a987
ntkrnlmp.exe!***unknown***,2,0.004615952732644018,2,0x0021910a
ntkrnlmp.exe!***unknown***,2,0.004615952732644018,2,0x002190d0
ntkrnlmp.exe!***unknown***,2,0.004615952732644018,2,0x00215ff3
ntkrnlmp.exe!***unknown***,2,0.004615952732644018,2,0x00215fea
ntkrnlmp.exe!***unknown***,2,0.004615952732644018,2,0x00215a3e
ntkrnlmp.exe!***unknown***,2,0.004615952732644018,2,0x002143b1
ntkrnlmp.exe!***unknown***,2,0.004615952732644018,2,0x0020eed5
ntkrnlmp.exe!***unknown***,2,0.004615952732644018,2,0x0020dc1f
ntdll.dll!***unknown***,2,0.004615952732644018,2,0x0016ec97
ntdll.dll!***unknown***,2,0.004615952732644018,2,0x0016ec80
ntdll.dll!***unknown***,2,0.004615952732644018,2,0x00099f56
ntdll.dll!***unknown***,2,0.004615952732644018,2,0x00099f10
ntdll.dll!***unknown***,2,0.004615952732644018,2,0x000706c9
ntdll.dll!***unknown***,2,0.004615952732644018,2,0x00070671
ntdll.dll!***unknown***,2,0.004615952732644018,2,0x0006f543
ntdll.dll!***unknown***,2,0.004615952732644018,2,0x0006f4ee
ntdll.dll!***unknown***,2,0.004615952732644018,2,0x0006e831
ntdll.dll!***unknown***,2,0.004615952732644018,2,0x00062941
ntdll.dll!***unknown***,2,0.004615952732644018,2,0x000628ee
ntdll.dll!***unknown***,2,0.004615952732644018,2,0x000628ba
ntdll.dll!***unknown***,2,0.004615952732644018,2,0x000628b6
ntdll.dll!***unknown***,2,0.004615952732644018,2,0x000628a0
ntdll.dll!***unknown***,2,0.004615952732644018,2,0x00062811
ntdll.dll!***unknown***,2,0.004615952732644018,2,0x000627f4
ntdll.dll!***unknown***,2,0.004615952732644018,2,0x0004867c
ntdll.dll!***unknown***,2,0.004615952732644018,2,0x00048676
ntdll.dll!***unknown***,2,0.004615952732644018,2,0x00048624
ntdll.dll!***unknown***,2,0.004615952732644018,2,0x00048609
ntdll.dll!***unknown***,2,0.004615952732644018,2,0x0004855b
ntdll.dll!***unknown***,2,0.004615952732644018,2,0x000471b1
ntdll.dll!***unknown***,2,0.004615952732644018,2,0x00046c52
ntdll.dll!***unknown***,2,0.004615952732644018,2,0x00046ae0
ntdll.dll!***unknown***,2,0.004615952732644018,2,0x00046ad3
ntdll.dll!***unknown***,2,0.004615952732644018,2,0x00046a71
ntdll.dll!***unknown***,2,0.004615952732644018,2,0x00046a46
ntdll.dll!***unknown***,2,0.004615952732644018,2,0x000457e1
ntdll.dll!***unknown***,2,0.004615952732644018,2,0x000393aa
ntdll.dll!***unknown***,2,0.004615952732644018,2,0x0003933b
ntdll.dll!***unknown***,2,0.004615952732644018,2,0x0001c914
ntdll.dll!***unknown***,2,0.004615952732644018,2,0x0001c8f1
ntdll.dll!***unknown***,2,0.004615952732644018,2,0x0001c8d6
ntdll.dll!***unknown***,2,0.004615952732644018,2,0x0001c8d3
mtkwl6ex.sys!***unknown***,2,0.004615952732644018,2,0x0015fb12
laneflow-urban-harness.exe!laneflow_static_network::relations::SharedRelationClosure::parking_space,2,0.004615952732644018,2,0x0028c650
laneflow-urban-harness.exe!laneflow_runtime::kernel::waiting::first_gate_hop,2,0.004615952732644018,2,0x00233810
laneflow-urban-harness.exe!laneflow_runtime::kernel::conflict_tick::reserve<laneflow_runtime::kernel::conflict_tick::ConflictDecision>,2,0.004615952732644018,2,0x002285a0
laneflow-urban-harness.exe!laneflow_runtime::facade::TrafficWorld::tick_index,2,0.004615952732644018,2,0x002033d0
laneflow-urban-harness.exe!laneflow_runtime::facade::TrafficWorld::command_cursor,2,0.004615952732644018,2,0x002035e0
laneflow-urban-harness.exe!crossbeam_epoch::internal::Global::try_advance,2,0.004615952732644018,2,0x00357bb0
laneflow-urban-harness.exe!core::str::iter::SplitInternal<char>::next<char>,2,0.004615952732644018,2,0x00069d00
"laneflow-urban-harness.exe!core::slice::sort::stable::drift::sort<laneflow_urban_harness::runner::Request,alloc::slice::impl$0::sort_by_key::closure_env$0<laneflow_urban_harness::runner::Request,tuple$<u8,u64,usize,u32,u32>,laneflow_urban_harness::runner::impl$2::advance::closure_env$0> >",2,0.004615952732644018,2,0x0014e060
"laneflow-urban-harness.exe!core::slice::sort::shared::smallsort::insertion_sort_shift_left<laneflow_runtime::kernel::transitions::TrafficTransitionEvent,core::slice::impl$0::sort_unstable_by_key::closure_env$0<laneflow_runtime::kernel::transitions::TrafficTransitionEvent,tuple$<u32,laneflow_runtime::kernel::conflict::DownstreamRoutePoint,tuple$<u8,u32,u32,u32>,u32,u32>,laneflow_runtime::kernel::transitions::impl$3::stage_transition_events::closure_env$4> >",2,0.004615952732644018,2,0x002721f0
"laneflow-urban-harness.exe!core::slice::iter::impl$171::any<tuple$<usize,laneflow_runtime::kernel::handle::VehicleHandle,u64>,laneflow_runtime::kernel::conflict::impl$26::owner_ranges_valid::closure_env$3>",2,0.004615952732644018,2,0x0024b6b0
"laneflow-urban-harness.exe!alloc::vec::Vec<laneflow_runtime::kernel::conflict::ConflictPassageAddress,alloc::alloc::Global>::dedup_by<laneflow_runtime::kernel::conflict::ConflictPassageAddress,alloc::alloc::Global,alloc::vec::impl$6::dedup::closure_env$0<laneflow_runtime::kernel::conflict::ConflictPassageAddress,alloc::alloc::Global> >",2,0.004615952732644018,2,0x00234f30
kernel32.dll!***unknown***,2,0.004615952732644018,2,0x00029df0
fltMgr.sys!***unknown***,2,0.004615952732644018,2,0x0000b871
dxgmms2.sys!***unknown***,2,0.004615952732644018,2,0x00020ca1
dxgmms2.sys!***unknown***,2,0.004615952732644018,2,0x00020c1b
dxgmms2.sys!***unknown***,2,0.004615952732644018,2,0x00020c17
dxgmms2.sys!***unknown***,2,0.004615952732644018,2,0x00012eef
dxgmms2.sys!***unknown***,2,0.004615952732644018,2,0x00012b10
dxgmms2.sys!***unknown***,2,0.004615952732644018,2,0x00012a40
dxgmms2.sys!***unknown***,2,0.004615952732644018,2,0x00011c2e
dxgmms2.sys!***unknown***,2,0.004615952732644018,2,0x0000cda9
dxgmms2.sys!***unknown***,2,0.004615952732644018,2,0x0000aa61
laneflow-urban-harness.exe!rayon_core::registry::WorkerThread::wait_until_cold,1,0.002307976366322009,8662,0x00357280
ntdll.dll!***unknown***,1,0.002307976366322009,495,0x00045807
ntdll.dll!***unknown***,1,0.002307976366322009,363,0x00046b34
laneflow-urban-harness.exe!alloc::raw_vec::RawVecInner<alloc::alloc::Global>::finish_grow<alloc::alloc::Global>,1,0.002307976366322009,328,0x00342320
laneflow-urban-harness.exe!rayon_core::sleep::Sleep::wake_specific_thread,1,0.002307976366322009,135,0x00286300
laneflow-urban-harness.exe!std::sys::sync::condvar::futex::Condvar::wait,1,0.002307976366322009,117,0x00307420
ntkrnlmp.exe!***unknown***,1,0.002307976366322009,114,0x002b225a
laneflow-urban-harness.exe!rayon_core::sleep::Sleep::sleep<rayon_core::registry::impl$10::wait_until_cold::closure_env$0>,1,0.002307976366322009,91,0x003574e0
ntkrnlmp.exe!***unknown***,1,0.002307976366322009,46,0x00440e4d
ntkrnlmp.exe!***unknown***,1,0.002307976366322009,46,0x0024f2ad
laneflow-urban-harness.exe!std::sys::pal::windows::handle::Handle::synchronous_write,1,0.002307976366322009,46,0x00309440
ntkrnlmp.exe!***unknown***,1,0.002307976366322009,40,0x00306c54
ntkrnlmp.exe!***unknown***,1,0.002307976366322009,31,0x00662b7e
laneflow-urban-harness.exe!rayon_core::latch::LockLatch::wait,1,0.002307976366322009,28,0x002868f0
ntdll.dll!***unknown***,1,0.002307976366322009,22,0x00169664
laneflow-urban-harness.exe!laneflow_urban_harness::runner::signal_signature,1,0.002307976366322009,21,0x00136740
ntkrnlmp.exe!***unknown***,1,0.002307976366322009,17,0x003069aa
laneflow-urban-harness.exe!serde_json::value::to_value<ref$<ref$<str$> > >,1,0.002307976366322009,16,0x0011f3e0
nvlddmkm.sys!***unknown***,1,0.002307976366322009,15,0x00123feb
nvlddmkm.sys!***unknown***,1,0.002307976366322009,14,0x002b2c8c
ntkrnlmp.exe!***unknown***,1,0.002307976366322009,14,0x002f13ae
ntkrnlmp.exe!***unknown***,1,0.002307976366322009,13,0x0065d2e6
laneflow-urban-harness.exe!laneflow_runtime::kernel::conflict_tick::ConflictSchedule::prepare,1,0.002307976366322009,11,0x0022b410
dxgmms2.sys!***unknown***,1,0.002307976366322009,10,0x00020878
laneflow-urban-harness.exe!alloc::string::impl$6::clone,1,0.002307976366322009,9,0x003282d0
"laneflow-urban-harness.exe!alloc::collections::btree::map::BTreeMap<alloc::string::String,u64,alloc::alloc::Global>::entry<alloc::string::String,u64,alloc::alloc::Global>",1,0.002307976366322009,9,0x00084030
nvlddmkm.sys!***unknown***,1,0.002307976366322009,7,0x0012cb97
ntkrnlmp.exe!***unknown***,1,0.002307976366322009,7,0x0065d1ae
ntkrnlmp.exe!***unknown***,1,0.002307976366322009,6,0x00730c06
ntkrnlmp.exe!***unknown***,1,0.002307976366322009,6,0x0065cc08
mtkwl6ex.sys!***unknown***,1,0.002307976366322009,6,0x00048b0c
"laneflow-urban-harness.exe!serde_core::ser::Serializer::collect_seq<serde_json::value::ser::Serializer,ref$<alloc::vec::Vec<enum2$<serde_json::value::Value>,alloc::alloc::Global> > >",1,0.002307976366322009,4,0x00012800
"laneflow-urban-harness.exe!core::slice::sort::unstable::quicksort::quicksort<laneflow_runtime::kernel::transitions::TrafficTransitionEvent,core::slice::impl$0::sort_unstable_by_key::closure_env$0<laneflow_runtime::kernel::transitions::TrafficTransitionEvent,tuple$<u32,laneflow_runtime::kernel::conflict::DownstreamRoutePoint,tuple$<u8,u32,u32,u32>,u32,u32>,laneflow_runtime::kernel::transitions::impl$3::stage_transition_events::closure_env$1> >",1,0.002307976366322009,3,0x002771e0
ntkrnlmp.exe!***unknown***,1,0.002307976366322009,5,0x002596f3
nvlddmkm.sys!***unknown***,1,0.002307976366322009,4,0x000f9d97
nvlddmkm.sys!***unknown***,1,0.002307976366322009,4,0x0001f992
ntkrnlmp.exe!***unknown***,1,0.002307976366322009,4,0x002b2596
ntkrnlmp.exe!***unknown***,1,0.002307976366322009,3,0x003c84e7
ntkrnlmp.exe!***unknown***,1,0.002307976366322009,3,0x00217366
msgpioclx.sys!***unknown***,1,0.002307976366322009,3,0x00013a66
laneflow-urban-harness.exe!laneflow_runtime::kernel::conflict::ConflictRead::owner_ranges_valid,1,0.002307976366322009,3,0x0024e520
laneflow-urban-harness.exe!crossbeam_epoch::internal::Global::collect,1,0.002307976366322009,3,0x00357ca0
laneflow-urban-harness.exe!core::fmt::num::impl$16::fmt,1,0.002307976366322009,3,0x00334f90
dxgmms2.sys!***unknown***,1,0.002307976366322009,3,0x00020869
refs.sys!***unknown***,1,0.002307976366322009,2,0x00325f81
nvlddmkm.sys!***unknown***,1,0.002307976366322009,2,0x00d62574
nvlddmkm.sys!***unknown***,1,0.002307976366322009,2,0x00d5bf4d
nvlddmkm.sys!***unknown***,1,0.002307976366322009,2,0x00d54484
nvlddmkm.sys!***unknown***,1,0.002307976366322009,2,0x00a9bd1c
nvlddmkm.sys!***unknown***,1,0.002307976366322009,2,0x0016978b
nvlddmkm.sys!***unknown***,1,0.002307976366322009,2,0x00128827
nvlddmkm.sys!***unknown***,1,0.002307976366322009,2,0x00125b13
nvlddmkm.sys!***unknown***,1,0.002307976366322009,2,0x000df8c2
ntkrnlmp.exe!***unknown***,1,0.002307976366322009,2,0x00a30c9f
ntkrnlmp.exe!***unknown***,1,0.002307976366322009,2,0x0065d479
ntkrnlmp.exe!***unknown***,1,0.002307976366322009,2,0x0065d1bb
ntkrnlmp.exe!***unknown***,1,0.002307976366322009,2,0x0065c726
ntkrnlmp.exe!***unknown***,1,0.002307976366322009,2,0x00551726
ntkrnlmp.exe!***unknown***,1,0.002307976366322009,2,0x0043a1e5
ntkrnlmp.exe!***unknown***,1,0.002307976366322009,2,0x002b3c6a
ntkrnlmp.exe!***unknown***,1,0.002307976366322009,2,0x00280cfe
"laneflow-urban-harness.exe!laneflow_urban_harness::runner::_::impl$0::serialize<ref_mut$<serde_json::ser::Serializer<ref_mut$<std::io::buffered::bufwriter::BufWriter<std::fs::File> >,serde_json::ser::CompactFormatter> > >",1,0.002307976366322009,2,0x0011f8f0
laneflow-urban-harness.exe!laneflow_runtime::kernel::conflict::derive_downstream_claims_from_plan,1,0.002307976366322009,2,0x00253730
laneflow-urban-harness.exe!laneflow_runtime::kernel::conflict::ConflictWrite::finish_releases,1,0.002307976366322009,2,0x00250b30
dxgmms2.sys!***unknown***,1,0.002307976366322009,2,0x00020c20
WppRecorder.sys!***unknown***,1,0.002307976366322009,1,0x00005292
WppRecorder.sys!***unknown***,1,0.002307976366322009,1,0x00005283
WppRecorder.sys!***unknown***,1,0.002307976366322009,1,0x00001266
WppRecorder.sys!***unknown***,1,0.002307976366322009,1,0x0000118a
WppRecorder.sys!***unknown***,1,0.002307976366322009,1,0x00001120
WinHvR.sys!***unknown***,1,0.002307976366322009,1,0x0000b266
WdFilter.sys!***unknown***,1,0.002307976366322009,1,0x0009090b
wdf01000.sys!***unknown***,1,0.002307976366322009,1,0x00051432
wdf01000.sys!***unknown***,1,0.002307976366322009,1,0x0004c5b1
wdf01000.sys!***unknown***,1,0.002307976366322009,1,0x00034b65
wdf01000.sys!***unknown***,1,0.002307976366322009,1,0x0002f22f
wdf01000.sys!***unknown***,1,0.002307976366322009,1,0x00025ecd
wdf01000.sys!***unknown***,1,0.002307976366322009,1,0x0000e943
wdf01000.sys!***unknown***,1,0.002307976366322009,1,0x0000c661
vcruntime140.dll!***unknown***,1,0.002307976366322009,1,0x0001e527
vcruntime140.dll!***unknown***,1,0.002307976366322009,1,0x0001e4a9
vcruntime140.dll!***unknown***,1,0.002307976366322009,1,0x0001e4a0
vcruntime140.dll!***unknown***,1,0.002307976366322009,1,0x0001e190
vcruntime140.dll!***unknown***,1,0.002307976366322009,1,0x0001e17c
vcruntime140.dll!***unknown***,1,0.002307976366322009,1,0x0001e16b
vcruntime140.dll!***unknown***,1,0.002307976366322009,1,0x0001e156
vcruntime140.dll!***unknown***,1,0.002307976366322009,1,0x0001e0d6
vcruntime140.dll!***unknown***,1,0.002307976366322009,1,0x0001dc41
vcruntime140.dll!***unknown***,1,0.002307976366322009,1,0x0001dc31
vcruntime140.dll!***unknown***,1,0.002307976366322009,1,0x0001dc2a
vcruntime140.dll!***unknown***,1,0.002307976366322009,1,0x0001c5db
vcruntime140.dll!***unknown***,1,0.002307976366322009,1,0x0001c598
vcruntime140.dll!***unknown***,1,0.002307976366322009,1,0x0001c57c
vcruntime140.dll!***unknown***,1,0.002307976366322009,1,0x0001c572
vcruntime140.dll!***unknown***,1,0.002307976366322009,1,0x0001c55b
vcruntime140.dll!***unknown***,1,0.002307976366322009,1,0x0001c531
vcruntime140.dll!***unknown***,1,0.002307976366322009,1,0x0001c51d
vcruntime140.dll!***unknown***,1,0.002307976366322009,1,0x0001c4ac
vcruntime140.dll!***unknown***,1,0.002307976366322009,1,0x0001c4a1
usbxhci.sys!***unknown***,1,0.002307976366322009,1,0x000272da
tcpip.sys!***unknown***,1,0.002307976366322009,1,0x000e3ea0
tcpip.sys!***unknown***,1,0.002307976366322009,1,0x000174db
refs.sys!***unknown***,1,0.002307976366322009,1,0x00301255
refs.sys!***unknown***,1,0.002307976366322009,1,0x00205a1b
refs.sys!***unknown***,1,0.002307976366322009,1,0x00205357
refs.sys!***unknown***,1,0.002307976366322009,1,0x000c9042
refs.sys!***unknown***,1,0.002307976366322009,1,0x00091d0a
refs.sys!***unknown***,1,0.002307976366322009,1,0x0003fc64
refs.sys!***unknown***,1,0.002307976366322009,1,0x00037649
refs.sys!***unknown***,1,0.002307976366322009,1,0x0000b715
nvpcf.sys!***unknown***,1,0.002307976366322009,1,0x00029dc8
nvlddmkm.sys!***unknown***,1,0.002307976366322009,1,0x00dfb0a7
nvlddmkm.sys!***unknown***,1,0.002307976366322009,1,0x00de94c5
nvlddmkm.sys!***unknown***,1,0.002307976366322009,1,0x00dd3170
nvlddmkm.sys!***unknown***,1,0.002307976366322009,1,0x00dd1c54
nvlddmkm.sys!***unknown***,1,0.002307976366322009,1,0x00dd11f3
nvlddmkm.sys!***unknown***,1,0.002307976366322009,1,0x00dd116e
nvlddmkm.sys!***unknown***,1,0.002307976366322009,1,0x00dd1163
nvlddmkm.sys!***unknown***,1,0.002307976366322009,1,0x00dd0f1d
nvlddmkm.sys!***unknown***,1,0.002307976366322009,1,0x00dd0e30
nvlddmkm.sys!***unknown***,1,0.002307976366322009,1,0x00dcd307
nvlddmkm.sys!***unknown***,1,0.002307976366322009,1,0x00db8627
nvlddmkm.sys!***unknown***,1,0.002307976366322009,1,0x00db8602
nvlddmkm.sys!***unknown***,1,0.002307976366322009,1,0x00db7eb3
nvlddmkm.sys!***unknown***,1,0.002307976366322009,1,0x00db7889
nvlddmkm.sys!***unknown***,1,0.002307976366322009,1,0x00db4acf
nvlddmkm.sys!***unknown***,1,0.002307976366322009,1,0x00daa088
nvlddmkm.sys!***unknown***,1,0.002307976366322009,1,0x00daa080
nvlddmkm.sys!***unknown***,1,0.002307976366322009,1,0x00da8f80
nvlddmkm.sys!***unknown***,1,0.002307976366322009,1,0x00da8f44
nvlddmkm.sys!***unknown***,1,0.002307976366322009,1,0x00da8adb
nvlddmkm.sys!***unknown***,1,0.002307976366322009,1,0x00da7587
nvlddmkm.sys!***unknown***,1,0.002307976366322009,1,0x00da3923
nvlddmkm.sys!***unknown***,1,0.002307976366322009,1,0x00d9486f
nvlddmkm.sys!***unknown***,1,0.002307976366322009,1,0x00d9482f
nvlddmkm.sys!***unknown***,1,0.002307976366322009,1,0x00d86541
nvlddmkm.sys!***unknown***,1,0.002307976366322009,1,0x00d858ff
nvlddmkm.sys!***unknown***,1,0.002307976366322009,1,0x00d83a23
nvlddmkm.sys!***unknown***,1,0.002307976366322009,1,0x00d82471
nvlddmkm.sys!***unknown***,1,0.002307976366322009,1,0x00d81ed5
nvlddmkm.sys!***unknown***,1,0.002307976366322009,1,0x00d81364
nvlddmkm.sys!***unknown***,1,0.002307976366322009,1,0x00d7f1ea
nvlddmkm.sys!***unknown***,1,0.002307976366322009,1,0x00d7b01b
nvlddmkm.sys!***unknown***,1,0.002307976366322009,1,0x00d7a583
nvlddmkm.sys!***unknown***,1,0.002307976366322009,1,0x00d78e08
nvlddmkm.sys!***unknown***,1,0.002307976366322009,1,0x00d78362
nvlddmkm.sys!***unknown***,1,0.002307976366322009,1,0x00d78360
nvlddmkm.sys!***unknown***,1,0.002307976366322009,1,0x00d75da4
nvlddmkm.sys!***unknown***,1,0.002307976366322009,1,0x00d75822
nvlddmkm.sys!***unknown***,1,0.002307976366322009,1,0x00d7043a
nvlddmkm.sys!***unknown***,1,0.002307976366322009,1,0x00d6c232
nvlddmkm.sys!***unknown***,1,0.002307976366322009,1,0x00d69e2b
nvlddmkm.sys!***unknown***,1,0.002307976366322009,1,0x00d69df6
nvlddmkm.sys!***unknown***,1,0.002307976366322009,1,0x00d68898
nvlddmkm.sys!***unknown***,1,0.002307976366322009,1,0x00d664c8
nvlddmkm.sys!***unknown***,1,0.002307976366322009,1,0x00d624f5
nvlddmkm.sys!***unknown***,1,0.002307976366322009,1,0x00d623fb
nvlddmkm.sys!***unknown***,1,0.002307976366322009,1,0x00d621a5
nvlddmkm.sys!***unknown***,1,0.002307976366322009,1,0x00d5cdb4
nvlddmkm.sys!***unknown***,1,0.002307976366322009,1,0x00d5cd6b
nvlddmkm.sys!***unknown***,1,0.002307976366322009,1,0x00d5cd32
nvlddmkm.sys!***unknown***,1,0.002307976366322009,1,0x00d5cca1
nvlddmkm.sys!***unknown***,1,0.002307976366322009,1,0x00d5c370
nvlddmkm.sys!***unknown***,1,0.002307976366322009,1,0x00d5a9e2
nvlddmkm.sys!***unknown***,1,0.002307976366322009,1,0x00d5606e
nvlddmkm.sys!***unknown***,1,0.002307976366322009,1,0x00d5600a
nvlddmkm.sys!***unknown***,1,0.002307976366322009,1,0x00d55f35
nvlddmkm.sys!***unknown***,1,0.002307976366322009,1,0x00d53b7f
nvlddmkm.sys!***unknown***,1,0.002307976366322009,1,0x00d4d543
nvlddmkm.sys!***unknown***,1,0.002307976366322009,1,0x00d4b07a
nvlddmkm.sys!***unknown***,1,0.002307976366322009,1,0x00d4a093
nvlddmkm.sys!***unknown***,1,0.002307976366322009,1,0x00d48655
nvlddmkm.sys!***unknown***,1,0.002307976366322009,1,0x00d471f5
nvlddmkm.sys!***unknown***,1,0.002307976366322009,1,0x00d4406e
nvlddmkm.sys!***unknown***,1,0.002307976366322009,1,0x00d43f36
nvlddmkm.sys!***unknown***,1,0.002307976366322009,1,0x00d43a09
nvlddmkm.sys!***unknown***,1,0.002307976366322009,1,0x00d3eebd
nvlddmkm.sys!***unknown***,1,0.002307976366322009,1,0x00d3d5f6
nvlddmkm.sys!***unknown***,1,0.002307976366322009,1,0x00d3d5e5
nvlddmkm.sys!***unknown***,1,0.002307976366322009,1,0x00d3cf77
nvlddmkm.sys!***unknown***,1,0.002307976366322009,1,0x00d3bf30
nvlddmkm.sys!***unknown***,1,0.002307976366322009,1,0x00d33bbd
nvlddmkm.sys!***unknown***,1,0.002307976366322009,1,0x00cf3587
nvlddmkm.sys!***unknown***,1,0.002307976366322009,1,0x00cf331d
nvlddmkm.sys!***unknown***,1,0.002307976366322009,1,0x00cf3310
nvlddmkm.sys!***unknown***,1,0.002307976366322009,1,0x00a9c04e
nvlddmkm.sys!***unknown***,1,0.002307976366322009,1,0x00a9be83
nvlddmkm.sys!***unknown***,1,0.002307976366322009,1,0x00a9be14
nvlddmkm.sys!***unknown***,1,0.002307976366322009,1,0x00994865
nvlddmkm.sys!***unknown***,1,0.002307976366322009,1,0x007c69e3
nvlddmkm.sys!***unknown***,1,0.002307976366322009,1,0x006ffcd4
nvlddmkm.sys!***unknown***,1,0.002307976366322009,1,0x006f9615
nvlddmkm.sys!***unknown***,1,0.002307976366322009,1,0x006f92a6
nvlddmkm.sys!***unknown***,1,0.002307976366322009,1,0x006f918b
nvlddmkm.sys!***unknown***,1,0.002307976366322009,1,0x006f915b
nvlddmkm.sys!***unknown***,1,0.002307976366322009,1,0x006f8fae
nvlddmkm.sys!***unknown***,1,0.002307976366322009,1,0x006f8f50
nvlddmkm.sys!***unknown***,1,0.002307976366322009,1,0x006f8d95
nvlddmkm.sys!***unknown***,1,0.002307976366322009,1,0x006f8d92
nvlddmkm.sys!***unknown***,1,0.002307976366322009,1,0x006f8cf5
nvlddmkm.sys!***unknown***,1,0.002307976366322009,1,0x006f8748
nvlddmkm.sys!***unknown***,1,0.002307976366322009,1,0x0069fbd5
nvlddmkm.sys!***unknown***,1,0.002307976366322009,1,0x00629b30
nvlddmkm.sys!***unknown***,1,0.002307976366322009,1,0x003efb30
nvlddmkm.sys!***unknown***,1,0.002307976366322009,1,0x0032841c
nvlddmkm.sys!***unknown***,1,0.002307976366322009,1,0x00315bf2
nvlddmkm.sys!***unknown***,1,0.002307976366322009,1,0x00315be2
nvlddmkm.sys!***unknown***,1,0.002307976366322009,1,0x00315bca
nvlddmkm.sys!***unknown***,1,0.002307976366322009,1,0x00315bc4
nvlddmkm.sys!***unknown***,1,0.002307976366322009,1,0x0030d340
nvlddmkm.sys!***unknown***,1,0.002307976366322009,1,0x0030a194
nvlddmkm.sys!***unknown***,1,0.002307976366322009,1,0x0030a18f
nvlddmkm.sys!***unknown***,1,0.002307976366322009,1,0x0030a10d
nvlddmkm.sys!***unknown***,1,0.002307976366322009,1,0x0030a090
nvlddmkm.sys!***unknown***,1,0.002307976366322009,1,0x00309ff7
nvlddmkm.sys!***unknown***,1,0.002307976366322009,1,0x00309ff4
nvlddmkm.sys!***unknown***,1,0.002307976366322009,1,0x00309fe0
nvlddmkm.sys!***unknown***,1,0.002307976366322009,1,0x00309fd1
nvlddmkm.sys!***unknown***,1,0.002307976366322009,1,0x00309fb7
nvlddmkm.sys!***unknown***,1,0.002307976366322009,1,0x00309f73
nvlddmkm.sys!***unknown***,1,0.002307976366322009,1,0x00309f45
nvlddmkm.sys!***unknown***,1,0.002307976366322009,1,0x00309f38
nvlddmkm.sys!***unknown***,1,0.002307976366322009,1,0x00309f06
nvlddmkm.sys!***unknown***,1,0.002307976366322009,1,0x00309f02
nvlddmkm.sys!***unknown***,1,0.002307976366322009,1,0x00309940
nvlddmkm.sys!***unknown***,1,0.002307976366322009,1,0x002b39b4
nvlddmkm.sys!***unknown***,1,0.002307976366322009,1,0x002b305b
nvlddmkm.sys!***unknown***,1,0.002307976366322009,1,0x002b2b37
nvlddmkm.sys!***unknown***,1,0.002307976366322009,1,0x002b2a5d
nvlddmkm.sys!***unknown***,1,0.002307976366322009,1,0x0029ec6c
nvlddmkm.sys!***unknown***,1,0.002307976366322009,1,0x0029e201
nvlddmkm.sys!***unknown***,1,0.002307976366322009,1,0x0028247f
nvlddmkm.sys!***unknown***,1,0.002307976366322009,1,0x0027cb8a
nvlddmkm.sys!***unknown***,1,0.002307976366322009,1,0x0027cb24
nvlddmkm.sys!***unknown***,1,0.002307976366322009,1,0x0027cabd
nvlddmkm.sys!***unknown***,1,0.002307976366322009,1,0x0027ca94
nvlddmkm.sys!***unknown***,1,0.002307976366322009,1,0x0027c7c0
nvlddmkm.sys!***unknown***,1,0.002307976366322009,1,0x0027c6d7
nvlddmkm.sys!***unknown***,1,0.002307976366322009,1,0x0027af32
nvlddmkm.sys!***unknown***,1,0.002307976366322009,1,0x00268f3d
nvlddmkm.sys!***unknown***,1,0.002307976366322009,1,0x0017a860
nvlddmkm.sys!***unknown***,1,0.002307976366322009,1,0x00170077
nvlddmkm.sys!***unknown***,1,0.002307976366322009,1,0x00170012
nvlddmkm.sys!***unknown***,1,0.002307976366322009,1,0x0016feb0
nvlddmkm.sys!***unknown***,1,0.002307976366322009,1,0x0016fe61
nvlddmkm.sys!***unknown***,1,0.002307976366322009,1,0x0016fdd9
nvlddmkm.sys!***unknown***,1,0.002307976366322009,1,0x0016fdc6
nvlddmkm.sys!***unknown***,1,0.002307976366322009,1,0x0016fda8
nvlddmkm.sys!***unknown***,1,0.002307976366322009,1,0x0016f90e
nvlddmkm.sys!***unknown***,1,0.002307976366322009,1,0x0016f8fa
nvlddmkm.sys!***unknown***,1,0.002307976366322009,1,0x0016f899
nvlddmkm.sys!***unknown***,1,0.002307976366322009,1,0x0016f858
nvlddmkm.sys!***unknown***,1,0.002307976366322009,1,0x0016be03
nvlddmkm.sys!***unknown***,1,0.002307976366322009,1,0x0016aee3
nvlddmkm.sys!***unknown***,1,0.002307976366322009,1,0x0016aa0e
nvlddmkm.sys!***unknown***,1,0.002307976366322009,1,0x0016a923
nvlddmkm.sys!***unknown***,1,0.002307976366322009,1,0x0016a917
nvlddmkm.sys!***unknown***,1,0.002307976366322009,1,0x0016a2a8
nvlddmkm.sys!***unknown***,1,0.002307976366322009,1,0x0016a1ad
nvlddmkm.sys!***unknown***,1,0.002307976366322009,1,0x0016a0f9
nvlddmkm.sys!***unknown***,1,0.002307976366322009,1,0x0016a0eb
nvlddmkm.sys!***unknown***,1,0.002307976366322009,1,0x001698e1
nvlddmkm.sys!***unknown***,1,0.002307976366322009,1,0x001697fb
nvlddmkm.sys!***unknown***,1,0.002307976366322009,1,0x00169662
nvlddmkm.sys!***unknown***,1,0.002307976366322009,1,0x00169451
nvlddmkm.sys!***unknown***,1,0.002307976366322009,1,0x00148f05
nvlddmkm.sys!***unknown***,1,0.002307976366322009,1,0x001465fe
nvlddmkm.sys!***unknown***,1,0.002307976366322009,1,0x001335da
nvlddmkm.sys!***unknown***,1,0.002307976366322009,1,0x0012d58c
nvlddmkm.sys!***unknown***,1,0.002307976366322009,1,0x0012d578
nvlddmkm.sys!***unknown***,1,0.002307976366322009,1,0x0012d523
nvlddmkm.sys!***unknown***,1,0.002307976366322009,1,0x0012d403
nvlddmkm.sys!***unknown***,1,0.002307976366322009,1,0x0012d3fe
nvlddmkm.sys!***unknown***,1,0.002307976366322009,1,0x0012b7d1
nvlddmkm.sys!***unknown***,1,0.002307976366322009,1,0x0012abe1
nvlddmkm.sys!***unknown***,1,0.002307976366322009,1,0x0012aab2
nvlddmkm.sys!***unknown***,1,0.002307976366322009,1,0x0012a2ef
nvlddmkm.sys!***unknown***,1,0.002307976366322009,1,0x00129f22
nvlddmkm.sys!***unknown***,1,0.002307976366322009,1,0x00129661
nvlddmkm.sys!***unknown***,1,0.002307976366322009,1,0x00129234
nvlddmkm.sys!***unknown***,1,0.002307976366322009,1,0x001291c4
nvlddmkm.sys!***unknown***,1,0.002307976366322009,1,0x00128f5a
nvlddmkm.sys!***unknown***,1,0.002307976366322009,1,0x00128ee0
nvlddmkm.sys!***unknown***,1,0.002307976366322009,1,0x00128e94
nvlddmkm.sys!***unknown***,1,0.002307976366322009,1,0x0012872b
nvlddmkm.sys!***unknown***,1,0.002307976366322009,1,0x0012817f
nvlddmkm.sys!***unknown***,1,0.002307976366322009,1,0x0012788d
nvlddmkm.sys!***unknown***,1,0.002307976366322009,1,0x00125b78
nvlddmkm.sys!***unknown***,1,0.002307976366322009,1,0x00125b0e
nvlddmkm.sys!***unknown***,1,0.002307976366322009,1,0x00125a27
nvlddmkm.sys!***unknown***,1,0.002307976366322009,1,0x00125a22
nvlddmkm.sys!***unknown***,1,0.002307976366322009,1,0x00125293
nvlddmkm.sys!***unknown***,1,0.002307976366322009,1,0x0012518e
nvlddmkm.sys!***unknown***,1,0.002307976366322009,1,0x00125172
nvlddmkm.sys!***unknown***,1,0.002307976366322009,1,0x0012516a
nvlddmkm.sys!***unknown***,1,0.002307976366322009,1,0x00125162
nvlddmkm.sys!***unknown***,1,0.002307976366322009,1,0x00123fa4
nvlddmkm.sys!***unknown***,1,0.002307976366322009,1,0x00123f6a
nvlddmkm.sys!***unknown***,1,0.002307976366322009,1,0x0011ab9a
nvlddmkm.sys!***unknown***,1,0.002307976366322009,1,0x0010b664
nvlddmkm.sys!***unknown***,1,0.002307976366322009,1,0x001097bb
nvlddmkm.sys!***unknown***,1,0.002307976366322009,1,0x00109719
nvlddmkm.sys!***unknown***,1,0.002307976366322009,1,0x0010893c
nvlddmkm.sys!***unknown***,1,0.002307976366322009,1,0x00107e6d
nvlddmkm.sys!***unknown***,1,0.002307976366322009,1,0x00107e5a
nvlddmkm.sys!***unknown***,1,0.002307976366322009,1,0x00107e54
nvlddmkm.sys!***unknown***,1,0.002307976366322009,1,0x00107e40
nvlddmkm.sys!***unknown***,1,0.002307976366322009,1,0x00106881
nvlddmkm.sys!***unknown***,1,0.002307976366322009,1,0x00100d79
nvlddmkm.sys!***unknown***,1,0.002307976366322009,1,0x00100cd2
nvlddmkm.sys!***unknown***,1,0.002307976366322009,1,0x00100bc5
nvlddmkm.sys!***unknown***,1,0.002307976366322009,1,0x0010051a
nvlddmkm.sys!***unknown***,1,0.002307976366322009,1,0x00100506
nvlddmkm.sys!***unknown***,1,0.002307976366322009,1,0x001003a0
nvlddmkm.sys!***unknown***,1,0.002307976366322009,1,0x000ff5c6
nvlddmkm.sys!***unknown***,1,0.002307976366322009,1,0x000ff4cf
nvlddmkm.sys!***unknown***,1,0.002307976366322009,1,0x000feeed
nvlddmkm.sys!***unknown***,1,0.002307976366322009,1,0x000fedf0
nvlddmkm.sys!***unknown***,1,0.002307976366322009,1,0x000fe97e
nvlddmkm.sys!***unknown***,1,0.002307976366322009,1,0x000fe913
nvlddmkm.sys!***unknown***,1,0.002307976366322009,1,0x000fe900
nvlddmkm.sys!***unknown***,1,0.002307976366322009,1,0x000fe82f
nvlddmkm.sys!***unknown***,1,0.002307976366322009,1,0x000fe79c
nvlddmkm.sys!***unknown***,1,0.002307976366322009,1,0x000f9ca3
nvlddmkm.sys!***unknown***,1,0.002307976366322009,1,0x000eae8b
nvlddmkm.sys!***unknown***,1,0.002307976366322009,1,0x000eae57
nvlddmkm.sys!***unknown***,1,0.002307976366322009,1,0x000ead65
nvlddmkm.sys!***unknown***,1,0.002307976366322009,1,0x000ea30b
nvlddmkm.sys!***unknown***,1,0.002307976366322009,1,0x000e9087
nvlddmkm.sys!***unknown***,1,0.002307976366322009,1,0x000e53bd
nvlddmkm.sys!***unknown***,1,0.002307976366322009,1,0x000e53b4
nvlddmkm.sys!***unknown***,1,0.002307976366322009,1,0x000e519e
nvlddmkm.sys!***unknown***,1,0.002307976366322009,1,0x000e518b
nvlddmkm.sys!***unknown***,1,0.002307976366322009,1,0x000e5134
nvlddmkm.sys!***unknown***,1,0.002307976366322009,1,0x000e509f
nvlddmkm.sys!***unknown***,1,0.002307976366322009,1,0x000dd76d
nvlddmkm.sys!***unknown***,1,0.002307976366322009,1,0x000dd766
nvlddmkm.sys!***unknown***,1,0.002307976366322009,1,0x000dd761
nvlddmkm.sys!***unknown***,1,0.002307976366322009,1,0x000dd757
nvlddmkm.sys!***unknown***,1,0.002307976366322009,1,0x000dd6e4
nvlddmkm.sys!***unknown***,1,0.002307976366322009,1,0x000dd502
nvlddmkm.sys!***unknown***,1,0.002307976366322009,1,0x000b718f
nvlddmkm.sys!***unknown***,1,0.002307976366322009,1,0x000b700e
nvlddmkm.sys!***unknown***,1,0.002307976366322009,1,0x000b6fe3
nvlddmkm.sys!***unknown***,1,0.002307976366322009,1,0x000b6f11
nvlddmkm.sys!***unknown***,1,0.002307976366322009,1,0x000b6ddd
nvlddmkm.sys!***unknown***,1,0.002307976366322009,1,0x000b6dd8
nvlddmkm.sys!***unknown***,1,0.002307976366322009,1,0x000b6d40
nvlddmkm.sys!***unknown***,1,0.002307976366322009,1,0x000a0104
nvlddmkm.sys!***unknown***,1,0.002307976366322009,1,0x000a00f0
nvlddmkm.sys!***unknown***,1,0.002307976366322009,1,0x0009ea10
nvlddmkm.sys!***unknown***,1,0.002307976366322009,1,0x0009db50
nvlddmkm.sys!***unknown***,1,0.002307976366322009,1,0x000218da
nvlddmkm.sys!***unknown***,1,0.002307976366322009,1,0x00021770
nvlddmkm.sys!***unknown***,1,0.002307976366322009,1,0x0002153d
nvlddmkm.sys!***unknown***,1,0.002307976366322009,1,0x000214a2
nvlddmkm.sys!***unknown***,1,0.002307976366322009,1,0x00020794
nvlddmkm.sys!***unknown***,1,0.002307976366322009,1,0x000204c7
nvlddmkm.sys!***unknown***,1,0.002307976366322009,1,0x00020450
nvlddmkm.sys!***unknown***,1,0.002307976366322009,1,0x0001f930
nvlddmkm.sys!***unknown***,1,0.002307976366322009,1,0x0001f697
nvlddmkm.sys!***unknown***,1,0.002307976366322009,1,0x0001f680
nvlddmkm.sys!***unknown***,1,0.002307976366322009,1,0x0001f060
nvlddmkm.sys!***unknown***,1,0.002307976366322009,1,0x0001e0d5
nvlddmkm.sys!***unknown***,1,0.002307976366322009,1,0x0001e0c9
nvlddmkm.sys!***unknown***,1,0.002307976366322009,1,0x0001e080
nvlddmkm.sys!***unknown***,1,0.002307976366322009,1,0x0001d457
nvlddmkm.sys!***unknown***,1,0.002307976366322009,1,0x00019b00
nvlddmkm.sys!***unknown***,1,0.002307976366322009,1,0x00019500
nvlddmkm.sys!***unknown***,1,0.002307976366322009,1,0x000190c0
nvlddmkm.sys!***unknown***,1,0.002307976366322009,1,0x0000ce10
nvlddmkm.sys!***unknown***,1,0.002307976366322009,1,0x0000b270
nvlddmkm.sys!***unknown***,1,0.002307976366322009,1,0x0000b073
nvlddmkm.sys!***unknown***,1,0.002307976366322009,1,0x0000b060
ntkrnlmp.exe!***unknown***,1,0.002307976366322009,1,0x00c6ef60
ntkrnlmp.exe!***unknown***,1,0.002307976366322009,1,0x00c6ee83
ntkrnlmp.exe!***unknown***,1,0.002307976366322009,1,0x00c6e837
ntkrnlmp.exe!***unknown***,1,0.002307976366322009,1,0x00c6e41f
ntkrnlmp.exe!***unknown***,1,0.002307976366322009,1,0x00c6e40d
ntkrnlmp.exe!***unknown***,1,0.002307976366322009,1,0x00c1be9b
ntkrnlmp.exe!***unknown***,1,0.002307976366322009,1,0x00c1b493
ntkrnlmp.exe!***unknown***,1,0.002307976366322009,1,0x00c1b3b5
ntkrnlmp.exe!***unknown***,1,0.002307976366322009,1,0x00c1b098
ntkrnlmp.exe!***unknown***,1,0.002307976366322009,1,0x00c1aed2
ntkrnlmp.exe!***unknown***,1,0.002307976366322009,1,0x00c1ad28
ntkrnlmp.exe!***unknown***,1,0.002307976366322009,1,0x00a555e4
ntkrnlmp.exe!***unknown***,1,0.002307976366322009,1,0x00a30db8
ntkrnlmp.exe!***unknown***,1,0.002307976366322009,1,0x00a30bf0
ntkrnlmp.exe!***unknown***,1,0.002307976366322009,1,0x009b7dc6
ntkrnlmp.exe!***unknown***,1,0.002307976366322009,1,0x009b7da5
ntkrnlmp.exe!***unknown***,1,0.002307976366322009,1,0x009b7d96
ntkrnlmp.exe!***unknown***,1,0.002307976366322009,1,0x009b7d8f
ntkrnlmp.exe!***unknown***,1,0.002307976366322009,1,0x009b7d74
ntkrnlmp.exe!***unknown***,1,0.002307976366322009,1,0x0097fffa
ntkrnlmp.exe!***unknown***,1,0.002307976366322009,1,0x0097e456
ntkrnlmp.exe!***unknown***,1,0.002307976366322009,1,0x0097da63
ntkrnlmp.exe!***unknown***,1,0.002307976366322009,1,0x0097ca45
ntkrnlmp.exe!***unknown***,1,0.002307976366322009,1,0x0097c1b3
ntkrnlmp.exe!***unknown***,1,0.002307976366322009,1,0x0097af6d
ntkrnlmp.exe!***unknown***,1,0.002307976366322009,1,0x0097af67
ntkrnlmp.exe!***unknown***,1,0.002307976366322009,1,0x0097acf3
ntkrnlmp.exe!***unknown***,1,0.002307976366322009,1,0x00979ace
ntkrnlmp.exe!***unknown***,1,0.002307976366322009,1,0x0076ed3f
ntkrnlmp.exe!***unknown***,1,0.002307976366322009,1,0x00746abe
ntkrnlmp.exe!***unknown***,1,0.002307976366322009,1,0x00746ab4
ntkrnlmp.exe!***unknown***,1,0.002307976366322009,1,0x00746a9f
ntkrnlmp.exe!***unknown***,1,0.002307976366322009,1,0x00746a7d
ntkrnlmp.exe!***unknown***,1,0.002307976366322009,1,0x00746a59
ntkrnlmp.exe!***unknown***,1,0.002307976366322009,1,0x00745db6
ntkrnlmp.exe!***unknown***,1,0.002307976366322009,1,0x00745cce
ntkrnlmp.exe!***unknown***,1,0.002307976366322009,1,0x0074420f
ntkrnlmp.exe!***unknown***,1,0.002307976366322009,1,0x0074407d
ntkrnlmp.exe!***unknown***,1,0.002307976366322009,1,0x00744077
ntkrnlmp.exe!***unknown***,1,0.002307976366322009,1,0x0073f665
ntkrnlmp.exe!***unknown***,1,0.002307976366322009,1,0x0073f651
ntkrnlmp.exe!***unknown***,1,0.002307976366322009,1,0x00739d23
ntkrnlmp.exe!***unknown***,1,0.002307976366322009,1,0x00738b33
ntkrnlmp.exe!***unknown***,1,0.002307976366322009,1,0x00738b15
ntkrnlmp.exe!***unknown***,1,0.002307976366322009,1,0x00738b0d
ntkrnlmp.exe!***unknown***,1,0.002307976366322009,1,0x00738b0a
ntkrnlmp.exe!***unknown***,1,0.002307976366322009,1,0x00738afa
ntkrnlmp.exe!***unknown***,1,0.002307976366322009,1,0x00737f5e
ntkrnlmp.exe!***unknown***,1,0.002307976366322009,1,0x00737de5
ntkrnlmp.exe!***unknown***,1,0.002307976366322009,1,0x00701bcb
ntkrnlmp.exe!***unknown***,1,0.002307976366322009,1,0x006636cb
ntkrnlmp.exe!***unknown***,1,0.002307976366322009,1,0x006634c1
ntkrnlmp.exe!***unknown***,1,0.002307976366322009,1,0x006634b1
ntkrnlmp.exe!***unknown***,1,0.002307976366322009,1,0x00663014
ntkrnlmp.exe!***unknown***,1,0.002307976366322009,1,0x00662f1e
ntkrnlmp.exe!***unknown***,1,0.002307976366322009,1,0x00662bed
ntkrnlmp.exe!***unknown***,1,0.002307976366322009,1,0x006624a9
ntkrnlmp.exe!***unknown***,1,0.002307976366322009,1,0x0066234f
ntkrnlmp.exe!***unknown***,1,0.002307976366322009,1,0x0066228a
ntkrnlmp.exe!***unknown***,1,0.002307976366322009,1,0x00662070
ntkrnlmp.exe!***unknown***,1,0.002307976366322009,1,0x00661909
ntkrnlmp.exe!***unknown***,1,0.002307976366322009,1,0x0066179b
ntkrnlmp.exe!***unknown***,1,0.002307976366322009,1,0x00661681
ntkrnlmp.exe!***unknown***,1,0.002307976366322009,1,0x00660952
ntkrnlmp.exe!***unknown***,1,0.002307976366322009,1,0x0066091f
ntkrnlmp.exe!***unknown***,1,0.002307976366322009,1,0x0065eb02
ntkrnlmp.exe!***unknown***,1,0.002307976366322009,1,0x0065eaf9
ntkrnlmp.exe!***unknown***,1,0.002307976366322009,1,0x0065e8b0
ntkrnlmp.exe!***unknown***,1,0.002307976366322009,1,0x0065e376
ntkrnlmp.exe!***unknown***,1,0.002307976366322009,1,0x0065e250
ntkrnlmp.exe!***unknown***,1,0.002307976366322009,1,0x0065e22c
ntkrnlmp.exe!***unknown***,1,0.002307976366322009,1,0x0065d47d
ntkrnlmp.exe!***unknown***,1,0.002307976366322009,1,0x0065d28c
ntkrnlmp.exe!***unknown***,1,0.002307976366322009,1,0x0065d21c
ntkrnlmp.exe!***unknown***,1,0.002307976366322009,1,0x0065ccc4
ntkrnlmp.exe!***unknown***,1,0.002307976366322009,1,0x0065cca5
ntkrnlmp.exe!***unknown***,1,0.002307976366322009,1,0x0065cc03
ntkrnlmp.exe!***unknown***,1,0.002307976366322009,1,0x0065cbc5
ntkrnlmp.exe!***unknown***,1,0.002307976366322009,1,0x0065cb1b
ntkrnlmp.exe!***unknown***,1,0.002307976366322009,1,0x0065c840
ntkrnlmp.exe!***unknown***,1,0.002307976366322009,1,0x0065c6a5
ntkrnlmp.exe!***unknown***,1,0.002307976366322009,1,0x0065c640
ntkrnlmp.exe!***unknown***,1,0.002307976366322009,1,0x0065c403
ntkrnlmp.exe!***unknown***,1,0.002307976366322009,1,0x0065c37b
ntkrnlmp.exe!***unknown***,1,0.002307976366322009,1,0x0065c310
ntkrnlmp.exe!***unknown***,1,0.002307976366322009,1,0x0065c274
ntkrnlmp.exe!***unknown***,1,0.002307976366322009,1,0x0065bd89
ntkrnlmp.exe!***unknown***,1,0.002307976366322009,1,0x0065bc9f
ntkrnlmp.exe!***unknown***,1,0.002307976366322009,1,0x0065bc25
ntkrnlmp.exe!***unknown***,1,0.002307976366322009,1,0x0065bbc8
ntkrnlmp.exe!***unknown***,1,0.002307976366322009,1,0x0065bb9c
ntkrnlmp.exe!***unknown***,1,0.002307976366322009,1,0x0065bb93
ntkrnlmp.exe!***unknown***,1,0.002307976366322009,1,0x0065bb73
ntkrnlmp.exe!***unknown***,1,0.002307976366322009,1,0x0065bb65
ntkrnlmp.exe!***unknown***,1,0.002307976366322009,1,0x0056b090
ntkrnlmp.exe!***unknown***,1,0.002307976366322009,1,0x0056b014
ntkrnlmp.exe!***unknown***,1,0.002307976366322009,1,0x00555b8d
ntkrnlmp.exe!***unknown***,1,0.002307976366322009,1,0x005555d0
ntkrnlmp.exe!***unknown***,1,0.002307976366322009,1,0x0055555c
ntkrnlmp.exe!***unknown***,1,0.002307976366322009,1,0x005518e9
ntkrnlmp.exe!***unknown***,1,0.002307976366322009,1,0x00551847
ntkrnlmp.exe!***unknown***,1,0.002307976366322009,1,0x00551780
ntkrnlmp.exe!***unknown***,1,0.002307976366322009,1,0x005515c7
ntkrnlmp.exe!***unknown***,1,0.002307976366322009,1,0x00550fa1
ntkrnlmp.exe!***unknown***,1,0.002307976366322009,1,0x00550eed
ntkrnlmp.exe!***unknown***,1,0.002307976366322009,1,0x00550eb4
ntkrnlmp.exe!***unknown***,1,0.002307976366322009,1,0x00550e70
ntkrnlmp.exe!***unknown***,1,0.002307976366322009,1,0x00550ad3
ntkrnlmp.exe!***unknown***,1,0.002307976366322009,1,0x0054bb86
ntkrnlmp.exe!***unknown***,1,0.002307976366322009,1,0x0054ba33
ntkrnlmp.exe!***unknown***,1,0.002307976366322009,1,0x0054adcc
ntkrnlmp.exe!***unknown***,1,0.002307976366322009,1,0x0054adc2
ntkrnlmp.exe!***unknown***,1,0.002307976366322009,1,0x005361ed
ntkrnlmp.exe!***unknown***,1,0.002307976366322009,1,0x00532280
ntkrnlmp.exe!***unknown***,1,0.002307976366322009,1,0x004a3c6b
ntkrnlmp.exe!***unknown***,1,0.002307976366322009,1,0x0049a01c
ntkrnlmp.exe!***unknown***,1,0.002307976366322009,1,0x0048c254
ntkrnlmp.exe!***unknown***,1,0.002307976366322009,1,0x0048c1fe
ntkrnlmp.exe!***unknown***,1,0.002307976366322009,1,0x00489ada
ntkrnlmp.exe!***unknown***,1,0.002307976366322009,1,0x004895d9
ntkrnlmp.exe!***unknown***,1,0.002307976366322009,1,0x00488679
ntkrnlmp.exe!***unknown***,1,0.002307976366322009,1,0x00486cc1
ntkrnlmp.exe!***unknown***,1,0.002307976366322009,1,0x00478e6e
ntkrnlmp.exe!***unknown***,1,0.002307976366322009,1,0x0046fb54
ntkrnlmp.exe!***unknown***,1,0.002307976366322009,1,0x0046f595
ntkrnlmp.exe!***unknown***,1,0.002307976366322009,1,0x00468ea0
ntkrnlmp.exe!***unknown***,1,0.002307976366322009,1,0x00462cd5
ntkrnlmp.exe!***unknown***,1,0.002307976366322009,1,0x00462c19
ntkrnlmp.exe!***unknown***,1,0.002307976366322009,1,0x0044f63b
ntkrnlmp.exe!***unknown***,1,0.002307976366322009,1,0x0044b557
ntkrnlmp.exe!***unknown***,1,0.002307976366322009,1,0x0044442c
ntkrnlmp.exe!***unknown***,1,0.002307976366322009,1,0x00444386
ntkrnlmp.exe!***unknown***,1,0.002307976366322009,1,0x00444300
ntkrnlmp.exe!***unknown***,1,0.002307976366322009,1,0x00444033
ntkrnlmp.exe!***unknown***,1,0.002307976366322009,1,0x004415ec
ntkrnlmp.exe!***unknown***,1,0.002307976366322009,1,0x00440e57
ntkrnlmp.exe!***unknown***,1,0.002307976366322009,1,0x00440e39
ntkrnlmp.exe!***unknown***,1,0.002307976366322009,1,0x00440e1d
ntkrnlmp.exe!***unknown***,1,0.002307976366322009,1,0x00440dca
ntkrnlmp.exe!***unknown***,1,0.002307976366322009,1,0x00440d9c
ntkrnlmp.exe!***unknown***,1,0.002307976366322009,1,0x0043a1a4
ntkrnlmp.exe!***unknown***,1,0.002307976366322009,1,0x0043a192
ntkrnlmp.exe!***unknown***,1,0.002307976366322009,1,0x004380f4
ntkrnlmp.exe!***unknown***,1,0.002307976366322009,1,0x004277ab
ntkrnlmp.exe!***unknown***,1,0.002307976366322009,1,0x00427768
ntkrnlmp.exe!***unknown***,1,0.002307976366322009,1,0x0042773d
ntkrnlmp.exe!***unknown***,1,0.002307976366322009,1,0x004275a7
ntkrnlmp.exe!***unknown***,1,0.002307976366322009,1,0x004248a7
ntkrnlmp.exe!***unknown***,1,0.002307976366322009,1,0x0041dc23
ntkrnlmp.exe!***unknown***,1,0.002307976366322009,1,0x0040fa2a
ntkrnlmp.exe!***unknown***,1,0.002307976366322009,1,0x0040f984
ntkrnlmp.exe!***unknown***,1,0.002307976366322009,1,0x0040f0d1
ntkrnlmp.exe!***unknown***,1,0.002307976366322009,1,0x00406513
ntkrnlmp.exe!***unknown***,1,0.002307976366322009,1,0x00400881
ntkrnlmp.exe!***unknown***,1,0.002307976366322009,1,0x004004c5
ntkrnlmp.exe!***unknown***,1,0.002307976366322009,1,0x0040037e
ntkrnlmp.exe!***unknown***,1,0.002307976366322009,1,0x00400371
ntkrnlmp.exe!***unknown***,1,0.002307976366322009,1,0x004002e6
ntkrnlmp.exe!***unknown***,1,0.002307976366322009,1,0x003ff44c
ntkrnlmp.exe!***unknown***,1,0.002307976366322009,1,0x003fe1cc
ntkrnlmp.exe!***unknown***,1,0.002307976366322009,1,0x003fe150
ntkrnlmp.exe!***unknown***,1,0.002307976366322009,1,0x003fe01e
ntkrnlmp.exe!***unknown***,1,0.002307976366322009,1,0x003f9e1e
ntkrnlmp.exe!***unknown***,1,0.002307976366322009,1,0x003f9e10
ntkrnlmp.exe!***unknown***,1,0.002307976366322009,1,0x003f9dff
ntkrnlmp.exe!***unknown***,1,0.002307976366322009,1,0x003f9dc6
ntkrnlmp.exe!***unknown***,1,0.002307976366322009,1,0x003f9ca0
ntkrnlmp.exe!***unknown***,1,0.002307976366322009,1,0x003f9c43
ntkrnlmp.exe!***unknown***,1,0.002307976366322009,1,0x003f9430
ntkrnlmp.exe!***unknown***,1,0.002307976366322009,1,0x003e5136
ntkrnlmp.exe!***unknown***,1,0.002307976366322009,1,0x003e4edb
ntkrnlmp.exe!***unknown***,1,0.002307976366322009,1,0x003e4e41
ntkrnlmp.exe!***unknown***,1,0.002307976366322009,1,0x003d6e9b
ntkrnlmp.exe!***unknown***,1,0.002307976366322009,1,0x003d6e94
ntkrnlmp.exe!***unknown***,1,0.002307976366322009,1,0x003d6d64
ntkrnlmp.exe!***unknown***,1,0.002307976366322009,1,0x003d5ab5
ntkrnlmp.exe!***unknown***,1,0.002307976366322009,1,0x003d2830
ntkrnlmp.exe!***unknown***,1,0.002307976366322009,1,0x003c871c
ntkrnlmp.exe!***unknown***,1,0.002307976366322009,1,0x003c7fb9
ntkrnlmp.exe!***unknown***,1,0.002307976366322009,1,0x003c7e12
ntkrnlmp.exe!***unknown***,1,0.002307976366322009,1,0x003be72c
ntkrnlmp.exe!***unknown***,1,0.002307976366322009,1,0x003be238
ntkrnlmp.exe!***unknown***,1,0.002307976366322009,1,0x003be20c
ntkrnlmp.exe!***unknown***,1,0.002307976366322009,1,0x003bcac8
ntkrnlmp.exe!***unknown***,1,0.002307976366322009,1,0x003b8ac2
ntkrnlmp.exe!***unknown***,1,0.002307976366322009,1,0x003b8926
ntkrnlmp.exe!***unknown***,1,0.002307976366322009,1,0x003b6bc9
ntkrnlmp.exe!***unknown***,1,0.002307976366322009,1,0x003a2f00
ntkrnlmp.exe!***unknown***,1,0.002307976366322009,1,0x003a2e97
ntkrnlmp.exe!***unknown***,1,0.002307976366322009,1,0x003a2e35
ntkrnlmp.exe!***unknown***,1,0.002307976366322009,1,0x003a2b48
ntkrnlmp.exe!***unknown***,1,0.002307976366322009,1,0x003a29df
ntkrnlmp.exe!***unknown***,1,0.002307976366322009,1,0x003a27bb
ntkrnlmp.exe!***unknown***,1,0.002307976366322009,1,0x003a271b
ntkrnlmp.exe!***unknown***,1,0.002307976366322009,1,0x003a267c
ntkrnlmp.exe!***unknown***,1,0.002307976366322009,1,0x003a2654
ntkrnlmp.exe!***unknown***,1,0.002307976366322009,1,0x003a24ca
ntkrnlmp.exe!***unknown***,1,0.002307976366322009,1,0x003a2387
ntkrnlmp.exe!***unknown***,1,0.002307976366322009,1,0x003a235d
ntkrnlmp.exe!***unknown***,1,0.002307976366322009,1,0x003a22a2
ntkrnlmp.exe!***unknown***,1,0.002307976366322009,1,0x003a20bb
ntkrnlmp.exe!***unknown***,1,0.002307976366322009,1,0x003a1b93
ntkrnlmp.exe!***unknown***,1,0.002307976366322009,1,0x00394d46
ntkrnlmp.exe!***unknown***,1,0.002307976366322009,1,0x00394c6f
ntkrnlmp.exe!***unknown***,1,0.002307976366322009,1,0x0038734a
ntkrnlmp.exe!***unknown***,1,0.002307976366322009,1,0x00387343
ntkrnlmp.exe!***unknown***,1,0.002307976366322009,1,0x00387338
ntkrnlmp.exe!***unknown***,1,0.002307976366322009,1,0x0038128a
ntkrnlmp.exe!***unknown***,1,0.002307976366322009,1,0x00376c61
ntkrnlmp.exe!***unknown***,1,0.002307976366322009,1,0x0037374f
ntkrnlmp.exe!***unknown***,1,0.002307976366322009,1,0x00373717
ntkrnlmp.exe!***unknown***,1,0.002307976366322009,1,0x00373619
ntkrnlmp.exe!***unknown***,1,0.002307976366322009,1,0x003735c2
ntkrnlmp.exe!***unknown***,1,0.002307976366322009,1,0x00373009
ntkrnlmp.exe!***unknown***,1,0.002307976366322009,1,0x00366600
ntkrnlmp.exe!***unknown***,1,0.002307976366322009,1,0x00362147
ntkrnlmp.exe!***unknown***,1,0.002307976366322009,1,0x00360b11
ntkrnlmp.exe!***unknown***,1,0.002307976366322009,1,0x0035c89d
ntkrnlmp.exe!***unknown***,1,0.002307976366322009,1,0x0035c79f
ntkrnlmp.exe!***unknown***,1,0.002307976366322009,1,0x00357d60
ntkrnlmp.exe!***unknown***,1,0.002307976366322009,1,0x00352613
ntkrnlmp.exe!***unknown***,1,0.002307976366322009,1,0x00352607
ntkrnlmp.exe!***unknown***,1,0.002307976366322009,1,0x00350690
ntkrnlmp.exe!***unknown***,1,0.002307976366322009,1,0x00346599
ntkrnlmp.exe!***unknown***,1,0.002307976366322009,1,0x00342d23
ntkrnlmp.exe!***unknown***,1,0.002307976366322009,1,0x00340985
ntkrnlmp.exe!***unknown***,1,0.002307976366322009,1,0x0033f93f
ntkrnlmp.exe!***unknown***,1,0.002307976366322009,1,0x0033b643
ntkrnlmp.exe!***unknown***,1,0.002307976366322009,1,0x0033b620
ntkrnlmp.exe!***unknown***,1,0.002307976366322009,1,0x00339eee
ntkrnlmp.exe!***unknown***,1,0.002307976366322009,1,0x00339cfd
ntkrnlmp.exe!***unknown***,1,0.002307976366322009,1,0x0032daa7
ntkrnlmp.exe!***unknown***,1,0.002307976366322009,1,0x0032d9e5
ntkrnlmp.exe!***unknown***,1,0.002307976366322009,1,0x0032d9ce
ntkrnlmp.exe!***unknown***,1,0.002307976366322009,1,0x0032d803
ntkrnlmp.exe!***unknown***,1,0.002307976366322009,1,0x0032d7c5
ntkrnlmp.exe!***unknown***,1,0.002307976366322009,1,0x0032d798
ntkrnlmp.exe!***unknown***,1,0.002307976366322009,1,0x00324b5a
ntkrnlmp.exe!***unknown***,1,0.002307976366322009,1,0x00323ccd
ntkrnlmp.exe!***unknown***,1,0.002307976366322009,1,0x003219e4
ntkrnlmp.exe!***unknown***,1,0.002307976366322009,1,0x0031f2a1
ntkrnlmp.exe!***unknown***,1,0.002307976366322009,1,0x0031ee6b
ntkrnlmp.exe!***unknown***,1,0.002307976366322009,1,0x0030fb8b
ntkrnlmp.exe!***unknown***,1,0.002307976366322009,1,0x0030a194
ntkrnlmp.exe!***unknown***,1,0.002307976366322009,1,0x00306b6d
ntkrnlmp.exe!***unknown***,1,0.002307976366322009,1,0x00306ae0
ntkrnlmp.exe!***unknown***,1,0.002307976366322009,1,0x00306a8b
ntkrnlmp.exe!***unknown***,1,0.002307976366322009,1,0x00303705
ntkrnlmp.exe!***unknown***,1,0.002307976366322009,1,0x002f66ee
ntkrnlmp.exe!***unknown***,1,0.002307976366322009,1,0x002f64e0
ntkrnlmp.exe!***unknown***,1,0.002307976366322009,1,0x002f5867
ntkrnlmp.exe!***unknown***,1,0.002307976366322009,1,0x002f4e4c
ntkrnlmp.exe!***unknown***,1,0.002307976366322009,1,0x002f4d2b
ntkrnlmp.exe!***unknown***,1,0.002307976366322009,1,0x002f4d17
ntkrnlmp.exe!***unknown***,1,0.002307976366322009,1,0x002f4cc1
ntkrnlmp.exe!***unknown***,1,0.002307976366322009,1,0x002f4c82
ntkrnlmp.exe!***unknown***,1,0.002307976366322009,1,0x002f48a1
ntkrnlmp.exe!***unknown***,1,0.002307976366322009,1,0x002f4797
ntkrnlmp.exe!***unknown***,1,0.002307976366322009,1,0x002f4743
ntkrnlmp.exe!***unknown***,1,0.002307976366322009,1,0x002f469a
ntkrnlmp.exe!***unknown***,1,0.002307976366322009,1,0x002f2830
ntkrnlmp.exe!***unknown***,1,0.002307976366322009,1,0x002f282c
ntkrnlmp.exe!***unknown***,1,0.002307976366322009,1,0x002f13b5
ntkrnlmp.exe!***unknown***,1,0.002307976366322009,1,0x002f0f44
ntkrnlmp.exe!***unknown***,1,0.002307976366322009,1,0x002f0e21
ntkrnlmp.exe!***unknown***,1,0.002307976366322009,1,0x002f0e09
ntkrnlmp.exe!***unknown***,1,0.002307976366322009,1,0x002f0d35
ntkrnlmp.exe!***unknown***,1,0.002307976366322009,1,0x002ef7b4
ntkrnlmp.exe!***unknown***,1,0.002307976366322009,1,0x002ec2ff
ntkrnlmp.exe!***unknown***,1,0.002307976366322009,1,0x002ec25e
ntkrnlmp.exe!***unknown***,1,0.002307976366322009,1,0x002ec21f
ntkrnlmp.exe!***unknown***,1,0.002307976366322009,1,0x002ec19a
ntkrnlmp.exe!***unknown***,1,0.002307976366322009,1,0x002ec11d
ntkrnlmp.exe!***unknown***,1,0.002307976366322009,1,0x002e7e34
ntkrnlmp.exe!***unknown***,1,0.002307976366322009,1,0x002e7d03
ntkrnlmp.exe!***unknown***,1,0.002307976366322009,1,0x002e7ca7
ntkrnlmp.exe!***unknown***,1,0.002307976366322009,1,0x002e6d1a
ntkrnlmp.exe!***unknown***,1,0.002307976366322009,1,0x002e6bfd
ntkrnlmp.exe!***unknown***,1,0.002307976366322009,1,0x002e6af7
ntkrnlmp.exe!***unknown***,1,0.002307976366322009,1,0x002e6471
ntkrnlmp.exe!***unknown***,1,0.002307976366322009,1,0x002e49b8
ntkrnlmp.exe!***unknown***,1,0.002307976366322009,1,0x002e3c89
ntkrnlmp.exe!***unknown***,1,0.002307976366322009,1,0x002e0f24
ntkrnlmp.exe!***unknown***,1,0.002307976366322009,1,0x002dcbad
ntkrnlmp.exe!***unknown***,1,0.002307976366322009,1,0x002d530e
ntkrnlmp.exe!***unknown***,1,0.002307976366322009,1,0x002d52ae
ntkrnlmp.exe!***unknown***,1,0.002307976366322009,1,0x002d3fff
ntkrnlmp.exe!***unknown***,1,0.002307976366322009,1,0x002d3dc7
ntkrnlmp.exe!***unknown***,1,0.002307976366322009,1,0x002d3dc4
ntkrnlmp.exe!***unknown***,1,0.002307976366322009,1,0x002cfd72
ntkrnlmp.exe!***unknown***,1,0.002307976366322009,1,0x002cf912
ntkrnlmp.exe!***unknown***,1,0.002307976366322009,1,0x002c932b
ntkrnlmp.exe!***unknown***,1,0.002307976366322009,1,0x002c8fb8
ntkrnlmp.exe!***unknown***,1,0.002307976366322009,1,0x002c89f3
ntkrnlmp.exe!***unknown***,1,0.002307976366322009,1,0x002c6c09
ntkrnlmp.exe!***unknown***,1,0.002307976366322009,1,0x002c0ec6
ntkrnlmp.exe!***unknown***,1,0.002307976366322009,1,0x002c0c6d
ntkrnlmp.exe!***unknown***,1,0.002307976366322009,1,0x002bf6dc
ntkrnlmp.exe!***unknown***,1,0.002307976366322009,1,0x002bd6c6
ntkrnlmp.exe!***unknown***,1,0.002307976366322009,1,0x002bd6a0
ntkrnlmp.exe!***unknown***,1,0.002307976366322009,1,0x002bc211
ntkrnlmp.exe!***unknown***,1,0.002307976366322009,1,0x002bc19a
ntkrnlmp.exe!***unknown***,1,0.002307976366322009,1,0x002bc105
ntkrnlmp.exe!***unknown***,1,0.002307976366322009,1,0x002bbf0e
ntkrnlmp.exe!***unknown***,1,0.002307976366322009,1,0x002bbe86
ntkrnlmp.exe!***unknown***,1,0.002307976366322009,1,0x002bbe72
ntkrnlmp.exe!***unknown***,1,0.002307976366322009,1,0x002b47fb
ntkrnlmp.exe!***unknown***,1,0.002307976366322009,1,0x002b32d8
ntkrnlmp.exe!***unknown***,1,0.002307976366322009,1,0x002b3257
ntkrnlmp.exe!***unknown***,1,0.002307976366322009,1,0x002b3200
ntkrnlmp.exe!***unknown***,1,0.002307976366322009,1,0x002b319b
ntkrnlmp.exe!***unknown***,1,0.002307976366322009,1,0x002b3172
ntkrnlmp.exe!***unknown***,1,0.002307976366322009,1,0x002b3166
ntkrnlmp.exe!***unknown***,1,0.002307976366322009,1,0x002b3115
ntkrnlmp.exe!***unknown***,1,0.002307976366322009,1,0x002b2f1a
ntkrnlmp.exe!***unknown***,1,0.002307976366322009,1,0x002b2e17
ntkrnlmp.exe!***unknown***,1,0.002307976366322009,1,0x002b2da0
ntkrnlmp.exe!***unknown***,1,0.002307976366322009,1,0x002b2d7b
ntkrnlmp.exe!***unknown***,1,0.002307976366322009,1,0x002b2d50
ntkrnlmp.exe!***unknown***,1,0.002307976366322009,1,0x002b23a0
ntkrnlmp.exe!***unknown***,1,0.002307976366322009,1,0x002b2399
ntkrnlmp.exe!***unknown***,1,0.002307976366322009,1,0x002b22a4
ntkrnlmp.exe!***unknown***,1,0.002307976366322009,1,0x002b20f6
ntkrnlmp.exe!***unknown***,1,0.002307976366322009,1,0x002b11d3
ntkrnlmp.exe!***unknown***,1,0.002307976366322009,1,0x002b106f
ntkrnlmp.exe!***unknown***,1,0.002307976366322009,1,0x002b0fdc
ntkrnlmp.exe!***unknown***,1,0.002307976366322009,1,0x002b0e98
ntkrnlmp.exe!***unknown***,1,0.002307976366322009,1,0x002b0e95
ntkrnlmp.exe!***unknown***,1,0.002307976366322009,1,0x002b0e92
ntkrnlmp.exe!***unknown***,1,0.002307976366322009,1,0x002b0c16
ntkrnlmp.exe!***unknown***,1,0.002307976366322009,1,0x002b0bc3
ntkrnlmp.exe!***unknown***,1,0.002307976366322009,1,0x002b0ba0
ntkrnlmp.exe!***unknown***,1,0.002307976366322009,1,0x002b0711
ntkrnlmp.exe!***unknown***,1,0.002307976366322009,1,0x002b04c5
ntkrnlmp.exe!***unknown***,1,0.002307976366322009,1,0x002afe69
ntkrnlmp.exe!***unknown***,1,0.002307976366322009,1,0x002afd67
ntkrnlmp.exe!***unknown***,1,0.002307976366322009,1,0x002afacd
ntkrnlmp.exe!***unknown***,1,0.002307976366322009,1,0x002afac0
ntkrnlmp.exe!***unknown***,1,0.002307976366322009,1,0x002af135
ntkrnlmp.exe!***unknown***,1,0.002307976366322009,1,0x002aeb3a
ntkrnlmp.exe!***unknown***,1,0.002307976366322009,1,0x002ae68e
ntkrnlmp.exe!***unknown***,1,0.002307976366322009,1,0x002ad915
ntkrnlmp.exe!***unknown***,1,0.002307976366322009,1,0x002ad22c
ntkrnlmp.exe!***unknown***,1,0.002307976366322009,1,0x002acc4c
ntkrnlmp.exe!***unknown***,1,0.002307976366322009,1,0x002acb42
ntkrnlmp.exe!***unknown***,1,0.002307976366322009,1,0x002ac683
ntkrnlmp.exe!***unknown***,1,0.002307976366322009,1,0x002ac679
ntkrnlmp.exe!***unknown***,1,0.002307976366322009,1,0x002ac4f2
ntkrnlmp.exe!***unknown***,1,0.002307976366322009,1,0x002ac380
ntkrnlmp.exe!***unknown***,1,0.002307976366322009,1,0x002ac347
ntkrnlmp.exe!***unknown***,1,0.002307976366322009,1,0x002ac334
ntkrnlmp.exe!***unknown***,1,0.002307976366322009,1,0x002ac282
ntkrnlmp.exe!***unknown***,1,0.002307976366322009,1,0x002ac23c
ntkrnlmp.exe!***unknown***,1,0.002307976366322009,1,0x002ac108
ntkrnlmp.exe!***unknown***,1,0.002307976366322009,1,0x002ac07a
ntkrnlmp.exe!***unknown***,1,0.002307976366322009,1,0x002abc5c
ntkrnlmp.exe!***unknown***,1,0.002307976366322009,1,0x002ab681
ntkrnlmp.exe!***unknown***,1,0.002307976366322009,1,0x002ab5bd
ntkrnlmp.exe!***unknown***,1,0.002307976366322009,1,0x002aa979
ntkrnlmp.exe!***unknown***,1,0.002307976366322009,1,0x002aa45f
ntkrnlmp.exe!***unknown***,1,0.002307976366322009,1,0x002a92e1
ntkrnlmp.exe!***unknown***,1,0.002307976366322009,1,0x002a9098
ntkrnlmp.exe!***unknown***,1,0.002307976366322009,1,0x002a8ff9
ntkrnlmp.exe!***unknown***,1,0.002307976366322009,1,0x002a8fd0
ntkrnlmp.exe!***unknown***,1,0.002307976366322009,1,0x002a8f31
ntkrnlmp.exe!***unknown***,1,0.002307976366322009,1,0x002a8ce0
ntkrnlmp.exe!***unknown***,1,0.002307976366322009,1,0x002a87eb
ntkrnlmp.exe!***unknown***,1,0.002307976366322009,1,0x002a867d
ntkrnlmp.exe!***unknown***,1,0.002307976366322009,1,0x002a7cd2
ntkrnlmp.exe!***unknown***,1,0.002307976366322009,1,0x002a6dfc
ntkrnlmp.exe!***unknown***,1,0.002307976366322009,1,0x002a6dcb
ntkrnlmp.exe!***unknown***,1,0.002307976366322009,1,0x002a565c
ntkrnlmp.exe!***unknown***,1,0.002307976366322009,1,0x002a5524
ntkrnlmp.exe!***unknown***,1,0.002307976366322009,1,0x00291d35
ntkrnlmp.exe!***unknown***,1,0.002307976366322009,1,0x002876ea
ntkrnlmp.exe!***unknown***,1,0.002307976366322009,1,0x00282bc7
ntkrnlmp.exe!***unknown***,1,0.002307976366322009,1,0x00282ba4
ntkrnlmp.exe!***unknown***,1,0.002307976366322009,1,0x002806e0
ntkrnlmp.exe!***unknown***,1,0.002307976366322009,1,0x002806ce
ntkrnlmp.exe!***unknown***,1,0.002307976366322009,1,0x00280481
ntkrnlmp.exe!***unknown***,1,0.002307976366322009,1,0x00280393
ntkrnlmp.exe!***unknown***,1,0.002307976366322009,1,0x00280339
ntkrnlmp.exe!***unknown***,1,0.002307976366322009,1,0x00280324
ntkrnlmp.exe!***unknown***,1,0.002307976366322009,1,0x002802e6
ntkrnlmp.exe!***unknown***,1,0.002307976366322009,1,0x002801d7
ntkrnlmp.exe!***unknown***,1,0.002307976366322009,1,0x002801ba
ntkrnlmp.exe!***unknown***,1,0.002307976366322009,1,0x002801ac
ntkrnlmp.exe!***unknown***,1,0.002307976366322009,1,0x0027f4f2
ntkrnlmp.exe!***unknown***,1,0.002307976366322009,1,0x0027f385
ntkrnlmp.exe!***unknown***,1,0.002307976366322009,1,0x0027ed8e
ntkrnlmp.exe!***unknown***,1,0.002307976366322009,1,0x0027e2b5
ntkrnlmp.exe!***unknown***,1,0.002307976366322009,1,0x0027e268
ntkrnlmp.exe!***unknown***,1,0.002307976366322009,1,0x0027e1ce
ntkrnlmp.exe!***unknown***,1,0.002307976366322009,1,0x0027e1c9
ntkrnlmp.exe!***unknown***,1,0.002307976366322009,1,0x0027e030
ntkrnlmp.exe!***unknown***,1,0.002307976366322009,1,0x0027df85
ntkrnlmp.exe!***unknown***,1,0.002307976366322009,1,0x0027dce0
ntkrnlmp.exe!***unknown***,1,0.002307976366322009,1,0x0027dcd4
ntkrnlmp.exe!***unknown***,1,0.002307976366322009,1,0x0027dcc6
ntkrnlmp.exe!***unknown***,1,0.002307976366322009,1,0x0027aba6
ntkrnlmp.exe!***unknown***,1,0.002307976366322009,1,0x0027a53d
ntkrnlmp.exe!***unknown***,1,0.002307976366322009,1,0x0027a4ba
ntkrnlmp.exe!***unknown***,1,0.002307976366322009,1,0x0027346e
ntkrnlmp.exe!***unknown***,1,0.002307976366322009,1,0x0025fa64
ntkrnlmp.exe!***unknown***,1,0.002307976366322009,1,0x0025ceb3
ntkrnlmp.exe!***unknown***,1,0.002307976366322009,1,0x0025c4af
ntkrnlmp.exe!***unknown***,1,0.002307976366322009,1,0x0025c4a2
ntkrnlmp.exe!***unknown***,1,0.002307976366322009,1,0x0025c355
ntkrnlmp.exe!***unknown***,1,0.002307976366322009,1,0x0025c1f8
ntkrnlmp.exe!***unknown***,1,0.002307976366322009,1,0x0025c1c7
ntkrnlmp.exe!***unknown***,1,0.002307976366322009,1,0x0025a85d
ntkrnlmp.exe!***unknown***,1,0.002307976366322009,1,0x00259e7d
ntkrnlmp.exe!***unknown***,1,0.002307976366322009,1,0x00259d6a
ntkrnlmp.exe!***unknown***,1,0.002307976366322009,1,0x00259ad0
ntkrnlmp.exe!***unknown***,1,0.002307976366322009,1,0x00259987
ntkrnlmp.exe!***unknown***,1,0.002307976366322009,1,0x002598a3
ntkrnlmp.exe!***unknown***,1,0.002307976366322009,1,0x00259756
ntkrnlmp.exe!***unknown***,1,0.002307976366322009,1,0x002596de
ntkrnlmp.exe!***unknown***,1,0.002307976366322009,1,0x002596bd
ntkrnlmp.exe!***unknown***,1,0.002307976366322009,1,0x00259583
ntkrnlmp.exe!***unknown***,1,0.002307976366322009,1,0x00259559
ntkrnlmp.exe!***unknown***,1,0.002307976366322009,1,0x00258e45
ntkrnlmp.exe!***unknown***,1,0.002307976366322009,1,0x00258d06
ntkrnlmp.exe!***unknown***,1,0.002307976366322009,1,0x00258cfb
ntkrnlmp.exe!***unknown***,1,0.002307976366322009,1,0x00258cef
ntkrnlmp.exe!***unknown***,1,0.002307976366322009,1,0x00258c87
ntkrnlmp.exe!***unknown***,1,0.002307976366322009,1,0x00258c2d
ntkrnlmp.exe!***unknown***,1,0.002307976366322009,1,0x00258a03
ntkrnlmp.exe!***unknown***,1,0.002307976366322009,1,0x00258716
ntkrnlmp.exe!***unknown***,1,0.002307976366322009,1,0x002585d0
ntkrnlmp.exe!***unknown***,1,0.002307976366322009,1,0x00256d7b
ntkrnlmp.exe!***unknown***,1,0.002307976366322009,1,0x00256d73
ntkrnlmp.exe!***unknown***,1,0.002307976366322009,1,0x00256d12
ntkrnlmp.exe!***unknown***,1,0.002307976366322009,1,0x00256ce0
ntkrnlmp.exe!***unknown***,1,0.002307976366322009,1,0x00256cbe
ntkrnlmp.exe!***unknown***,1,0.002307976366322009,1,0x00256cb6
ntkrnlmp.exe!***unknown***,1,0.002307976366322009,1,0x00256c1a
ntkrnlmp.exe!***unknown***,1,0.002307976366322009,1,0x00256be7
ntkrnlmp.exe!***unknown***,1,0.002307976366322009,1,0x00256754
ntkrnlmp.exe!***unknown***,1,0.002307976366322009,1,0x002563eb
ntkrnlmp.exe!***unknown***,1,0.002307976366322009,1,0x00256327
ntkrnlmp.exe!***unknown***,1,0.002307976366322009,1,0x0025627f
ntkrnlmp.exe!***unknown***,1,0.002307976366322009,1,0x00256276
ntkrnlmp.exe!***unknown***,1,0.002307976366322009,1,0x002561fb
ntkrnlmp.exe!***unknown***,1,0.002307976366322009,1,0x00255a5c
ntkrnlmp.exe!***unknown***,1,0.002307976366322009,1,0x00251cbf
ntkrnlmp.exe!***unknown***,1,0.002307976366322009,1,0x00251c87
ntkrnlmp.exe!***unknown***,1,0.002307976366322009,1,0x002510ee
ntkrnlmp.exe!***unknown***,1,0.002307976366322009,1,0x0025105e
ntkrnlmp.exe!***unknown***,1,0.002307976366322009,1,0x0025101d
ntkrnlmp.exe!***unknown***,1,0.002307976366322009,1,0x00250fd1
ntkrnlmp.exe!***unknown***,1,0.002307976366322009,1,0x00250fbc
ntkrnlmp.exe!***unknown***,1,0.002307976366322009,1,0x00250f70
ntkrnlmp.exe!***unknown***,1,0.002307976366322009,1,0x00250f44
ntkrnlmp.exe!***unknown***,1,0.002307976366322009,1,0x00250ee3
ntkrnlmp.exe!***unknown***,1,0.002307976366322009,1,0x00250ead
ntkrnlmp.exe!***unknown***,1,0.002307976366322009,1,0x00250e9f
ntkrnlmp.exe!***unknown***,1,0.002307976366322009,1,0x00250e95
ntkrnlmp.exe!***unknown***,1,0.002307976366322009,1,0x00250e39
ntkrnlmp.exe!***unknown***,1,0.002307976366322009,1,0x00250e21
ntkrnlmp.exe!***unknown***,1,0.002307976366322009,1,0x00250e05
ntkrnlmp.exe!***unknown***,1,0.002307976366322009,1,0x00250306
ntkrnlmp.exe!***unknown***,1,0.002307976366322009,1,0x002502c9
ntkrnlmp.exe!***unknown***,1,0.002307976366322009,1,0x002502a9
ntkrnlmp.exe!***unknown***,1,0.002307976366322009,1,0x00250229
ntkrnlmp.exe!***unknown***,1,0.002307976366322009,1,0x002501a9
ntkrnlmp.exe!***unknown***,1,0.002307976366322009,1,0x0025019c
ntkrnlmp.exe!***unknown***,1,0.002307976366322009,1,0x0024ffeb
ntkrnlmp.exe!***unknown***,1,0.002307976366322009,1,0x0024ffbb
ntkrnlmp.exe!***unknown***,1,0.002307976366322009,1,0x0024fda4
ntkrnlmp.exe!***unknown***,1,0.002307976366322009,1,0x0024fcf4
ntkrnlmp.exe!***unknown***,1,0.002307976366322009,1,0x0024fcec
ntkrnlmp.exe!***unknown***,1,0.002307976366322009,1,0x0024fc9a
ntkrnlmp.exe!***unknown***,1,0.002307976366322009,1,0x0024f3c7
ntkrnlmp.exe!***unknown***,1,0.002307976366322009,1,0x0024f2d7
ntkrnlmp.exe!***unknown***,1,0.002307976366322009,1,0x0024f2bd
ntkrnlmp.exe!***unknown***,1,0.002307976366322009,1,0x0024f276
ntkrnlmp.exe!***unknown***,1,0.002307976366322009,1,0x0024f23a
ntkrnlmp.exe!***unknown***,1,0.002307976366322009,1,0x0024c410
ntkrnlmp.exe!***unknown***,1,0.002307976366322009,1,0x0024a784
ntkrnlmp.exe!***unknown***,1,0.002307976366322009,1,0x00242622
ntkrnlmp.exe!***unknown***,1,0.002307976366322009,1,0x00242444
ntkrnlmp.exe!***unknown***,1,0.002307976366322009,1,0x00242404
ntkrnlmp.exe!***unknown***,1,0.002307976366322009,1,0x0023bd43
ntkrnlmp.exe!***unknown***,1,0.002307976366322009,1,0x00235d11
ntkrnlmp.exe!***unknown***,1,0.002307976366322009,1,0x00235a6b
ntkrnlmp.exe!***unknown***,1,0.002307976366322009,1,0x00235a57
ntkrnlmp.exe!***unknown***,1,0.002307976366322009,1,0x002359fc
ntkrnlmp.exe!***unknown***,1,0.002307976366322009,1,0x0022624e
ntkrnlmp.exe!***unknown***,1,0.002307976366322009,1,0x00226246
ntkrnlmp.exe!***unknown***,1,0.002307976366322009,1,0x00220be8
ntkrnlmp.exe!***unknown***,1,0.002307976366322009,1,0x0022087b
ntkrnlmp.exe!***unknown***,1,0.002307976366322009,1,0x00220606
ntkrnlmp.exe!***unknown***,1,0.002307976366322009,1,0x00220569
ntkrnlmp.exe!***unknown***,1,0.002307976366322009,1,0x002204c5
ntkrnlmp.exe!***unknown***,1,0.002307976366322009,1,0x00220457
ntkrnlmp.exe!***unknown***,1,0.002307976366322009,1,0x00220442
ntkrnlmp.exe!***unknown***,1,0.002307976366322009,1,0x0022040a
ntkrnlmp.exe!***unknown***,1,0.002307976366322009,1,0x00220179
ntkrnlmp.exe!***unknown***,1,0.002307976366322009,1,0x0022015d
ntkrnlmp.exe!***unknown***,1,0.002307976366322009,1,0x0021ffb2
ntkrnlmp.exe!***unknown***,1,0.002307976366322009,1,0x0021fe68
ntkrnlmp.exe!***unknown***,1,0.002307976366322009,1,0x0021fdd4
ntkrnlmp.exe!***unknown***,1,0.002307976366322009,1,0x0021fd5f
ntkrnlmp.exe!***unknown***,1,0.002307976366322009,1,0x0021f130
ntkrnlmp.exe!***unknown***,1,0.002307976366322009,1,0x0021c7af
ntkrnlmp.exe!***unknown***,1,0.002307976366322009,1,0x0021c41a
ntkrnlmp.exe!***unknown***,1,0.002307976366322009,1,0x0021c3c5
ntkrnlmp.exe!***unknown***,1,0.002307976366322009,1,0x0021c26d
ntkrnlmp.exe!***unknown***,1,0.002307976366322009,1,0x0021c25d
ntkrnlmp.exe!***unknown***,1,0.002307976366322009,1,0x0021c247
ntkrnlmp.exe!***unknown***,1,0.002307976366322009,1,0x0021c095
ntkrnlmp.exe!***unknown***,1,0.002307976366322009,1,0x0021be30
ntkrnlmp.exe!***unknown***,1,0.002307976366322009,1,0x0021bd48
ntkrnlmp.exe!***unknown***,1,0.002307976366322009,1,0x0021bcd4
ntkrnlmp.exe!***unknown***,1,0.002307976366322009,1,0x0021ae18
ntkrnlmp.exe!***unknown***,1,0.002307976366322009,1,0x0021addf
ntkrnlmp.exe!***unknown***,1,0.002307976366322009,1,0x0021adcf
ntkrnlmp.exe!***unknown***,1,0.002307976366322009,1,0x0021ac07
ntkrnlmp.exe!***unknown***,1,0.002307976366322009,1,0x0021aad0
ntkrnlmp.exe!***unknown***,1,0.002307976366322009,1,0x0021a9ae
ntkrnlmp.exe!***unknown***,1,0.002307976366322009,1,0x0021a6ab
ntkrnlmp.exe!***unknown***,1,0.002307976366322009,1,0x0021a5e5
ntkrnlmp.exe!***unknown***,1,0.002307976366322009,1,0x00219067
ntkrnlmp.exe!***unknown***,1,0.002307976366322009,1,0x00218f0a
ntkrnlmp.exe!***unknown***,1,0.002307976366322009,1,0x00218e14
ntkrnlmp.exe!***unknown***,1,0.002307976366322009,1,0x00218db6
ntkrnlmp.exe!***unknown***,1,0.002307976366322009,1,0x00218c47
ntkrnlmp.exe!***unknown***,1,0.002307976366322009,1,0x002188aa
ntkrnlmp.exe!***unknown***,1,0.002307976366322009,1,0x00218754
ntkrnlmp.exe!***unknown***,1,0.002307976366322009,1,0x0021869c
ntkrnlmp.exe!***unknown***,1,0.002307976366322009,1,0x00217706
ntkrnlmp.exe!***unknown***,1,0.002307976366322009,1,0x00217249
ntkrnlmp.exe!***unknown***,1,0.002307976366322009,1,0x002163c3
ntkrnlmp.exe!***unknown***,1,0.002307976366322009,1,0x00216266
ntkrnlmp.exe!***unknown***,1,0.002307976366322009,1,0x00216097
ntkrnlmp.exe!***unknown***,1,0.002307976366322009,1,0x0021601a
ntkrnlmp.exe!***unknown***,1,0.002307976366322009,1,0x00215ed9
ntkrnlmp.exe!***unknown***,1,0.002307976366322009,1,0x00215eaa
ntkrnlmp.exe!***unknown***,1,0.002307976366322009,1,0x00215caa
ntkrnlmp.exe!***unknown***,1,0.002307976366322009,1,0x002147bd
ntkrnlmp.exe!***unknown***,1,0.002307976366322009,1,0x0021462f
ntkrnlmp.exe!***unknown***,1,0.002307976366322009,1,0x00214475
ntkrnlmp.exe!***unknown***,1,0.002307976366322009,1,0x00214434
ntkrnlmp.exe!***unknown***,1,0.002307976366322009,1,0x002143d8
ntkrnlmp.exe!***unknown***,1,0.002307976366322009,1,0x00214358
ntkrnlmp.exe!***unknown***,1,0.002307976366322009,1,0x0021434b
ntkrnlmp.exe!***unknown***,1,0.002307976366322009,1,0x0021431d
ntkrnlmp.exe!***unknown***,1,0.002307976366322009,1,0x00214313
ntkrnlmp.exe!***unknown***,1,0.002307976366322009,1,0x00214195
ntkrnlmp.exe!***unknown***,1,0.002307976366322009,1,0x002135b2
ntkrnlmp.exe!***unknown***,1,0.002307976366322009,1,0x002134f6
ntkrnlmp.exe!***unknown***,1,0.002307976366322009,1,0x00212f9f
ntkrnlmp.exe!***unknown***,1,0.002307976366322009,1,0x00212f8e
ntkrnlmp.exe!***unknown***,1,0.002307976366322009,1,0x00212ee9
ntkrnlmp.exe!***unknown***,1,0.002307976366322009,1,0x00212e98
ntkrnlmp.exe!***unknown***,1,0.002307976366322009,1,0x00210707
ntkrnlmp.exe!***unknown***,1,0.002307976366322009,1,0x002106d4
ntkrnlmp.exe!***unknown***,1,0.002307976366322009,1,0x0020ef95
ntkrnlmp.exe!***unknown***,1,0.002307976366322009,1,0x0020ef28
ntkrnlmp.exe!***unknown***,1,0.002307976366322009,1,0x0020eee5
ntkrnlmp.exe!***unknown***,1,0.002307976366322009,1,0x0020ecf8
ntkrnlmp.exe!***unknown***,1,0.002307976366322009,1,0x0020ecd5
ntkrnlmp.exe!***unknown***,1,0.002307976366322009,1,0x0020ecb1
ntkrnlmp.exe!***unknown***,1,0.002307976366322009,1,0x0020daa4
ntkrnlmp.exe!***unknown***,1,0.002307976366322009,1,0x00205f6e
ntdll.dll!***unknown***,1,0.002307976366322009,1,0x0016fa19
ntdll.dll!***unknown***,1,0.002307976366322009,1,0x0016ed67
ntdll.dll!***unknown***,1,0.002307976366322009,1,0x0016ed49
ntdll.dll!***unknown***,1,0.002307976366322009,1,0x0016ed40
ntdll.dll!***unknown***,1,0.002307976366322009,1,0x0016ec8e
ntdll.dll!***unknown***,1,0.002307976366322009,1,0x0016ec89
ntdll.dll!***unknown***,1,0.002307976366322009,1,0x0016ec34
ntdll.dll!***unknown***,1,0.002307976366322009,1,0x000be13b
ntdll.dll!***unknown***,1,0.002307976366322009,1,0x00099f47
ntdll.dll!***unknown***,1,0.002307976366322009,1,0x00099f33
ntdll.dll!***unknown***,1,0.002307976366322009,1,0x00099f24
ntdll.dll!***unknown***,1,0.002307976366322009,1,0x00099f1b
ntdll.dll!***unknown***,1,0.002307976366322009,1,0x00080b50
ntdll.dll!***unknown***,1,0.002307976366322009,1,0x00077663
ntdll.dll!***unknown***,1,0.002307976366322009,1,0x00076a22
ntdll.dll!***unknown***,1,0.002307976366322009,1,0x0007222e
ntdll.dll!***unknown***,1,0.002307976366322009,1,0x00070a03
ntdll.dll!***unknown***,1,0.002307976366322009,1,0x000706da
ntdll.dll!***unknown***,1,0.002307976366322009,1,0x00070427
ntdll.dll!***unknown***,1,0.002307976366322009,1,0x0006ff1e
ntdll.dll!***unknown***,1,0.002307976366322009,1,0x0006f7b6
ntdll.dll!***unknown***,1,0.002307976366322009,1,0x0006f549
ntdll.dll!***unknown***,1,0.002307976366322009,1,0x0006f4cd
ntdll.dll!***unknown***,1,0.002307976366322009,1,0x0006f4ac
ntdll.dll!***unknown***,1,0.002307976366322009,1,0x0006f352
ntdll.dll!***unknown***,1,0.002307976366322009,1,0x0006f2ef
ntdll.dll!***unknown***,1,0.002307976366322009,1,0x0006e83f
ntdll.dll!***unknown***,1,0.002307976366322009,1,0x0006e83a
ntdll.dll!***unknown***,1,0.002307976366322009,1,0x0006e7d9
ntdll.dll!***unknown***,1,0.002307976366322009,1,0x0006db1b
ntdll.dll!***unknown***,1,0.002307976366322009,1,0x0006342e
ntdll.dll!***unknown***,1,0.002307976366322009,1,0x000633e7
ntdll.dll!***unknown***,1,0.002307976366322009,1,0x00063351
ntdll.dll!***unknown***,1,0.002307976366322009,1,0x00062c1e
ntdll.dll!***unknown***,1,0.002307976366322009,1,0x00062aea
ntdll.dll!***unknown***,1,0.002307976366322009,1,0x00062aba
ntdll.dll!***unknown***,1,0.002307976366322009,1,0x00062a9a
ntdll.dll!***unknown***,1,0.002307976366322009,1,0x00062a77
ntdll.dll!***unknown***,1,0.002307976366322009,1,0x000629d3
ntdll.dll!***unknown***,1,0.002307976366322009,1,0x000629bc
ntdll.dll!***unknown***,1,0.002307976366322009,1,0x0006298f
ntdll.dll!***unknown***,1,0.002307976366322009,1,0x0006295c
ntdll.dll!***unknown***,1,0.002307976366322009,1,0x00062938
ntdll.dll!***unknown***,1,0.002307976366322009,1,0x0006291d
ntdll.dll!***unknown***,1,0.002307976366322009,1,0x00062916
ntdll.dll!***unknown***,1,0.002307976366322009,1,0x000628d9
ntdll.dll!***unknown***,1,0.002307976366322009,1,0x0006289d
ntdll.dll!***unknown***,1,0.002307976366322009,1,0x00062835
ntdll.dll!***unknown***,1,0.002307976366322009,1,0x0006281e
ntdll.dll!***unknown***,1,0.002307976366322009,1,0x0006280b
ntdll.dll!***unknown***,1,0.002307976366322009,1,0x000627f2
ntdll.dll!***unknown***,1,0.002307976366322009,1,0x000627f0
ntdll.dll!***unknown***,1,0.002307976366322009,1,0x000627ef
ntdll.dll!***unknown***,1,0.002307976366322009,1,0x000627e5
ntdll.dll!***unknown***,1,0.002307976366322009,1,0x0004862f
ntdll.dll!***unknown***,1,0.002307976366322009,1,0x0004860c
ntdll.dll!***unknown***,1,0.002307976366322009,1,0x000485cc
ntdll.dll!***unknown***,1,0.002307976366322009,1,0x000485b5
ntdll.dll!***unknown***,1,0.002307976366322009,1,0x000485b2
ntdll.dll!***unknown***,1,0.002307976366322009,1,0x000485ac
ntdll.dll!***unknown***,1,0.002307976366322009,1,0x0004857f
ntdll.dll!***unknown***,1,0.002307976366322009,1,0x00048570
ntdll.dll!***unknown***,1,0.002307976366322009,1,0x000479a5
ntdll.dll!***unknown***,1,0.002307976366322009,1,0x0004767e
ntdll.dll!***unknown***,1,0.002307976366322009,1,0x0004766e
ntdll.dll!***unknown***,1,0.002307976366322009,1,0x000474d0
ntdll.dll!***unknown***,1,0.002307976366322009,1,0x0004730c
ntdll.dll!***unknown***,1,0.002307976366322009,1,0x00047250
ntdll.dll!***unknown***,1,0.002307976366322009,1,0x00047225
ntdll.dll!***unknown***,1,0.002307976366322009,1,0x00047213
ntdll.dll!***unknown***,1,0.002307976366322009,1,0x000471ef
ntdll.dll!***unknown***,1,0.002307976366322009,1,0x00047159
ntdll.dll!***unknown***,1,0.002307976366322009,1,0x0004712f
ntdll.dll!***unknown***,1,0.002307976366322009,1,0x000470df
ntdll.dll!***unknown***,1,0.002307976366322009,1,0x000470da
ntdll.dll!***unknown***,1,0.002307976366322009,1,0x00046c82
ntdll.dll!***unknown***,1,0.002307976366322009,1,0x00046ba9
ntdll.dll!***unknown***,1,0.002307976366322009,1,0x00046b4c
ntdll.dll!***unknown***,1,0.002307976366322009,1,0x00046b1f
ntdll.dll!***unknown***,1,0.002307976366322009,1,0x00046aed
ntdll.dll!***unknown***,1,0.002307976366322009,1,0x00046adc
ntdll.dll!***unknown***,1,0.002307976366322009,1,0x00046ad8
ntdll.dll!***unknown***,1,0.002307976366322009,1,0x00046ad5
ntdll.dll!***unknown***,1,0.002307976366322009,1,0x00046aad
ntdll.dll!***unknown***,1,0.002307976366322009,1,0x00046a9e
ntdll.dll!***unknown***,1,0.002307976366322009,1,0x00046a99
ntdll.dll!***unknown***,1,0.002307976366322009,1,0x00046a86
ntdll.dll!***unknown***,1,0.002307976366322009,1,0x00046a7b
ntdll.dll!***unknown***,1,0.002307976366322009,1,0x00046a5d
ntdll.dll!***unknown***,1,0.002307976366322009,1,0x00046a45
ntdll.dll!***unknown***,1,0.002307976366322009,1,0x000469c3
ntdll.dll!***unknown***,1,0.002307976366322009,1,0x00046321
ntdll.dll!***unknown***,1,0.002307976366322009,1,0x00045b98
ntdll.dll!***unknown***,1,0.002307976366322009,1,0x00045816
ntdll.dll!***unknown***,1,0.002307976366322009,1,0x0004580d
ntdll.dll!***unknown***,1,0.002307976366322009,1,0x00045802
ntdll.dll!***unknown***,1,0.002307976366322009,1,0x000457fc
ntdll.dll!***unknown***,1,0.002307976366322009,1,0x000457d6
ntdll.dll!***unknown***,1,0.002307976366322009,1,0x000457d4
ntdll.dll!***unknown***,1,0.002307976366322009,1,0x000457d2
ntdll.dll!***unknown***,1,0.002307976366322009,1,0x0004501b
ntdll.dll!***unknown***,1,0.002307976366322009,1,0x00044eb5
ntdll.dll!***unknown***,1,0.002307976366322009,1,0x000393e8
ntdll.dll!***unknown***,1,0.002307976366322009,1,0x0003937f
ntdll.dll!***unknown***,1,0.002307976366322009,1,0x00039309
ntdll.dll!***unknown***,1,0.002307976366322009,1,0x00039246
ntdll.dll!***unknown***,1,0.002307976366322009,1,0x000391d3
ntdll.dll!***unknown***,1,0.002307976366322009,1,0x000391d0
ntdll.dll!***unknown***,1,0.002307976366322009,1,0x0001c8ec
ntdll.dll!***unknown***,1,0.002307976366322009,1,0x0001c8e0
ntdll.dll!***unknown***,1,0.002307976366322009,1,0x0001bacd
ntdll.dll!***unknown***,1,0.002307976366322009,1,0x0001b65c
ntdll.dll!***unknown***,1,0.002307976366322009,1,0x0001b49e
ntdll.dll!***unknown***,1,0.002307976366322009,1,0x0001a579
netio.sys!***unknown***,1,0.002307976366322009,1,0x00009a65
netio.sys!***unknown***,1,0.002307976366322009,1,0x00009974
netio.sys!***unknown***,1,0.002307976366322009,1,0x00008be5
NDIS.SYS!***unknown***,1,0.002307976366322009,1,0x000613d0
mtkwl6ex.sys!***unknown***,1,0.002307976366322009,1,0x00161ba0
mtkwl6ex.sys!***unknown***,1,0.002307976366322009,1,0x0015fb0a
mtkwl6ex.sys!***unknown***,1,0.002307976366322009,1,0x0015fad0
mtkwl6ex.sys!***unknown***,1,0.002307976366322009,1,0x001471be
mtkwl6ex.sys!***unknown***,1,0.002307976366322009,1,0x0004d8ab
mtkwl6ex.sys!***unknown***,1,0.002307976366322009,1,0x00046f45
mtkwl6ex.sys!***unknown***,1,0.002307976366322009,1,0x00046eee
mtkwl6ex.sys!***unknown***,1,0.002307976366322009,1,0x000275e2
mtkwl6ex.sys!***unknown***,1,0.002307976366322009,1,0x00007ea2
msgpioclx.sys!***unknown***,1,0.002307976366322009,1,0x00017387
msgpioclx.sys!***unknown***,1,0.002307976366322009,1,0x00014124
msgpioclx.sys!***unknown***,1,0.002307976366322009,1,0x00004876
laneflow-urban-harness.exe!rint,1,0.002307976366322009,1,0x003421ab
laneflow-urban-harness.exe!rayon_core::registry::Registry::inject_or_push,1,0.002307976366322009,1,0x002852c0
laneflow-urban-harness.exe!memcmp,1,0.002307976366322009,1,0x00342181
laneflow-urban-harness.exe!lf707_profile::read_boundary,1,0.002307976366322009,1,0x00288ba0
laneflow-urban-harness.exe!laneflow_static_network::relations::SharedRelationClosure::waiting_zone,1,0.002307976366322009,1,0x0028c560
laneflow-urban-harness.exe!laneflow_static_network::relations::SharedRelationClosure::phase_states,1,0.002307976366322009,1,0x0028c3a0
laneflow-urban-harness.exe!laneflow_runtime::kernel::waiting_graph::WaitingGraph::rollback,1,0.002307976366322009,1,0x0024c4b0
"laneflow-urban-harness.exe!laneflow_runtime::kernel::tables::route_access_denied<core::iter::adapters::map::Map<core::slice::iter::Iter<laneflow_runtime::kernel::tables::ManeuverOccurrence>,laneflow_runtime::kernel::world::impl$3::route_suffix_denied::closure_env$0> >",1,0.002307976366322009,1,0x0025df00
laneflow-urban-harness.exe!laneflow_runtime::kernel::state::WorldState::overlap_relation,1,0.002307976366322009,1,0x0023dd10
laneflow-urban-harness.exe!laneflow_runtime::kernel::phase::StepReadView::resource_matches_binding,1,0.002307976366322009,1,0x00227c30
"laneflow-urban-harness.exe!hashbrown::map::HashMap<laneflow_runtime::kernel::handle::VehicleHandle,usize,std::hash::random::RandomState,alloc::alloc::Global>::remove<laneflow_runtime::kernel::handle::VehicleHandle,usize,std::hash::random::RandomState,alloc::alloc::Global,laneflow_runtime::kernel::handle::VehicleHandle>",1,0.002307976366322009,1,0x0014a9f0
laneflow-urban-harness.exe!crossbeam_deque::deque::Worker<rayon_core::job::JobRef>::pop<rayon_core::job::JobRef>,1,0.002307976366322009,1,0x00286af0
"laneflow-urban-harness.exe!core::slice::iter::impl$171::all<laneflow_runtime::kernel::conflict::ConflictCellAuthority,laneflow_runtime::kernel::conflict::impl$26::authority_owners_valid::closure_env$13<laneflow_runtime::kernel::world::impl$3::conflict_state_valid::closure_env$1> >",1,0.002307976366322009,1,0x0024b340
"laneflow-urban-harness.exe!core::slice::impl$0::partition_point<laneflow_runtime::kernel::tables::WaitingOccurrence,laneflow_runtime::kernel::tick::impl$5::conflict_stop_for::closure_env$6>",1,0.002307976366322009,1,0x0025dd60
laneflow-urban-harness.exe!core::ptr::drop_glue<enum2$<laneflow_runtime::kernel::execution::DispatchSlot<enum2$<laneflow_runtime::kernel::conflict_tick::CandidateReport> > > >,1,0.002307976366322009,1,0x00200b20
laneflow-urban-harness.exe!core::fmt::impl$12::pad_integral::write_prefix,1,0.002307976366322009,1,0x00332470
"laneflow-urban-harness.exe!alloc::vec::Vec<enum2$<serde_json::value::Value>,alloc::alloc::Global>::push_mut<enum2$<serde_json::value::Value>,alloc::alloc::Global>",1,0.002307976366322009,1,0x001366b0
"laneflow-urban-harness.exe!alloc::collections::btree::node::Handle<alloc::collections::btree::node::NodeRef<alloc::collections::btree::node::marker::Mut,u32,u32,enum2$<alloc::collections::btree::node::marker::Leaf> >,enum2$<alloc::collections::btree::node::marker::Edge> >::insert_recursing<u32,u32,alloc::alloc::Global,alloc::collections::btree::map::entry::impl$6::insert_entry::closure_env$0<u32,u32,alloc::alloc::Global> >",1,0.002307976366322009,1,0x001a8d40
"laneflow-urban-harness.exe!alloc::collections::btree::node::Handle<alloc::collections::btree::node::NodeRef<alloc::collections::btree::node::marker::Mut,tuple$<laneflow_urban_harness::runner::IndividualId,alloc::string::String,u32>,u32,enum2$<alloc::collections::btree::node::marker::Leaf> >,enum2$<alloc::collections::btree::node::marker::Edge> >::insert_recursing<tuple$<laneflow_urban_harness::runner::IndividualId,alloc::string::String,u32>,u32,alloc::alloc::Global,alloc::collections::btree::map::entry::impl$6::insert_entry::closure_env$0<tuple$<laneflow_urban_harness::runner::IndividualId,alloc::string::String,u32>,u32,alloc::alloc::Global> >",1,0.002307976366322009,1,0x001a2390
"laneflow-urban-harness.exe!alloc::collections::btree::map::BTreeMap<u32,alloc::collections::btree::set_val::SetValZST,alloc::alloc::Global>::remove<u32,alloc::collections::btree::set_val::SetValZST,alloc::alloc::Global,u32>",1,0.002307976366322009,1,0x00079370
laneflow-urban-harness.exe!_RNvCs6rREvFdRhLb_7___rustc12___rust_alloc,1,0.002307976366322009,1,0x0000b130
fltMgr.sys!***unknown***,1,0.002307976366322009,1,0x00012351
fltMgr.sys!***unknown***,1,0.002307976366322009,1,0x00006fb5
dxgmms2.sys!***unknown***,1,0.002307976366322009,1,0x0005a199
dxgmms2.sys!***unknown***,1,0.002307976366322009,1,0x00059ae0
dxgmms2.sys!***unknown***,1,0.002307976366322009,1,0x0002f4b5
dxgmms2.sys!***unknown***,1,0.002307976366322009,1,0x0002c77c
dxgmms2.sys!***unknown***,1,0.002307976366322009,1,0x0002af2e
dxgmms2.sys!***unknown***,1,0.002307976366322009,1,0x000269c2
dxgmms2.sys!***unknown***,1,0.002307976366322009,1,0x00023d16
dxgmms2.sys!***unknown***,1,0.002307976366322009,1,0x00022a16
dxgmms2.sys!***unknown***,1,0.002307976366322009,1,0x000211f6
dxgmms2.sys!***unknown***,1,0.002307976366322009,1,0x00021051
dxgmms2.sys!***unknown***,1,0.002307976366322009,1,0x00021032
dxgmms2.sys!***unknown***,1,0.002307976366322009,1,0x00020fe6
dxgmms2.sys!***unknown***,1,0.002307976366322009,1,0x00020c97
dxgmms2.sys!***unknown***,1,0.002307976366322009,1,0x00020c92
dxgmms2.sys!***unknown***,1,0.002307976366322009,1,0x00020c7f
dxgmms2.sys!***unknown***,1,0.002307976366322009,1,0x00020c6b
dxgmms2.sys!***unknown***,1,0.002307976366322009,1,0x00020c41
dxgmms2.sys!***unknown***,1,0.002307976366322009,1,0x00020c0c
dxgmms2.sys!***unknown***,1,0.002307976366322009,1,0x00020bfc
dxgmms2.sys!***unknown***,1,0.002307976366322009,1,0x00020a05
dxgmms2.sys!***unknown***,1,0.002307976366322009,1,0x0001fa9c
dxgmms2.sys!***unknown***,1,0.002307976366322009,1,0x0001bb26
dxgmms2.sys!***unknown***,1,0.002307976366322009,1,0x00018015
dxgmms2.sys!***unknown***,1,0.002307976366322009,1,0x00015214
dxgmms2.sys!***unknown***,1,0.002307976366322009,1,0x00014c1e
dxgmms2.sys!***unknown***,1,0.002307976366322009,1,0x00012bd3
dxgmms2.sys!***unknown***,1,0.002307976366322009,1,0x00012b12
dxgmms2.sys!***unknown***,1,0.002307976366322009,1,0x000127a9
dxgmms2.sys!***unknown***,1,0.002307976366322009,1,0x000125a3
dxgmms2.sys!***unknown***,1,0.002307976366322009,1,0x0001223f
dxgmms2.sys!***unknown***,1,0.002307976366322009,1,0x00011e67
dxgmms2.sys!***unknown***,1,0.002307976366322009,1,0x00011dd6
dxgmms2.sys!***unknown***,1,0.002307976366322009,1,0x00011a3e
dxgmms2.sys!***unknown***,1,0.002307976366322009,1,0x00011a30
dxgmms2.sys!***unknown***,1,0.002307976366322009,1,0x0000da55
dxgmms2.sys!***unknown***,1,0.002307976366322009,1,0x0000c5f5
dxgmms2.sys!***unknown***,1,0.002307976366322009,1,0x0000c5e7
dxgmms2.sys!***unknown***,1,0.002307976366322009,1,0x0000a94e
dxgmms2.sys!***unknown***,1,0.002307976366322009,1,0x000076a4
dxgmms2.sys!***unknown***,1,0.002307976366322009,1,0x0000769d
dxgmms2.sys!***unknown***,1,0.002307976366322009,1,0x00006649
dxgmms2.sys!***unknown***,1,0.002307976366322009,1,0x000056e1
dxgkrnl.sys!***unknown***,1,0.002307976366322009,1,0x0002d055
dxgkrnl.sys!***unknown***,1,0.002307976366322009,1,0x0002d04f
dxgkrnl.sys!***unknown***,1,0.002307976366322009,1,0x0002ced5
dxgkrnl.sys!***unknown***,1,0.002307976366322009,1,0x0002511a
dxgkrnl.sys!***unknown***,1,0.002307976366322009,1,0x000250dc
dxgkrnl.sys!***unknown***,1,0.002307976366322009,1,0x00025075
dxgkrnl.sys!***unknown***,1,0.002307976366322009,1,0x0001ec22
dxgkrnl.sys!***unknown***,1,0.002307976366322009,1,0x000196d4
dxgkrnl.sys!***unknown***,1,0.002307976366322009,1,0x000195b0
amdppm.sys!***unknown***,1,0.002307976366322009,1,0x00003585
amdppm.sys!***unknown***,1,0.002307976366322009,1,0x0000115c
amdppm.sys!***unknown***,1,0.002307976366322009,1,0x00001151
amdi2c.sys!***unknown***,1,0.002307976366322009,1,0x000065a4
amdi2c.sys!***unknown***,1,0.002307976366322009,1,0x00006582
amdi2c.sys!***unknown***,1,0.002307976366322009,1,0x000063d2
amdi2c.sys!***unknown***,1,0.002307976366322009,1,0x00003847
amdi2c.sys!***unknown***,1,0.002307976366322009,1,0x000030ec
amdi2c.sys!***unknown***,1,0.002307976366322009,1,0x00001072
