
running 1 test
test route_query_wall ... 
route-tick round=0 red=false repeats=8 tick=0 ns=106200
route-tick round=0 red=false repeats=8 tick=1 ns=106600
route-tick round=0 red=false repeats=8 tick=2 ns=107300
route-tick round=0 red=false repeats=8 tick=3 ns=107400
route-tick round=0 red=false repeats=8 tick=4 ns=107200
route-tick round=0 red=false repeats=8 tick=5 ns=107100
route-tick round=0 red=false repeats=8 tick=6 ns=107700
route-tick round=0 red=false repeats=8 tick=7 ns=107700
route-tick round=0 red=false repeats=8 tick=8 ns=107700
route-tick round=0 red=false repeats=8 tick=9 ns=107800
route-tick round=0 red=false repeats=8 tick=10 ns=107900
route-tick round=0 red=false repeats=8 tick=11 ns=108400
route-tick round=0 red=false repeats=8 tick=12 ns=109600
route-tick round=0 red=false repeats=8 tick=13 ns=111200
route-tick round=0 red=false repeats=8 tick=14 ns=109200
route-tick round=0 red=false repeats=8 tick=15 ns=109400
route-tick round=0 red=false repeats=8 tick=16 ns=109300
route-tick round=0 red=false repeats=8 tick=17 ns=109100
route-tick round=0 red=false repeats=8 tick=18 ns=109600
route-tick round=0 red=false repeats=8 tick=19 ns=109300
route-tick round=0 red=false repeats=8 tick=20 ns=109500
route-tick round=0 red=false repeats=8 tick=21 ns=110000
route-tick round=0 red=false repeats=8 tick=22 ns=109600
route-tick round=0 red=false repeats=8 tick=23 ns=109300
route-tick round=0 red=false repeats=8 tick=24 ns=109700
route-tick round=0 red=false repeats=8 tick=25 ns=110100
route-tick round=0 red=false repeats=8 tick=26 ns=110200
route-tick round=0 red=false repeats=8 tick=27 ns=173900
route-tick round=0 red=false repeats=8 tick=28 ns=118400
route-tick round=0 red=false repeats=8 tick=29 ns=112400
route-tick round=0 red=false repeats=8 tick=30 ns=111900
route-tick round=0 red=false repeats=8 tick=31 ns=112300
route-tick round=0 red=false repeats=8 tick=32 ns=112300
route-tick round=0 red=false repeats=8 tick=33 ns=112200
route-tick round=0 red=false repeats=8 tick=34 ns=112600
route-tick round=0 red=false repeats=8 tick=35 ns=120200
route-tick round=0 red=false repeats=8 tick=36 ns=112300
route-tick round=0 red=false repeats=8 tick=37 ns=112700
route-tick round=0 red=false repeats=8 tick=38 ns=112000
route-tick round=0 red=false repeats=8 tick=39 ns=111600
route-tick round=0 red=false repeats=8 tick=40 ns=148300
route-tick round=0 red=false repeats=8 tick=41 ns=189300
route-tick round=0 red=false repeats=8 tick=42 ns=165600
route-tick round=0 red=false repeats=8 tick=43 ns=112700
route-tick round=0 red=false repeats=8 tick=44 ns=111600
route-tick round=0 red=false repeats=8 tick=45 ns=111900
route-tick round=0 red=false repeats=8 tick=46 ns=111800
route-tick round=0 red=false repeats=8 tick=47 ns=111800
route-tick round=0 red=false repeats=8 tick=48 ns=111700
route-tick round=0 red=false repeats=8 tick=49 ns=119400
route-tick round=0 red=false repeats=8 tick=50 ns=111600
route-tick round=0 red=false repeats=8 tick=51 ns=111200
route-tick round=0 red=false repeats=8 tick=52 ns=111200
route-tick round=0 red=false repeats=8 tick=53 ns=111400
route-tick round=0 red=false repeats=8 tick=54 ns=111600
route-tick round=0 red=false repeats=8 tick=55 ns=111300
route-tick round=0 red=false repeats=8 tick=56 ns=111300
route-tick round=0 red=false repeats=8 tick=57 ns=111600
route-tick round=0 red=false repeats=8 tick=58 ns=113900
route-tick round=0 red=false repeats=8 tick=59 ns=111600
route-tick round=0 red=false repeats=8 tick=60 ns=111300
route-tick round=0 red=false repeats=8 tick=61 ns=111700
route-tick round=0 red=false repeats=8 tick=62 ns=111600
route-tick round=0 red=false repeats=8 tick=63 ns=110900
route-tick round=0 red=false repeats=8 tick=64 ns=110200
route-tick round=0 red=false repeats=8 tick=65 ns=115900
route-tick round=0 red=false repeats=8 tick=66 ns=110400
route-tick round=0 red=false repeats=8 tick=67 ns=110300
route-tick round=0 red=false repeats=8 tick=68 ns=110400
route-tick round=0 red=false repeats=8 tick=69 ns=110300
route-tick round=0 red=false repeats=8 tick=70 ns=110300
route-tick round=0 red=false repeats=8 tick=71 ns=110200
route-tick round=0 red=false repeats=8 tick=72 ns=110500
route-tick round=0 red=false repeats=8 tick=73 ns=112800
route-tick round=0 red=false repeats=8 tick=74 ns=110100
route-tick round=0 red=false repeats=8 tick=75 ns=110600
route-tick round=0 red=false repeats=8 tick=76 ns=110600
route-tick round=0 red=false repeats=8 tick=77 ns=110600
route-tick round=0 red=false repeats=8 tick=78 ns=110700
route-tick round=0 red=false repeats=8 tick=79 ns=110600
route-tick round=0 red=false repeats=8 tick=80 ns=110600
route-tick round=0 red=false repeats=8 tick=81 ns=111100
route-tick round=0 red=false repeats=8 tick=82 ns=111200
route-tick round=0 red=false repeats=8 tick=83 ns=111000
route-tick round=0 red=false repeats=8 tick=84 ns=111000
route-tick round=0 red=false repeats=8 tick=85 ns=111300
route-tick round=0 red=false repeats=8 tick=86 ns=111300
route-tick round=0 red=false repeats=8 tick=87 ns=111100
route-tick round=0 red=false repeats=8 tick=88 ns=111200
route-tick round=0 red=false repeats=8 tick=89 ns=113000
route-tick round=0 red=false repeats=8 tick=90 ns=111300
route-tick round=0 red=false repeats=8 tick=91 ns=111200
route-tick round=0 red=false repeats=8 tick=92 ns=111200
route-tick round=0 red=false repeats=8 tick=93 ns=111500
route-tick round=0 red=false repeats=8 tick=94 ns=111400
route-tick round=0 red=false repeats=8 tick=95 ns=111200
route-tick round=0 red=false repeats=8 tick=96 ns=111100
route-tick round=0 red=false repeats=8 tick=97 ns=111300
route-tick round=0 red=false repeats=8 tick=98 ns=111300
route-tick round=0 red=false repeats=8 tick=99 ns=111800
route-tick round=0 red=false repeats=8 tick=100 ns=112000
route-tick round=0 red=false repeats=8 tick=101 ns=112100
route-tick round=0 red=false repeats=8 tick=102 ns=111800
route-tick round=0 red=false repeats=8 tick=103 ns=112000
route-tick round=0 red=false repeats=8 tick=104 ns=111800
route-tick round=0 red=false repeats=8 tick=105 ns=115700
route-tick round=0 red=false repeats=8 tick=106 ns=111900
route-tick round=0 red=false repeats=8 tick=107 ns=111700
route-tick round=0 red=false repeats=8 tick=108 ns=111800
route-tick round=0 red=false repeats=8 tick=109 ns=111400
route-tick round=0 red=false repeats=8 tick=110 ns=111700
route-tick round=0 red=false repeats=8 tick=111 ns=111400
route-tick round=0 red=false repeats=8 tick=112 ns=111500
route-tick round=0 red=false repeats=8 tick=113 ns=111500
route-tick round=0 red=false repeats=8 tick=114 ns=111500
route-tick round=0 red=false repeats=8 tick=115 ns=111800
route-tick round=0 red=false repeats=8 tick=116 ns=111500
route-tick round=0 red=false repeats=8 tick=117 ns=112600
route-tick round=0 red=false repeats=8 tick=118 ns=112800
route-tick round=0 red=false repeats=8 tick=119 ns=113000
route-tick round=0 red=false repeats=8 tick=120 ns=115300
route-tick round=0 red=false repeats=8 tick=121 ns=113200
route-tick round=0 red=false repeats=8 tick=122 ns=112800
route-tick round=0 red=false repeats=8 tick=123 ns=112900
route-tick round=0 red=false repeats=8 tick=124 ns=113100
route-tick round=0 red=false repeats=8 tick=125 ns=113100
route-tick round=0 red=false repeats=8 tick=126 ns=112700
route-tick round=0 red=false repeats=8 tick=127 ns=112200
route-end round=0 red=false repeats=8 vehicles=512 warm=16 steps=128 build_ns=20900 state_sum=1332736691 input=Sha256Digest(dbdb2fe4068e72fa17390d83d3a985117250c67adb797ac44577841e976a941c)
route-tick round=0 red=false repeats=128 tick=0 ns=131800
route-tick round=0 red=false repeats=128 tick=1 ns=129700
route-tick round=0 red=false repeats=128 tick=2 ns=128900
route-tick round=0 red=false repeats=128 tick=3 ns=129000
route-tick round=0 red=false repeats=128 tick=4 ns=132800
route-tick round=0 red=false repeats=128 tick=5 ns=129000
route-tick round=0 red=false repeats=128 tick=6 ns=129200
route-tick round=0 red=false repeats=128 tick=7 ns=147600
route-tick round=0 red=false repeats=128 tick=8 ns=158100
route-tick round=0 red=false repeats=128 tick=9 ns=134300
route-tick round=0 red=false repeats=128 tick=10 ns=129400
route-tick round=0 red=false repeats=128 tick=11 ns=129900
route-tick round=0 red=false repeats=128 tick=12 ns=133800
route-tick round=0 red=false repeats=128 tick=13 ns=129500
route-tick round=0 red=false repeats=128 tick=14 ns=129500
route-tick round=0 red=false repeats=128 tick=15 ns=133300
route-tick round=0 red=false repeats=128 tick=16 ns=129500
route-tick round=0 red=false repeats=128 tick=17 ns=129400
route-tick round=0 red=false repeats=128 tick=18 ns=129000
route-tick round=0 red=false repeats=128 tick=19 ns=133300
route-tick round=0 red=false repeats=128 tick=20 ns=128900
route-tick round=0 red=false repeats=128 tick=21 ns=129000
route-tick round=0 red=false repeats=128 tick=22 ns=128900
route-tick round=0 red=false repeats=128 tick=23 ns=133900
route-tick round=0 red=false repeats=128 tick=24 ns=145600
route-tick round=0 red=false repeats=128 tick=25 ns=128800
route-tick round=0 red=false repeats=128 tick=26 ns=143700
route-tick round=0 red=false repeats=128 tick=27 ns=133800
route-tick round=0 red=false repeats=128 tick=28 ns=128800
route-tick round=0 red=false repeats=128 tick=29 ns=129100
route-tick round=0 red=false repeats=128 tick=30 ns=129000
route-tick round=0 red=false repeats=128 tick=31 ns=132900
route-tick round=0 red=false repeats=128 tick=32 ns=128900
route-tick round=0 red=false repeats=128 tick=33 ns=129400
route-tick round=0 red=false repeats=128 tick=34 ns=134100
route-tick round=0 red=false repeats=128 tick=35 ns=129300
route-tick round=0 red=false repeats=128 tick=36 ns=131300
route-tick round=0 red=false repeats=128 tick=37 ns=129400
route-tick round=0 red=false repeats=128 tick=38 ns=140500
route-tick round=0 red=false repeats=128 tick=39 ns=166600
route-tick round=0 red=false repeats=128 tick=40 ns=129700
route-tick round=0 red=false repeats=128 tick=41 ns=130300
route-tick round=0 red=false repeats=128 tick=42 ns=136800
route-tick round=0 red=false repeats=128 tick=43 ns=129800
route-tick round=0 red=false repeats=128 tick=44 ns=130000
route-tick round=0 red=false repeats=128 tick=45 ns=130700
route-tick round=0 red=false repeats=128 tick=46 ns=133500
route-tick round=0 red=false repeats=128 tick=47 ns=129800
route-tick round=0 red=false repeats=128 tick=48 ns=129900
route-tick round=0 red=false repeats=128 tick=49 ns=135100
route-tick round=0 red=false repeats=128 tick=50 ns=129300
route-tick round=0 red=false repeats=128 tick=51 ns=129200
route-tick round=0 red=false repeats=128 tick=52 ns=146200
route-tick round=0 red=false repeats=128 tick=53 ns=155300
route-tick round=0 red=false repeats=128 tick=54 ns=158800
route-tick round=0 red=false repeats=128 tick=55 ns=146000
route-tick round=0 red=false repeats=128 tick=56 ns=132900
route-tick round=0 red=false repeats=128 tick=57 ns=129100
route-tick round=0 red=false repeats=128 tick=58 ns=129100
route-tick round=0 red=false repeats=128 tick=59 ns=129300
route-tick round=0 red=false repeats=128 tick=60 ns=132700
route-tick round=0 red=false repeats=128 tick=61 ns=131200
route-tick round=0 red=false repeats=128 tick=62 ns=129200
route-tick round=0 red=false repeats=128 tick=63 ns=129600
route-tick round=0 red=false repeats=128 tick=64 ns=134300
route-tick round=0 red=false repeats=128 tick=65 ns=129400
route-tick round=0 red=false repeats=128 tick=66 ns=129600
route-tick round=0 red=false repeats=128 tick=67 ns=129400
route-tick round=0 red=false repeats=128 tick=68 ns=129300
route-tick round=0 red=false repeats=128 tick=69 ns=140000
route-tick round=0 red=false repeats=128 tick=70 ns=160500
route-tick round=0 red=false repeats=128 tick=71 ns=137600
route-tick round=0 red=false repeats=128 tick=72 ns=129300
route-tick round=0 red=false repeats=128 tick=73 ns=129300
route-tick round=0 red=false repeats=128 tick=74 ns=131000
route-tick round=0 red=false repeats=128 tick=75 ns=150000
route-tick round=0 red=false repeats=128 tick=76 ns=230900
route-tick round=0 red=false repeats=128 tick=77 ns=213200
route-tick round=0 red=false repeats=128 tick=78 ns=137600
route-tick round=0 red=false repeats=128 tick=79 ns=129500
route-tick round=0 red=false repeats=128 tick=80 ns=129200
route-tick round=0 red=false repeats=128 tick=81 ns=135100
route-tick round=0 red=false repeats=128 tick=82 ns=129100
route-tick round=0 red=false repeats=128 tick=83 ns=129300
route-tick round=0 red=false repeats=128 tick=84 ns=129400
route-tick round=0 red=false repeats=128 tick=85 ns=129600
route-tick round=0 red=false repeats=128 tick=86 ns=157300
route-tick round=0 red=false repeats=128 tick=87 ns=129600
route-tick round=0 red=false repeats=128 tick=88 ns=129500
route-tick round=0 red=false repeats=128 tick=89 ns=151700
route-tick round=0 red=false repeats=128 tick=90 ns=133600
route-tick round=0 red=false repeats=128 tick=91 ns=139200
route-tick round=0 red=false repeats=128 tick=92 ns=131300
route-tick round=0 red=false repeats=128 tick=93 ns=132200
route-tick round=0 red=false repeats=128 tick=94 ns=129500
route-tick round=0 red=false repeats=128 tick=95 ns=129500
route-tick round=0 red=false repeats=128 tick=96 ns=133900
route-tick round=0 red=false repeats=128 tick=97 ns=129400
route-tick round=0 red=false repeats=128 tick=98 ns=129300
route-tick round=0 red=false repeats=128 tick=99 ns=167400
route-tick round=0 red=false repeats=128 tick=100 ns=146800
route-tick round=0 red=false repeats=128 tick=101 ns=129300
route-tick round=0 red=false repeats=128 tick=102 ns=129500
route-tick round=0 red=false repeats=128 tick=103 ns=129300
route-tick round=0 red=false repeats=128 tick=104 ns=129300
route-tick round=0 red=false repeats=128 tick=105 ns=129300
route-tick round=0 red=false repeats=128 tick=106 ns=129500
route-tick round=0 red=false repeats=128 tick=107 ns=142200
route-tick round=0 red=false repeats=128 tick=108 ns=129600
route-tick round=0 red=false repeats=128 tick=109 ns=129400
route-tick round=0 red=false repeats=128 tick=110 ns=129600
route-tick round=0 red=false repeats=128 tick=111 ns=136800
route-tick round=0 red=false repeats=128 tick=112 ns=131800
route-tick round=0 red=false repeats=128 tick=113 ns=129500
route-tick round=0 red=false repeats=128 tick=114 ns=129700
route-tick round=0 red=false repeats=128 tick=115 ns=129500
route-tick round=0 red=false repeats=128 tick=116 ns=129300
route-tick round=0 red=false repeats=128 tick=117 ns=129500
route-tick round=0 red=false repeats=128 tick=118 ns=135100
route-tick round=0 red=false repeats=128 tick=119 ns=136800
route-tick round=0 red=false repeats=128 tick=120 ns=129400
route-tick round=0 red=false repeats=128 tick=121 ns=129400
route-tick round=0 red=false repeats=128 tick=122 ns=134600
route-tick round=0 red=false repeats=128 tick=123 ns=129400
route-tick round=0 red=false repeats=128 tick=124 ns=129400
route-tick round=0 red=false repeats=128 tick=125 ns=131400
route-tick round=0 red=false repeats=128 tick=126 ns=139100
route-tick round=0 red=false repeats=128 tick=127 ns=129500
route-end round=0 red=false repeats=128 vehicles=512 warm=16 steps=128 build_ns=47700 state_sum=1332736691 input=Sha256Digest(dbdb2fe4068e72fa17390d83d3a985117250c67adb797ac44577841e976a941c)
route-tick round=0 red=false repeats=2048 tick=0 ns=170600
route-tick round=0 red=false repeats=2048 tick=1 ns=170200
route-tick round=0 red=false repeats=2048 tick=2 ns=170200
route-tick round=0 red=false repeats=2048 tick=3 ns=169100
route-tick round=0 red=false repeats=2048 tick=4 ns=169200
route-tick round=0 red=false repeats=2048 tick=5 ns=169800
route-tick round=0 red=false repeats=2048 tick=6 ns=171700
route-tick round=0 red=false repeats=2048 tick=7 ns=172000
route-tick round=0 red=false repeats=2048 tick=8 ns=167700
route-tick round=0 red=false repeats=2048 tick=9 ns=167700
route-tick round=0 red=false repeats=2048 tick=10 ns=167800
route-tick round=0 red=false repeats=2048 tick=11 ns=167700
route-tick round=0 red=false repeats=2048 tick=12 ns=167800
route-tick round=0 red=false repeats=2048 tick=13 ns=167700
route-tick round=0 red=false repeats=2048 tick=14 ns=166400
route-tick round=0 red=false repeats=2048 tick=15 ns=166500
route-tick round=0 red=false repeats=2048 tick=16 ns=166500
route-tick round=0 red=false repeats=2048 tick=17 ns=168400
route-tick round=0 red=false repeats=2048 tick=18 ns=166300
route-tick round=0 red=false repeats=2048 tick=19 ns=166200
route-tick round=0 red=false repeats=2048 tick=20 ns=166500
route-tick round=0 red=false repeats=2048 tick=21 ns=166700
route-tick round=0 red=false repeats=2048 tick=22 ns=166600
route-tick round=0 red=false repeats=2048 tick=23 ns=166500
route-tick round=0 red=false repeats=2048 tick=24 ns=166900
route-tick round=0 red=false repeats=2048 tick=25 ns=166600
route-tick round=0 red=false repeats=2048 tick=26 ns=166400
route-tick round=0 red=false repeats=2048 tick=27 ns=168200
route-tick round=0 red=false repeats=2048 tick=28 ns=166400
route-tick round=0 red=false repeats=2048 tick=29 ns=166200
route-tick round=0 red=false repeats=2048 tick=30 ns=166200
route-tick round=0 red=false repeats=2048 tick=31 ns=166200
route-tick round=0 red=false repeats=2048 tick=32 ns=165700
route-tick round=0 red=false repeats=2048 tick=33 ns=166400
route-tick round=0 red=false repeats=2048 tick=34 ns=166000
route-tick round=0 red=false repeats=2048 tick=35 ns=165900
route-tick round=0 red=false repeats=2048 tick=36 ns=166700
route-tick round=0 red=false repeats=2048 tick=37 ns=165600
route-tick round=0 red=false repeats=2048 tick=38 ns=166900
route-tick round=0 red=false repeats=2048 tick=39 ns=165300
route-tick round=0 red=false repeats=2048 tick=40 ns=165300
route-tick round=0 red=false repeats=2048 tick=41 ns=165300
route-tick round=0 red=false repeats=2048 tick=42 ns=164900
route-tick round=0 red=false repeats=2048 tick=43 ns=164900
route-tick round=0 red=false repeats=2048 tick=44 ns=164600
route-tick round=0 red=false repeats=2048 tick=45 ns=164800
route-tick round=0 red=false repeats=2048 tick=46 ns=164500
route-tick round=0 red=false repeats=2048 tick=47 ns=164600
route-tick round=0 red=false repeats=2048 tick=48 ns=168300
route-tick round=0 red=false repeats=2048 tick=49 ns=165200
route-tick round=0 red=false repeats=2048 tick=50 ns=165000
route-tick round=0 red=false repeats=2048 tick=51 ns=165200
route-tick round=0 red=false repeats=2048 tick=52 ns=165500
route-tick round=0 red=false repeats=2048 tick=53 ns=165400
route-tick round=0 red=false repeats=2048 tick=54 ns=165400
route-tick round=0 red=false repeats=2048 tick=55 ns=165400
route-tick round=0 red=false repeats=2048 tick=56 ns=165300
route-tick round=0 red=false repeats=2048 tick=57 ns=165100
route-tick round=0 red=false repeats=2048 tick=58 ns=165000
route-tick round=0 red=false repeats=2048 tick=59 ns=166800
route-tick round=0 red=false repeats=2048 tick=60 ns=165000
route-tick round=0 red=false repeats=2048 tick=61 ns=165000
route-tick round=0 red=false repeats=2048 tick=62 ns=169800
route-tick round=0 red=false repeats=2048 tick=63 ns=165400
route-tick round=0 red=false repeats=2048 tick=64 ns=165300
route-tick round=0 red=false repeats=2048 tick=65 ns=165600
route-tick round=0 red=false repeats=2048 tick=66 ns=165400
route-tick round=0 red=false repeats=2048 tick=67 ns=165800
route-tick round=0 red=false repeats=2048 tick=68 ns=218000
route-tick round=0 red=false repeats=2048 tick=69 ns=259500
route-tick round=0 red=false repeats=2048 tick=70 ns=168700
route-tick round=0 red=false repeats=2048 tick=71 ns=167200
route-tick round=0 red=false repeats=2048 tick=72 ns=166400
route-tick round=0 red=false repeats=2048 tick=73 ns=166500
route-tick round=0 red=false repeats=2048 tick=74 ns=166300
route-tick round=0 red=false repeats=2048 tick=75 ns=166600
route-tick round=0 red=false repeats=2048 tick=76 ns=165700
route-tick round=0 red=false repeats=2048 tick=77 ns=165800
route-tick round=0 red=false repeats=2048 tick=78 ns=165500
route-tick round=0 red=false repeats=2048 tick=79 ns=167400
route-tick round=0 red=false repeats=2048 tick=80 ns=164600
route-tick round=0 red=false repeats=2048 tick=81 ns=164800
route-tick round=0 red=false repeats=2048 tick=82 ns=164700
route-tick round=0 red=false repeats=2048 tick=83 ns=164700
route-tick round=0 red=false repeats=2048 tick=84 ns=164700
route-tick round=0 red=false repeats=2048 tick=85 ns=164700
route-tick round=0 red=false repeats=2048 tick=86 ns=164500
route-tick round=0 red=false repeats=2048 tick=87 ns=164600
route-tick round=0 red=false repeats=2048 tick=88 ns=164600
route-tick round=0 red=false repeats=2048 tick=89 ns=166600
route-tick round=0 red=false repeats=2048 tick=90 ns=164500
route-tick round=0 red=false repeats=2048 tick=91 ns=163400
route-tick round=0 red=false repeats=2048 tick=92 ns=163400
route-tick round=0 red=false repeats=2048 tick=93 ns=163500
route-tick round=0 red=false repeats=2048 tick=94 ns=163600
route-tick round=0 red=false repeats=2048 tick=95 ns=163500
route-tick round=0 red=false repeats=2048 tick=96 ns=163300
route-tick round=0 red=false repeats=2048 tick=97 ns=164600
route-tick round=0 red=false repeats=2048 tick=98 ns=164600
route-tick round=0 red=false repeats=2048 tick=99 ns=164600
route-tick round=0 red=false repeats=2048 tick=100 ns=166500
route-tick round=0 red=false repeats=2048 tick=101 ns=164500
route-tick round=0 red=false repeats=2048 tick=102 ns=164500
route-tick round=0 red=false repeats=2048 tick=103 ns=164400
route-tick round=0 red=false repeats=2048 tick=104 ns=164500
route-tick round=0 red=false repeats=2048 tick=105 ns=164300
route-tick round=0 red=false repeats=2048 tick=106 ns=164300
route-tick round=0 red=false repeats=2048 tick=107 ns=164300
route-tick round=0 red=false repeats=2048 tick=108 ns=164500
route-tick round=0 red=false repeats=2048 tick=109 ns=164200
route-tick round=0 red=false repeats=2048 tick=110 ns=164000
route-tick round=0 red=false repeats=2048 tick=111 ns=165800
route-tick round=0 red=false repeats=2048 tick=112 ns=164100
route-tick round=0 red=false repeats=2048 tick=113 ns=164000
route-tick round=0 red=false repeats=2048 tick=114 ns=163900
route-tick round=0 red=false repeats=2048 tick=115 ns=164500
route-tick round=0 red=false repeats=2048 tick=116 ns=164900
route-tick round=0 red=false repeats=2048 tick=117 ns=164700
route-tick round=0 red=false repeats=2048 tick=118 ns=164900
route-tick round=0 red=false repeats=2048 tick=119 ns=165200
route-tick round=0 red=false repeats=2048 tick=120 ns=164700
route-tick round=0 red=false repeats=2048 tick=121 ns=166700
route-tick round=0 red=false repeats=2048 tick=122 ns=164600
route-tick round=0 red=false repeats=2048 tick=123 ns=164500
route-tick round=0 red=false repeats=2048 tick=124 ns=164300
route-tick round=0 red=false repeats=2048 tick=125 ns=164500
route-tick round=0 red=false repeats=2048 tick=126 ns=164600
route-tick round=0 red=false repeats=2048 tick=127 ns=165300
route-end round=0 red=false repeats=2048 vehicles=512 warm=16 steps=128 build_ns=4776000 state_sum=1332736691 input=Sha256Digest(dbdb2fe4068e72fa17390d83d3a985117250c67adb797ac44577841e976a941c)
route-tick round=0 red=true repeats=8 tick=0 ns=106400
route-tick round=0 red=true repeats=8 tick=1 ns=110600
route-tick round=0 red=true repeats=8 tick=2 ns=106100
route-tick round=0 red=true repeats=8 tick=3 ns=106000
route-tick round=0 red=true repeats=8 tick=4 ns=106100
route-tick round=0 red=true repeats=8 tick=5 ns=111600
route-tick round=0 red=true repeats=8 tick=6 ns=106900
route-tick round=0 red=true repeats=8 tick=7 ns=106300
route-tick round=0 red=true repeats=8 tick=8 ns=106700
route-tick round=0 red=true repeats=8 tick=9 ns=107000
route-tick round=0 red=true repeats=8 tick=10 ns=112400
route-tick round=0 red=true repeats=8 tick=11 ns=109100
route-tick round=0 red=true repeats=8 tick=12 ns=107100
route-tick round=0 red=true repeats=8 tick=13 ns=107000
route-tick round=0 red=true repeats=8 tick=14 ns=107100
route-tick round=0 red=true repeats=8 tick=15 ns=112700
route-tick round=0 red=true repeats=8 tick=16 ns=106900
route-tick round=0 red=true repeats=8 tick=17 ns=107400
route-tick round=0 red=true repeats=8 tick=18 ns=108100
route-tick round=0 red=true repeats=8 tick=19 ns=112400
route-tick round=0 red=true repeats=8 tick=20 ns=108000
route-tick round=0 red=true repeats=8 tick=21 ns=108200
route-tick round=0 red=true repeats=8 tick=22 ns=147200
route-tick round=0 red=true repeats=8 tick=23 ns=121200
route-tick round=0 red=true repeats=8 tick=24 ns=108200
route-tick round=0 red=true repeats=8 tick=25 ns=108000
route-tick round=0 red=true repeats=8 tick=26 ns=108500
route-tick round=0 red=true repeats=8 tick=27 ns=110800
route-tick round=0 red=true repeats=8 tick=28 ns=114800
route-tick round=0 red=true repeats=8 tick=29 ns=108600
route-tick round=0 red=true repeats=8 tick=30 ns=108700
route-tick round=0 red=true repeats=8 tick=31 ns=108500
route-tick round=0 red=true repeats=8 tick=32 ns=111000
route-tick round=0 red=true repeats=8 tick=33 ns=110800
route-tick round=0 red=true repeats=8 tick=34 ns=108800
route-tick round=0 red=true repeats=8 tick=35 ns=108400
route-tick round=0 red=true repeats=8 tick=36 ns=108700
route-tick round=0 red=true repeats=8 tick=37 ns=127500
route-tick round=0 red=true repeats=8 tick=38 ns=108900
route-tick round=0 red=true repeats=8 tick=39 ns=108900
route-tick round=0 red=true repeats=8 tick=40 ns=108700
route-tick round=0 red=true repeats=8 tick=41 ns=112600
route-tick round=0 red=true repeats=8 tick=42 ns=111600
route-tick round=0 red=true repeats=8 tick=43 ns=110800
route-tick round=0 red=true repeats=8 tick=44 ns=108500
route-tick round=0 red=true repeats=8 tick=45 ns=108300
route-tick round=0 red=true repeats=8 tick=46 ns=113600
route-tick round=0 red=true repeats=8 tick=47 ns=108200
route-tick round=0 red=true repeats=8 tick=48 ns=108000
route-tick round=0 red=true repeats=8 tick=49 ns=108100
route-tick round=0 red=true repeats=8 tick=50 ns=108100
route-tick round=0 red=true repeats=8 tick=51 ns=113500
route-tick round=0 red=true repeats=8 tick=52 ns=108300
route-tick round=0 red=true repeats=8 tick=53 ns=108400
route-tick round=0 red=true repeats=8 tick=54 ns=108100
route-tick round=0 red=true repeats=8 tick=55 ns=113400
route-tick round=0 red=true repeats=8 tick=56 ns=107800
route-tick round=0 red=true repeats=8 tick=57 ns=107900
route-tick round=0 red=true repeats=8 tick=58 ns=114700
route-tick round=0 red=true repeats=8 tick=59 ns=132200
route-tick round=0 red=true repeats=8 tick=60 ns=154900
route-tick round=0 red=true repeats=8 tick=61 ns=319000
route-tick round=0 red=true repeats=8 tick=62 ns=159900
route-tick round=0 red=true repeats=8 tick=63 ns=159900
route-tick round=0 red=true repeats=8 tick=64 ns=161000
route-tick round=0 red=true repeats=8 tick=65 ns=157500
route-tick round=0 red=true repeats=8 tick=66 ns=156600
route-tick round=0 red=true repeats=8 tick=67 ns=162100
route-tick round=0 red=true repeats=8 tick=68 ns=169600
route-tick round=0 red=true repeats=8 tick=69 ns=163500
route-tick round=0 red=true repeats=8 tick=70 ns=172900
route-tick round=0 red=true repeats=8 tick=71 ns=164300
route-tick round=0 red=true repeats=8 tick=72 ns=165500
route-tick round=0 red=true repeats=8 tick=73 ns=159900
route-tick round=0 red=true repeats=8 tick=74 ns=111700
route-tick round=0 red=true repeats=8 tick=75 ns=111300
route-tick round=0 red=true repeats=8 tick=76 ns=111600
route-tick round=0 red=true repeats=8 tick=77 ns=111500
route-tick round=0 red=true repeats=8 tick=78 ns=111200
route-tick round=0 red=true repeats=8 tick=79 ns=111200
route-tick round=0 red=true repeats=8 tick=80 ns=111600
route-tick round=0 red=true repeats=8 tick=81 ns=111800
route-tick round=0 red=true repeats=8 tick=82 ns=112700
route-tick round=0 red=true repeats=8 tick=83 ns=112500
route-tick round=0 red=true repeats=8 tick=84 ns=115800
route-tick round=0 red=true repeats=8 tick=85 ns=112900
route-tick round=0 red=true repeats=8 tick=86 ns=112500
route-tick round=0 red=true repeats=8 tick=87 ns=112800
route-tick round=0 red=true repeats=8 tick=88 ns=112900
route-tick round=0 red=true repeats=8 tick=89 ns=112700
route-tick round=0 red=true repeats=8 tick=90 ns=113600
route-tick round=0 red=true repeats=8 tick=91 ns=113000
route-tick round=0 red=true repeats=8 tick=92 ns=112700
route-tick round=0 red=true repeats=8 tick=93 ns=112800
route-tick round=0 red=true repeats=8 tick=94 ns=112800
route-tick round=0 red=true repeats=8 tick=95 ns=112800
route-tick round=0 red=true repeats=8 tick=96 ns=112900
route-tick round=0 red=true repeats=8 tick=97 ns=113000
route-tick round=0 red=true repeats=8 tick=98 ns=112900
route-tick round=0 red=true repeats=8 tick=99 ns=115000
route-tick round=0 red=true repeats=8 tick=100 ns=114000
route-tick round=0 red=true repeats=8 tick=101 ns=113500
route-tick round=0 red=true repeats=8 tick=102 ns=113700
route-tick round=0 red=true repeats=8 tick=103 ns=113500
route-tick round=0 red=true repeats=8 tick=104 ns=113800
route-tick round=0 red=true repeats=8 tick=105 ns=113700
route-tick round=0 red=true repeats=8 tick=106 ns=113800
route-tick round=0 red=true repeats=8 tick=107 ns=114000
route-tick round=0 red=true repeats=8 tick=108 ns=113600
route-tick round=0 red=true repeats=8 tick=109 ns=112800
route-tick round=0 red=true repeats=8 tick=110 ns=113000
route-tick round=0 red=true repeats=8 tick=111 ns=112900
route-tick round=0 red=true repeats=8 tick=112 ns=112800
route-tick round=0 red=true repeats=8 tick=113 ns=112800
route-tick round=0 red=true repeats=8 tick=114 ns=112500
route-tick round=0 red=true repeats=8 tick=115 ns=114500
route-tick round=0 red=true repeats=8 tick=116 ns=112800
route-tick round=0 red=true repeats=8 tick=117 ns=112700
route-tick round=0 red=true repeats=8 tick=118 ns=112100
route-tick round=0 red=true repeats=8 tick=119 ns=112100
route-tick round=0 red=true repeats=8 tick=120 ns=112200
route-tick round=0 red=true repeats=8 tick=121 ns=112000
route-tick round=0 red=true repeats=8 tick=122 ns=112000
route-tick round=0 red=true repeats=8 tick=123 ns=111900
route-tick round=0 red=true repeats=8 tick=124 ns=112100
route-tick round=0 red=true repeats=8 tick=125 ns=112000
route-tick round=0 red=true repeats=8 tick=126 ns=111800
route-tick round=0 red=true repeats=8 tick=127 ns=111800
route-end round=0 red=true repeats=8 vehicles=512 warm=16 steps=128 build_ns=7100 state_sum=1332736691 input=Sha256Digest(da37035127a8b1079a3e8319d572236805eb3c37858354239e86851e4cfbe2d4)
route-tick round=0 red=true repeats=128 tick=0 ns=130500
route-tick round=0 red=true repeats=128 tick=1 ns=130200
route-tick round=0 red=true repeats=128 tick=2 ns=130600
route-tick round=0 red=true repeats=128 tick=3 ns=131500
route-tick round=0 red=true repeats=128 tick=4 ns=130500
route-tick round=0 red=true repeats=128 tick=5 ns=130300
route-tick round=0 red=true repeats=128 tick=6 ns=130500
route-tick round=0 red=true repeats=128 tick=7 ns=130300
route-tick round=0 red=true repeats=128 tick=8 ns=130500
route-tick round=0 red=true repeats=128 tick=9 ns=132400
route-tick round=0 red=true repeats=128 tick=10 ns=130400
route-tick round=0 red=true repeats=128 tick=11 ns=130500
route-tick round=0 red=true repeats=128 tick=12 ns=130300
route-tick round=0 red=true repeats=128 tick=13 ns=130500
route-tick round=0 red=true repeats=128 tick=14 ns=130600
route-tick round=0 red=true repeats=128 tick=15 ns=130500
route-tick round=0 red=true repeats=128 tick=16 ns=130500
route-tick round=0 red=true repeats=128 tick=17 ns=130600
route-tick round=0 red=true repeats=128 tick=18 ns=130500
route-tick round=0 red=true repeats=128 tick=19 ns=131400
route-tick round=0 red=true repeats=128 tick=20 ns=131700
route-tick round=0 red=true repeats=128 tick=21 ns=131700
route-tick round=0 red=true repeats=128 tick=22 ns=134000
route-tick round=0 red=true repeats=128 tick=23 ns=131900
route-tick round=0 red=true repeats=128 tick=24 ns=131700
route-tick round=0 red=true repeats=128 tick=25 ns=131600
route-tick round=0 red=true repeats=128 tick=26 ns=131900
route-tick round=0 red=true repeats=128 tick=27 ns=132400
route-tick round=0 red=true repeats=128 tick=28 ns=132400
route-tick round=0 red=true repeats=128 tick=29 ns=132400
route-tick round=0 red=true repeats=128 tick=30 ns=132300
route-tick round=0 red=true repeats=128 tick=31 ns=132100
route-tick round=0 red=true repeats=128 tick=32 ns=132100
route-tick round=0 red=true repeats=128 tick=33 ns=132200
route-tick round=0 red=true repeats=128 tick=34 ns=132800
route-tick round=0 red=true repeats=128 tick=35 ns=135200
route-tick round=0 red=true repeats=128 tick=36 ns=133100
route-tick round=0 red=true repeats=128 tick=37 ns=133100
route-tick round=0 red=true repeats=128 tick=38 ns=133000
route-tick round=0 red=true repeats=128 tick=39 ns=133000
route-tick round=0 red=true repeats=128 tick=40 ns=133300
route-tick round=0 red=true repeats=128 tick=41 ns=133300
route-tick round=0 red=true repeats=128 tick=42 ns=133800
route-tick round=0 red=true repeats=128 tick=43 ns=133500
route-tick round=0 red=true repeats=128 tick=44 ns=133700
route-tick round=0 red=true repeats=128 tick=45 ns=133600
route-tick round=0 red=true repeats=128 tick=46 ns=133600
route-tick round=0 red=true repeats=128 tick=47 ns=133800
route-tick round=0 red=true repeats=128 tick=48 ns=135200
route-tick round=0 red=true repeats=128 tick=49 ns=133600
route-tick round=0 red=true repeats=128 tick=50 ns=133800
route-tick round=0 red=true repeats=128 tick=51 ns=133500
route-tick round=0 red=true repeats=128 tick=52 ns=133900
route-tick round=0 red=true repeats=128 tick=53 ns=133900
route-tick round=0 red=true repeats=128 tick=54 ns=133900
route-tick round=0 red=true repeats=128 tick=55 ns=134000
route-tick round=0 red=true repeats=128 tick=56 ns=134100
route-tick round=0 red=true repeats=128 tick=57 ns=134000
route-tick round=0 red=true repeats=128 tick=58 ns=139200
route-tick round=0 red=true repeats=128 tick=59 ns=134100
route-tick round=0 red=true repeats=128 tick=60 ns=134000
route-tick round=0 red=true repeats=128 tick=61 ns=135900
route-tick round=0 red=true repeats=128 tick=62 ns=133800
route-tick round=0 red=true repeats=128 tick=63 ns=133800
route-tick round=0 red=true repeats=128 tick=64 ns=134200
route-tick round=0 red=true repeats=128 tick=65 ns=134300
route-tick round=0 red=true repeats=128 tick=66 ns=134000
route-tick round=0 red=true repeats=128 tick=67 ns=134300
route-tick round=0 red=true repeats=128 tick=68 ns=134000
route-tick round=0 red=true repeats=128 tick=69 ns=134200
route-tick round=0 red=true repeats=128 tick=70 ns=134400
route-tick round=0 red=true repeats=128 tick=71 ns=134500
route-tick round=0 red=true repeats=128 tick=72 ns=135000
route-tick round=0 red=true repeats=128 tick=73 ns=134700
route-tick round=0 red=true repeats=128 tick=74 ns=136700
route-tick round=0 red=true repeats=128 tick=75 ns=135000
route-tick round=0 red=true repeats=128 tick=76 ns=135000
route-tick round=0 red=true repeats=128 tick=77 ns=134700
route-tick round=0 red=true repeats=128 tick=78 ns=134900
route-tick round=0 red=true repeats=128 tick=79 ns=135300
route-tick round=0 red=true repeats=128 tick=80 ns=135100
route-tick round=0 red=true repeats=128 tick=81 ns=135200
route-tick round=0 red=true repeats=128 tick=82 ns=135100
route-tick round=0 red=true repeats=128 tick=83 ns=135400
route-tick round=0 red=true repeats=128 tick=84 ns=135400
route-tick round=0 red=true repeats=128 tick=85 ns=135200
route-tick round=0 red=true repeats=128 tick=86 ns=135300
route-tick round=0 red=true repeats=128 tick=87 ns=137200
route-tick round=0 red=true repeats=128 tick=88 ns=203500
route-tick round=0 red=true repeats=128 tick=89 ns=136300
route-tick round=0 red=true repeats=128 tick=90 ns=135500
route-tick round=0 red=true repeats=128 tick=91 ns=135100
route-tick round=0 red=true repeats=128 tick=92 ns=135300
route-tick round=0 red=true repeats=128 tick=93 ns=135300
route-tick round=0 red=true repeats=128 tick=94 ns=135300
route-tick round=0 red=true repeats=128 tick=95 ns=135400
route-tick round=0 red=true repeats=128 tick=96 ns=135200
route-tick round=0 red=true repeats=128 tick=97 ns=135100
route-tick round=0 red=true repeats=128 tick=98 ns=135400
route-tick round=0 red=true repeats=128 tick=99 ns=137300
route-tick round=0 red=true repeats=128 tick=100 ns=135200
route-tick round=0 red=true repeats=128 tick=101 ns=134800
route-tick round=0 red=true repeats=128 tick=102 ns=134900
route-tick round=0 red=true repeats=128 tick=103 ns=134800
route-tick round=0 red=true repeats=128 tick=104 ns=134700
route-tick round=0 red=true repeats=128 tick=105 ns=134100
route-tick round=0 red=true repeats=128 tick=106 ns=134500
route-tick round=0 red=true repeats=128 tick=107 ns=134700
route-tick round=0 red=true repeats=128 tick=108 ns=134700
route-tick round=0 red=true repeats=128 tick=109 ns=134900
route-tick round=0 red=true repeats=128 tick=110 ns=135200
route-tick round=0 red=true repeats=128 tick=111 ns=135300
route-tick round=0 red=true repeats=128 tick=112 ns=137500
route-tick round=0 red=true repeats=128 tick=113 ns=135600
route-tick round=0 red=true repeats=128 tick=114 ns=135000
route-tick round=0 red=true repeats=128 tick=115 ns=135500
route-tick round=0 red=true repeats=128 tick=116 ns=136000
route-tick round=0 red=true repeats=128 tick=117 ns=136300
route-tick round=0 red=true repeats=128 tick=118 ns=135900
route-tick round=0 red=true repeats=128 tick=119 ns=136000
route-tick round=0 red=true repeats=128 tick=120 ns=135900
route-tick round=0 red=true repeats=128 tick=121 ns=136000
route-tick round=0 red=true repeats=128 tick=122 ns=135600
route-tick round=0 red=true repeats=128 tick=123 ns=135800
route-tick round=0 red=true repeats=128 tick=124 ns=135800
route-tick round=0 red=true repeats=128 tick=125 ns=137400
route-tick round=0 red=true repeats=128 tick=126 ns=135600
route-tick round=0 red=true repeats=128 tick=127 ns=135500
route-end round=0 red=true repeats=128 vehicles=512 warm=16 steps=128 build_ns=49600 state_sum=1332736691 input=Sha256Digest(da37035127a8b1079a3e8319d572236805eb3c37858354239e86851e4cfbe2d4)
route-tick round=0 red=true repeats=2048 tick=0 ns=291500
route-tick round=0 red=true repeats=2048 tick=1 ns=164200
route-tick round=0 red=true repeats=2048 tick=2 ns=167200
route-tick round=0 red=true repeats=2048 tick=3 ns=164000
route-tick round=0 red=true repeats=2048 tick=4 ns=163800
route-tick round=0 red=true repeats=2048 tick=5 ns=167800
route-tick round=0 red=true repeats=2048 tick=6 ns=164100
route-tick round=0 red=true repeats=2048 tick=7 ns=164000
route-tick round=0 red=true repeats=2048 tick=8 ns=278900
route-tick round=0 red=true repeats=2048 tick=9 ns=228400
route-tick round=0 red=true repeats=2048 tick=10 ns=175000
route-tick round=0 red=true repeats=2048 tick=11 ns=166000
route-tick round=0 red=true repeats=2048 tick=12 ns=165300
route-tick round=0 red=true repeats=2048 tick=13 ns=165100
route-tick round=0 red=true repeats=2048 tick=14 ns=175700
route-tick round=0 red=true repeats=2048 tick=15 ns=165800
route-tick round=0 red=true repeats=2048 tick=16 ns=165800
route-tick round=0 red=true repeats=2048 tick=17 ns=168800
route-tick round=0 red=true repeats=2048 tick=18 ns=166200
route-tick round=0 red=true repeats=2048 tick=19 ns=166100
route-tick round=0 red=true repeats=2048 tick=20 ns=171300
route-tick round=0 red=true repeats=2048 tick=21 ns=166800
route-tick round=0 red=true repeats=2048 tick=22 ns=167600
route-tick round=0 red=true repeats=2048 tick=23 ns=343200
route-tick round=0 red=true repeats=2048 tick=24 ns=168300
route-tick round=0 red=true repeats=2048 tick=25 ns=170800
route-tick round=0 red=true repeats=2048 tick=26 ns=167200
route-tick round=0 red=true repeats=2048 tick=27 ns=166400
route-tick round=0 red=true repeats=2048 tick=28 ns=169200
route-tick round=0 red=true repeats=2048 tick=29 ns=166500
route-tick round=0 red=true repeats=2048 tick=30 ns=166600
route-tick round=0 red=true repeats=2048 tick=31 ns=169000
route-tick round=0 red=true repeats=2048 tick=32 ns=167100
route-tick round=0 red=true repeats=2048 tick=33 ns=179000
route-tick round=0 red=true repeats=2048 tick=34 ns=170400
route-tick round=0 red=true repeats=2048 tick=35 ns=167700
route-tick round=0 red=true repeats=2048 tick=36 ns=168000
route-tick round=0 red=true repeats=2048 tick=37 ns=173200
route-tick round=0 red=true repeats=2048 tick=38 ns=168800
route-tick round=0 red=true repeats=2048 tick=39 ns=168900
route-tick round=0 red=true repeats=2048 tick=40 ns=171600
route-tick round=0 red=true repeats=2048 tick=41 ns=168800
route-tick round=0 red=true repeats=2048 tick=42 ns=168600
route-tick round=0 red=true repeats=2048 tick=43 ns=173200
route-tick round=0 red=true repeats=2048 tick=44 ns=169900
route-tick round=0 red=true repeats=2048 tick=45 ns=170300
route-tick round=0 red=true repeats=2048 tick=46 ns=327700
route-tick round=0 red=true repeats=2048 tick=47 ns=171200
route-tick round=0 red=true repeats=2048 tick=48 ns=172700
route-tick round=0 red=true repeats=2048 tick=49 ns=201700
route-tick round=0 red=true repeats=2048 tick=50 ns=174000
route-tick round=0 red=true repeats=2048 tick=51 ns=170400
route-tick round=0 red=true repeats=2048 tick=52 ns=170200
route-tick round=0 red=true repeats=2048 tick=53 ns=172800
route-tick round=0 red=true repeats=2048 tick=54 ns=170400
route-tick round=0 red=true repeats=2048 tick=55 ns=168400
route-tick round=0 red=true repeats=2048 tick=56 ns=168800
route-tick round=0 red=true repeats=2048 tick=57 ns=166300
route-tick round=0 red=true repeats=2048 tick=58 ns=166900
route-tick round=0 red=true repeats=2048 tick=59 ns=195300
route-tick round=0 red=true repeats=2048 tick=60 ns=166400
route-tick round=0 red=true repeats=2048 tick=61 ns=165600
route-tick round=0 red=true repeats=2048 tick=62 ns=168100
route-tick round=0 red=true repeats=2048 tick=63 ns=165400
route-tick round=0 red=true repeats=2048 tick=64 ns=165500
route-tick round=0 red=true repeats=2048 tick=65 ns=213600
route-tick round=0 red=true repeats=2048 tick=66 ns=165200
route-tick round=0 red=true repeats=2048 tick=67 ns=201400
route-tick round=0 red=true repeats=2048 tick=68 ns=454600
route-tick round=0 red=true repeats=2048 tick=69 ns=168600
route-tick round=0 red=true repeats=2048 tick=70 ns=164100
route-tick round=0 red=true repeats=2048 tick=71 ns=163500
route-tick round=0 red=true repeats=2048 tick=72 ns=166200
route-tick round=0 red=true repeats=2048 tick=73 ns=163500
route-tick round=0 red=true repeats=2048 tick=74 ns=163400
route-tick round=0 red=true repeats=2048 tick=75 ns=166200
route-tick round=0 red=true repeats=2048 tick=76 ns=163300
route-tick round=0 red=true repeats=2048 tick=77 ns=163800
route-tick round=0 red=true repeats=2048 tick=78 ns=170900
route-tick round=0 red=true repeats=2048 tick=79 ns=163800
route-tick round=0 red=true repeats=2048 tick=80 ns=163800
route-tick round=0 red=true repeats=2048 tick=81 ns=166400
route-tick round=0 red=true repeats=2048 tick=82 ns=201700
route-tick round=0 red=true repeats=2048 tick=83 ns=163100
route-tick round=0 red=true repeats=2048 tick=84 ns=190900
route-tick round=0 red=true repeats=2048 tick=85 ns=163000
route-tick round=0 red=true repeats=2048 tick=86 ns=162800
route-tick round=0 red=true repeats=2048 tick=87 ns=165200
route-tick round=0 red=true repeats=2048 tick=88 ns=162700
route-tick round=0 red=true repeats=2048 tick=89 ns=162100
route-tick round=0 red=true repeats=2048 tick=90 ns=164500
route-tick round=0 red=true repeats=2048 tick=91 ns=162300
route-tick round=0 red=true repeats=2048 tick=92 ns=162100
route-tick round=0 red=true repeats=2048 tick=93 ns=483100
route-tick round=0 red=true repeats=2048 tick=94 ns=166600
route-tick round=0 red=true repeats=2048 tick=95 ns=163000
route-tick round=0 red=true repeats=2048 tick=96 ns=162900
route-tick round=0 red=true repeats=2048 tick=97 ns=166200
route-tick round=0 red=true repeats=2048 tick=98 ns=163400
route-tick round=0 red=true repeats=2048 tick=99 ns=163400
route-tick round=0 red=true repeats=2048 tick=100 ns=167000
route-tick round=0 red=true repeats=2048 tick=101 ns=163600
route-tick round=0 red=true repeats=2048 tick=102 ns=163300
route-tick round=0 red=true repeats=2048 tick=103 ns=186000
route-tick round=0 red=true repeats=2048 tick=104 ns=163400
route-tick round=0 red=true repeats=2048 tick=105 ns=163000
route-tick round=0 red=true repeats=2048 tick=106 ns=164800
route-tick round=0 red=true repeats=2048 tick=107 ns=162700
route-tick round=0 red=true repeats=2048 tick=108 ns=162900
route-tick round=0 red=true repeats=2048 tick=109 ns=164800
route-tick round=0 red=true repeats=2048 tick=110 ns=162700
route-tick round=0 red=true repeats=2048 tick=111 ns=162600
route-tick round=0 red=true repeats=2048 tick=112 ns=164900
route-tick round=0 red=true repeats=2048 tick=113 ns=163100
route-tick round=0 red=true repeats=2048 tick=114 ns=163100
route-tick round=0 red=true repeats=2048 tick=115 ns=165000
route-tick round=0 red=true repeats=2048 tick=116 ns=299600
route-tick round=0 red=true repeats=2048 tick=117 ns=166300
route-tick round=0 red=true repeats=2048 tick=118 ns=164300
route-tick round=0 red=true repeats=2048 tick=119 ns=164400
route-tick round=0 red=true repeats=2048 tick=120 ns=170100
route-tick round=0 red=true repeats=2048 tick=121 ns=164400
route-tick round=0 red=true repeats=2048 tick=122 ns=186200
route-tick round=0 red=true repeats=2048 tick=123 ns=170200
route-tick round=0 red=true repeats=2048 tick=124 ns=166400
route-tick round=0 red=true repeats=2048 tick=125 ns=166100
route-tick round=0 red=true repeats=2048 tick=126 ns=168100
route-tick round=0 red=true repeats=2048 tick=127 ns=166000
route-end round=0 red=true repeats=2048 vehicles=512 warm=16 steps=128 build_ns=5464900 state_sum=1332736691 input=Sha256Digest(da37035127a8b1079a3e8319d572236805eb3c37858354239e86851e4cfbe2d4)
route-tick round=1 red=false repeats=2048 tick=0 ns=171400
route-tick round=1 red=false repeats=2048 tick=1 ns=170400
route-tick round=1 red=false repeats=2048 tick=2 ns=170400
route-tick round=1 red=false repeats=2048 tick=3 ns=170500
route-tick round=1 red=false repeats=2048 tick=4 ns=202000
route-tick round=1 red=false repeats=2048 tick=5 ns=266000
route-tick round=1 red=false repeats=2048 tick=6 ns=251000
route-tick round=1 red=false repeats=2048 tick=7 ns=170600
route-tick round=1 red=false repeats=2048 tick=8 ns=168400
route-tick round=1 red=false repeats=2048 tick=9 ns=167900
route-tick round=1 red=false repeats=2048 tick=10 ns=168500
route-tick round=1 red=false repeats=2048 tick=11 ns=168600
route-tick round=1 red=false repeats=2048 tick=12 ns=168400
route-tick round=1 red=false repeats=2048 tick=13 ns=177400
route-tick round=1 red=false repeats=2048 tick=14 ns=171600
route-tick round=1 red=false repeats=2048 tick=15 ns=168600
route-tick round=1 red=false repeats=2048 tick=16 ns=168200
route-tick round=1 red=false repeats=2048 tick=17 ns=169200
route-tick round=1 red=false repeats=2048 tick=18 ns=169100
route-tick round=1 red=false repeats=2048 tick=19 ns=169000
route-tick round=1 red=false repeats=2048 tick=20 ns=168500
route-tick round=1 red=false repeats=2048 tick=21 ns=167500
route-tick round=1 red=false repeats=2048 tick=22 ns=166800
route-tick round=1 red=false repeats=2048 tick=23 ns=166600
route-tick round=1 red=false repeats=2048 tick=24 ns=168600
route-tick round=1 red=false repeats=2048 tick=25 ns=166800
route-tick round=1 red=false repeats=2048 tick=26 ns=166600
route-tick round=1 red=false repeats=2048 tick=27 ns=167500
route-tick round=1 red=false repeats=2048 tick=28 ns=167400
route-tick round=1 red=false repeats=2048 tick=29 ns=167500
route-tick round=1 red=false repeats=2048 tick=30 ns=166900
route-tick round=1 red=false repeats=2048 tick=31 ns=166800
route-tick round=1 red=false repeats=2048 tick=32 ns=171000
route-tick round=1 red=false repeats=2048 tick=33 ns=167000
route-tick round=1 red=false repeats=2048 tick=34 ns=167600
route-tick round=1 red=false repeats=2048 tick=35 ns=169800
route-tick round=1 red=false repeats=2048 tick=36 ns=167800
route-tick round=1 red=false repeats=2048 tick=37 ns=168300
route-tick round=1 red=false repeats=2048 tick=38 ns=167400
route-tick round=1 red=false repeats=2048 tick=39 ns=167300
route-tick round=1 red=false repeats=2048 tick=40 ns=167900
route-tick round=1 red=false repeats=2048 tick=41 ns=167400
route-tick round=1 red=false repeats=2048 tick=42 ns=167300
route-tick round=1 red=false repeats=2048 tick=43 ns=167000
route-tick round=1 red=false repeats=2048 tick=44 ns=166900
route-tick round=1 red=false repeats=2048 tick=45 ns=167400
route-tick round=1 red=false repeats=2048 tick=46 ns=165100
route-tick round=1 red=false repeats=2048 tick=47 ns=165200
route-tick round=1 red=false repeats=2048 tick=48 ns=165100
route-tick round=1 red=false repeats=2048 tick=49 ns=165100
route-tick round=1 red=false repeats=2048 tick=50 ns=165100
route-tick round=1 red=false repeats=2048 tick=51 ns=165600
route-tick round=1 red=false repeats=2048 tick=52 ns=166400
route-tick round=1 red=false repeats=2048 tick=53 ns=165700
route-tick round=1 red=false repeats=2048 tick=54 ns=166500
route-tick round=1 red=false repeats=2048 tick=55 ns=166200
route-tick round=1 red=false repeats=2048 tick=56 ns=167800
route-tick round=1 red=false repeats=2048 tick=57 ns=165800
route-tick round=1 red=false repeats=2048 tick=58 ns=166100
route-tick round=1 red=false repeats=2048 tick=59 ns=166100
route-tick round=1 red=false repeats=2048 tick=60 ns=165900
route-tick round=1 red=false repeats=2048 tick=61 ns=165900
route-tick round=1 red=false repeats=2048 tick=62 ns=165800
route-tick round=1 red=false repeats=2048 tick=63 ns=165400
route-tick round=1 red=false repeats=2048 tick=64 ns=164700
route-tick round=1 red=false repeats=2048 tick=65 ns=164700
route-tick round=1 red=false repeats=2048 tick=66 ns=166700
route-tick round=1 red=false repeats=2048 tick=67 ns=164800
route-tick round=1 red=false repeats=2048 tick=68 ns=165000
route-tick round=1 red=false repeats=2048 tick=69 ns=164800
route-tick round=1 red=false repeats=2048 tick=70 ns=165400
route-tick round=1 red=false repeats=2048 tick=71 ns=165500
route-tick round=1 red=false repeats=2048 tick=72 ns=165400
route-tick round=1 red=false repeats=2048 tick=73 ns=165200
route-tick round=1 red=false repeats=2048 tick=74 ns=165300
route-tick round=1 red=false repeats=2048 tick=75 ns=165400
route-tick round=1 red=false repeats=2048 tick=76 ns=165300
route-tick round=1 red=false repeats=2048 tick=77 ns=167500
route-tick round=1 red=false repeats=2048 tick=78 ns=165500
route-tick round=1 red=false repeats=2048 tick=79 ns=165600
route-tick round=1 red=false repeats=2048 tick=80 ns=165500
route-tick round=1 red=false repeats=2048 tick=81 ns=166800
route-tick round=1 red=false repeats=2048 tick=82 ns=166300
route-tick round=1 red=false repeats=2048 tick=83 ns=212700
route-tick round=1 red=false repeats=2048 tick=84 ns=210400
route-tick round=1 red=false repeats=2048 tick=85 ns=167800
route-tick round=1 red=false repeats=2048 tick=86 ns=166800
route-tick round=1 red=false repeats=2048 tick=87 ns=171600
route-tick round=1 red=false repeats=2048 tick=88 ns=166700
route-tick round=1 red=false repeats=2048 tick=89 ns=166600
route-tick round=1 red=false repeats=2048 tick=90 ns=167300
route-tick round=1 red=false repeats=2048 tick=91 ns=166800
route-tick round=1 red=false repeats=2048 tick=92 ns=167100
route-tick round=1 red=false repeats=2048 tick=93 ns=166800
route-tick round=1 red=false repeats=2048 tick=94 ns=166200
route-tick round=1 red=false repeats=2048 tick=95 ns=166100
route-tick round=1 red=false repeats=2048 tick=96 ns=165700
route-tick round=1 red=false repeats=2048 tick=97 ns=169700
route-tick round=1 red=false repeats=2048 tick=98 ns=166100
route-tick round=1 red=false repeats=2048 tick=99 ns=165800
route-tick round=1 red=false repeats=2048 tick=100 ns=165800
route-tick round=1 red=false repeats=2048 tick=101 ns=165700
route-tick round=1 red=false repeats=2048 tick=102 ns=166000
route-tick round=1 red=false repeats=2048 tick=103 ns=165800
route-tick round=1 red=false repeats=2048 tick=104 ns=165400
route-tick round=1 red=false repeats=2048 tick=105 ns=164900
route-tick round=1 red=false repeats=2048 tick=106 ns=164800
route-tick round=1 red=false repeats=2048 tick=107 ns=166900
route-tick round=1 red=false repeats=2048 tick=108 ns=164900
route-tick round=1 red=false repeats=2048 tick=109 ns=164700
route-tick round=1 red=false repeats=2048 tick=110 ns=164900
route-tick round=1 red=false repeats=2048 tick=111 ns=164900
route-tick round=1 red=false repeats=2048 tick=112 ns=164700
route-tick round=1 red=false repeats=2048 tick=113 ns=165000
route-tick round=1 red=false repeats=2048 tick=114 ns=164700
route-tick round=1 red=false repeats=2048 tick=115 ns=164700
route-tick round=1 red=false repeats=2048 tick=116 ns=164800
route-tick round=1 red=false repeats=2048 tick=117 ns=165500
route-tick round=1 red=false repeats=2048 tick=118 ns=167600
route-tick round=1 red=false repeats=2048 tick=119 ns=165000
route-tick round=1 red=false repeats=2048 tick=120 ns=165100
route-tick round=1 red=false repeats=2048 tick=121 ns=165100
route-tick round=1 red=false repeats=2048 tick=122 ns=169200
route-tick round=1 red=false repeats=2048 tick=123 ns=165100
route-tick round=1 red=false repeats=2048 tick=124 ns=165200
route-tick round=1 red=false repeats=2048 tick=125 ns=165200
route-tick round=1 red=false repeats=2048 tick=126 ns=165200
route-tick round=1 red=false repeats=2048 tick=127 ns=165100
route-end round=1 red=false repeats=2048 vehicles=512 warm=16 steps=128 build_ns=4338000 state_sum=1332736691 input=Sha256Digest(dbdb2fe4068e72fa17390d83d3a985117250c67adb797ac44577841e976a941c)
route-tick round=1 red=false repeats=128 tick=0 ns=133200
route-tick round=1 red=false repeats=128 tick=1 ns=134000
route-tick round=1 red=false repeats=128 tick=2 ns=132200
route-tick round=1 red=false repeats=128 tick=3 ns=132100
route-tick round=1 red=false repeats=128 tick=4 ns=132300
route-tick round=1 red=false repeats=128 tick=5 ns=132600
route-tick round=1 red=false repeats=128 tick=6 ns=132700
route-tick round=1 red=false repeats=128 tick=7 ns=132700
route-tick round=1 red=false repeats=128 tick=8 ns=132700
route-tick round=1 red=false repeats=128 tick=9 ns=132400
route-tick round=1 red=false repeats=128 tick=10 ns=132600
route-tick round=1 red=false repeats=128 tick=11 ns=132600
route-tick round=1 red=false repeats=128 tick=12 ns=132700
route-tick round=1 red=false repeats=128 tick=13 ns=132900
route-tick round=1 red=false repeats=128 tick=14 ns=134600
route-tick round=1 red=false repeats=128 tick=15 ns=133300
route-tick round=1 red=false repeats=128 tick=16 ns=132900
route-tick round=1 red=false repeats=128 tick=17 ns=132700
route-tick round=1 red=false repeats=128 tick=18 ns=132700
route-tick round=1 red=false repeats=128 tick=19 ns=133100
route-tick round=1 red=false repeats=128 tick=20 ns=132700
route-tick round=1 red=false repeats=128 tick=21 ns=133500
route-tick round=1 red=false repeats=128 tick=22 ns=133700
route-tick round=1 red=false repeats=128 tick=23 ns=132900
route-tick round=1 red=false repeats=128 tick=24 ns=132900
route-tick round=1 red=false repeats=128 tick=25 ns=132700
route-tick round=1 red=false repeats=128 tick=26 ns=132700
route-tick round=1 red=false repeats=128 tick=27 ns=135200
route-tick round=1 red=false repeats=128 tick=28 ns=133400
route-tick round=1 red=false repeats=128 tick=29 ns=133300
route-tick round=1 red=false repeats=128 tick=30 ns=133400
route-tick round=1 red=false repeats=128 tick=31 ns=133400
route-tick round=1 red=false repeats=128 tick=32 ns=133900
route-tick round=1 red=false repeats=128 tick=33 ns=133900
route-tick round=1 red=false repeats=128 tick=34 ns=133700
route-tick round=1 red=false repeats=128 tick=35 ns=133300
route-tick round=1 red=false repeats=128 tick=36 ns=133100
route-tick round=1 red=false repeats=128 tick=37 ns=133800
route-tick round=1 red=false repeats=128 tick=38 ns=133200
route-tick round=1 red=false repeats=128 tick=39 ns=133300
route-tick round=1 red=false repeats=128 tick=40 ns=135600
route-tick round=1 red=false repeats=128 tick=41 ns=133400
route-tick round=1 red=false repeats=128 tick=42 ns=133700
route-tick round=1 red=false repeats=128 tick=43 ns=134400
route-tick round=1 red=false repeats=128 tick=44 ns=134300
route-tick round=1 red=false repeats=128 tick=45 ns=134600
route-tick round=1 red=false repeats=128 tick=46 ns=134100
route-tick round=1 red=false repeats=128 tick=47 ns=134400
route-tick round=1 red=false repeats=128 tick=48 ns=134400
route-tick round=1 red=false repeats=128 tick=49 ns=134400
route-tick round=1 red=false repeats=128 tick=50 ns=135500
route-tick round=1 red=false repeats=128 tick=51 ns=135100
route-tick round=1 red=false repeats=128 tick=52 ns=135600
route-tick round=1 red=false repeats=128 tick=53 ns=138800
route-tick round=1 red=false repeats=128 tick=54 ns=135100
route-tick round=1 red=false repeats=128 tick=55 ns=135100
route-tick round=1 red=false repeats=128 tick=56 ns=135000
route-tick round=1 red=false repeats=128 tick=57 ns=135500
route-tick round=1 red=false repeats=128 tick=58 ns=135600
route-tick round=1 red=false repeats=128 tick=59 ns=136300
route-tick round=1 red=false repeats=128 tick=60 ns=135900
route-tick round=1 red=false repeats=128 tick=61 ns=135900
route-tick round=1 red=false repeats=128 tick=62 ns=136100
route-tick round=1 red=false repeats=128 tick=63 ns=136000
route-tick round=1 red=false repeats=128 tick=64 ns=135900
route-tick round=1 red=false repeats=128 tick=65 ns=135500
route-tick round=1 red=false repeats=128 tick=66 ns=137700
route-tick round=1 red=false repeats=128 tick=67 ns=135500
route-tick round=1 red=false repeats=128 tick=68 ns=135400
route-tick round=1 red=false repeats=128 tick=69 ns=135600
route-tick round=1 red=false repeats=128 tick=70 ns=135900
route-tick round=1 red=false repeats=128 tick=71 ns=174700
route-tick round=1 red=false repeats=128 tick=72 ns=220700
route-tick round=1 red=false repeats=128 tick=73 ns=181700
route-tick round=1 red=false repeats=128 tick=74 ns=134800
route-tick round=1 red=false repeats=128 tick=75 ns=134900
route-tick round=1 red=false repeats=128 tick=76 ns=134700
route-tick round=1 red=false repeats=128 tick=77 ns=138900
route-tick round=1 red=false repeats=128 tick=78 ns=135300
route-tick round=1 red=false repeats=128 tick=79 ns=136600
route-tick round=1 red=false repeats=128 tick=80 ns=142600
route-tick round=1 red=false repeats=128 tick=81 ns=136600
route-tick round=1 red=false repeats=128 tick=82 ns=136500
route-tick round=1 red=false repeats=128 tick=83 ns=136600
route-tick round=1 red=false repeats=128 tick=84 ns=136400
route-tick round=1 red=false repeats=128 tick=85 ns=136700
route-tick round=1 red=false repeats=128 tick=86 ns=136600
route-tick round=1 red=false repeats=128 tick=87 ns=136500
route-tick round=1 red=false repeats=128 tick=88 ns=136400
route-tick round=1 red=false repeats=128 tick=89 ns=136300
route-tick round=1 red=false repeats=128 tick=90 ns=138700
route-tick round=1 red=false repeats=128 tick=91 ns=136300
route-tick round=1 red=false repeats=128 tick=92 ns=136400
route-tick round=1 red=false repeats=128 tick=93 ns=136400
route-tick round=1 red=false repeats=128 tick=94 ns=136200
route-tick round=1 red=false repeats=128 tick=95 ns=136200
route-tick round=1 red=false repeats=128 tick=96 ns=136100
route-tick round=1 red=false repeats=128 tick=97 ns=136300
route-tick round=1 red=false repeats=128 tick=98 ns=136600
route-tick round=1 red=false repeats=128 tick=99 ns=136200
route-tick round=1 red=false repeats=128 tick=100 ns=136500
route-tick round=1 red=false repeats=128 tick=101 ns=136500
route-tick round=1 red=false repeats=128 tick=102 ns=136400
route-tick round=1 red=false repeats=128 tick=103 ns=142600
route-tick round=1 red=false repeats=128 tick=104 ns=136300
route-tick round=1 red=false repeats=128 tick=105 ns=136200
route-tick round=1 red=false repeats=128 tick=106 ns=136500
route-tick round=1 red=false repeats=128 tick=107 ns=136500
route-tick round=1 red=false repeats=128 tick=108 ns=136500
route-tick round=1 red=false repeats=128 tick=109 ns=136400
route-tick round=1 red=false repeats=128 tick=110 ns=136600
route-tick round=1 red=false repeats=128 tick=111 ns=136700
route-tick round=1 red=false repeats=128 tick=112 ns=136500
route-tick round=1 red=false repeats=128 tick=113 ns=136500
route-tick round=1 red=false repeats=128 tick=114 ns=136700
route-tick round=1 red=false repeats=128 tick=115 ns=138700
route-tick round=1 red=false repeats=128 tick=116 ns=136600
route-tick round=1 red=false repeats=128 tick=117 ns=136800
route-tick round=1 red=false repeats=128 tick=118 ns=136800
route-tick round=1 red=false repeats=128 tick=119 ns=136800
route-tick round=1 red=false repeats=128 tick=120 ns=136700
route-tick round=1 red=false repeats=128 tick=121 ns=136600
route-tick round=1 red=false repeats=128 tick=122 ns=137500
route-tick round=1 red=false repeats=128 tick=123 ns=137000
route-tick round=1 red=false repeats=128 tick=124 ns=137300
route-tick round=1 red=false repeats=128 tick=125 ns=137400
route-tick round=1 red=false repeats=128 tick=126 ns=137500
route-tick round=1 red=false repeats=128 tick=127 ns=137700
route-end round=1 red=false repeats=128 vehicles=512 warm=16 steps=128 build_ns=48800 state_sum=1332736691 input=Sha256Digest(dbdb2fe4068e72fa17390d83d3a985117250c67adb797ac44577841e976a941c)
route-tick round=1 red=false repeats=8 tick=0 ns=107900
route-tick round=1 red=false repeats=8 tick=1 ns=112500
route-tick round=1 red=false repeats=8 tick=2 ns=107600
route-tick round=1 red=false repeats=8 tick=3 ns=107200
route-tick round=1 red=false repeats=8 tick=4 ns=107400
route-tick round=1 red=false repeats=8 tick=5 ns=111200
route-tick round=1 red=false repeats=8 tick=6 ns=107600
route-tick round=1 red=false repeats=8 tick=7 ns=107100
route-tick round=1 red=false repeats=8 tick=8 ns=107300
route-tick round=1 red=false repeats=8 tick=9 ns=107200
route-tick round=1 red=false repeats=8 tick=10 ns=111200
route-tick round=1 red=false repeats=8 tick=11 ns=107200
route-tick round=1 red=false repeats=8 tick=12 ns=107200
route-tick round=1 red=false repeats=8 tick=13 ns=107500
route-tick round=1 red=false repeats=8 tick=14 ns=110100
route-tick round=1 red=false repeats=8 tick=15 ns=110800
route-tick round=1 red=false repeats=8 tick=16 ns=107000
route-tick round=1 red=false repeats=8 tick=17 ns=106800
route-tick round=1 red=false repeats=8 tick=18 ns=106700
route-tick round=1 red=false repeats=8 tick=19 ns=110700
route-tick round=1 red=false repeats=8 tick=20 ns=107100
route-tick round=1 red=false repeats=8 tick=21 ns=106900
route-tick round=1 red=false repeats=8 tick=22 ns=106800
route-tick round=1 red=false repeats=8 tick=23 ns=106900
route-tick round=1 red=false repeats=8 tick=24 ns=110200
route-tick round=1 red=false repeats=8 tick=25 ns=107100
route-tick round=1 red=false repeats=8 tick=26 ns=107200
route-tick round=1 red=false repeats=8 tick=27 ns=107300
route-tick round=1 red=false repeats=8 tick=28 ns=110500
route-tick round=1 red=false repeats=8 tick=29 ns=107400
route-tick round=1 red=false repeats=8 tick=30 ns=118000
route-tick round=1 red=false repeats=8 tick=31 ns=142600
route-tick round=1 red=false repeats=8 tick=32 ns=107300
route-tick round=1 red=false repeats=8 tick=33 ns=110900
route-tick round=1 red=false repeats=8 tick=34 ns=107900
route-tick round=1 red=false repeats=8 tick=35 ns=107900
route-tick round=1 red=false repeats=8 tick=36 ns=107700
route-tick round=1 red=false repeats=8 tick=37 ns=112300
route-tick round=1 red=false repeats=8 tick=38 ns=107400
route-tick round=1 red=false repeats=8 tick=39 ns=107600
route-tick round=1 red=false repeats=8 tick=40 ns=107400
route-tick round=1 red=false repeats=8 tick=41 ns=107400
route-tick round=1 red=false repeats=8 tick=42 ns=111300
route-tick round=1 red=false repeats=8 tick=43 ns=108100
route-tick round=1 red=false repeats=8 tick=44 ns=108300
route-tick round=1 red=false repeats=8 tick=45 ns=108200
route-tick round=1 red=false repeats=8 tick=46 ns=111700
route-tick round=1 red=false repeats=8 tick=47 ns=110700
route-tick round=1 red=false repeats=8 tick=48 ns=108200
route-tick round=1 red=false repeats=8 tick=49 ns=108500
route-tick round=1 red=false repeats=8 tick=50 ns=108200
route-tick round=1 red=false repeats=8 tick=51 ns=111900
route-tick round=1 red=false repeats=8 tick=52 ns=108500
route-tick round=1 red=false repeats=8 tick=53 ns=108600
route-tick round=1 red=false repeats=8 tick=54 ns=131300
route-tick round=1 red=false repeats=8 tick=55 ns=112600
route-tick round=1 red=false repeats=8 tick=56 ns=108800
route-tick round=1 red=false repeats=8 tick=57 ns=108600
route-tick round=1 red=false repeats=8 tick=58 ns=108600
route-tick round=1 red=false repeats=8 tick=59 ns=108800
route-tick round=1 red=false repeats=8 tick=60 ns=112300
route-tick round=1 red=false repeats=8 tick=61 ns=108800
route-tick round=1 red=false repeats=8 tick=62 ns=124800
route-tick round=1 red=false repeats=8 tick=63 ns=133600
route-tick round=1 red=false repeats=8 tick=64 ns=142300
route-tick round=1 red=false repeats=8 tick=65 ns=108900
route-tick round=1 red=false repeats=8 tick=66 ns=108800
route-tick round=1 red=false repeats=8 tick=67 ns=124100
route-tick round=1 red=false repeats=8 tick=68 ns=135500
route-tick round=1 red=false repeats=8 tick=69 ns=108700
route-tick round=1 red=false repeats=8 tick=70 ns=108700
route-tick round=1 red=false repeats=8 tick=71 ns=108600
route-tick round=1 red=false repeats=8 tick=72 ns=108900
route-tick round=1 red=false repeats=8 tick=73 ns=112600
route-tick round=1 red=false repeats=8 tick=74 ns=108600
route-tick round=1 red=false repeats=8 tick=75 ns=108600
route-tick round=1 red=false repeats=8 tick=76 ns=109000
route-tick round=1 red=false repeats=8 tick=77 ns=115700
route-tick round=1 red=false repeats=8 tick=78 ns=109000
route-tick round=1 red=false repeats=8 tick=79 ns=109300
route-tick round=1 red=false repeats=8 tick=80 ns=109200
route-tick round=1 red=false repeats=8 tick=81 ns=109400
route-tick round=1 red=false repeats=8 tick=82 ns=113100
route-tick round=1 red=false repeats=8 tick=83 ns=109000
route-tick round=1 red=false repeats=8 tick=84 ns=109300
route-tick round=1 red=false repeats=8 tick=85 ns=109300
route-tick round=1 red=false repeats=8 tick=86 ns=113100
route-tick round=1 red=false repeats=8 tick=87 ns=109300
route-tick round=1 red=false repeats=8 tick=88 ns=108800
route-tick round=1 red=false repeats=8 tick=89 ns=108900
route-tick round=1 red=false repeats=8 tick=90 ns=108700
route-tick round=1 red=false repeats=8 tick=91 ns=164900
route-tick round=1 red=false repeats=8 tick=92 ns=201300
route-tick round=1 red=false repeats=8 tick=93 ns=114100
route-tick round=1 red=false repeats=8 tick=94 ns=114700
route-tick round=1 red=false repeats=8 tick=95 ns=110200
route-tick round=1 red=false repeats=8 tick=96 ns=110500
route-tick round=1 red=false repeats=8 tick=97 ns=110200
route-tick round=1 red=false repeats=8 tick=98 ns=114100
route-tick round=1 red=false repeats=8 tick=99 ns=110200
route-tick round=1 red=false repeats=8 tick=100 ns=110300
route-tick round=1 red=false repeats=8 tick=101 ns=110300
route-tick round=1 red=false repeats=8 tick=102 ns=110400
route-tick round=1 red=false repeats=8 tick=103 ns=127300
route-tick round=1 red=false repeats=8 tick=104 ns=144400
route-tick round=1 red=false repeats=8 tick=105 ns=110000
route-tick round=1 red=false repeats=8 tick=106 ns=109800
route-tick round=1 red=false repeats=8 tick=107 ns=116000
route-tick round=1 red=false repeats=8 tick=108 ns=109500
route-tick round=1 red=false repeats=8 tick=109 ns=109500
route-tick round=1 red=false repeats=8 tick=110 ns=109700
route-tick round=1 red=false repeats=8 tick=111 ns=112800
route-tick round=1 red=false repeats=8 tick=112 ns=110500
route-tick round=1 red=false repeats=8 tick=113 ns=109500
route-tick round=1 red=false repeats=8 tick=114 ns=109800
route-tick round=1 red=false repeats=8 tick=115 ns=109600
route-tick round=1 red=false repeats=8 tick=116 ns=130500
route-tick round=1 red=false repeats=8 tick=117 ns=111100
route-tick round=1 red=false repeats=8 tick=118 ns=109600
route-tick round=1 red=false repeats=8 tick=119 ns=109800
route-tick round=1 red=false repeats=8 tick=120 ns=113200
route-tick round=1 red=false repeats=8 tick=121 ns=109900
route-tick round=1 red=false repeats=8 tick=122 ns=124200
route-tick round=1 red=false repeats=8 tick=123 ns=116400
route-tick round=1 red=false repeats=8 tick=124 ns=124700
route-tick round=1 red=false repeats=8 tick=125 ns=146000
route-tick round=1 red=false repeats=8 tick=126 ns=130000
route-tick round=1 red=false repeats=8 tick=127 ns=110200
route-end round=1 red=false repeats=8 vehicles=512 warm=16 steps=128 build_ns=11600 state_sum=1332736691 input=Sha256Digest(dbdb2fe4068e72fa17390d83d3a985117250c67adb797ac44577841e976a941c)
route-tick round=1 red=true repeats=2048 tick=0 ns=221500
route-tick round=1 red=true repeats=2048 tick=1 ns=159200
route-tick round=1 red=true repeats=2048 tick=2 ns=158000
route-tick round=1 red=true repeats=2048 tick=3 ns=164300
route-tick round=1 red=true repeats=2048 tick=4 ns=157900
route-tick round=1 red=true repeats=2048 tick=5 ns=173500
route-tick round=1 red=true repeats=2048 tick=6 ns=211300
route-tick round=1 red=true repeats=2048 tick=7 ns=158800
route-tick round=1 red=true repeats=2048 tick=8 ns=158100
route-tick round=1 red=true repeats=2048 tick=9 ns=326900
route-tick round=1 red=true repeats=2048 tick=10 ns=162200
route-tick round=1 red=true repeats=2048 tick=11 ns=164500
route-tick round=1 red=true repeats=2048 tick=12 ns=158100
route-tick round=1 red=true repeats=2048 tick=13 ns=157600
route-tick round=1 red=true repeats=2048 tick=14 ns=157800
route-tick round=1 red=true repeats=2048 tick=15 ns=158100
route-tick round=1 red=true repeats=2048 tick=16 ns=158700
route-tick round=1 red=true repeats=2048 tick=17 ns=162500
route-tick round=1 red=true repeats=2048 tick=18 ns=158000
route-tick round=1 red=true repeats=2048 tick=19 ns=158100
route-tick round=1 red=true repeats=2048 tick=20 ns=157700
route-tick round=1 red=true repeats=2048 tick=21 ns=158000
route-tick round=1 red=true repeats=2048 tick=22 ns=160500
route-tick round=1 red=true repeats=2048 tick=23 ns=158600
route-tick round=1 red=true repeats=2048 tick=24 ns=158600
route-tick round=1 red=true repeats=2048 tick=25 ns=158200
route-tick round=1 red=true repeats=2048 tick=26 ns=158400
route-tick round=1 red=true repeats=2048 tick=27 ns=158100
route-tick round=1 red=true repeats=2048 tick=28 ns=158200
route-tick round=1 red=true repeats=2048 tick=29 ns=158800
route-tick round=1 red=true repeats=2048 tick=30 ns=158200
route-tick round=1 red=true repeats=2048 tick=31 ns=158400
route-tick round=1 red=true repeats=2048 tick=32 ns=158600
route-tick round=1 red=true repeats=2048 tick=33 ns=160200
route-tick round=1 red=true repeats=2048 tick=34 ns=158500
route-tick round=1 red=true repeats=2048 tick=35 ns=158500
route-tick round=1 red=true repeats=2048 tick=36 ns=158700
route-tick round=1 red=true repeats=2048 tick=37 ns=158400
route-tick round=1 red=true repeats=2048 tick=38 ns=158700
route-tick round=1 red=true repeats=2048 tick=39 ns=158900
route-tick round=1 red=true repeats=2048 tick=40 ns=158100
route-tick round=1 red=true repeats=2048 tick=41 ns=157300
route-tick round=1 red=true repeats=2048 tick=42 ns=157700
route-tick round=1 red=true repeats=2048 tick=43 ns=157300
route-tick round=1 red=true repeats=2048 tick=44 ns=161000
route-tick round=1 red=true repeats=2048 tick=45 ns=157900
route-tick round=1 red=true repeats=2048 tick=46 ns=157700
route-tick round=1 red=true repeats=2048 tick=47 ns=158700
route-tick round=1 red=true repeats=2048 tick=48 ns=158400
route-tick round=1 red=true repeats=2048 tick=49 ns=158700
route-tick round=1 red=true repeats=2048 tick=50 ns=158700
route-tick round=1 red=true repeats=2048 tick=51 ns=158700
route-tick round=1 red=true repeats=2048 tick=52 ns=158700
route-tick round=1 red=true repeats=2048 tick=53 ns=157900
route-tick round=1 red=true repeats=2048 tick=54 ns=157900
route-tick round=1 red=true repeats=2048 tick=55 ns=159700
route-tick round=1 red=true repeats=2048 tick=56 ns=158500
route-tick round=1 red=true repeats=2048 tick=57 ns=158500
route-tick round=1 red=true repeats=2048 tick=58 ns=158500
route-tick round=1 red=true repeats=2048 tick=59 ns=157700
route-tick round=1 red=true repeats=2048 tick=60 ns=157900
route-tick round=1 red=true repeats=2048 tick=61 ns=157900
route-tick round=1 red=true repeats=2048 tick=62 ns=158100
route-tick round=1 red=true repeats=2048 tick=63 ns=158400
route-tick round=1 red=true repeats=2048 tick=64 ns=158500
route-tick round=1 red=true repeats=2048 tick=65 ns=158900
route-tick round=1 red=true repeats=2048 tick=66 ns=160500
route-tick round=1 red=true repeats=2048 tick=67 ns=158100
route-tick round=1 red=true repeats=2048 tick=68 ns=158300
route-tick round=1 red=true repeats=2048 tick=69 ns=158100
route-tick round=1 red=true repeats=2048 tick=70 ns=158500
route-tick round=1 red=true repeats=2048 tick=71 ns=157900
route-tick round=1 red=true repeats=2048 tick=72 ns=158000
route-tick round=1 red=true repeats=2048 tick=73 ns=158100
route-tick round=1 red=true repeats=2048 tick=74 ns=157700
route-tick round=1 red=true repeats=2048 tick=75 ns=158000
route-tick round=1 red=true repeats=2048 tick=76 ns=158000
route-tick round=1 red=true repeats=2048 tick=77 ns=159800
route-tick round=1 red=true repeats=2048 tick=78 ns=157900
route-tick round=1 red=true repeats=2048 tick=79 ns=158100
route-tick round=1 red=true repeats=2048 tick=80 ns=157600
route-tick round=1 red=true repeats=2048 tick=81 ns=157800
route-tick round=1 red=true repeats=2048 tick=82 ns=158000
route-tick round=1 red=true repeats=2048 tick=83 ns=157700
route-tick round=1 red=true repeats=2048 tick=84 ns=157900
route-tick round=1 red=true repeats=2048 tick=85 ns=158200
route-tick round=1 red=true repeats=2048 tick=86 ns=157900
route-tick round=1 red=true repeats=2048 tick=87 ns=158100
route-tick round=1 red=true repeats=2048 tick=88 ns=159700
route-tick round=1 red=true repeats=2048 tick=89 ns=158600
route-tick round=1 red=true repeats=2048 tick=90 ns=158800
route-tick round=1 red=true repeats=2048 tick=91 ns=158100
route-tick round=1 red=true repeats=2048 tick=92 ns=158100
route-tick round=1 red=true repeats=2048 tick=93 ns=158700
route-tick round=1 red=true repeats=2048 tick=94 ns=158300
route-tick round=1 red=true repeats=2048 tick=95 ns=158400
route-tick round=1 red=true repeats=2048 tick=96 ns=158800
route-tick round=1 red=true repeats=2048 tick=97 ns=158600
route-tick round=1 red=true repeats=2048 tick=98 ns=160200
route-tick round=1 red=true repeats=2048 tick=99 ns=161200
route-tick round=1 red=true repeats=2048 tick=100 ns=158700
route-tick round=1 red=true repeats=2048 tick=101 ns=158300
route-tick round=1 red=true repeats=2048 tick=102 ns=158300
route-tick round=1 red=true repeats=2048 tick=103 ns=158300
route-tick round=1 red=true repeats=2048 tick=104 ns=158200
route-tick round=1 red=true repeats=2048 tick=105 ns=158700
route-tick round=1 red=true repeats=2048 tick=106 ns=159300
route-tick round=1 red=true repeats=2048 tick=107 ns=296300
route-tick round=1 red=true repeats=2048 tick=108 ns=193200
route-tick round=1 red=true repeats=2048 tick=109 ns=160100
route-tick round=1 red=true repeats=2048 tick=110 ns=159400
route-tick round=1 red=true repeats=2048 tick=111 ns=160100
route-tick round=1 red=true repeats=2048 tick=112 ns=159700
route-tick round=1 red=true repeats=2048 tick=113 ns=159500
route-tick round=1 red=true repeats=2048 tick=114 ns=159100
route-tick round=1 red=true repeats=2048 tick=115 ns=162700
route-tick round=1 red=true repeats=2048 tick=116 ns=158100
route-tick round=1 red=true repeats=2048 tick=117 ns=158300
route-tick round=1 red=true repeats=2048 tick=118 ns=158800
route-tick round=1 red=true repeats=2048 tick=119 ns=160000
route-tick round=1 red=true repeats=2048 tick=120 ns=158100
route-tick round=1 red=true repeats=2048 tick=121 ns=158900
route-tick round=1 red=true repeats=2048 tick=122 ns=159400
route-tick round=1 red=true repeats=2048 tick=123 ns=159300
route-tick round=1 red=true repeats=2048 tick=124 ns=159400
route-tick round=1 red=true repeats=2048 tick=125 ns=159300
route-tick round=1 red=true repeats=2048 tick=126 ns=159400
route-tick round=1 red=true repeats=2048 tick=127 ns=159200
route-end round=1 red=true repeats=2048 vehicles=512 warm=16 steps=128 build_ns=5860600 state_sum=1332736691 input=Sha256Digest(da37035127a8b1079a3e8319d572236805eb3c37858354239e86851e4cfbe2d4)
route-tick round=1 red=true repeats=128 tick=0 ns=129900
route-tick round=1 red=true repeats=128 tick=1 ns=135700
route-tick round=1 red=true repeats=128 tick=2 ns=129800
route-tick round=1 red=true repeats=128 tick=3 ns=129800
route-tick round=1 red=true repeats=128 tick=4 ns=129900
route-tick round=1 red=true repeats=128 tick=5 ns=135500
route-tick round=1 red=true repeats=128 tick=6 ns=131700
route-tick round=1 red=true repeats=128 tick=7 ns=129900
route-tick round=1 red=true repeats=128 tick=8 ns=129800
route-tick round=1 red=true repeats=128 tick=9 ns=135600
route-tick round=1 red=true repeats=128 tick=10 ns=129600
route-tick round=1 red=true repeats=128 tick=11 ns=129700
route-tick round=1 red=true repeats=128 tick=12 ns=134100
route-tick round=1 red=true repeats=128 tick=13 ns=130000
route-tick round=1 red=true repeats=128 tick=14 ns=129800
route-tick round=1 red=true repeats=128 tick=15 ns=130100
route-tick round=1 red=true repeats=128 tick=16 ns=191300
route-tick round=1 red=true repeats=128 tick=17 ns=220400
route-tick round=1 red=true repeats=128 tick=18 ns=210700
route-tick round=1 red=true repeats=128 tick=19 ns=132600
route-tick round=1 red=true repeats=128 tick=20 ns=130800
route-tick round=1 red=true repeats=128 tick=21 ns=132100
route-tick round=1 red=true repeats=128 tick=22 ns=135300
route-tick round=1 red=true repeats=128 tick=23 ns=131100
route-tick round=1 red=true repeats=128 tick=24 ns=130700
route-tick round=1 red=true repeats=128 tick=25 ns=131100
route-tick round=1 red=true repeats=128 tick=26 ns=137600
route-tick round=1 red=true repeats=128 tick=27 ns=130400
route-tick round=1 red=true repeats=128 tick=28 ns=130100
route-tick round=1 red=true repeats=128 tick=29 ns=130500
route-tick round=1 red=true repeats=128 tick=30 ns=142300
route-tick round=1 red=true repeats=128 tick=31 ns=160800
route-tick round=1 red=true repeats=128 tick=32 ns=130400
route-tick round=1 red=true repeats=128 tick=33 ns=136400
route-tick round=1 red=true repeats=128 tick=34 ns=130000
route-tick round=1 red=true repeats=128 tick=35 ns=145800
route-tick round=1 red=true repeats=128 tick=36 ns=158600
route-tick round=1 red=true repeats=128 tick=37 ns=154000
route-tick round=1 red=true repeats=128 tick=38 ns=130200
route-tick round=1 red=true repeats=128 tick=39 ns=150900
route-tick round=1 red=true repeats=128 tick=40 ns=135900
route-tick round=1 red=true repeats=128 tick=41 ns=130500
route-tick round=1 red=true repeats=128 tick=42 ns=130500
route-tick round=1 red=true repeats=128 tick=43 ns=132500
route-tick round=1 red=true repeats=128 tick=44 ns=144300
route-tick round=1 red=true repeats=128 tick=45 ns=166400
route-tick round=1 red=true repeats=128 tick=46 ns=130600
route-tick round=1 red=true repeats=128 tick=47 ns=135600
route-tick round=1 red=true repeats=128 tick=48 ns=130600
route-tick round=1 red=true repeats=128 tick=49 ns=130700
route-tick round=1 red=true repeats=128 tick=50 ns=130500
route-tick round=1 red=true repeats=128 tick=51 ns=135700
route-tick round=1 red=true repeats=128 tick=52 ns=130500
route-tick round=1 red=true repeats=128 tick=53 ns=130600
route-tick round=1 red=true repeats=128 tick=54 ns=130400
route-tick round=1 red=true repeats=128 tick=55 ns=135800
route-tick round=1 red=true repeats=128 tick=56 ns=132500
route-tick round=1 red=true repeats=128 tick=57 ns=130400
route-tick round=1 red=true repeats=128 tick=58 ns=130400
route-tick round=1 red=true repeats=128 tick=59 ns=135600
route-tick round=1 red=true repeats=128 tick=60 ns=130500
route-tick round=1 red=true repeats=128 tick=61 ns=130400
route-tick round=1 red=true repeats=128 tick=62 ns=145800
route-tick round=1 red=true repeats=128 tick=63 ns=130200
route-tick round=1 red=true repeats=128 tick=64 ns=140600
route-tick round=1 red=true repeats=128 tick=65 ns=130500
route-tick round=1 red=true repeats=128 tick=66 ns=136000
route-tick round=1 red=true repeats=128 tick=67 ns=130500
route-tick round=1 red=true repeats=128 tick=68 ns=130100
route-tick round=1 red=true repeats=128 tick=69 ns=132500
route-tick round=1 red=true repeats=128 tick=70 ns=135800
route-tick round=1 red=true repeats=128 tick=71 ns=130300
route-tick round=1 red=true repeats=128 tick=72 ns=130200
route-tick round=1 red=true repeats=128 tick=73 ns=130300
route-tick round=1 red=true repeats=128 tick=74 ns=136000
route-tick round=1 red=true repeats=128 tick=75 ns=132900
route-tick round=1 red=true repeats=128 tick=76 ns=170900
route-tick round=1 red=true repeats=128 tick=77 ns=135000
route-tick round=1 red=true repeats=128 tick=78 ns=130200
route-tick round=1 red=true repeats=128 tick=79 ns=130200
route-tick round=1 red=true repeats=128 tick=80 ns=139400
route-tick round=1 red=true repeats=128 tick=81 ns=136400
route-tick round=1 red=true repeats=128 tick=82 ns=132200
route-tick round=1 red=true repeats=128 tick=83 ns=130100
route-tick round=1 red=true repeats=128 tick=84 ns=130300
route-tick round=1 red=true repeats=128 tick=85 ns=153800
route-tick round=1 red=true repeats=128 tick=86 ns=133500
route-tick round=1 red=true repeats=128 tick=87 ns=142400
route-tick round=1 red=true repeats=128 tick=88 ns=134900
route-tick round=1 red=true repeats=128 tick=89 ns=130500
route-tick round=1 red=true repeats=128 tick=90 ns=130900
route-tick round=1 red=true repeats=128 tick=91 ns=130200
route-tick round=1 red=true repeats=128 tick=92 ns=135600
route-tick round=1 red=true repeats=128 tick=93 ns=130500
route-tick round=1 red=true repeats=128 tick=94 ns=130300
route-tick round=1 red=true repeats=128 tick=95 ns=132100
route-tick round=1 red=true repeats=128 tick=96 ns=136600
route-tick round=1 red=true repeats=128 tick=97 ns=130500
route-tick round=1 red=true repeats=128 tick=98 ns=130400
route-tick round=1 red=true repeats=128 tick=99 ns=130400
route-tick round=1 red=true repeats=128 tick=100 ns=136300
route-tick round=1 red=true repeats=128 tick=101 ns=130500
route-tick round=1 red=true repeats=128 tick=102 ns=130700
route-tick round=1 red=true repeats=128 tick=103 ns=136500
route-tick round=1 red=true repeats=128 tick=104 ns=130600
route-tick round=1 red=true repeats=128 tick=105 ns=134900
route-tick round=1 red=true repeats=128 tick=106 ns=154900
route-tick round=1 red=true repeats=128 tick=107 ns=189600
route-tick round=1 red=true repeats=128 tick=108 ns=138800
route-tick round=1 red=true repeats=128 tick=109 ns=130100
route-tick round=1 red=true repeats=128 tick=110 ns=135200
route-tick round=1 red=true repeats=128 tick=111 ns=130800
route-tick round=1 red=true repeats=128 tick=112 ns=130200
route-tick round=1 red=true repeats=128 tick=113 ns=130200
route-tick round=1 red=true repeats=128 tick=114 ns=135900
route-tick round=1 red=true repeats=128 tick=115 ns=130700
route-tick round=1 red=true repeats=128 tick=116 ns=130900
route-tick round=1 red=true repeats=128 tick=117 ns=131300
route-tick round=1 red=true repeats=128 tick=118 ns=136300
route-tick round=1 red=true repeats=128 tick=119 ns=130800
route-tick round=1 red=true repeats=128 tick=120 ns=132600
route-tick round=1 red=true repeats=128 tick=121 ns=130800
route-tick round=1 red=true repeats=128 tick=122 ns=136500
route-tick round=1 red=true repeats=128 tick=123 ns=130300
route-tick round=1 red=true repeats=128 tick=124 ns=129900
route-tick round=1 red=true repeats=128 tick=125 ns=139100
route-tick round=1 red=true repeats=128 tick=126 ns=138600
route-tick round=1 red=true repeats=128 tick=127 ns=130600
route-end round=1 red=true repeats=128 vehicles=512 warm=16 steps=128 build_ns=47300 state_sum=1332736691 input=Sha256Digest(da37035127a8b1079a3e8319d572236805eb3c37858354239e86851e4cfbe2d4)
route-tick round=1 red=true repeats=8 tick=0 ns=106600
route-tick round=1 red=true repeats=8 tick=1 ns=107000
route-tick round=1 red=true repeats=8 tick=2 ns=106600
route-tick round=1 red=true repeats=8 tick=3 ns=106700
route-tick round=1 red=true repeats=8 tick=4 ns=110200
route-tick round=1 red=true repeats=8 tick=5 ns=107000
route-tick round=1 red=true repeats=8 tick=6 ns=107000
route-tick round=1 red=true repeats=8 tick=7 ns=107100
route-tick round=1 red=true repeats=8 tick=8 ns=107300
route-tick round=1 red=true repeats=8 tick=9 ns=107000
route-tick round=1 red=true repeats=8 tick=10 ns=108600
route-tick round=1 red=true repeats=8 tick=11 ns=108600
route-tick round=1 red=true repeats=8 tick=12 ns=108600
route-tick round=1 red=true repeats=8 tick=13 ns=108500
route-tick round=1 red=true repeats=8 tick=14 ns=108200
route-tick round=1 red=true repeats=8 tick=15 ns=108700
route-tick round=1 red=true repeats=8 tick=16 ns=108900
route-tick round=1 red=true repeats=8 tick=17 ns=108600
route-tick round=1 red=true repeats=8 tick=18 ns=108700
route-tick round=1 red=true repeats=8 tick=19 ns=109300
route-tick round=1 red=true repeats=8 tick=20 ns=114900
route-tick round=1 red=true repeats=8 tick=21 ns=109600
route-tick round=1 red=true repeats=8 tick=22 ns=109500
route-tick round=1 red=true repeats=8 tick=23 ns=111400
route-tick round=1 red=true repeats=8 tick=24 ns=109400
route-tick round=1 red=true repeats=8 tick=25 ns=109400
route-tick round=1 red=true repeats=8 tick=26 ns=109500
route-tick round=1 red=true repeats=8 tick=27 ns=109300
route-tick round=1 red=true repeats=8 tick=28 ns=110000
route-tick round=1 red=true repeats=8 tick=29 ns=110500
route-tick round=1 red=true repeats=8 tick=30 ns=110500
route-tick round=1 red=true repeats=8 tick=31 ns=110700
route-tick round=1 red=true repeats=8 tick=32 ns=110400
route-tick round=1 red=true repeats=8 tick=33 ns=110900
route-tick round=1 red=true repeats=8 tick=34 ns=110500
route-tick round=1 red=true repeats=8 tick=35 ns=110800
route-tick round=1 red=true repeats=8 tick=36 ns=112800
route-tick round=1 red=true repeats=8 tick=37 ns=110800
route-tick round=1 red=true repeats=8 tick=38 ns=110500
route-tick round=1 red=true repeats=8 tick=39 ns=110500
route-tick round=1 red=true repeats=8 tick=40 ns=110600
route-tick round=1 red=true repeats=8 tick=41 ns=314200
route-tick round=1 red=true repeats=8 tick=42 ns=140900
route-tick round=1 red=true repeats=8 tick=43 ns=119500
route-tick round=1 red=true repeats=8 tick=44 ns=120000
route-tick round=1 red=true repeats=8 tick=45 ns=121600
route-tick round=1 red=true repeats=8 tick=46 ns=120100
route-tick round=1 red=true repeats=8 tick=47 ns=120300
route-tick round=1 red=true repeats=8 tick=48 ns=220300
route-tick round=1 red=true repeats=8 tick=49 ns=302600
route-tick round=1 red=true repeats=8 tick=50 ns=221900
route-tick round=1 red=true repeats=8 tick=51 ns=109200
route-tick round=1 red=true repeats=8 tick=52 ns=108700
route-tick round=1 red=true repeats=8 tick=53 ns=108600
route-tick round=1 red=true repeats=8 tick=54 ns=108600
route-tick round=1 red=true repeats=8 tick=55 ns=108600
route-tick round=1 red=true repeats=8 tick=56 ns=108400
route-tick round=1 red=true repeats=8 tick=57 ns=108700
route-tick round=1 red=true repeats=8 tick=58 ns=108100
route-tick round=1 red=true repeats=8 tick=59 ns=160700
route-tick round=1 red=true repeats=8 tick=60 ns=301700
route-tick round=1 red=true repeats=8 tick=61 ns=108900
route-tick round=1 red=true repeats=8 tick=62 ns=107900
route-tick round=1 red=true repeats=8 tick=63 ns=107300
route-tick round=1 red=true repeats=8 tick=64 ns=110800
route-tick round=1 red=true repeats=8 tick=65 ns=107000
route-tick round=1 red=true repeats=8 tick=66 ns=107300
route-tick round=1 red=true repeats=8 tick=67 ns=115800
route-tick round=1 red=true repeats=8 tick=68 ns=109900
route-tick round=1 red=true repeats=8 tick=69 ns=107700
route-tick round=1 red=true repeats=8 tick=70 ns=107800
route-tick round=1 red=true repeats=8 tick=71 ns=107400
route-tick round=1 red=true repeats=8 tick=72 ns=108600
route-tick round=1 red=true repeats=8 tick=73 ns=111900
route-tick round=1 red=true repeats=8 tick=74 ns=113000
route-tick round=1 red=true repeats=8 tick=75 ns=111200
route-tick round=1 red=true repeats=8 tick=76 ns=110300
route-tick round=1 red=true repeats=8 tick=77 ns=110900
route-tick round=1 red=true repeats=8 tick=78 ns=107900
route-tick round=1 red=true repeats=8 tick=79 ns=153100
route-tick round=1 red=true repeats=8 tick=80 ns=108100
route-tick round=1 red=true repeats=8 tick=81 ns=111800
route-tick round=1 red=true repeats=8 tick=82 ns=110600
route-tick round=1 red=true repeats=8 tick=83 ns=107200
route-tick round=1 red=true repeats=8 tick=84 ns=130600
route-tick round=1 red=true repeats=8 tick=85 ns=107000
route-tick round=1 red=true repeats=8 tick=86 ns=111500
route-tick round=1 red=true repeats=8 tick=87 ns=108300
route-tick round=1 red=true repeats=8 tick=88 ns=107000
route-tick round=1 red=true repeats=8 tick=89 ns=106900
route-tick round=1 red=true repeats=8 tick=90 ns=110300
route-tick round=1 red=true repeats=8 tick=91 ns=109900
route-tick round=1 red=true repeats=8 tick=92 ns=106800
route-tick round=1 red=true repeats=8 tick=93 ns=128200
route-tick round=1 red=true repeats=8 tick=94 ns=107100
route-tick round=1 red=true repeats=8 tick=95 ns=116000
route-tick round=1 red=true repeats=8 tick=96 ns=253800
route-tick round=1 red=true repeats=8 tick=97 ns=107200
route-tick round=1 red=true repeats=8 tick=98 ns=111100
route-tick round=1 red=true repeats=8 tick=99 ns=107000
route-tick round=1 red=true repeats=8 tick=100 ns=107400
route-tick round=1 red=true repeats=8 tick=101 ns=107500
route-tick round=1 red=true repeats=8 tick=102 ns=107600
route-tick round=1 red=true repeats=8 tick=103 ns=110100
route-tick round=1 red=true repeats=8 tick=104 ns=107500
route-tick round=1 red=true repeats=8 tick=105 ns=107300
route-tick round=1 red=true repeats=8 tick=106 ns=107300
route-tick round=1 red=true repeats=8 tick=107 ns=109500
route-tick round=1 red=true repeats=8 tick=108 ns=107200
route-tick round=1 red=true repeats=8 tick=109 ns=107500
route-tick round=1 red=true repeats=8 tick=110 ns=107300
route-tick round=1 red=true repeats=8 tick=111 ns=108200
route-tick round=1 red=true repeats=8 tick=112 ns=110200
route-tick round=1 red=true repeats=8 tick=113 ns=107800
route-tick round=1 red=true repeats=8 tick=114 ns=107500
route-tick round=1 red=true repeats=8 tick=115 ns=107900
route-tick round=1 red=true repeats=8 tick=116 ns=107500
route-tick round=1 red=true repeats=8 tick=117 ns=110500
route-tick round=1 red=true repeats=8 tick=118 ns=107500
route-tick round=1 red=true repeats=8 tick=119 ns=108200
route-tick round=1 red=true repeats=8 tick=120 ns=107800
route-tick round=1 red=true repeats=8 tick=121 ns=110000
route-tick round=1 red=true repeats=8 tick=122 ns=107700
route-tick round=1 red=true repeats=8 tick=123 ns=107900
route-tick round=1 red=true repeats=8 tick=124 ns=107700
route-tick round=1 red=true repeats=8 tick=125 ns=107900
route-tick round=1 red=true repeats=8 tick=126 ns=110500
route-tick round=1 red=true repeats=8 tick=127 ns=107700
route-end round=1 red=true repeats=8 vehicles=512 warm=16 steps=128 build_ns=9300 state_sum=1332736691 input=Sha256Digest(da37035127a8b1079a3e8319d572236805eb3c37858354239e86851e4cfbe2d4)
route-tick round=2 red=false repeats=8 tick=0 ns=106500
route-tick round=2 red=false repeats=8 tick=1 ns=108400
route-tick round=2 red=false repeats=8 tick=2 ns=106300
route-tick round=2 red=false repeats=8 tick=3 ns=106200
route-tick round=2 red=false repeats=8 tick=4 ns=106200
route-tick round=2 red=false repeats=8 tick=5 ns=108500
route-tick round=2 red=false repeats=8 tick=6 ns=106200
route-tick round=2 red=false repeats=8 tick=7 ns=106000
route-tick round=2 red=false repeats=8 tick=8 ns=105800
route-tick round=2 red=false repeats=8 tick=9 ns=105600
route-tick round=2 red=false repeats=8 tick=10 ns=108200
route-tick round=2 red=false repeats=8 tick=11 ns=106100
route-tick round=2 red=false repeats=8 tick=12 ns=105900
route-tick round=2 red=false repeats=8 tick=13 ns=106200
route-tick round=2 red=false repeats=8 tick=14 ns=254400
route-tick round=2 red=false repeats=8 tick=15 ns=106500
route-tick round=2 red=false repeats=8 tick=16 ns=106400
route-tick round=2 red=false repeats=8 tick=17 ns=106000
route-tick round=2 red=false repeats=8 tick=18 ns=110000
route-tick round=2 red=false repeats=8 tick=19 ns=106300
route-tick round=2 red=false repeats=8 tick=20 ns=106000
route-tick round=2 red=false repeats=8 tick=21 ns=106200
route-tick round=2 red=false repeats=8 tick=22 ns=106000
route-tick round=2 red=false repeats=8 tick=23 ns=108500
route-tick round=2 red=false repeats=8 tick=24 ns=106200
route-tick round=2 red=false repeats=8 tick=25 ns=106600
route-tick round=2 red=false repeats=8 tick=26 ns=106500
route-tick round=2 red=false repeats=8 tick=27 ns=106300
route-tick round=2 red=false repeats=8 tick=28 ns=109100
route-tick round=2 red=false repeats=8 tick=29 ns=106500
route-tick round=2 red=false repeats=8 tick=30 ns=106300
route-tick round=2 red=false repeats=8 tick=31 ns=106600
route-tick round=2 red=false repeats=8 tick=32 ns=109000
route-tick round=2 red=false repeats=8 tick=33 ns=106400
route-tick round=2 red=false repeats=8 tick=34 ns=106700
route-tick round=2 red=false repeats=8 tick=35 ns=106300
route-tick round=2 red=false repeats=8 tick=36 ns=106300
route-tick round=2 red=false repeats=8 tick=37 ns=133700
route-tick round=2 red=false repeats=8 tick=38 ns=106500
route-tick round=2 red=false repeats=8 tick=39 ns=106300
route-tick round=2 red=false repeats=8 tick=40 ns=106400
route-tick round=2 red=false repeats=8 tick=41 ns=111200
route-tick round=2 red=false repeats=8 tick=42 ns=106400
route-tick round=2 red=false repeats=8 tick=43 ns=106600
route-tick round=2 red=false repeats=8 tick=44 ns=106600
route-tick round=2 red=false repeats=8 tick=45 ns=106400
route-tick round=2 red=false repeats=8 tick=46 ns=110700
route-tick round=2 red=false repeats=8 tick=47 ns=106500
route-tick round=2 red=false repeats=8 tick=48 ns=106500
route-tick round=2 red=false repeats=8 tick=49 ns=106600
route-tick round=2 red=false repeats=8 tick=50 ns=106500
route-tick round=2 red=false repeats=8 tick=51 ns=248600
route-tick round=2 red=false repeats=8 tick=52 ns=106800
route-tick round=2 red=false repeats=8 tick=53 ns=126600
route-tick round=2 red=false repeats=8 tick=54 ns=116300
route-tick round=2 red=false repeats=8 tick=55 ns=106700
route-tick round=2 red=false repeats=8 tick=56 ns=109100
route-tick round=2 red=false repeats=8 tick=57 ns=106900
route-tick round=2 red=false repeats=8 tick=58 ns=112000
route-tick round=2 red=false repeats=8 tick=59 ns=106700
route-tick round=2 red=false repeats=8 tick=60 ns=106400
route-tick round=2 red=false repeats=8 tick=61 ns=106600
route-tick round=2 red=false repeats=8 tick=62 ns=106900
route-tick round=2 red=false repeats=8 tick=63 ns=110600
route-tick round=2 red=false repeats=8 tick=64 ns=107200
route-tick round=2 red=false repeats=8 tick=65 ns=107000
route-tick round=2 red=false repeats=8 tick=66 ns=106900
route-tick round=2 red=false repeats=8 tick=67 ns=106900
route-tick round=2 red=false repeats=8 tick=68 ns=324400
route-tick round=2 red=false repeats=8 tick=69 ns=108200
route-tick round=2 red=false repeats=8 tick=70 ns=111800
route-tick round=2 red=false repeats=8 tick=71 ns=107000
route-tick round=2 red=false repeats=8 tick=72 ns=107000
route-tick round=2 red=false repeats=8 tick=73 ns=107200
route-tick round=2 red=false repeats=8 tick=74 ns=106700
route-tick round=2 red=false repeats=8 tick=75 ns=113100
route-tick round=2 red=false repeats=8 tick=76 ns=106900
route-tick round=2 red=false repeats=8 tick=77 ns=106900
route-tick round=2 red=false repeats=8 tick=78 ns=107300
route-tick round=2 red=false repeats=8 tick=79 ns=107400
route-tick round=2 red=false repeats=8 tick=80 ns=112900
route-tick round=2 red=false repeats=8 tick=81 ns=107300
route-tick round=2 red=false repeats=8 tick=82 ns=110300
route-tick round=2 red=false repeats=8 tick=83 ns=107500
route-tick round=2 red=false repeats=8 tick=84 ns=113700
route-tick round=2 red=false repeats=8 tick=85 ns=107500
route-tick round=2 red=false repeats=8 tick=86 ns=120800
route-tick round=2 red=false repeats=8 tick=87 ns=111300
route-tick round=2 red=false repeats=8 tick=88 ns=106900
route-tick round=2 red=false repeats=8 tick=89 ns=107300
route-tick round=2 red=false repeats=8 tick=90 ns=107200
route-tick round=2 red=false repeats=8 tick=91 ns=107300
route-tick round=2 red=false repeats=8 tick=92 ns=107300
route-tick round=2 red=false repeats=8 tick=93 ns=114800
route-tick round=2 red=false repeats=8 tick=94 ns=107500
route-tick round=2 red=false repeats=8 tick=95 ns=108000
route-tick round=2 red=false repeats=8 tick=96 ns=108200
route-tick round=2 red=false repeats=8 tick=97 ns=108100
route-tick round=2 red=false repeats=8 tick=98 ns=116800
route-tick round=2 red=false repeats=8 tick=99 ns=108100
route-tick round=2 red=false repeats=8 tick=100 ns=108200
route-tick round=2 red=false repeats=8 tick=101 ns=108000
route-tick round=2 red=false repeats=8 tick=102 ns=112200
route-tick round=2 red=false repeats=8 tick=103 ns=110600
route-tick round=2 red=false repeats=8 tick=104 ns=108200
route-tick round=2 red=false repeats=8 tick=105 ns=108100
route-tick round=2 red=false repeats=8 tick=106 ns=108200
route-tick round=2 red=false repeats=8 tick=107 ns=113400
route-tick round=2 red=false repeats=8 tick=108 ns=108300
route-tick round=2 red=false repeats=8 tick=109 ns=108300
route-tick round=2 red=false repeats=8 tick=110 ns=108300
route-tick round=2 red=false repeats=8 tick=111 ns=108500
route-tick round=2 red=false repeats=8 tick=112 ns=113800
route-tick round=2 red=false repeats=8 tick=113 ns=108700
route-tick round=2 red=false repeats=8 tick=114 ns=110900
route-tick round=2 red=false repeats=8 tick=115 ns=108700
route-tick round=2 red=false repeats=8 tick=116 ns=114200
route-tick round=2 red=false repeats=8 tick=117 ns=108900
route-tick round=2 red=false repeats=8 tick=118 ns=108700
route-tick round=2 red=false repeats=8 tick=119 ns=108700
route-tick round=2 red=false repeats=8 tick=120 ns=108600
route-tick round=2 red=false repeats=8 tick=121 ns=113900
route-tick round=2 red=false repeats=8 tick=122 ns=109000
route-tick round=2 red=false repeats=8 tick=123 ns=108800
route-tick round=2 red=false repeats=8 tick=124 ns=124600
route-tick round=2 red=false repeats=8 tick=125 ns=114200
route-tick round=2 red=false repeats=8 tick=126 ns=108700
route-tick round=2 red=false repeats=8 tick=127 ns=108500
route-end round=2 red=false repeats=8 vehicles=512 warm=16 steps=128 build_ns=7400 state_sum=1332736691 input=Sha256Digest(dbdb2fe4068e72fa17390d83d3a985117250c67adb797ac44577841e976a941c)
route-tick round=2 red=false repeats=128 tick=0 ns=136300
route-tick round=2 red=false repeats=128 tick=1 ns=133300
route-tick round=2 red=false repeats=128 tick=2 ns=130200
route-tick round=2 red=false repeats=128 tick=3 ns=130100
route-tick round=2 red=false repeats=128 tick=4 ns=137000
route-tick round=2 red=false repeats=128 tick=5 ns=129200
route-tick round=2 red=false repeats=128 tick=6 ns=128700
route-tick round=2 red=false repeats=128 tick=7 ns=133600
route-tick round=2 red=false repeats=128 tick=8 ns=128500
route-tick round=2 red=false repeats=128 tick=9 ns=128300
route-tick round=2 red=false repeats=128 tick=10 ns=128600
route-tick round=2 red=false repeats=128 tick=11 ns=133400
route-tick round=2 red=false repeats=128 tick=12 ns=128600
route-tick round=2 red=false repeats=128 tick=13 ns=128800
route-tick round=2 red=false repeats=128 tick=14 ns=131100
route-tick round=2 red=false repeats=128 tick=15 ns=136200
route-tick round=2 red=false repeats=128 tick=16 ns=145500
route-tick round=2 red=false repeats=128 tick=17 ns=165700
route-tick round=2 red=false repeats=128 tick=18 ns=132100
route-tick round=2 red=false repeats=128 tick=19 ns=132100
route-tick round=2 red=false repeats=128 tick=20 ns=130500
route-tick round=2 red=false repeats=128 tick=21 ns=130600
route-tick round=2 red=false repeats=128 tick=22 ns=135800
route-tick round=2 red=false repeats=128 tick=23 ns=130400
route-tick round=2 red=false repeats=128 tick=24 ns=130400
route-tick round=2 red=false repeats=128 tick=25 ns=130500
route-tick round=2 red=false repeats=128 tick=26 ns=135300
route-tick round=2 red=false repeats=128 tick=27 ns=133000
route-tick round=2 red=false repeats=128 tick=28 ns=131700
route-tick round=2 red=false repeats=128 tick=29 ns=131700
route-tick round=2 red=false repeats=128 tick=30 ns=155200
route-tick round=2 red=false repeats=128 tick=31 ns=131800
route-tick round=2 red=false repeats=128 tick=32 ns=131500
route-tick round=2 red=false repeats=128 tick=33 ns=136900
route-tick round=2 red=false repeats=128 tick=34 ns=151900
route-tick round=2 red=false repeats=128 tick=35 ns=132400
route-tick round=2 red=false repeats=128 tick=36 ns=132000
route-tick round=2 red=false repeats=128 tick=37 ns=137800
route-tick round=2 red=false repeats=128 tick=38 ns=132100
route-tick round=2 red=false repeats=128 tick=39 ns=131900
route-tick round=2 red=false repeats=128 tick=40 ns=134700
route-tick round=2 red=false repeats=128 tick=41 ns=136900
route-tick round=2 red=false repeats=128 tick=42 ns=148000
route-tick round=2 red=false repeats=128 tick=43 ns=157900
route-tick round=2 red=false repeats=128 tick=44 ns=166300
route-tick round=2 red=false repeats=128 tick=45 ns=132400
route-tick round=2 red=false repeats=128 tick=46 ns=142100
route-tick round=2 red=false repeats=128 tick=47 ns=167700
route-tick round=2 red=false repeats=128 tick=48 ns=132000
route-tick round=2 red=false repeats=128 tick=49 ns=131900
route-tick round=2 red=false repeats=128 tick=50 ns=131500
route-tick round=2 red=false repeats=128 tick=51 ns=137200
route-tick round=2 red=false repeats=128 tick=52 ns=134100
route-tick round=2 red=false repeats=128 tick=53 ns=131700
route-tick round=2 red=false repeats=128 tick=54 ns=131700
route-tick round=2 red=false repeats=128 tick=55 ns=137500
route-tick round=2 red=false repeats=128 tick=56 ns=131800
route-tick round=2 red=false repeats=128 tick=57 ns=132100
route-tick round=2 red=false repeats=128 tick=58 ns=132000
route-tick round=2 red=false repeats=128 tick=59 ns=137400
route-tick round=2 red=false repeats=128 tick=60 ns=132100
route-tick round=2 red=false repeats=128 tick=61 ns=132100
route-tick round=2 red=false repeats=128 tick=62 ns=136800
route-tick round=2 red=false repeats=128 tick=63 ns=132200
route-tick round=2 red=false repeats=128 tick=64 ns=132200
route-tick round=2 red=false repeats=128 tick=65 ns=134100
route-tick round=2 red=false repeats=128 tick=66 ns=161400
route-tick round=2 red=false repeats=128 tick=67 ns=230700
route-tick round=2 red=false repeats=128 tick=68 ns=177200
route-tick round=2 red=false repeats=128 tick=69 ns=141100
route-tick round=2 red=false repeats=128 tick=70 ns=131600
route-tick round=2 red=false repeats=128 tick=71 ns=132200
route-tick round=2 red=false repeats=128 tick=72 ns=136400
route-tick round=2 red=false repeats=128 tick=73 ns=132100
route-tick round=2 red=false repeats=128 tick=74 ns=132000
route-tick round=2 red=false repeats=128 tick=75 ns=132000
route-tick round=2 red=false repeats=128 tick=76 ns=161100
route-tick round=2 red=false repeats=128 tick=77 ns=166400
route-tick round=2 red=false repeats=128 tick=78 ns=132100
route-tick round=2 red=false repeats=128 tick=79 ns=136500
route-tick round=2 red=false repeats=128 tick=80 ns=131900
route-tick round=2 red=false repeats=128 tick=81 ns=131800
route-tick round=2 red=false repeats=128 tick=82 ns=131900
route-tick round=2 red=false repeats=128 tick=83 ns=137600
route-tick round=2 red=false repeats=128 tick=84 ns=131700
route-tick round=2 red=false repeats=128 tick=85 ns=131900
route-tick round=2 red=false repeats=128 tick=86 ns=132400
route-tick round=2 red=false repeats=128 tick=87 ns=138000
route-tick round=2 red=false repeats=128 tick=88 ns=132100
route-tick round=2 red=false repeats=128 tick=89 ns=145500
route-tick round=2 red=false repeats=128 tick=90 ns=158800
route-tick round=2 red=false repeats=128 tick=91 ns=145600
route-tick round=2 red=false repeats=128 tick=92 ns=132400
route-tick round=2 red=false repeats=128 tick=93 ns=132000
route-tick round=2 red=false repeats=128 tick=94 ns=137200
route-tick round=2 red=false repeats=128 tick=95 ns=131900
route-tick round=2 red=false repeats=128 tick=96 ns=131800
route-tick round=2 red=false repeats=128 tick=97 ns=131900
route-tick round=2 red=false repeats=128 tick=98 ns=150300
route-tick round=2 red=false repeats=128 tick=99 ns=132300
route-tick round=2 red=false repeats=128 tick=100 ns=133000
route-tick round=2 red=false repeats=128 tick=101 ns=137900
route-tick round=2 red=false repeats=128 tick=102 ns=135400
route-tick round=2 red=false repeats=128 tick=103 ns=133900
route-tick round=2 red=false repeats=128 tick=104 ns=132800
route-tick round=2 red=false repeats=128 tick=105 ns=141700
route-tick round=2 red=false repeats=128 tick=106 ns=166500
route-tick round=2 red=false repeats=128 tick=107 ns=158300
route-tick round=2 red=false repeats=128 tick=108 ns=143500
route-tick round=2 red=false repeats=128 tick=109 ns=133500
route-tick round=2 red=false repeats=128 tick=110 ns=133700
route-tick round=2 red=false repeats=128 tick=111 ns=133600
route-tick round=2 red=false repeats=128 tick=112 ns=133600
route-tick round=2 red=false repeats=128 tick=113 ns=133500
route-tick round=2 red=false repeats=128 tick=114 ns=136200
route-tick round=2 red=false repeats=128 tick=115 ns=133900
route-tick round=2 red=false repeats=128 tick=116 ns=162500
route-tick round=2 red=false repeats=128 tick=117 ns=134700
route-tick round=2 red=false repeats=128 tick=118 ns=163600
route-tick round=2 red=false repeats=128 tick=119 ns=167800
route-tick round=2 red=false repeats=128 tick=120 ns=133900
route-tick round=2 red=false repeats=128 tick=121 ns=134000
route-tick round=2 red=false repeats=128 tick=122 ns=133700
route-tick round=2 red=false repeats=128 tick=123 ns=139600
route-tick round=2 red=false repeats=128 tick=124 ns=133700
route-tick round=2 red=false repeats=128 tick=125 ns=133800
route-tick round=2 red=false repeats=128 tick=126 ns=140100
route-tick round=2 red=false repeats=128 tick=127 ns=136500
route-end round=2 red=false repeats=128 vehicles=512 warm=16 steps=128 build_ns=53500 state_sum=1332736691 input=Sha256Digest(dbdb2fe4068e72fa17390d83d3a985117250c67adb797ac44577841e976a941c)
route-tick round=2 red=false repeats=2048 tick=0 ns=176600
route-tick round=2 red=false repeats=2048 tick=1 ns=175400
route-tick round=2 red=false repeats=2048 tick=2 ns=174800
route-tick round=2 red=false repeats=2048 tick=3 ns=175200
route-tick round=2 red=false repeats=2048 tick=4 ns=175100
route-tick round=2 red=false repeats=2048 tick=5 ns=174800
route-tick round=2 red=false repeats=2048 tick=6 ns=174600
route-tick round=2 red=false repeats=2048 tick=7 ns=174700
route-tick round=2 red=false repeats=2048 tick=8 ns=174200
route-tick round=2 red=false repeats=2048 tick=9 ns=177600
route-tick round=2 red=false repeats=2048 tick=10 ns=174200
route-tick round=2 red=false repeats=2048 tick=11 ns=174200
route-tick round=2 red=false repeats=2048 tick=12 ns=174000
route-tick round=2 red=false repeats=2048 tick=13 ns=174500
route-tick round=2 red=false repeats=2048 tick=14 ns=174400
route-tick round=2 red=false repeats=2048 tick=15 ns=174300
route-tick round=2 red=false repeats=2048 tick=16 ns=174500
route-tick round=2 red=false repeats=2048 tick=17 ns=174500
route-tick round=2 red=false repeats=2048 tick=18 ns=175300
route-tick round=2 red=false repeats=2048 tick=19 ns=177300
route-tick round=2 red=false repeats=2048 tick=20 ns=175200
route-tick round=2 red=false repeats=2048 tick=21 ns=175000
route-tick round=2 red=false repeats=2048 tick=22 ns=175600
route-tick round=2 red=false repeats=2048 tick=23 ns=175000
route-tick round=2 red=false repeats=2048 tick=24 ns=175100
route-tick round=2 red=false repeats=2048 tick=25 ns=175000
route-tick round=2 red=false repeats=2048 tick=26 ns=175800
route-tick round=2 red=false repeats=2048 tick=27 ns=174800
route-tick round=2 red=false repeats=2048 tick=28 ns=180200
route-tick round=2 red=false repeats=2048 tick=29 ns=177200
route-tick round=2 red=false repeats=2048 tick=30 ns=175000
route-tick round=2 red=false repeats=2048 tick=31 ns=174900
route-tick round=2 red=false repeats=2048 tick=32 ns=174600
route-tick round=2 red=false repeats=2048 tick=33 ns=174800
route-tick round=2 red=false repeats=2048 tick=34 ns=174800
route-tick round=2 red=false repeats=2048 tick=35 ns=175800
route-tick round=2 red=false repeats=2048 tick=36 ns=175500
route-tick round=2 red=false repeats=2048 tick=37 ns=175800
route-tick round=2 red=false repeats=2048 tick=38 ns=175800
route-tick round=2 red=false repeats=2048 tick=39 ns=177600
route-tick round=2 red=false repeats=2048 tick=40 ns=175900
route-tick round=2 red=false repeats=2048 tick=41 ns=177500
route-tick round=2 red=false repeats=2048 tick=42 ns=176600
route-tick round=2 red=false repeats=2048 tick=43 ns=176700
route-tick round=2 red=false repeats=2048 tick=44 ns=177500
route-tick round=2 red=false repeats=2048 tick=45 ns=177000
route-tick round=2 red=false repeats=2048 tick=46 ns=176600
route-tick round=2 red=false repeats=2048 tick=47 ns=176000
route-tick round=2 red=false repeats=2048 tick=48 ns=176400
route-tick round=2 red=false repeats=2048 tick=49 ns=177900
route-tick round=2 red=false repeats=2048 tick=50 ns=176200
route-tick round=2 red=false repeats=2048 tick=51 ns=176200
route-tick round=2 red=false repeats=2048 tick=52 ns=176600
route-tick round=2 red=false repeats=2048 tick=53 ns=176500
route-tick round=2 red=false repeats=2048 tick=54 ns=176900
route-tick round=2 red=false repeats=2048 tick=55 ns=177200
route-tick round=2 red=false repeats=2048 tick=56 ns=176700
route-tick round=2 red=false repeats=2048 tick=57 ns=176600
route-tick round=2 red=false repeats=2048 tick=58 ns=179400
route-tick round=2 red=false repeats=2048 tick=59 ns=177000
route-tick round=2 red=false repeats=2048 tick=60 ns=176900
route-tick round=2 red=false repeats=2048 tick=61 ns=176700
route-tick round=2 red=false repeats=2048 tick=62 ns=176800
route-tick round=2 red=false repeats=2048 tick=63 ns=177100
route-tick round=2 red=false repeats=2048 tick=64 ns=177300
route-tick round=2 red=false repeats=2048 tick=65 ns=177200
route-tick round=2 red=false repeats=2048 tick=66 ns=177800
route-tick round=2 red=false repeats=2048 tick=67 ns=177500
route-tick round=2 red=false repeats=2048 tick=68 ns=179200
route-tick round=2 red=false repeats=2048 tick=69 ns=177200
route-tick round=2 red=false repeats=2048 tick=70 ns=177200
route-tick round=2 red=false repeats=2048 tick=71 ns=177100
route-tick round=2 red=false repeats=2048 tick=72 ns=176800
route-tick round=2 red=false repeats=2048 tick=73 ns=177000
route-tick round=2 red=false repeats=2048 tick=74 ns=177300
route-tick round=2 red=false repeats=2048 tick=75 ns=177500
route-tick round=2 red=false repeats=2048 tick=76 ns=177100
route-tick round=2 red=false repeats=2048 tick=77 ns=256900
route-tick round=2 red=false repeats=2048 tick=78 ns=287400
route-tick round=2 red=false repeats=2048 tick=79 ns=180300
route-tick round=2 red=false repeats=2048 tick=80 ns=177800
route-tick round=2 red=false repeats=2048 tick=81 ns=177700
route-tick round=2 red=false repeats=2048 tick=82 ns=177600
route-tick round=2 red=false repeats=2048 tick=83 ns=177600
route-tick round=2 red=false repeats=2048 tick=84 ns=187800
route-tick round=2 red=false repeats=2048 tick=85 ns=175800
route-tick round=2 red=false repeats=2048 tick=86 ns=173600
route-tick round=2 red=false repeats=2048 tick=87 ns=238000
route-tick round=2 red=false repeats=2048 tick=88 ns=176000
route-tick round=2 red=false repeats=2048 tick=89 ns=174900
route-tick round=2 red=false repeats=2048 tick=90 ns=173400
route-tick round=2 red=false repeats=2048 tick=91 ns=170200
route-tick round=2 red=false repeats=2048 tick=92 ns=170200
route-tick round=2 red=false repeats=2048 tick=93 ns=170400
route-tick round=2 red=false repeats=2048 tick=94 ns=170400
route-tick round=2 red=false repeats=2048 tick=95 ns=170500
route-tick round=2 red=false repeats=2048 tick=96 ns=394700
route-tick round=2 red=false repeats=2048 tick=97 ns=422400
route-tick round=2 red=false repeats=2048 tick=98 ns=367900
route-tick round=2 red=false repeats=2048 tick=99 ns=172300
route-tick round=2 red=false repeats=2048 tick=100 ns=167300
route-tick round=2 red=false repeats=2048 tick=101 ns=166400
route-tick round=2 red=false repeats=2048 tick=102 ns=166700
route-tick round=2 red=false repeats=2048 tick=103 ns=174500
route-tick round=2 red=false repeats=2048 tick=104 ns=167400
route-tick round=2 red=false repeats=2048 tick=105 ns=167100
route-tick round=2 red=false repeats=2048 tick=106 ns=167000
route-tick round=2 red=false repeats=2048 tick=107 ns=167200
route-tick round=2 red=false repeats=2048 tick=108 ns=172400
route-tick round=2 red=false repeats=2048 tick=109 ns=167300
route-tick round=2 red=false repeats=2048 tick=110 ns=170600
route-tick round=2 red=false repeats=2048 tick=111 ns=170000
route-tick round=2 red=false repeats=2048 tick=112 ns=170200
route-tick round=2 red=false repeats=2048 tick=113 ns=173700
route-tick round=2 red=false repeats=2048 tick=114 ns=170200
route-tick round=2 red=false repeats=2048 tick=115 ns=170600
route-tick round=2 red=false repeats=2048 tick=116 ns=171600
route-tick round=2 red=false repeats=2048 tick=117 ns=173900
route-tick round=2 red=false repeats=2048 tick=118 ns=171700
route-tick round=2 red=false repeats=2048 tick=119 ns=185200
route-tick round=2 red=false repeats=2048 tick=120 ns=172200
route-tick round=2 red=false repeats=2048 tick=121 ns=172100
route-tick round=2 red=false repeats=2048 tick=122 ns=173500
route-tick round=2 red=false repeats=2048 tick=123 ns=176500
route-tick round=2 red=false repeats=2048 tick=124 ns=173300
route-tick round=2 red=false repeats=2048 tick=125 ns=173500
route-tick round=2 red=false repeats=2048 tick=126 ns=173400
route-tick round=2 red=false repeats=2048 tick=127 ns=173800
route-end round=2 red=false repeats=2048 vehicles=512 warm=16 steps=128 build_ns=5049200 state_sum=1332736691 input=Sha256Digest(dbdb2fe4068e72fa17390d83d3a985117250c67adb797ac44577841e976a941c)
route-tick round=2 red=true repeats=8 tick=0 ns=154800
route-tick round=2 red=true repeats=8 tick=1 ns=117600
route-tick round=2 red=true repeats=8 tick=2 ns=113300
route-tick round=2 red=true repeats=8 tick=3 ns=115000
route-tick round=2 red=true repeats=8 tick=4 ns=174900
route-tick round=2 red=true repeats=8 tick=5 ns=164300
route-tick round=2 red=true repeats=8 tick=6 ns=162000
route-tick round=2 red=true repeats=8 tick=7 ns=159800
route-tick round=2 red=true repeats=8 tick=8 ns=157700
route-tick round=2 red=true repeats=8 tick=9 ns=152400
route-tick round=2 red=true repeats=8 tick=10 ns=158200
route-tick round=2 red=true repeats=8 tick=11 ns=165300
route-tick round=2 red=true repeats=8 tick=12 ns=161500
route-tick round=2 red=true repeats=8 tick=13 ns=160700
route-tick round=2 red=true repeats=8 tick=14 ns=197100
route-tick round=2 red=true repeats=8 tick=15 ns=174900
route-tick round=2 red=true repeats=8 tick=16 ns=187900
route-tick round=2 red=true repeats=8 tick=17 ns=188300
route-tick round=2 red=true repeats=8 tick=18 ns=187600
route-tick round=2 red=true repeats=8 tick=19 ns=188600
route-tick round=2 red=true repeats=8 tick=20 ns=189500
route-tick round=2 red=true repeats=8 tick=21 ns=189200
route-tick round=2 red=true repeats=8 tick=22 ns=187900
route-tick round=2 red=true repeats=8 tick=23 ns=173500
route-tick round=2 red=true repeats=8 tick=24 ns=207700
route-tick round=2 red=true repeats=8 tick=25 ns=157500
route-tick round=2 red=true repeats=8 tick=26 ns=153300
route-tick round=2 red=true repeats=8 tick=27 ns=171700
route-tick round=2 red=true repeats=8 tick=28 ns=163300
route-tick round=2 red=true repeats=8 tick=29 ns=165300
route-tick round=2 red=true repeats=8 tick=30 ns=142000
route-tick round=2 red=true repeats=8 tick=31 ns=159000
route-tick round=2 red=true repeats=8 tick=32 ns=116900
route-tick round=2 red=true repeats=8 tick=33 ns=146900
route-tick round=2 red=true repeats=8 tick=34 ns=139000
route-tick round=2 red=true repeats=8 tick=35 ns=113300
route-tick round=2 red=true repeats=8 tick=36 ns=113000
route-tick round=2 red=true repeats=8 tick=37 ns=113100
route-tick round=2 red=true repeats=8 tick=38 ns=113100
route-tick round=2 red=true repeats=8 tick=39 ns=299100
route-tick round=2 red=true repeats=8 tick=40 ns=116600
route-tick round=2 red=true repeats=8 tick=41 ns=113800
route-tick round=2 red=true repeats=8 tick=42 ns=113100
route-tick round=2 red=true repeats=8 tick=43 ns=113100
route-tick round=2 red=true repeats=8 tick=44 ns=113000
route-tick round=2 red=true repeats=8 tick=45 ns=112700
route-tick round=2 red=true repeats=8 tick=46 ns=112800
route-tick round=2 red=true repeats=8 tick=47 ns=112900
route-tick round=2 red=true repeats=8 tick=48 ns=122000
route-tick round=2 red=true repeats=8 tick=49 ns=112600
route-tick round=2 red=true repeats=8 tick=50 ns=112200
route-tick round=2 red=true repeats=8 tick=51 ns=112600
route-tick round=2 red=true repeats=8 tick=52 ns=112200
route-tick round=2 red=true repeats=8 tick=53 ns=163000
route-tick round=2 red=true repeats=8 tick=54 ns=112600
route-tick round=2 red=true repeats=8 tick=55 ns=112500
route-tick round=2 red=true repeats=8 tick=56 ns=112400
route-tick round=2 red=true repeats=8 tick=57 ns=112400
route-tick round=2 red=true repeats=8 tick=58 ns=112200
route-tick round=2 red=true repeats=8 tick=59 ns=112400
route-tick round=2 red=true repeats=8 tick=60 ns=111900
route-tick round=2 red=true repeats=8 tick=61 ns=112300
route-tick round=2 red=true repeats=8 tick=62 ns=112000
route-tick round=2 red=true repeats=8 tick=63 ns=112400
route-tick round=2 red=true repeats=8 tick=64 ns=112000
route-tick round=2 red=true repeats=8 tick=65 ns=111900
route-tick round=2 red=true repeats=8 tick=66 ns=111900
route-tick round=2 red=true repeats=8 tick=67 ns=111900
route-tick round=2 red=true repeats=8 tick=68 ns=114200
route-tick round=2 red=true repeats=8 tick=69 ns=118700
route-tick round=2 red=true repeats=8 tick=70 ns=118400
route-tick round=2 red=true repeats=8 tick=71 ns=112100
route-tick round=2 red=true repeats=8 tick=72 ns=111900
route-tick round=2 red=true repeats=8 tick=73 ns=112100
route-tick round=2 red=true repeats=8 tick=74 ns=112200
route-tick round=2 red=true repeats=8 tick=75 ns=599200
route-tick round=2 red=true repeats=8 tick=76 ns=210300
route-tick round=2 red=true repeats=8 tick=77 ns=162400
route-tick round=2 red=true repeats=8 tick=78 ns=194400
route-tick round=2 red=true repeats=8 tick=79 ns=115400
route-tick round=2 red=true repeats=8 tick=80 ns=112000
route-tick round=2 red=true repeats=8 tick=81 ns=111500
route-tick round=2 red=true repeats=8 tick=82 ns=111300
route-tick round=2 red=true repeats=8 tick=83 ns=111100
route-tick round=2 red=true repeats=8 tick=84 ns=116700
route-tick round=2 red=true repeats=8 tick=85 ns=111400
route-tick round=2 red=true repeats=8 tick=86 ns=111200
route-tick round=2 red=true repeats=8 tick=87 ns=110300
route-tick round=2 red=true repeats=8 tick=88 ns=110500
route-tick round=2 red=true repeats=8 tick=89 ns=110400
route-tick round=2 red=true repeats=8 tick=90 ns=110200
route-tick round=2 red=true repeats=8 tick=91 ns=110100
route-tick round=2 red=true repeats=8 tick=92 ns=110000
route-tick round=2 red=true repeats=8 tick=93 ns=110600
route-tick round=2 red=true repeats=8 tick=94 ns=110200
route-tick round=2 red=true repeats=8 tick=95 ns=109900
route-tick round=2 red=true repeats=8 tick=96 ns=109900
route-tick round=2 red=true repeats=8 tick=97 ns=109800
route-tick round=2 red=true repeats=8 tick=98 ns=110200
route-tick round=2 red=true repeats=8 tick=99 ns=112400
route-tick round=2 red=true repeats=8 tick=100 ns=110100
route-tick round=2 red=true repeats=8 tick=101 ns=110200
route-tick round=2 red=true repeats=8 tick=102 ns=110300
route-tick round=2 red=true repeats=8 tick=103 ns=110000
route-tick round=2 red=true repeats=8 tick=104 ns=110700
route-tick round=2 red=true repeats=8 tick=105 ns=110200
route-tick round=2 red=true repeats=8 tick=106 ns=110500
route-tick round=2 red=true repeats=8 tick=107 ns=110700
route-tick round=2 red=true repeats=8 tick=108 ns=110600
route-tick round=2 red=true repeats=8 tick=109 ns=110600
route-tick round=2 red=true repeats=8 tick=110 ns=110800
route-tick round=2 red=true repeats=8 tick=111 ns=110600
route-tick round=2 red=true repeats=8 tick=112 ns=110500
route-tick round=2 red=true repeats=8 tick=113 ns=111100
route-tick round=2 red=true repeats=8 tick=114 ns=111200
route-tick round=2 red=true repeats=8 tick=115 ns=113000
route-tick round=2 red=true repeats=8 tick=116 ns=110900
route-tick round=2 red=true repeats=8 tick=117 ns=111300
route-tick round=2 red=true repeats=8 tick=118 ns=111000
route-tick round=2 red=true repeats=8 tick=119 ns=111100
route-tick round=2 red=true repeats=8 tick=120 ns=111100
route-tick round=2 red=true repeats=8 tick=121 ns=111200
route-tick round=2 red=true repeats=8 tick=122 ns=112000
route-tick round=2 red=true repeats=8 tick=123 ns=112100
route-tick round=2 red=true repeats=8 tick=124 ns=112100
route-tick round=2 red=true repeats=8 tick=125 ns=112100
route-tick round=2 red=true repeats=8 tick=126 ns=112100
route-tick round=2 red=true repeats=8 tick=127 ns=111900
route-end round=2 red=true repeats=8 vehicles=512 warm=16 steps=128 build_ns=10600 state_sum=1332736691 input=Sha256Digest(da37035127a8b1079a3e8319d572236805eb3c37858354239e86851e4cfbe2d4)
route-tick round=2 red=true repeats=128 tick=0 ns=133800
route-tick round=2 red=true repeats=128 tick=1 ns=133800
route-tick round=2 red=true repeats=128 tick=2 ns=133600
route-tick round=2 red=true repeats=128 tick=3 ns=137800
route-tick round=2 red=true repeats=128 tick=4 ns=133600
route-tick round=2 red=true repeats=128 tick=5 ns=133300
route-tick round=2 red=true repeats=128 tick=6 ns=133300
route-tick round=2 red=true repeats=128 tick=7 ns=140900
route-tick round=2 red=true repeats=128 tick=8 ns=133300
route-tick round=2 red=true repeats=128 tick=9 ns=133200
route-tick round=2 red=true repeats=128 tick=10 ns=138200
route-tick round=2 red=true repeats=128 tick=11 ns=133300
route-tick round=2 red=true repeats=128 tick=12 ns=136400
route-tick round=2 red=true repeats=128 tick=13 ns=136300
route-tick round=2 red=true repeats=128 tick=14 ns=140100
route-tick round=2 red=true repeats=128 tick=15 ns=136500
route-tick round=2 red=true repeats=128 tick=16 ns=136100
route-tick round=2 red=true repeats=128 tick=17 ns=145600
route-tick round=2 red=true repeats=128 tick=18 ns=175500
route-tick round=2 red=true repeats=128 tick=19 ns=139500
route-tick round=2 red=true repeats=128 tick=20 ns=137200
route-tick round=2 red=true repeats=128 tick=21 ns=141700
route-tick round=2 red=true repeats=128 tick=22 ns=137200
route-tick round=2 red=true repeats=128 tick=23 ns=137300
route-tick round=2 red=true repeats=128 tick=24 ns=140300
route-tick round=2 red=true repeats=128 tick=25 ns=140500
route-tick round=2 red=true repeats=128 tick=26 ns=136800
route-tick round=2 red=true repeats=128 tick=27 ns=136400
route-tick round=2 red=true repeats=128 tick=28 ns=171800
route-tick round=2 red=true repeats=128 tick=29 ns=192000
route-tick round=2 red=true repeats=128 tick=30 ns=136500
route-tick round=2 red=true repeats=128 tick=31 ns=142900
route-tick round=2 red=true repeats=128 tick=32 ns=136400
route-tick round=2 red=true repeats=128 tick=33 ns=136300
route-tick round=2 red=true repeats=128 tick=34 ns=139500
route-tick round=2 red=true repeats=128 tick=35 ns=141200
route-tick round=2 red=true repeats=128 tick=36 ns=136300
route-tick round=2 red=true repeats=128 tick=37 ns=136200
route-tick round=2 red=true repeats=128 tick=38 ns=140300
route-tick round=2 red=true repeats=128 tick=39 ns=136300
route-tick round=2 red=true repeats=128 tick=40 ns=136700
route-tick round=2 red=true repeats=128 tick=41 ns=136500
route-tick round=2 red=true repeats=128 tick=42 ns=140700
route-tick round=2 red=true repeats=128 tick=43 ns=136300
route-tick round=2 red=true repeats=128 tick=44 ns=204500
route-tick round=2 red=true repeats=128 tick=45 ns=138900
route-tick round=2 red=true repeats=128 tick=46 ns=137000
route-tick round=2 red=true repeats=128 tick=47 ns=193000
route-tick round=2 red=true repeats=128 tick=48 ns=137000
route-tick round=2 red=true repeats=128 tick=49 ns=136700
route-tick round=2 red=true repeats=128 tick=50 ns=136700
route-tick round=2 red=true repeats=128 tick=51 ns=136600
route-tick round=2 red=true repeats=128 tick=52 ns=136700
route-tick round=2 red=true repeats=128 tick=53 ns=141900
route-tick round=2 red=true repeats=128 tick=54 ns=136000
route-tick round=2 red=true repeats=128 tick=55 ns=135400
route-tick round=2 red=true repeats=128 tick=56 ns=135500
route-tick round=2 red=true repeats=128 tick=57 ns=135600
route-tick round=2 red=true repeats=128 tick=58 ns=135500
route-tick round=2 red=true repeats=128 tick=59 ns=135400
route-tick round=2 red=true repeats=128 tick=60 ns=191200
route-tick round=2 red=true repeats=128 tick=61 ns=163900
route-tick round=2 red=true repeats=128 tick=62 ns=141300
route-tick round=2 red=true repeats=128 tick=63 ns=135800
route-tick round=2 red=true repeats=128 tick=64 ns=141300
route-tick round=2 red=true repeats=128 tick=65 ns=135800
route-tick round=2 red=true repeats=128 tick=66 ns=136000
route-tick round=2 red=true repeats=128 tick=67 ns=136100
route-tick round=2 red=true repeats=128 tick=68 ns=136000
route-tick round=2 red=true repeats=128 tick=69 ns=136100
route-tick round=2 red=true repeats=128 tick=70 ns=143500
route-tick round=2 red=true repeats=128 tick=71 ns=136500
route-tick round=2 red=true repeats=128 tick=72 ns=147200
route-tick round=2 red=true repeats=128 tick=73 ns=136200
route-tick round=2 red=true repeats=128 tick=74 ns=138200
route-tick round=2 red=true repeats=128 tick=75 ns=150700
route-tick round=2 red=true repeats=128 tick=76 ns=180500
route-tick round=2 red=true repeats=128 tick=77 ns=136700
route-tick round=2 red=true repeats=128 tick=78 ns=136100
route-tick round=2 red=true repeats=128 tick=79 ns=136000
route-tick round=2 red=true repeats=128 tick=80 ns=136600
route-tick round=2 red=true repeats=128 tick=81 ns=136300
route-tick round=2 red=true repeats=128 tick=82 ns=148300
route-tick round=2 red=true repeats=128 tick=83 ns=136300
route-tick round=2 red=true repeats=128 tick=84 ns=136700
route-tick round=2 red=true repeats=128 tick=85 ns=136900
route-tick round=2 red=true repeats=128 tick=86 ns=141800
route-tick round=2 red=true repeats=128 tick=87 ns=138800
route-tick round=2 red=true repeats=128 tick=88 ns=157300
route-tick round=2 red=true repeats=128 tick=89 ns=138700
route-tick round=2 red=true repeats=128 tick=90 ns=138700
route-tick round=2 red=true repeats=128 tick=91 ns=138700
route-tick round=2 red=true repeats=128 tick=92 ns=138500
route-tick round=2 red=true repeats=128 tick=93 ns=150400
route-tick round=2 red=true repeats=128 tick=94 ns=138500
route-tick round=2 red=true repeats=128 tick=95 ns=138500
route-tick round=2 red=true repeats=128 tick=96 ns=156200
route-tick round=2 red=true repeats=128 tick=97 ns=160100
route-tick round=2 red=true repeats=128 tick=98 ns=214800
route-tick round=2 red=true repeats=128 tick=99 ns=140500
route-tick round=2 red=true repeats=128 tick=100 ns=150700
route-tick round=2 red=true repeats=128 tick=101 ns=140200
route-tick round=2 red=true repeats=128 tick=102 ns=140000
route-tick round=2 red=true repeats=128 tick=103 ns=144200
route-tick round=2 red=true repeats=128 tick=104 ns=175900
route-tick round=2 red=true repeats=128 tick=105 ns=140300
route-tick round=2 red=true repeats=128 tick=106 ns=138000
route-tick round=2 red=true repeats=128 tick=107 ns=137700
route-tick round=2 red=true repeats=128 tick=108 ns=138200
route-tick round=2 red=true repeats=128 tick=109 ns=138400
route-tick round=2 red=true repeats=128 tick=110 ns=150800
route-tick round=2 red=true repeats=128 tick=111 ns=138500
route-tick round=2 red=true repeats=128 tick=112 ns=138400
route-tick round=2 red=true repeats=128 tick=113 ns=138100
route-tick round=2 red=true repeats=128 tick=114 ns=144600
route-tick round=2 red=true repeats=128 tick=115 ns=138600
route-tick round=2 red=true repeats=128 tick=116 ns=137900
route-tick round=2 red=true repeats=128 tick=117 ns=136900
route-tick round=2 red=true repeats=128 tick=118 ns=151500
route-tick round=2 red=true repeats=128 tick=119 ns=135800
route-tick round=2 red=true repeats=128 tick=120 ns=150700
route-tick round=2 red=true repeats=128 tick=121 ns=148500
route-tick round=2 red=true repeats=128 tick=122 ns=142600
route-tick round=2 red=true repeats=128 tick=123 ns=135600
route-tick round=2 red=true repeats=128 tick=124 ns=134800
route-tick round=2 red=true repeats=128 tick=125 ns=134400
route-tick round=2 red=true repeats=128 tick=126 ns=134200
route-tick round=2 red=true repeats=128 tick=127 ns=134300
route-end round=2 red=true repeats=128 vehicles=512 warm=16 steps=128 build_ns=49000 state_sum=1332736691 input=Sha256Digest(da37035127a8b1079a3e8319d572236805eb3c37858354239e86851e4cfbe2d4)
route-tick round=2 red=true repeats=2048 tick=0 ns=175600
route-tick round=2 red=true repeats=2048 tick=1 ns=171800
route-tick round=2 red=true repeats=2048 tick=2 ns=177100
route-tick round=2 red=true repeats=2048 tick=3 ns=171900
route-tick round=2 red=true repeats=2048 tick=4 ns=171800
route-tick round=2 red=true repeats=2048 tick=5 ns=176400
route-tick round=2 red=true repeats=2048 tick=6 ns=170900
route-tick round=2 red=true repeats=2048 tick=7 ns=170100
route-tick round=2 red=true repeats=2048 tick=8 ns=175700
route-tick round=2 red=true repeats=2048 tick=9 ns=169700
route-tick round=2 red=true repeats=2048 tick=10 ns=173500
route-tick round=2 red=true repeats=2048 tick=11 ns=175900
route-tick round=2 red=true repeats=2048 tick=12 ns=169200
route-tick round=2 red=true repeats=2048 tick=13 ns=168600
route-tick round=2 red=true repeats=2048 tick=14 ns=175100
route-tick round=2 red=true repeats=2048 tick=15 ns=170000
route-tick round=2 red=true repeats=2048 tick=16 ns=169800
route-tick round=2 red=true repeats=2048 tick=17 ns=196400
route-tick round=2 red=true repeats=2048 tick=18 ns=206100
route-tick round=2 red=true repeats=2048 tick=19 ns=249100
route-tick round=2 red=true repeats=2048 tick=20 ns=168800
route-tick round=2 red=true repeats=2048 tick=21 ns=167800
route-tick round=2 red=true repeats=2048 tick=22 ns=176200
route-tick round=2 red=true repeats=2048 tick=23 ns=168600
route-tick round=2 red=true repeats=2048 tick=24 ns=228700
route-tick round=2 red=true repeats=2048 tick=25 ns=171900
route-tick round=2 red=true repeats=2048 tick=26 ns=170400
route-tick round=2 red=true repeats=2048 tick=27 ns=175000
route-tick round=2 red=true repeats=2048 tick=28 ns=168200
route-tick round=2 red=true repeats=2048 tick=29 ns=169300
route-tick round=2 red=true repeats=2048 tick=30 ns=171400
route-tick round=2 red=true repeats=2048 tick=31 ns=226200
route-tick round=2 red=true repeats=2048 tick=32 ns=191900
route-tick round=2 red=true repeats=2048 tick=33 ns=271000
route-tick round=2 red=true repeats=2048 tick=34 ns=167500
route-tick round=2 red=true repeats=2048 tick=35 ns=172900
route-tick round=2 red=true repeats=2048 tick=36 ns=166700
route-tick round=2 red=true repeats=2048 tick=37 ns=166600
route-tick round=2 red=true repeats=2048 tick=38 ns=169500
route-tick round=2 red=true repeats=2048 tick=39 ns=170100
route-tick round=2 red=true repeats=2048 tick=40 ns=208000
route-tick round=2 red=true repeats=2048 tick=41 ns=175500
route-tick round=2 red=true repeats=2048 tick=42 ns=167300
route-tick round=2 red=true repeats=2048 tick=43 ns=167200
route-tick round=2 red=true repeats=2048 tick=44 ns=173900
route-tick round=2 red=true repeats=2048 tick=45 ns=167700
route-tick round=2 red=true repeats=2048 tick=46 ns=167900
route-tick round=2 red=true repeats=2048 tick=47 ns=275700
route-tick round=2 red=true repeats=2048 tick=48 ns=257900
route-tick round=2 red=true repeats=2048 tick=49 ns=227600
route-tick round=2 red=true repeats=2048 tick=50 ns=167500
route-tick round=2 red=true repeats=2048 tick=51 ns=191100
route-tick round=2 red=true repeats=2048 tick=52 ns=167700
route-tick round=2 red=true repeats=2048 tick=53 ns=167700
route-tick round=2 red=true repeats=2048 tick=54 ns=167000
route-tick round=2 red=true repeats=2048 tick=55 ns=166700
route-tick round=2 red=true repeats=2048 tick=56 ns=166300
route-tick round=2 red=true repeats=2048 tick=57 ns=174800
route-tick round=2 red=true repeats=2048 tick=58 ns=166500
route-tick round=2 red=true repeats=2048 tick=59 ns=166200
route-tick round=2 red=true repeats=2048 tick=60 ns=177500
route-tick round=2 red=true repeats=2048 tick=61 ns=167400
route-tick round=2 red=true repeats=2048 tick=62 ns=185300
route-tick round=2 red=true repeats=2048 tick=63 ns=213400
route-tick round=2 red=true repeats=2048 tick=64 ns=181200
route-tick round=2 red=true repeats=2048 tick=65 ns=168400
route-tick round=2 red=true repeats=2048 tick=66 ns=177200
route-tick round=2 red=true repeats=2048 tick=67 ns=173200
route-tick round=2 red=true repeats=2048 tick=68 ns=174200
route-tick round=2 red=true repeats=2048 tick=69 ns=170300
route-tick round=2 red=true repeats=2048 tick=70 ns=168700
route-tick round=2 red=true repeats=2048 tick=71 ns=183700
route-tick round=2 red=true repeats=2048 tick=72 ns=169700
route-tick round=2 red=true repeats=2048 tick=73 ns=170100
route-tick round=2 red=true repeats=2048 tick=74 ns=173300
route-tick round=2 red=true repeats=2048 tick=75 ns=169300
route-tick round=2 red=true repeats=2048 tick=76 ns=169400
route-tick round=2 red=true repeats=2048 tick=77 ns=176100
route-tick round=2 red=true repeats=2048 tick=78 ns=169000
route-tick round=2 red=true repeats=2048 tick=79 ns=167000
route-tick round=2 red=true repeats=2048 tick=80 ns=171900
route-tick round=2 red=true repeats=2048 tick=81 ns=167300
route-tick round=2 red=true repeats=2048 tick=82 ns=167000
route-tick round=2 red=true repeats=2048 tick=83 ns=171800
route-tick round=2 red=true repeats=2048 tick=84 ns=166800
route-tick round=2 red=true repeats=2048 tick=85 ns=166600
route-tick round=2 red=true repeats=2048 tick=86 ns=190100
route-tick round=2 red=true repeats=2048 tick=87 ns=251300
route-tick round=2 red=true repeats=2048 tick=88 ns=184100
route-tick round=2 red=true repeats=2048 tick=89 ns=166600
route-tick round=2 red=true repeats=2048 tick=90 ns=168300
route-tick round=2 red=true repeats=2048 tick=91 ns=171700
route-tick round=2 red=true repeats=2048 tick=92 ns=168100
route-tick round=2 red=true repeats=2048 tick=93 ns=175700
route-tick round=2 red=true repeats=2048 tick=94 ns=171700
route-tick round=2 red=true repeats=2048 tick=95 ns=166700
route-tick round=2 red=true repeats=2048 tick=96 ns=166600
route-tick round=2 red=true repeats=2048 tick=97 ns=173500
route-tick round=2 red=true repeats=2048 tick=98 ns=166100
route-tick round=2 red=true repeats=2048 tick=99 ns=166900
route-tick round=2 red=true repeats=2048 tick=100 ns=170800
route-tick round=2 red=true repeats=2048 tick=101 ns=165700
route-tick round=2 red=true repeats=2048 tick=102 ns=164400
route-tick round=2 red=true repeats=2048 tick=103 ns=169200
route-tick round=2 red=true repeats=2048 tick=104 ns=164700
route-tick round=2 red=true repeats=2048 tick=105 ns=164600
route-tick round=2 red=true repeats=2048 tick=106 ns=169700
route-tick round=2 red=true repeats=2048 tick=107 ns=170000
route-tick round=2 red=true repeats=2048 tick=108 ns=166500
route-tick round=2 red=true repeats=2048 tick=109 ns=233200
route-tick round=2 red=true repeats=2048 tick=110 ns=205200
route-tick round=2 red=true repeats=2048 tick=111 ns=198200
route-tick round=2 red=true repeats=2048 tick=112 ns=255600
route-tick round=2 red=true repeats=2048 tick=113 ns=300100
route-tick round=2 red=true repeats=2048 tick=114 ns=220400
route-tick round=2 red=true repeats=2048 tick=115 ns=172400
route-tick round=2 red=true repeats=2048 tick=116 ns=252500
route-tick round=2 red=true repeats=2048 tick=117 ns=277800
route-tick round=2 red=true repeats=2048 tick=118 ns=170500
route-tick round=2 red=true repeats=2048 tick=119 ns=168700
route-tick round=2 red=true repeats=2048 tick=120 ns=167200
route-tick round=2 red=true repeats=2048 tick=121 ns=175500
route-tick round=2 red=true repeats=2048 tick=122 ns=193400
route-tick round=2 red=true repeats=2048 tick=123 ns=174400
route-tick round=2 red=true repeats=2048 tick=124 ns=174300
route-tick round=2 red=true repeats=2048 tick=125 ns=166500
route-tick round=2 red=true repeats=2048 tick=126 ns=172700
route-tick round=2 red=true repeats=2048 tick=127 ns=165100
route-end round=2 red=true repeats=2048 vehicles=512 warm=16 steps=128 build_ns=4955300 state_sum=1332736691 input=Sha256Digest(da37035127a8b1079a3e8319d572236805eb3c37858354239e86851e4cfbe2d4)
ok

test result: ok. 1 passed; 0 failed; 0 ignored; 0 measured; 1 filtered out; finished in 1.00s

