"run","order","variant","population","tick","public_step_ns","observation_ns","iteration_ns"
"b1-off-abba-1","1","off","100000","65","34094000","71618200","132645600"
"b1-off-abba-1","1","off","100000","66","29349500","71051700","103565300"
"b1-off-abba-1","1","off","100000","67","29948700","71970800","102083800"
"b1-off-abba-1","1","off","100000","68","29843500","69682700","99635900"
"b1-off-abba-1","1","off","100000","69","29394700","69666000","99163400"
"b1-off-abba-1","1","off","100000","70","30495900","70841200","101453800"
"b1-off-abba-1","1","off","100000","71","29345000","71580400","101038200"
"b1-off-abba-1","1","off","100000","72","32133700","73876900","106165300"
"b1-off-abba-1","1","off","100000","73","30576700","77100200","107800500"
"b1-off-abba-1","1","off","100000","74","31860400","75227600","107204400"
"b1-off-abba-1","1","off","100000","75","31309600","73718200","105138400"
"b1-off-abba-1","1","off","100000","76","32380300","75170500","107667800"
"b1-off-abba-1","1","off","100000","77","31961900","75443100","107519700"
"b1-off-abba-1","1","off","100000","78","33301600","76299100","109716500"
"b1-off-abba-1","1","off","100000","79","31969600","76254700","108348600"
"b1-off-abba-1","1","off","100000","80","32211300","75996200","108412700"
"b1-off-abba-1","1","off","100000","81","31364200","70302800","118165300"
"b1-off-abba-1","1","off","100000","82","32389800","73377600","107894000"
"b1-off-abba-1","1","off","100000","83","29754700","74574500","104453000"
"b1-off-abba-1","1","off","100000","84","32752800","76536400","110453900"
"b1-off-abba-1","1","off","100000","85","30064200","72590500","107366600"
"b1-off-abba-1","1","off","100000","86","32110400","72931100","105312000"
"b1-off-abba-1","1","off","100000","87","30298100","72660700","103083900"
"b1-off-abba-1","1","off","100000","88","30760700","73270500","104144800"
"b1-off-abba-1","1","off","100000","89","30833700","73678000","104638400"
"b1-off-abba-1","1","off","100000","90","34929700","78201100","113283000"
"b1-off-abba-1","1","off","100000","91","32549900","72279800","104949700"
"b1-off-abba-1","1","off","100000","92","31902800","72021600","104042300"
"b1-off-abba-1","1","off","100000","93","33493700","74259900","108110000"
"b1-off-abba-1","1","off","100000","94","33325100","75007900","109661000"
"b1-off-abba-1","1","off","100000","95","33028200","84227800","119128300"
"b1-off-abba-1","1","off","100000","96","35857500","74665200","111087100"
"b1-off-abba-1","1","off","100000","97","34027500","78429800","131171200"
"b1-off-abba-1","1","off","100000","98","32981300","80531000","115825900"
"b1-off-abba-1","1","off","100000","99","33812800","76789000","110728200"
"b1-off-abba-1","1","off","100000","100","32083200","72857700","105058300"
"b1-off-abba-1","1","off","100000","101","33257300","87523000","121094100"
"b1-off-abba-1","1","off","100000","102","32900100","73326700","106336600"
"b1-off-abba-1","1","off","100000","103","37212700","78423600","116220200"
"b1-off-abba-1","1","off","100000","104","41399300","91588000","139440900"
"b1-off-abba-1","1","off","100000","105","33930000","74577300","111379300"
"b1-off-abba-1","1","off","100000","106","33213200","75528300","108918700"
"b1-off-abba-1","1","off","100000","107","32377500","86982700","119494500"
"b1-off-abba-1","1","off","100000","108","37807100","91819000","129753400"
"b1-off-abba-1","1","off","100000","109","39325000","79438100","118880800"
"b1-off-abba-1","1","off","100000","110","33978600","75116100","109210400"
"b1-off-abba-1","1","off","100000","111","34381500","74398900","108889100"
"b1-off-abba-1","1","off","100000","112","34590400","74179400","108891800"
"b1-off-abba-1","1","off","100000","113","33909300","74196600","132078500"
"b1-off-abba-1","1","off","100000","114","37920700","78193100","118611500"
"b1-off-abba-1","1","off","100000","115","33216800","75330800","108687300"
"b1-off-abba-1","1","off","100000","116","34427100","77083500","111625200"
"b1-off-abba-1","1","off","100000","117","32446700","76309100","108947400"
"b1-off-abba-1","1","off","100000","118","34832000","86486700","121459700"
"b1-off-abba-1","1","off","100000","119","37551400","91571900","129309600"
"b1-off-abba-1","1","off","100000","120","39295500","93464700","133068200"
"b1-off-abba-1","1","off","100000","121","39366000","92835300","132652000"
"b1-off-abba-1","1","off","100000","122","40987500","96752700","140775800"
"b1-off-abba-1","1","off","100000","123","36777300","77190000","115169600"
"b1-off-abba-1","1","off","100000","124","38309500","74911600","113340100"
"b1-off-abba-1","1","off","100000","125","34039000","75979600","110144400"
"b1-off-abba-1","1","off","100000","126","36329700","90919200","127588000"
"b1-off-abba-1","1","off","100000","127","40198700","81352800","121811700"
"b1-off-abba-1","1","off","100000","128","34526800","76337000","110963800"
"b1-off-abba-1","1","off","100000","129","41425200","91796400","190839000"
"b1-off-abba-1","1","off","100000","130","40502800","94269900","145502000"
"b1-off-abba-1","1","off","100000","131","35435500","83264800","118829800"
"b1-off-abba-1","1","off","100000","132","34630900","75120400","110378300"
"b1-off-abba-1","1","off","100000","133","32610600","76949100","109824500"
"b1-off-abba-1","1","off","100000","134","33942400","78627200","112685100"
"b1-off-abba-1","1","off","100000","135","35623500","80191400","116504400"
"b1-off-abba-1","1","off","100000","136","34374700","80267100","116453600"
"b1-off-abba-1","1","off","100000","137","34331900","75584700","110473800"
"b1-off-abba-1","1","off","100000","138","34339900","74861900","109318600"
"b1-off-abba-1","1","off","100000","139","35494500","76007200","111805000"
"b1-off-abba-1","1","off","100000","140","32675100","78705700","111542100"
"b1-off-abba-1","1","off","100000","141","33081100","76948600","110157600"
"b1-off-abba-1","1","off","100000","142","33987500","78850300","112981700"
"b1-off-abba-1","1","off","100000","143","33003700","77818300","110950900"
"b1-off-abba-1","1","off","100000","144","34662700","78702400","115884300"
"b1-off-abba-1","1","off","100000","145","33365600","75444600","140188500"
"b1-off-abba-1","1","off","100000","146","34335300","77014700","116025700"
"b1-off-abba-1","1","off","100000","147","33344800","76839200","110731300"
"b1-off-abba-1","1","off","100000","148","33219300","79559100","112985400"
"b1-off-abba-1","1","off","100000","149","34314600","77560800","111993200"
"b1-off-abba-1","1","off","100000","150","32040900","77039400","109221600"
"b1-off-abba-1","1","off","100000","151","33037200","80458800","113627100"
"b1-off-abba-1","1","off","100000","152","35054600","75083800","110256700"
"b1-off-abba-1","1","off","100000","153","31903500","75082900","107100100"
"b1-off-abba-1","1","off","100000","154","32872400","76022200","109004500"
"b1-off-abba-1","1","off","100000","155","32882400","79913600","112944800"
"b1-off-abba-1","1","off","100000","156","33228500","75887600","109745000"
"b1-off-abba-1","1","off","100000","157","33262000","76027500","109580600"
"b1-off-abba-1","1","off","100000","158","33427800","75397300","108939500"
"b1-off-abba-1","1","off","100000","159","33955800","78293300","112439000"
"b1-off-abba-1","1","off","100000","160","33630000","79865900","113588700"
"b1-off-abba-1","1","off","100000","161","33664700","78855300","140949200"
"b1-off-abba-1","1","off","100000","162","33203000","78180500","115347200"
"b1-off-abba-1","1","off","100000","163","35378200","84948400","120451000"
"b1-off-abba-1","1","off","100000","164","34736700","87561900","122419100"
"b1-off-abba-1","1","off","100000","165","33508400","75674100","109495100"
"b1-off-abba-1","1","off","100000","166","33816400","76083200","110610700"
"b1-off-abba-1","1","off","100000","167","31932800","77257400","109650100"
"b1-off-abba-1","1","off","100000","168","39447700","90924500","130822300"
"b1-off-abba-1","1","off","100000","169","35831400","76057700","112092800"
"b1-off-abba-1","1","off","100000","170","37836500","92362700","130324500"
"b1-off-abba-1","1","off","100000","171","33688600","78306900","112121300"
"b1-off-abba-1","1","off","100000","172","35921400","90763600","126869100"
"b1-off-abba-1","1","off","100000","173","38437000","91835100","130510900"
"b1-off-abba-1","1","off","100000","174","38643400","83242900","122007300"
"b1-off-abba-1","1","off","100000","175","36243600","90808500","127174300"
"b1-off-abba-1","1","off","100000","176","35188300","76251600","111552200"
"b1-off-abba-1","1","off","100000","177","32418000","76469100","138228200"
"b1-off-abba-1","1","off","100000","178","32707700","76815800","113206300"
"b1-off-abba-1","1","off","100000","179","33543300","75641400","109314900"
"b1-off-abba-1","1","off","100000","180","33971500","84128100","118228100"
"b1-off-abba-1","1","off","100000","181","38758100","95777300","134834400"
"b1-off-abba-1","1","off","100000","182","37922800","86120400","124233300"
"b1-off-abba-1","1","off","100000","183","33410300","76572300","110407000"
"b1-off-abba-1","1","off","100000","184","40200500","91973600","132464900"
"b1-off-abba-1","1","off","100000","185","37443600","78255100","116018400"
"b1-off-abba-1","1","off","100000","186","31210300","78097400","109478600"
"b1-off-abba-1","1","off","100000","187","38172900","91970700","130549300"
"b1-off-abba-1","1","off","100000","188","38034400","92198600","130358800"
"b1-off-abba-1","1","off","100000","189","40322900","93048500","134117000"
"b1-off-abba-1","1","off","100000","190","38420000","93265800","132021000"
"b1-off-abba-1","1","off","100000","191","36251900","76777400","113158600"
"b1-off-abba-1","1","off","100000","192","33816700","80036200","114062100"
"b1-off-abba-1","1","off","100000","193","39255800","76723700","177074200"
"b1-off-abba-1","1","off","100000","194","34061500","76211600","121001400"
"b1-off-abba-1","1","off","100000","195","32950800","76619500","109687100"
"b1-off-abba-1","1","off","100000","196","34897900","76447700","111625000"
"b1-off-abba-1","1","off","100000","197","33904200","77537100","111699000"
"b1-off-abba-1","1","off","100000","198","32951600","76862800","110020800"
"b1-off-abba-1","1","off","100000","199","34649800","75318400","110081400"
"b1-off-abba-1","1","off","100000","200","32886200","80219600","113234400"
"b1-off-abba-1","1","off","100000","201","34436400","75507200","110062000"
"b1-off-abba-1","1","off","100000","202","33347100","75604600","109240200"
"b1-off-abba-1","1","off","100000","203","32469300","77213400","109854200"
"b1-off-abba-1","1","off","100000","204","33841500","76748200","110704300"
"b1-off-abba-1","1","off","100000","205","31578800","75711700","107412800"
"b1-off-abba-1","1","off","100000","206","34672000","78811200","113606000"
"b1-off-abba-1","1","off","100000","207","34391900","75891800","110397500"
"b1-off-abba-1","1","off","100000","208","32697900","75839000","108654200"
"b1-off-abba-1","1","off","100000","209","33513000","75981900","149313100"
"b1-off-abba-1","1","off","100000","210","33740800","81297400","121812600"
"b1-off-abba-1","1","off","100000","211","34636000","79800800","114621500"
"b1-off-abba-1","1","off","100000","212","34109400","76509100","110749300"
"b1-off-abba-1","1","off","100000","213","33141200","75648400","108902400"
"b1-off-abba-1","1","off","100000","214","35309400","77881200","113309200"
"b1-off-abba-1","1","off","100000","215","31474100","75072200","106667800"
"b1-off-abba-1","1","off","100000","216","33245200","80239300","113610900"
"b1-off-abba-1","1","off","100000","217","33922600","76002100","110045100"
"b1-off-abba-1","1","off","100000","218","33276300","77099600","110597800"
"b1-off-abba-1","1","off","100000","219","33763900","79014800","112925900"
"b1-off-abba-1","1","off","100000","220","34833900","75726100","110693200"
"b1-off-abba-1","1","off","100000","221","34771900","77747600","112632200"
"b1-off-abba-1","1","off","100000","222","34796700","75196000","110100700"
"b1-off-abba-1","1","off","100000","223","32221500","76338800","108674600"
"b1-off-abba-1","1","off","100000","224","36435600","92067500","128968400"
"b1-off-abba-1","1","off","100000","225","38782100","85454800","169591500"
"b1-off-abba-1","1","off","100000","226","34062100","76133300","116093800"
"b1-off-abba-1","1","off","100000","227","35147500","76295400","111606100"
"b1-off-abba-1","1","off","100000","228","34070800","75619700","109797700"
"b1-off-abba-1","1","off","100000","229","34844500","76142900","111286100"
"b1-off-abba-1","1","off","100000","230","33313200","76958800","110446000"
"b1-off-abba-1","1","off","100000","231","35131100","76944000","112215800"
"b1-off-abba-1","1","off","100000","232","35748700","83871100","119740900"
"b1-off-abba-1","1","off","100000","233","34892700","76417800","111614800"
"b1-off-abba-1","1","off","100000","234","33396100","75375400","108928300"
"b1-off-abba-1","1","off","100000","235","34171400","76195500","110509500"
"b1-off-abba-1","1","off","100000","236","38736500","90632700","129498600"
"b1-off-abba-1","1","off","100000","237","39983900","94417000","134589500"
"b1-off-abba-1","1","off","100000","238","39386700","94677600","134492200"
"b1-off-abba-1","1","off","100000","239","39153400","93112700","132449100"
"b1-off-abba-1","1","off","100000","240","40680400","93927500","134721400"
"b1-off-abba-1","1","off","100000","241","40691900","81310000","166944400"
"b1-off-abba-1","1","off","100000","242","34010300","78006800","118088900"
"b1-off-abba-1","1","off","100000","243","35268800","82339500","118037100"
"b1-off-abba-1","1","off","100000","244","40822700","92519600","133514900"
"b1-off-abba-1","1","off","100000","245","40511700","90348000","130982400"
"b1-off-abba-1","1","off","100000","246","39494600","86936700","126575500"
"b1-off-abba-1","1","off","100000","247","35289500","78598300","114003700"
"b1-off-abba-1","1","off","100000","248","39036800","92433500","131783600"
"b1-off-abba-1","1","off","100000","249","39628100","90980700","130788800"
"b1-off-abba-1","1","off","100000","250","34046800","77023300","111387700"
"b1-off-abba-1","1","off","100000","251","34522200","76588500","111356700"
"b1-off-abba-1","1","off","100000","252","33696700","77221900","111033100"
"b1-off-abba-1","1","off","100000","253","33906200","79185100","113215500"
"b1-off-abba-1","1","off","100000","254","35044100","80452600","115810100"
"b1-off-abba-1","1","off","100000","255","35555000","81271600","117101700"
"b1-off-abba-1","1","off","100000","256","35115600","81118700","116331100"
"b1-off-abba-1","1","off","100000","257","40216900","78807600","561785600"
"b1-off-abba-1","1","off","100000","258","34232500","78547400","125008400"
"b1-off-abba-1","1","off","100000","259","35985800","80196100","116297400"
"b1-off-abba-1","1","off","100000","260","36085100","81856700","118248200"
"b1-off-abba-1","1","off","100000","261","34070800","78581600","112845600"
"b1-off-abba-1","1","off","100000","262","36716100","81113300","117961300"
"b1-off-abba-1","1","off","100000","263","36136400","77571200","113843400"
"b1-off-abba-1","1","off","100000","264","34413200","80871100","115464200"
"b1-off-abba-1","1","off","100000","265","35307900","81776900","117226000"
"b1-off-abba-1","1","off","100000","266","35572300","81208800","116905800"
"b1-off-abba-1","1","off","100000","267","34607700","83900900","118627900"
"b1-off-abba-1","1","off","100000","268","37254500","79979200","117380300"
"b1-off-abba-1","1","off","100000","269","35080600","80345000","115558500"
"b1-off-abba-1","1","off","100000","270","35572100","79041900","114733600"
"b1-off-abba-1","1","off","100000","271","36170400","77700400","114000400"
"b1-off-abba-1","1","off","100000","272","35809800","82041700","118022300"
"b1-off-abba-1","1","off","100000","273","35342000","77640000","169085900"
"b1-off-abba-1","1","off","100000","274","35158200","83459000","126432100"
"b1-off-abba-1","1","off","100000","275","34145900","82960500","117224800"
"b1-off-abba-1","1","off","100000","276","36069900","81356800","117555600"
"b1-off-abba-1","1","off","100000","277","34963600","81216200","116422900"
"b1-off-abba-1","1","off","100000","278","35119700","82899700","118158900"
"b1-off-abba-1","1","off","100000","279","41600800","93146800","134866400"
"b1-off-abba-1","1","off","100000","280","36532300","76201500","112927500"
"b1-off-abba-1","1","off","100000","281","38651100","83243800","122019100"
"b1-off-abba-1","1","off","100000","282","37375000","92340800","130207800"
"b1-off-abba-1","1","off","100000","283","37451200","94825300","132500700"
"b1-off-abba-1","1","off","100000","284","40081900","92855200","133218700"
"b1-off-abba-1","1","off","100000","285","40769700","91898200","132850800"
"b1-off-abba-1","1","off","100000","286","40547700","84198300","124867800"
"b1-off-abba-1","1","off","100000","287","34924200","78394000","113437800"
"b1-off-abba-1","1","off","100000","288","35362600","91381000","127035300"
"b1-off-abba-1","1","off","100000","289","39701600","94229800","214756600"
"b1-off-abba-1","1","off","100000","290","41025800","95047800","145502700"
"b1-off-abba-1","1","off","100000","291","40829400","92805200","133810600"
"b1-off-abba-1","1","off","100000","292","40462000","78345200","119136600"
"b1-off-abba-1","1","off","100000","293","37510600","85859500","123601800"
"b1-off-abba-1","1","off","100000","294","39510000","94531600","134323000"
"b1-off-abba-1","1","off","100000","295","37743000","81970500","119835600"
"b1-off-abba-1","1","off","100000","296","33984900","76709000","110811500"
"b1-off-abba-1","1","off","100000","297","37232500","92688400","130062300"
"b1-off-abba-1","1","off","100000","298","35954600","77972200","114055000"
"b1-off-abba-1","1","off","100000","299","36154000","93806000","130309100"
"b1-off-abba-1","1","off","100000","300","36842100","77501300","114467500"
"b1-off-abba-1","1","off","100000","301","34790900","77714000","112779200"
"b1-off-abba-1","1","off","100000","302","40123700","93810600","134162900"
"b1-off-abba-1","1","off","100000","303","39820800","92846800","132844900"
"b1-off-abba-1","1","off","100000","304","38489500","78141300","116746000"
"b1-off-abba-1","1","off","100000","305","35642000","81080500","179877900"
"b1-off-abba-1","1","off","100000","306","34670600","78152800","120344700"
"b1-off-abba-1","1","off","100000","307","35739600","79403600","115524100"
"b1-off-abba-1","1","off","100000","308","34353700","75824900","110368200"
"b1-off-abba-1","1","off","100000","309","34929400","79332000","114378000"
"b1-off-abba-1","1","off","100000","310","34659200","76276300","111114700"
"b1-off-abba-1","1","off","100000","311","35217200","80015400","115367100"
"b1-off-abba-1","1","off","100000","312","35555500","80190500","115869000"
"b1-off-abba-1","1","off","100000","313","36477500","76624000","113226500"
"b1-off-abba-1","1","off","100000","314","35055900","76625300","111964500"
"b1-off-abba-1","1","off","100000","315","35525900","82457200","118157700"
"b1-off-abba-1","1","off","100000","316","36431300","83807200","120422100"
"b1-off-abba-1","1","off","100000","317","35915900","79954400","115991500"
"b1-off-abba-1","1","off","100000","318","36262900","83758300","120569700"
"b1-off-abba-1","1","off","100000","319","36240700","76499800","112960700"
"b1-off-abba-1","1","off","100000","320","36768500","84446400","121324800"
"b1-off-abba-1","1","off","100000","321","42227100","83228700","237754700"
"b1-off-abba-1","1","off","100000","322","35947500","77157900","127776400"
"b1-off-abba-1","1","off","100000","323","33578000","76771300","110491500"
"b1-off-abba-1","1","off","100000","324","34718500","83964400","119048500"
"b1-off-abba-1","1","off","100000","325","37303900","84901900","122388100"
"b1-off-abba-1","1","off","100000","326","35468900","83675100","119283800"
"b1-off-abba-1","1","off","100000","327","36362100","84833800","121331900"
"b1-off-abba-1","1","off","100000","328","36837700","83915100","120889900"
"b1-off-abba-1","1","off","100000","329","34164200","82122500","116478200"
"b1-off-abba-1","1","off","100000","330","36307900","79042200","116122200"
"b1-off-abba-1","1","off","100000","331","34276900","78885900","113451400"
"b1-off-abba-1","1","off","100000","332","34377000","75465900","109972100"
"b1-off-abba-1","1","off","100000","333","34381200","86635400","121134500"
"b1-off-abba-1","1","off","100000","334","39125400","80031500","119280100"
"b1-off-abba-1","1","off","100000","335","39224400","89000700","128353200"
"b1-off-abba-1","1","off","100000","336","39184500","81664200","120978300"
"b1-off-abba-1","1","off","100000","337","34671200","78075500","182652700"
"b1-off-abba-1","1","off","100000","338","35314600","77856800","121632400"
"b1-off-abba-1","1","off","100000","339","34723500","76357200","111191100"
"b1-off-abba-1","1","off","100000","340","34450100","91464300","126110100"
"b1-off-abba-1","1","off","100000","341","37283600","75813400","113616500"
"b1-off-abba-1","1","off","100000","342","37144600","93170800","131229600"
"b1-off-abba-1","1","off","100000","343","40764300","91592400","132623600"
"b1-off-abba-1","1","off","100000","344","40195800","93580900","133907100"
"b1-off-abba-1","1","off","100000","345","39152400","94138000","133421800"
"b1-off-abba-1","1","off","100000","346","40292100","87999800","128409200"
"b1-off-abba-1","1","off","100000","347","35162900","78752400","114030300"
"b1-off-abba-1","1","off","100000","348","35167500","76984200","112456200"
"b1-off-abba-1","1","off","100000","349","35067300","75951500","111398400"
"b1-off-abba-1","1","off","100000","350","34348000","76822500","111355900"
"b1-off-abba-1","1","off","100000","351","33721100","75316600","109146500"
"b1-off-abba-1","1","off","100000","352","34822800","75925800","111026300"
"b1-off-abba-1","1","off","100000","353","35627700","75874600","183317900"
"b1-off-abba-1","1","off","100000","354","34198900","75992300","119540500"
"b1-off-abba-1","1","off","100000","355","39258000","92215300","131603600"
"b1-off-abba-1","1","off","100000","356","40680200","91137600","132367900"
"b1-off-abba-1","1","off","100000","357","39313300","86709900","126286700"
"b1-off-abba-1","1","off","100000","358","37356300","81148000","118853100"
"b1-off-abba-1","1","off","100000","359","35268900","75490600","111115200"
"b1-off-abba-1","1","off","100000","360","33849700","76824200","110844800"
"b1-off-abba-1","1","off","100000","361","34734900","76355800","111238000"
"b1-off-abba-1","1","off","100000","362","39433100","90610900","130183700"
"b1-off-abba-1","1","off","100000","363","34490800","77325500","112104500"
"b1-off-abba-1","1","off","100000","364","35840000","80178400","116213200"
"b1-off-abba-1","1","off","100000","365","34266800","78264800","112663900"
"b1-off-abba-1","1","off","100000","366","35477200","78408000","113995500"
"b1-off-abba-1","1","off","100000","367","34295800","81604600","116023000"
"b1-off-abba-1","1","off","100000","368","34567900","77740500","112773500"
"b1-off-abba-1","1","off","100000","369","34716900","77864100","189110600"
"b1-off-abba-1","1","off","100000","370","35595400","77828000","122051900"
"b1-off-abba-1","1","off","100000","371","34564600","81007400","115757600"
"b1-off-abba-1","1","off","100000","372","33758800","79157700","113037600"
"b1-off-abba-1","1","off","100000","373","34551700","76883800","111554400"
"b1-off-abba-1","1","off","100000","374","33544400","77095700","110758700"
"b1-off-abba-1","1","off","100000","375","33019600","75468900","108671500"
"b1-off-abba-1","1","off","100000","376","33349600","75712000","109192600"
"b1-off-abba-1","1","off","100000","377","34746700","81371100","116544600"
"b1-off-abba-1","1","off","100000","378","35181600","77621500","113410400"
"b1-off-abba-1","1","off","100000","379","32981100","76801600","110210500"
"b1-off-abba-1","1","off","100000","380","33886000","75695600","109744800"
"b1-off-abba-1","1","off","100000","381","33949800","84563700","118945300"
"b1-off-abba-1","1","off","100000","382","33606600","75782200","109674800"
"b1-off-abba-1","1","off","100000","383","34402000","80303200","114856300"
"b1-off-abba-1","1","off","100000","384","33176000","77139700","110437400"
"b1-off-abba-1","1","off","100000","385","38585600","76883300","228765500"
"b1-off-abba-1","1","off","100000","386","34767400","77723500","127584700"
"b1-off-abba-1","1","off","100000","387","31846500","77387200","109578600"
"b1-off-abba-1","1","off","100000","388","33509900","78206000","111871600"
"b1-off-abba-1","1","off","100000","389","31902400","78464400","110484200"
"b1-off-abba-1","1","off","100000","390","33166000","75712700","108986800"
"b1-off-abba-1","1","off","100000","391","33356200","75777000","109268300"
"b1-off-abba-1","1","off","100000","392","32882500","76625400","109705800"
"b1-off-abba-1","1","off","100000","393","33481400","75764300","109385900"
"b1-off-abba-1","1","off","100000","394","34110000","76125300","110361700"
"b1-off-abba-1","1","off","100000","395","37651300","87958100","125791600"
"b1-off-abba-1","1","off","100000","396","33323300","77018100","110457000"
"b1-off-abba-1","1","off","100000","397","35558700","93448700","129125800"
"b1-off-abba-1","1","off","100000","398","34638900","75963600","111097100"
"b1-off-abba-1","1","off","100000","399","32951400","77178100","110511100"
"b1-off-abba-1","1","off","100000","400","38554500","94105800","132830800"
"b1-off-abba-1","1","off","100000","401","34324400","75786700","196822100"
"b1-off-abba-1","1","off","100000","402","32700500","77175200","120540300"
"b1-off-abba-1","1","off","100000","403","34131800","78013800","112540400"
"b1-off-abba-1","1","off","100000","404","33547500","75435500","109186600"
"b1-off-abba-1","1","off","100000","405","38867400","87536100","126525400"
"b1-off-abba-1","1","off","100000","406","35788000","89075400","125617900"
"b1-off-abba-1","1","off","100000","407","33287800","75669300","109277900"
"b1-off-abba-1","1","off","100000","408","32798500","75858600","108835900"
"b1-off-abba-1","1","off","100000","409","33860600","75677300","109884400"
"b1-off-abba-1","1","off","100000","410","31442300","76183000","107810100"
"b1-off-abba-1","1","off","100000","411","32930600","77041100","110087700"
"b1-off-abba-1","1","off","100000","412","37483300","85633700","123237500"
"b1-off-abba-1","1","off","100000","413","35787100","85266600","121512600"
"b1-off-abba-1","1","off","100000","414","38089000","93012600","131841900"
"b1-off-abba-1","1","off","100000","415","34933500","77289900","112455700"
"b1-off-abba-1","1","off","100000","416","34917700","92806400","128219500"
"b1-off-abba-1","1","off","100000","417","35372800","86534000","218839700"
"b1-off-abba-1","1","off","100000","418","35572700","89351700","135091300"
"b1-off-abba-1","1","off","100000","419","33304300","76488600","109915800"
"b1-off-abba-1","1","off","100000","420","33743000","80465200","115588800"
"b1-off-abba-1","1","off","100000","421","31764400","79893100","112462200"
"b1-off-abba-1","1","off","100000","422","33544100","75766500","109424600"
"b1-off-abba-1","1","off","100000","423","34151600","79821000","114089400"
"b1-off-abba-1","1","off","100000","424","35012900","80500000","115630600"
"b1-off-abba-1","1","off","100000","425","36474800","78535400","115809300"
"b1-off-abba-1","1","off","100000","426","33629500","80746700","115041000"
"b1-off-abba-1","1","off","100000","427","34298700","76745200","111287400"
"b1-off-abba-1","1","off","100000","428","34412600","79441500","113978400"
"b1-off-abba-1","1","off","100000","429","35495600","87997300","123837400"
"b1-off-abba-1","1","off","100000","430","32576500","76223800","109169100"
"b1-off-abba-1","1","off","100000","431","34417900","81562500","116172700"
"b1-off-abba-1","1","off","100000","432","34355800","79651800","114192900"
"b1-off-abba-1","1","off","100000","433","33612900","76037700","223715200"
"b1-off-abba-1","1","off","100000","434","32906700","77688000","120959300"
"b1-off-abba-1","1","off","100000","435","33995900","79574600","113776300"
"b1-off-abba-1","1","off","100000","436","33868200","75783700","109772100"
"b1-off-abba-1","1","off","100000","437","36375600","77255000","113869500"
"b1-off-abba-1","1","off","100000","438","33799500","77166100","111112800"
"b1-off-abba-1","1","off","100000","439","34052700","78338600","112943300"
"b1-off-abba-1","1","off","100000","440","33840800","80702400","114810700"
"b1-off-abba-1","1","off","100000","441","33218700","75585700","109118700"
"b1-off-abba-1","1","off","100000","442","31705100","75309600","107187600"
"b1-off-abba-1","1","off","100000","443","32835300","79824900","112774300"
"b1-off-abba-1","1","off","100000","444","34452900","80139600","114703800"
"b1-off-abba-1","1","off","100000","445","35983300","82204900","119529500"
"b1-off-abba-1","1","off","100000","446","34459200","78582000","114332500"
"b1-off-abba-1","1","off","100000","447","33182700","80535600","114078500"
"b1-off-abba-1","1","off","100000","448","35470600","81263900","117193600"
"b1-off-abba-1","1","off","100000","449","39737800","76912800","255799200"
"b1-off-abba-1","1","off","100000","450","33046800","77006700","125996700"
"b1-off-abba-1","1","off","100000","451","32859400","76267200","109320300"
"b1-off-abba-1","1","off","100000","452","33689300","77326900","111286000"
"b1-off-abba-1","1","off","100000","453","38856400","79463300","118475500"
"b1-off-abba-1","1","off","100000","454","32907200","76373800","109394500"
"b1-off-abba-1","1","off","100000","455","33350500","75970400","109434600"
"b1-off-abba-1","1","off","100000","456","31289500","76475200","108047100"
"b1-off-abba-1","1","off","100000","457","32309800","76193000","108730100"
"b1-off-abba-1","1","off","100000","458","33643900","75739100","109652000"
"b1-off-abba-1","1","off","100000","459","31998600","76624000","108778700"
"b1-off-abba-1","1","off","100000","460","32411500","76920600","109497000"
"b1-off-abba-1","1","off","100000","461","33349800","75262300","108756700"
"b1-off-abba-1","1","off","100000","462","32141000","78611600","110885200"
"b1-off-abba-1","1","off","100000","463","36778400","94942200","131961300"
"b1-off-abba-1","1","off","100000","464","33984300","76761900","111419400"
"b1-off-abba-1","1","off","100000","465","33863600","77716500","232737900"
"b1-off-abba-1","1","off","100000","466","34165100","77267600","124022100"
"b1-off-abba-1","1","off","100000","467","32389900","76715200","109560100"
"b1-off-abba-1","1","off","100000","468","32532100","75512700","108464300"
"b1-off-abba-1","1","off","100000","469","32295400","78093900","110606900"
"b1-off-abba-1","1","off","100000","470","38983700","86838200","125936500"
"b1-off-abba-1","1","off","100000","471","34713300","77004000","112268000"
"b1-off-abba-1","1","off","100000","472","32589500","75627700","108494900"
"b1-off-abba-1","1","off","100000","473","32909800","77064200","110190600"
"b1-off-abba-1","1","off","100000","474","31996300","76123700","108240800"
"b1-off-abba-1","1","off","100000","475","32630000","75877200","108660500"
"b1-off-abba-1","1","off","100000","476","32933600","76090900","109175300"
"b1-off-abba-1","1","off","100000","477","32728600","75741100","108604700"
"b1-off-abba-1","1","off","100000","478","37269200","78693600","116340200"
"b1-off-abba-1","1","off","100000","479","33461500","79510600","113181200"
"b1-off-abba-1","1","off","100000","480","33436400","92066800","130125500"
"b1-off-abba-1","1","off","100000","481","34507300","77396800","224761200"
"b1-off-abba-1","1","off","100000","482","34973200","80940000","128876600"
"b1-off-abba-1","1","off","100000","483","34450900","81430800","116017300"
"b1-off-abba-1","1","off","100000","484","32176800","75518500","107815400"
"b1-off-abba-1","1","off","100000","485","32790100","80923000","113838600"
"b1-off-abba-1","1","off","100000","486","33563800","76332900","110471000"
"b1-off-abba-1","1","off","100000","487","34417000","75118800","109986100"
"b1-off-abba-1","1","off","100000","488","33740800","81536100","116015400"
"b1-off-abba-1","1","off","100000","489","33862000","76861100","111433400"
"b1-off-abba-1","1","off","100000","490","32538400","75094100","107921800"
"b1-off-abba-1","1","off","100000","491","32915000","75510000","108855800"
"b1-off-abba-1","1","off","100000","492","34500800","79504600","114428300"
"b1-off-abba-1","1","off","100000","493","33885300","76420000","110506900"
"b1-off-abba-1","1","off","100000","494","32566200","78596600","111314200"
"b1-off-abba-1","1","off","100000","495","33801700","78760800","112746600"
"b1-off-abba-1","1","off","100000","496","34457300","80274100","115045300"
"b1-off-abba-1","1","off","100000","497","34698900","87442700","252025000"
"b1-off-abba-1","1","off","100000","498","38890000","80762500","136346300"
"b1-off-abba-1","1","off","100000","499","33602300","78814500","113155700"
"b1-off-abba-1","1","off","100000","500","32084800","75470700","107855900"
"b1-off-abba-1","1","off","100000","501","33402400","80784000","114365700"
"b1-off-abba-1","1","off","100000","502","33921500","76731100","110831100"
"b1-off-abba-1","1","off","100000","503","33185200","76220000","110526000"
"b1-off-abba-1","1","off","100000","504","32043100","75649800","108550000"
"b1-off-abba-1","1","off","100000","505","33421900","79258500","115948500"
"b1-off-abba-1","1","off","100000","506","32365100","74841200","108612200"
"b1-off-abba-1","1","off","100000","507","31705600","75928300","107913300"
"b1-off-abba-1","1","off","100000","508","31358300","74703600","106212700"
"b1-off-abba-1","1","off","100000","509","32717900","75012000","107970300"
"b1-off-abba-1","1","off","100000","510","32476100","77599400","110416700"
"b1-off-abba-1","1","off","100000","511","34254800","91185200","126002500"
"b1-off-abba-1","1","off","100000","512","38065300","94797100","133361200"
"b1-on-abba-2","2","on","100000","65","35291000","87906100","157228300"
"b1-on-abba-2","2","on","100000","66","33449100","87197700","124954200"
"b1-on-abba-2","2","on","100000","67","34228400","86085500","120705100"
"b1-on-abba-2","2","on","100000","68","33198800","85522000","118843600"
"b1-on-abba-2","2","on","100000","69","34434200","87111900","121688400"
"b1-on-abba-2","2","on","100000","70","31628900","77361900","109114500"
"b1-on-abba-2","2","on","100000","71","29427900","75481400","105046000"
"b1-on-abba-2","2","on","100000","72","30207600","71349600","101663200"
"b1-on-abba-2","2","on","100000","73","30340900","74358800","104828400"
"b1-on-abba-2","2","on","100000","74","32015300","74822700","106964800"
"b1-on-abba-2","2","on","100000","75","29451600","71977200","101555600"
"b1-on-abba-2","2","on","100000","76","28810100","75111500","104037400"
"b1-on-abba-2","2","on","100000","77","29994400","75238500","105364200"
"b1-on-abba-2","2","on","100000","78","28900500","74564900","103589000"
"b1-on-abba-2","2","on","100000","79","29610900","75809400","105550900"
"b1-on-abba-2","2","on","100000","80","30204200","73288200","103686600"
"b1-on-abba-2","2","on","100000","81","29783200","73855300","120291300"
"b1-on-abba-2","2","on","100000","82","28619000","73364500","104703800"
"b1-on-abba-2","2","on","100000","83","29932600","75130200","105183200"
"b1-on-abba-2","2","on","100000","84","31575700","72519700","105022900"
"b1-on-abba-2","2","on","100000","85","29130900","75422400","109352500"
"b1-on-abba-2","2","on","100000","86","29437700","75522800","105260000"
"b1-on-abba-2","2","on","100000","87","30040700","76642000","106811200"
"b1-on-abba-2","2","on","100000","88","29777000","75069100","104970300"
"b1-on-abba-2","2","on","100000","89","28815300","74861600","103800300"
"b1-on-abba-2","2","on","100000","90","28720900","74791500","103636800"
"b1-on-abba-2","2","on","100000","91","30305300","75346800","105770500"
"b1-on-abba-2","2","on","100000","92","30079000","75899900","106098300"
"b1-on-abba-2","2","on","100000","93","29984800","73692700","104050100"
"b1-on-abba-2","2","on","100000","94","31272400","73668200","106332900"
"b1-on-abba-2","2","on","100000","95","30785500","77673000","109913800"
"b1-on-abba-2","2","on","100000","96","30352800","76683100","107383600"
"b1-on-abba-2","2","on","100000","97","30945300","76453400","128134800"
"b1-on-abba-2","2","on","100000","98","31084100","75456200","108994200"
"b1-on-abba-2","2","on","100000","99","30712500","71941100","102769400"
"b1-on-abba-2","2","on","100000","100","31211400","78129800","109477600"
"b1-on-abba-2","2","on","100000","101","30394400","76082500","106599900"
"b1-on-abba-2","2","on","100000","102","29673300","72677400","102468400"
"b1-on-abba-2","2","on","100000","103","32281900","85875400","118767400"
"b1-on-abba-2","2","on","100000","104","41730900","101045800","149429100"
"b1-on-abba-2","2","on","100000","105","35819200","91947000","130976100"
"b1-on-abba-2","2","on","100000","106","37026800","92072700","129285600"
"b1-on-abba-2","2","on","100000","107","37121000","93277700","130534100"
"b1-on-abba-2","2","on","100000","108","37995700","81051900","119162900"
"b1-on-abba-2","2","on","100000","109","31650300","74584100","106355900"
"b1-on-abba-2","2","on","100000","110","30575600","74792000","105480700"
"b1-on-abba-2","2","on","100000","111","29761000","73845900","103720400"
"b1-on-abba-2","2","on","100000","112","30659200","74554100","105346500"
"b1-on-abba-2","2","on","100000","113","31015200","75147600","129656200"
"b1-on-abba-2","2","on","100000","114","30848700","75690100","108866400"
"b1-on-abba-2","2","on","100000","115","32599900","91404000","124126100"
"b1-on-abba-2","2","on","100000","116","35721100","94675000","130731500"
"b1-on-abba-2","2","on","100000","117","36058300","93702300","129921100"
"b1-on-abba-2","2","on","100000","118","36461900","95221100","131825100"
"b1-on-abba-2","2","on","100000","119","36946100","75422100","112556900"
"b1-on-abba-2","2","on","100000","120","32242100","77004700","109548500"
"b1-on-abba-2","2","on","100000","121","33385900","77395900","111236100"
"b1-on-abba-2","2","on","100000","122","35774100","98569500","136881700"
"b1-on-abba-2","2","on","100000","123","37255700","89614000","128374400"
"b1-on-abba-2","2","on","100000","124","32202100","75895700","108236400"
"b1-on-abba-2","2","on","100000","125","29644900","76620600","106388400"
"b1-on-abba-2","2","on","100000","126","31979100","91044400","123344400"
"b1-on-abba-2","2","on","100000","127","33762500","77437100","111476600"
"b1-on-abba-2","2","on","100000","128","31853600","93244300","125221600"
"b1-on-abba-2","2","on","100000","129","41874400","79309200","181952800"
"b1-on-abba-2","2","on","100000","130","32449500","77909700","119374000"
"b1-on-abba-2","2","on","100000","131","33256000","90528600","123915000"
"b1-on-abba-2","2","on","100000","132","35414800","92100100","128270700"
"b1-on-abba-2","2","on","100000","133","33592400","75450000","109299800"
"b1-on-abba-2","2","on","100000","134","32447400","76051700","108618300"
"b1-on-abba-2","2","on","100000","135","32798300","75244700","108650700"
"b1-on-abba-2","2","on","100000","136","33240200","79685400","114646600"
"b1-on-abba-2","2","on","100000","137","31229000","75907900","107745700"
"b1-on-abba-2","2","on","100000","138","30864400","74405800","105388400"
"b1-on-abba-2","2","on","100000","139","31249600","75565600","107123200"
"b1-on-abba-2","2","on","100000","140","31568000","81014700","112748500"
"b1-on-abba-2","2","on","100000","141","31269900","78865000","110256900"
"b1-on-abba-2","2","on","100000","142","30983500","79594200","110701400"
"b1-on-abba-2","2","on","100000","143","32476800","80293500","112894500"
"b1-on-abba-2","2","on","100000","144","32852900","78559600","113882300"
"b1-on-abba-2","2","on","100000","145","30878300","80210200","144632700"
"b1-on-abba-2","2","on","100000","146","32496100","77044700","114541000"
"b1-on-abba-2","2","on","100000","147","29865700","75314100","105725000"
"b1-on-abba-2","2","on","100000","148","31653700","80163900","111958800"
"b1-on-abba-2","2","on","100000","149","30850300","79325200","110295400"
"b1-on-abba-2","2","on","100000","150","30457100","77412900","108014700"
"b1-on-abba-2","2","on","100000","151","30857300","79641400","110619600"
"b1-on-abba-2","2","on","100000","152","30678800","79085100","109880300"
"b1-on-abba-2","2","on","100000","153","31462500","75424100","107002500"
"b1-on-abba-2","2","on","100000","154","31021800","75729800","106924700"
"b1-on-abba-2","2","on","100000","155","32360700","79144000","111667000"
"b1-on-abba-2","2","on","100000","156","31671300","75834900","108151700"
"b1-on-abba-2","2","on","100000","157","32103200","75335100","107739300"
"b1-on-abba-2","2","on","100000","158","31749200","74706900","106575200"
"b1-on-abba-2","2","on","100000","159","29995800","79170200","109353400"
"b1-on-abba-2","2","on","100000","160","31036400","78752700","109887300"
"b1-on-abba-2","2","on","100000","161","30609800","79826600","139691100"
"b1-on-abba-2","2","on","100000","162","31196700","76897900","112651200"
"b1-on-abba-2","2","on","100000","163","29517600","75411200","105084500"
"b1-on-abba-2","2","on","100000","164","33106800","90739100","123959700"
"b1-on-abba-2","2","on","100000","165","34801800","91251700","126350000"
"b1-on-abba-2","2","on","100000","166","34207000","93500300","128792800"
"b1-on-abba-2","2","on","100000","167","34897800","93117700","128481100"
"b1-on-abba-2","2","on","100000","168","35202900","91185100","126775300"
"b1-on-abba-2","2","on","100000","169","32759000","91029300","124323800"
"b1-on-abba-2","2","on","100000","170","36080000","93534100","129805200"
"b1-on-abba-2","2","on","100000","171","34402600","92494600","127023300"
"b1-on-abba-2","2","on","100000","172","36013200","92136500","128336400"
"b1-on-abba-2","2","on","100000","173","35438200","93311100","128868200"
"b1-on-abba-2","2","on","100000","174","34191600","91809600","126124300"
"b1-on-abba-2","2","on","100000","175","33953600","91918800","126001900"
"b1-on-abba-2","2","on","100000","176","34904700","79618700","114638600"
"b1-on-abba-2","2","on","100000","177","35169600","89893500","155741800"
"b1-on-abba-2","2","on","100000","178","34103000","94716500","132990500"
"b1-on-abba-2","2","on","100000","179","35354200","92742300","128222200"
"b1-on-abba-2","2","on","100000","180","36587700","86943600","123660400"
"b1-on-abba-2","2","on","100000","181","35350500","91591000","127243200"
"b1-on-abba-2","2","on","100000","182","31580200","76167100","107925900"
"b1-on-abba-2","2","on","100000","183","32806700","79180600","112349100"
"b1-on-abba-2","2","on","100000","184","36280700","93035700","129554700"
"b1-on-abba-2","2","on","100000","185","35402000","91292300","127439300"
"b1-on-abba-2","2","on","100000","186","34361000","89119300","123657900"
"b1-on-abba-2","2","on","100000","187","36272700","91858400","128248500"
"b1-on-abba-2","2","on","100000","188","35747900","86450700","122325200"
"b1-on-abba-2","2","on","100000","189","31573800","75731800","108172000"
"b1-on-abba-2","2","on","100000","190","30642700","77157500","108146400"
"b1-on-abba-2","2","on","100000","191","32065800","80861200","113045100"
"b1-on-abba-2","2","on","100000","192","32646000","91227200","123989400"
"b1-on-abba-2","2","on","100000","193","39867000","91466300","204728500"
"b1-on-abba-2","2","on","100000","194","31870400","79860200","122238900"
"b1-on-abba-2","2","on","100000","195","31548200","79461400","111131100"
"b1-on-abba-2","2","on","100000","196","31226900","80570200","112117700"
"b1-on-abba-2","2","on","100000","197","31766100","79643600","111678500"
"b1-on-abba-2","2","on","100000","198","30744000","79924700","110873500"
"b1-on-abba-2","2","on","100000","199","31267200","79423300","110826900"
"b1-on-abba-2","2","on","100000","200","30942400","80855500","111923700"
"b1-on-abba-2","2","on","100000","201","31043400","78878100","110042700"
"b1-on-abba-2","2","on","100000","202","31263900","79755300","111332400"
"b1-on-abba-2","2","on","100000","203","31585600","78923000","110725300"
"b1-on-abba-2","2","on","100000","204","30733800","79468000","110337800"
"b1-on-abba-2","2","on","100000","205","30923100","81049800","112089900"
"b1-on-abba-2","2","on","100000","206","31311100","77253000","108687800"
"b1-on-abba-2","2","on","100000","207","28695900","75581200","104399500"
"b1-on-abba-2","2","on","100000","208","32608200","79246100","111978500"
"b1-on-abba-2","2","on","100000","209","31483600","78427600","153720300"
"b1-on-abba-2","2","on","100000","210","30808700","80276300","117984000"
"b1-on-abba-2","2","on","100000","211","31702100","80437300","112320700"
"b1-on-abba-2","2","on","100000","212","31888300","79730500","111745200"
"b1-on-abba-2","2","on","100000","213","31302800","82228600","113669800"
"b1-on-abba-2","2","on","100000","214","32415800","79859300","112394100"
"b1-on-abba-2","2","on","100000","215","31601600","80951900","112750900"
"b1-on-abba-2","2","on","100000","216","31717900","79899300","111748400"
"b1-on-abba-2","2","on","100000","217","31785000","80308400","112215200"
"b1-on-abba-2","2","on","100000","218","31820300","79782500","111749100"
"b1-on-abba-2","2","on","100000","219","31301100","79596500","111052300"
"b1-on-abba-2","2","on","100000","220","32064200","80169500","112356100"
"b1-on-abba-2","2","on","100000","221","32318200","79518200","111966000"
"b1-on-abba-2","2","on","100000","222","31844200","81112900","113098300"
"b1-on-abba-2","2","on","100000","223","32173900","79654800","112033700"
"b1-on-abba-2","2","on","100000","224","34375400","77141500","111993800"
"b1-on-abba-2","2","on","100000","225","36922600","79720700","156268200"
"b1-on-abba-2","2","on","100000","226","35093200","76616100","118106300"
"b1-on-abba-2","2","on","100000","227","31618400","76531600","108324600"
"b1-on-abba-2","2","on","100000","228","32057000","75975100","108146300"
"b1-on-abba-2","2","on","100000","229","37179200","94103200","131578900"
"b1-on-abba-2","2","on","100000","230","32769900","77083300","110023100"
"b1-on-abba-2","2","on","100000","231","32967900","76801000","109969600"
"b1-on-abba-2","2","on","100000","232","33390100","92156100","125881300"
"b1-on-abba-2","2","on","100000","233","34773600","76877700","111960300"
"b1-on-abba-2","2","on","100000","234","31867600","76323800","108354600"
"b1-on-abba-2","2","on","100000","235","35454800","91132700","126721900"
"b1-on-abba-2","2","on","100000","236","36147400","92811500","129091400"
"b1-on-abba-2","2","on","100000","237","35457800","92884000","128466500"
"b1-on-abba-2","2","on","100000","238","32771900","78473600","111565700"
"b1-on-abba-2","2","on","100000","239","31821600","75855800","107853900"
"b1-on-abba-2","2","on","100000","240","32855900","75639800","108613200"
"b1-on-abba-2","2","on","100000","241","34045200","92801900","167685000"
"b1-on-abba-2","2","on","100000","242","36344500","94800400","138246300"
"b1-on-abba-2","2","on","100000","243","36414300","90873500","127457500"
"b1-on-abba-2","2","on","100000","244","32482400","76304300","108904700"
"b1-on-abba-2","2","on","100000","245","32312600","85356900","117793600"
"b1-on-abba-2","2","on","100000","246","31666800","75522000","107372100"
"b1-on-abba-2","2","on","100000","247","36884600","84522700","121791300"
"b1-on-abba-2","2","on","100000","248","36813200","81284700","118386300"
"b1-on-abba-2","2","on","100000","249","32086000","87930400","120180400"
"b1-on-abba-2","2","on","100000","250","35053100","83605500","118978700"
"b1-on-abba-2","2","on","100000","251","36556800","90228200","127032800"
"b1-on-abba-2","2","on","100000","252","32206700","75857100","108176000"
"b1-on-abba-2","2","on","100000","253","31514600","75230400","106878600"
"b1-on-abba-2","2","on","100000","254","32294000","77496300","110117800"
"b1-on-abba-2","2","on","100000","255","31558400","77935500","109662400"
"b1-on-abba-2","2","on","100000","256","30436400","75915500","106442100"
"b1-on-abba-2","2","on","100000","257","38799600","77869200","545974800"
"b1-on-abba-2","2","on","100000","258","34528700","75833700","122019800"
"b1-on-abba-2","2","on","100000","259","32607500","76102000","108901600"
"b1-on-abba-2","2","on","100000","260","33467900","76371100","110164200"
"b1-on-abba-2","2","on","100000","261","30625300","76251300","107047200"
"b1-on-abba-2","2","on","100000","262","32183900","81692500","114004300"
"b1-on-abba-2","2","on","100000","263","31907000","81011600","113068200"
"b1-on-abba-2","2","on","100000","264","33572200","77495400","111258700"
"b1-on-abba-2","2","on","100000","265","32889900","76078100","109078700"
"b1-on-abba-2","2","on","100000","266","33352100","76872300","110347400"
"b1-on-abba-2","2","on","100000","267","31899300","77850000","109872700"
"b1-on-abba-2","2","on","100000","268","33558500","81033500","114742000"
"b1-on-abba-2","2","on","100000","269","35776300","83936700","119854200"
"b1-on-abba-2","2","on","100000","270","32220100","81369000","113717600"
"b1-on-abba-2","2","on","100000","271","34569900","82853200","117615400"
"b1-on-abba-2","2","on","100000","272","34266700","80428100","114815300"
"b1-on-abba-2","2","on","100000","273","33446700","76934200","167591600"
"b1-on-abba-2","2","on","100000","274","31227600","76639400","115268800"
"b1-on-abba-2","2","on","100000","275","31559600","77697500","109366700"
"b1-on-abba-2","2","on","100000","276","32246600","76897400","109276100"
"b1-on-abba-2","2","on","100000","277","34046000","78175000","112403500"
"b1-on-abba-2","2","on","100000","278","33332700","78730600","112183700"
"b1-on-abba-2","2","on","100000","279","32435100","77206900","109836500"
"b1-on-abba-2","2","on","100000","280","37705400","92805900","130659400"
"b1-on-abba-2","2","on","100000","281","31993600","78312800","110428300"
"b1-on-abba-2","2","on","100000","282","37547000","84885700","126879200"
"b1-on-abba-2","2","on","100000","283","33959800","76348300","110566500"
"b1-on-abba-2","2","on","100000","284","33254900","81463600","115021900"
"b1-on-abba-2","2","on","100000","285","32474200","83909900","116726400"
"b1-on-abba-2","2","on","100000","286","33525800","91460900","125114800"
"b1-on-abba-2","2","on","100000","287","30618900","78090000","108829700"
"b1-on-abba-2","2","on","100000","288","32701200","84519300","117504000"
"b1-on-abba-2","2","on","100000","289","32146100","90850000","207676500"
"b1-on-abba-2","2","on","100000","290","39787100","96899900","146339900"
"b1-on-abba-2","2","on","100000","291","39451700","89785800","129443200"
"b1-on-abba-2","2","on","100000","292","38174200","91439500","129944900"
"b1-on-abba-2","2","on","100000","293","38509100","86983400","125685400"
"b1-on-abba-2","2","on","100000","294","33863500","93364600","127349000"
"b1-on-abba-2","2","on","100000","295","35745000","92225900","128185800"
"b1-on-abba-2","2","on","100000","296","38231600","89023100","127392200"
"b1-on-abba-2","2","on","100000","297","36403700","77019700","113554300"
"b1-on-abba-2","2","on","100000","298","34062000","79528800","113715300"
"b1-on-abba-2","2","on","100000","299","33006000","92477600","125623100"
"b1-on-abba-2","2","on","100000","300","37690800","92315000","130136200"
"b1-on-abba-2","2","on","100000","301","37579700","93578400","131673400"
"b1-on-abba-2","2","on","100000","302","37174000","94420300","131785900"
"b1-on-abba-2","2","on","100000","303","36714600","91279000","128176200"
"b1-on-abba-2","2","on","100000","304","35807300","94772900","130702500"
"b1-on-abba-2","2","on","100000","305","37642300","92641200","207284600"
"b1-on-abba-2","2","on","100000","306","34909800","94967000","138329200"
"b1-on-abba-2","2","on","100000","307","37849600","79818600","118121500"
"b1-on-abba-2","2","on","100000","308","33996700","95222100","129405000"
"b1-on-abba-2","2","on","100000","309","37465500","90729600","128313700"
"b1-on-abba-2","2","on","100000","310","33948000","78572100","112636000"
"b1-on-abba-2","2","on","100000","311","32727100","79859200","112703200"
"b1-on-abba-2","2","on","100000","312","34579100","80596100","115299400"
"b1-on-abba-2","2","on","100000","313","33158000","82140000","115458200"
"b1-on-abba-2","2","on","100000","314","31720300","82499500","114518100"
"b1-on-abba-2","2","on","100000","315","33798100","80385100","114395000"
"b1-on-abba-2","2","on","100000","316","33912800","84650600","118753900"
"b1-on-abba-2","2","on","100000","317","32814800","80676900","113618100"
"b1-on-abba-2","2","on","100000","318","33029800","79515700","113120000"
"b1-on-abba-2","2","on","100000","319","34302700","78296900","112843800"
"b1-on-abba-2","2","on","100000","320","32381900","80804700","113293500"
"b1-on-abba-2","2","on","100000","321","39001400","82133800","230332600"
"b1-on-abba-2","2","on","100000","322","33563900","82013300","129954600"
"b1-on-abba-2","2","on","100000","323","32795100","82119400","115056400"
"b1-on-abba-2","2","on","100000","324","33898900","76191200","110403100"
"b1-on-abba-2","2","on","100000","325","33445100","80319100","113924900"
"b1-on-abba-2","2","on","100000","326","33366700","81097600","114614700"
"b1-on-abba-2","2","on","100000","327","32931400","80212600","113267400"
"b1-on-abba-2","2","on","100000","328","33756700","80251200","114129700"
"b1-on-abba-2","2","on","100000","329","32760700","81748700","114720400"
"b1-on-abba-2","2","on","100000","330","34391700","81953300","117170400"
"b1-on-abba-2","2","on","100000","331","32485900","82174900","115011800"
"b1-on-abba-2","2","on","100000","332","32963900","81634100","114721800"
"b1-on-abba-2","2","on","100000","333","32643400","81414000","114202700"
"b1-on-abba-2","2","on","100000","334","32995000","79779400","112989600"
"b1-on-abba-2","2","on","100000","335","32093600","82224000","114528000"
"b1-on-abba-2","2","on","100000","336","34059700","81764700","115965800"
"b1-on-abba-2","2","on","100000","337","33582700","81460400","187106700"
"b1-on-abba-2","2","on","100000","338","33232400","80934200","124565600"
"b1-on-abba-2","2","on","100000","339","32271200","80351100","112745500"
"b1-on-abba-2","2","on","100000","340","35901100","91043200","127065700"
"b1-on-abba-2","2","on","100000","341","36878800","95267200","132872000"
"b1-on-abba-2","2","on","100000","342","34675700","87450500","122754600"
"b1-on-abba-2","2","on","100000","343","37178000","91100500","128594600"
"b1-on-abba-2","2","on","100000","344","34571400","92149000","126858700"
"b1-on-abba-2","2","on","100000","345","34810200","78208800","113143400"
"b1-on-abba-2","2","on","100000","346","32016800","76238200","108378300"
"b1-on-abba-2","2","on","100000","347","31356800","77102300","108576400"
"b1-on-abba-2","2","on","100000","348","33255900","91568700","125192800"
"b1-on-abba-2","2","on","100000","349","32608400","77371200","110371500"
"b1-on-abba-2","2","on","100000","350","33452900","75795700","109411400"
"b1-on-abba-2","2","on","100000","351","31900500","75980800","108002700"
"b1-on-abba-2","2","on","100000","352","32245100","75559000","108090700"
"b1-on-abba-2","2","on","100000","353","32826900","86000700","195138200"
"b1-on-abba-2","2","on","100000","354","32357100","77456500","121422900"
"b1-on-abba-2","2","on","100000","355","31514700","81671900","113309000"
"b1-on-abba-2","2","on","100000","356","38489400","85166400","124050800"
"b1-on-abba-2","2","on","100000","357","36963000","83767900","121068200"
"b1-on-abba-2","2","on","100000","358","31146200","81088900","112576600"
"b1-on-abba-2","2","on","100000","359","35612900","81940600","117922100"
"b1-on-abba-2","2","on","100000","360","32048100","80554900","112803700"
"b1-on-abba-2","2","on","100000","361","35231500","92227000","127611800"
"b1-on-abba-2","2","on","100000","362","37016000","94352400","131571500"
"b1-on-abba-2","2","on","100000","363","36987200","95107300","132403000"
"b1-on-abba-2","2","on","100000","364","37604900","94927200","132759000"
"b1-on-abba-2","2","on","100000","365","35581400","97004900","132786300"
"b1-on-abba-2","2","on","100000","366","37016100","92564400","129705600"
"b1-on-abba-2","2","on","100000","367","38326300","90255500","128736400"
"b1-on-abba-2","2","on","100000","368","33264900","81726000","115500700"
"b1-on-abba-2","2","on","100000","369","33706700","82306500","197319900"
"b1-on-abba-2","2","on","100000","370","32664800","82489300","126246200"
"b1-on-abba-2","2","on","100000","371","32535400","83179200","115956000"
"b1-on-abba-2","2","on","100000","372","32962100","81247600","114451800"
"b1-on-abba-2","2","on","100000","373","36706900","82571700","119430000"
"b1-on-abba-2","2","on","100000","374","31185800","76917700","108228600"
"b1-on-abba-2","2","on","100000","375","33596400","81790100","115544700"
"b1-on-abba-2","2","on","100000","376","30850600","76699400","107698900"
"b1-on-abba-2","2","on","100000","377","32157300","78781900","111365200"
"b1-on-abba-2","2","on","100000","378","31693700","78006400","110303100"
"b1-on-abba-2","2","on","100000","379","30932100","80725700","112145900"
"b1-on-abba-2","2","on","100000","380","34170400","79745700","114131000"
"b1-on-abba-2","2","on","100000","381","35708400","81373000","117526900"
"b1-on-abba-2","2","on","100000","382","31932800","77260000","109491100"
"b1-on-abba-2","2","on","100000","383","31542600","75816500","107496500"
"b1-on-abba-2","2","on","100000","384","32273000","76802200","109226200"
"b1-on-abba-2","2","on","100000","385","36451000","78135700","227277500"
"b1-on-abba-2","2","on","100000","386","32545300","81452600","130635500"
"b1-on-abba-2","2","on","100000","387","33758300","80753900","114868000"
"b1-on-abba-2","2","on","100000","388","32610500","78894600","111691200"
"b1-on-abba-2","2","on","100000","389","31731200","82300500","114165000"
"b1-on-abba-2","2","on","100000","390","31882600","76362900","108358500"
"b1-on-abba-2","2","on","100000","391","31391700","75572200","107141100"
"b1-on-abba-2","2","on","100000","392","31313600","75639000","107100000"
"b1-on-abba-2","2","on","100000","393","30863900","76483200","107487900"
"b1-on-abba-2","2","on","100000","394","31197400","75384300","106707100"
"b1-on-abba-2","2","on","100000","395","31121900","75406200","106708700"
"b1-on-abba-2","2","on","100000","396","35688800","76619300","112422700"
"b1-on-abba-2","2","on","100000","397","31209300","76472800","107804600"
"b1-on-abba-2","2","on","100000","398","33663800","94408300","128778600"
"b1-on-abba-2","2","on","100000","399","38683200","83740400","122851900"
"b1-on-abba-2","2","on","100000","400","30496900","75856300","106520200"
"b1-on-abba-2","2","on","100000","401","31565800","77986100","195158400"
"b1-on-abba-2","2","on","100000","402","32892700","91561700","135128500"
"b1-on-abba-2","2","on","100000","403","37315700","95880800","133616100"
"b1-on-abba-2","2","on","100000","404","37508400","96406000","134147200"
"b1-on-abba-2","2","on","100000","405","37227900","96756800","134106400"
"b1-on-abba-2","2","on","100000","406","32985100","77280800","111014000"
"b1-on-abba-2","2","on","100000","407","35648300","91602900","127753500"
"b1-on-abba-2","2","on","100000","408","37082900","90848100","128123100"
"b1-on-abba-2","2","on","100000","409","36477700","91937500","128883200"
"b1-on-abba-2","2","on","100000","410","31151600","85236200","116615700"
"b1-on-abba-2","2","on","100000","411","36150900","94014200","130291400"
"b1-on-abba-2","2","on","100000","412","32145100","91281800","123553500"
"b1-on-abba-2","2","on","100000","413","33588300","90579800","124630300"
"b1-on-abba-2","2","on","100000","414","38120200","92470000","131414200"
"b1-on-abba-2","2","on","100000","415","34585600","77773500","112598200"
"b1-on-abba-2","2","on","100000","416","34078100","90408400","124761500"
"b1-on-abba-2","2","on","100000","417","37015600","93107000","246497700"
"b1-on-abba-2","2","on","100000","418","36910600","94248700","144376500"
"b1-on-abba-2","2","on","100000","419","33956800","92818600","126905300"
"b1-on-abba-2","2","on","100000","420","40867600","95970700","138237100"
"b1-on-abba-2","2","on","100000","421","34276800","91412800","126423300"
"b1-on-abba-2","2","on","100000","422","36159100","92345200","129184800"
"b1-on-abba-2","2","on","100000","423","35975600","92556100","128655100"
"b1-on-abba-2","2","on","100000","424","37016200","93393500","130552000"
"b1-on-abba-2","2","on","100000","425","33660900","82746800","117189300"
"b1-on-abba-2","2","on","100000","426","32641200","75797700","109032600"
"b1-on-abba-2","2","on","100000","427","31154400","80963100","112338900"
"b1-on-abba-2","2","on","100000","428","33867200","80021800","114009300"
"b1-on-abba-2","2","on","100000","429","32554400","80483700","113399400"
"b1-on-abba-2","2","on","100000","430","31905100","78662700","110960500"
"b1-on-abba-2","2","on","100000","431","32035700","80323000","112536400"
"b1-on-abba-2","2","on","100000","432","32162300","80362100","112668300"
"b1-on-abba-2","2","on","100000","433","32813500","79892600","230674200"
"b1-on-abba-2","2","on","100000","434","32640800","82578600","128933500"
"b1-on-abba-2","2","on","100000","435","32104100","81135800","113476900"
"b1-on-abba-2","2","on","100000","436","31067100","75478000","106666200"
"b1-on-abba-2","2","on","100000","437","31836000","75518000","107632500"
"b1-on-abba-2","2","on","100000","438","31988200","79608700","111745900"
"b1-on-abba-2","2","on","100000","439","33635200","80080100","114191600"
"b1-on-abba-2","2","on","100000","440","32561200","80595900","113484400"
"b1-on-abba-2","2","on","100000","441","32706800","80648600","113674500"
"b1-on-abba-2","2","on","100000","442","32418500","79914800","112576000"
"b1-on-abba-2","2","on","100000","443","32278800","81298600","113725100"
"b1-on-abba-2","2","on","100000","444","33204400","83007000","116331600"
"b1-on-abba-2","2","on","100000","445","31922300","81772500","115237900"
"b1-on-abba-2","2","on","100000","446","31986400","77371900","110606000"
"b1-on-abba-2","2","on","100000","447","31711000","80964800","113035800"
"b1-on-abba-2","2","on","100000","448","32408900","81025100","113823300"
"b1-on-abba-2","2","on","100000","449","37544400","82381900","264246900"
"b1-on-abba-2","2","on","100000","450","33164200","80565700","132832700"
"b1-on-abba-2","2","on","100000","451","33381600","82750400","116424700"
"b1-on-abba-2","2","on","100000","452","32220100","91590600","124093200"
"b1-on-abba-2","2","on","100000","453","33527000","75733900","109418200"
"b1-on-abba-2","2","on","100000","454","29704400","74893800","104707500"
"b1-on-abba-2","2","on","100000","455","29943500","77801500","107890600"
"b1-on-abba-2","2","on","100000","456","31141200","76068600","107503100"
"b1-on-abba-2","2","on","100000","457","30741000","76603800","107687500"
"b1-on-abba-2","2","on","100000","458","30253200","87770000","118440800"
"b1-on-abba-2","2","on","100000","459","33519800","76355300","110068900"
"b1-on-abba-2","2","on","100000","460","31924500","85822300","117928900"
"b1-on-abba-2","2","on","100000","461","31121300","75109100","106443100"
"b1-on-abba-2","2","on","100000","462","30651900","75847000","106639500"
"b1-on-abba-2","2","on","100000","463","31040800","75630000","106835800"
"b1-on-abba-2","2","on","100000","464","36404700","97973300","135429000"
"b1-on-abba-2","2","on","100000","465","37140200","83608400","256516600"
"b1-on-abba-2","2","on","100000","466","31793800","95166100","139606100"
"b1-on-abba-2","2","on","100000","467","30832700","78253400","109443200"
"b1-on-abba-2","2","on","100000","468","35922900","93636400","130070800"
"b1-on-abba-2","2","on","100000","469","34521700","92712200","127466900"
"b1-on-abba-2","2","on","100000","470","33247100","75608300","108966500"
"b1-on-abba-2","2","on","100000","471","31981300","78369800","110904400"
"b1-on-abba-2","2","on","100000","472","32523100","90848100","123663900"
"b1-on-abba-2","2","on","100000","473","31953100","77146500","109309800"
"b1-on-abba-2","2","on","100000","474","33821900","91873600","125829100"
"b1-on-abba-2","2","on","100000","475","30453900","77213300","107786800"
"b1-on-abba-2","2","on","100000","476","35041800","87529200","122732000"
"b1-on-abba-2","2","on","100000","477","33351500","76676300","110153500"
"b1-on-abba-2","2","on","100000","478","30971000","76580600","107921100"
"b1-on-abba-2","2","on","100000","479","30445900","75218200","105843500"
"b1-on-abba-2","2","on","100000","480","31934900","97503100","134489300"
"b1-on-abba-2","2","on","100000","481","30888900","79722400","234433800"
"b1-on-abba-2","2","on","100000","482","31643000","80437300","126132800"
"b1-on-abba-2","2","on","100000","483","34332900","78445000","112916200"
"b1-on-abba-2","2","on","100000","484","31148900","75983200","107249100"
"b1-on-abba-2","2","on","100000","485","30223900","75099700","105438000"
"b1-on-abba-2","2","on","100000","486","31067500","77369200","109034800"
"b1-on-abba-2","2","on","100000","487","31162400","75961300","107566600"
"b1-on-abba-2","2","on","100000","488","31256100","77881000","109754800"
"b1-on-abba-2","2","on","100000","489","30601100","76001200","107408000"
"b1-on-abba-2","2","on","100000","490","31507900","80214500","111983900"
"b1-on-abba-2","2","on","100000","491","31994000","77895900","110351900"
"b1-on-abba-2","2","on","100000","492","33010600","80037500","113496800"
"b1-on-abba-2","2","on","100000","493","30918100","80030100","111140300"
"b1-on-abba-2","2","on","100000","494","31211500","80890300","112261900"
"b1-on-abba-2","2","on","100000","495","31761600","76309300","108229000"
"b1-on-abba-2","2","on","100000","496","30583300","80740900","111666300"
"b1-on-abba-2","2","on","100000","497","30435300","80196500","234287700"
"b1-on-abba-2","2","on","100000","498","31498100","78801600","124366400"
"b1-on-abba-2","2","on","100000","499","30723400","78968300","110412700"
"b1-on-abba-2","2","on","100000","500","31194500","75535500","107043500"
"b1-on-abba-2","2","on","100000","501","29145400","76544400","105889500"
"b1-on-abba-2","2","on","100000","502","30693300","75376800","106191700"
"b1-on-abba-2","2","on","100000","503","31602400","76829500","109517600"
"b1-on-abba-2","2","on","100000","504","30694300","76068800","107642200"
"b1-on-abba-2","2","on","100000","505","31460700","80891500","115712400"
"b1-on-abba-2","2","on","100000","506","31396300","82140300","115146200"
"b1-on-abba-2","2","on","100000","507","31884300","81524900","113743700"
"b1-on-abba-2","2","on","100000","508","30162000","81370400","111719500"
"b1-on-abba-2","2","on","100000","509","31656400","80942300","112764700"
"b1-on-abba-2","2","on","100000","510","31640500","78989700","110998100"
"b1-on-abba-2","2","on","100000","511","36364200","90328200","127167700"
"b1-on-abba-2","2","on","100000","512","35807600","94409300","130735000"
"b1-on-abba-3","3","on","100000","65","35149100","87828700","157745100"
"b1-on-abba-3","3","on","100000","66","33623300","89049900","126836400"
"b1-on-abba-3","3","on","100000","67","34160600","86626000","120966200"
"b1-on-abba-3","3","on","100000","68","33518000","90531900","124180800"
"b1-on-abba-3","3","on","100000","69","32686200","88359600","121164900"
"b1-on-abba-3","3","on","100000","70","35689900","88827200","124641900"
"b1-on-abba-3","3","on","100000","71","32397900","76054700","108691300"
"b1-on-abba-3","3","on","100000","72","29907800","76954000","106987100"
"b1-on-abba-3","3","on","100000","73","30903900","75829900","106863000"
"b1-on-abba-3","3","on","100000","74","30321300","75841900","106309500"
"b1-on-abba-3","3","on","100000","75","29859600","75981200","105976900"
"b1-on-abba-3","3","on","100000","76","29144200","76226900","105519800"
"b1-on-abba-3","3","on","100000","77","29751200","76993400","106876400"
"b1-on-abba-3","3","on","100000","78","31236000","72006100","103357500"
"b1-on-abba-3","3","on","100000","79","28374100","69642000","98126600"
"b1-on-abba-3","3","on","100000","80","27950900","69405300","97521000"
"b1-on-abba-3","3","on","100000","81","28017400","71362600","115481900"
"b1-on-abba-3","3","on","100000","82","29404900","71458300","103140400"
"b1-on-abba-3","3","on","100000","83","29991300","70076300","100181900"
"b1-on-abba-3","3","on","100000","84","29554200","78024300","108583400"
"b1-on-abba-3","3","on","100000","85","28740300","73912700","107745000"
"b1-on-abba-3","3","on","100000","86","28763100","76796900","105836000"
"b1-on-abba-3","3","on","100000","87","29387500","74668900","104172600"
"b1-on-abba-3","3","on","100000","88","30143400","74404200","104679100"
"b1-on-abba-3","3","on","100000","89","29763200","75234600","105116800"
"b1-on-abba-3","3","on","100000","90","28757100","76271200","105173900"
"b1-on-abba-3","3","on","100000","91","30637200","75756100","106516900"
"b1-on-abba-3","3","on","100000","92","30289300","75444600","105856900"
"b1-on-abba-3","3","on","100000","93","29454900","75634800","105520900"
"b1-on-abba-3","3","on","100000","94","32419100","75766300","109571800"
"b1-on-abba-3","3","on","100000","95","30617800","74255600","106236500"
"b1-on-abba-3","3","on","100000","96","31899100","75142700","107379900"
"b1-on-abba-3","3","on","100000","97","31514400","76571000","127947300"
"b1-on-abba-3","3","on","100000","98","30727200","76455500","109103900"
"b1-on-abba-3","3","on","100000","99","31370200","76664200","108168500"
"b1-on-abba-3","3","on","100000","100","31168800","74505600","105801500"
"b1-on-abba-3","3","on","100000","101","30932700","73856900","104904000"
"b1-on-abba-3","3","on","100000","102","30312800","73937800","104369600"
"b1-on-abba-3","3","on","100000","103","30445400","74890200","105884700"
"b1-on-abba-3","3","on","100000","104","36789700","96694300","139543200"
"b1-on-abba-3","3","on","100000","105","37100200","82379700","122014600"
"b1-on-abba-3","3","on","100000","106","32767400","75122500","108064400"
"b1-on-abba-3","3","on","100000","107","33046400","73464200","106622000"
"b1-on-abba-3","3","on","100000","108","33786400","81276200","115181400"
"b1-on-abba-3","3","on","100000","109","31880800","74404100","106396500"
"b1-on-abba-3","3","on","100000","110","31813900","74965000","106898200"
"b1-on-abba-3","3","on","100000","111","31591600","74583300","106293400"
"b1-on-abba-3","3","on","100000","112","32712600","80386500","113215100"
"b1-on-abba-3","3","on","100000","113","36415200","91451200","157262700"
"b1-on-abba-3","3","on","100000","114","32450300","76206300","111510100"
"b1-on-abba-3","3","on","100000","115","33373900","89741600","123257700"
"b1-on-abba-3","3","on","100000","116","36414700","91317400","127856800"
"b1-on-abba-3","3","on","100000","117","35602000","80271900","116014300"
"b1-on-abba-3","3","on","100000","118","31638400","74907100","106670300"
"b1-on-abba-3","3","on","100000","119","31167100","71967600","103310000"
"b1-on-abba-3","3","on","100000","120","31786800","72973200","105056200"
"b1-on-abba-3","3","on","100000","121","32978300","73572800","107005100"
"b1-on-abba-3","3","on","100000","122","34215100","76530200","113160100"
"b1-on-abba-3","3","on","100000","123","31191800","74556300","106777500"
"b1-on-abba-3","3","on","100000","124","32136000","81559200","113819900"
"b1-on-abba-3","3","on","100000","125","33051300","94609900","127783400"
"b1-on-abba-3","3","on","100000","126","32689200","93976400","126965300"
"b1-on-abba-3","3","on","100000","127","37501200","85861800","123609700"
"b1-on-abba-3","3","on","100000","128","31718800","76263900","108089900"
"b1-on-abba-3","3","on","100000","129","37089600","96792100","192512500"
"b1-on-abba-3","3","on","100000","130","36090800","93309800","141513800"
"b1-on-abba-3","3","on","100000","131","33209400","75348100","108686700"
"b1-on-abba-3","3","on","100000","132","32586900","75065900","108141200"
"b1-on-abba-3","3","on","100000","133","36580700","87680600","124495200"
"b1-on-abba-3","3","on","100000","134","34344900","74667800","109122600"
"b1-on-abba-3","3","on","100000","135","31927700","75528200","108082900"
"b1-on-abba-3","3","on","100000","136","33776600","74577500","109815600"
"b1-on-abba-3","3","on","100000","137","31585300","73778900","105890100"
"b1-on-abba-3","3","on","100000","138","31400900","73605700","105119000"
"b1-on-abba-3","3","on","100000","139","31659900","78518800","110480900"
"b1-on-abba-3","3","on","100000","140","31630800","73442100","105241500"
"b1-on-abba-3","3","on","100000","141","30292500","73429400","103829200"
"b1-on-abba-3","3","on","100000","142","31444700","72857000","104415500"
"b1-on-abba-3","3","on","100000","143","32210900","72869800","105188100"
"b1-on-abba-3","3","on","100000","144","32741900","76390100","112028500"
"b1-on-abba-3","3","on","100000","145","30157700","77776000","139969100"
"b1-on-abba-3","3","on","100000","146","33027400","82822600","120860600"
"b1-on-abba-3","3","on","100000","147","32058400","79683600","112522700"
"b1-on-abba-3","3","on","100000","148","32310600","76231100","108657300"
"b1-on-abba-3","3","on","100000","149","31342100","78559500","110061200"
"b1-on-abba-3","3","on","100000","150","31448600","79233900","110824200"
"b1-on-abba-3","3","on","100000","151","30480700","77799300","108439600"
"b1-on-abba-3","3","on","100000","152","30645900","78946400","109736700"
"b1-on-abba-3","3","on","100000","153","31006500","78903900","110024600"
"b1-on-abba-3","3","on","100000","154","30558100","77375800","108118200"
"b1-on-abba-3","3","on","100000","155","31976800","80475600","112604100"
"b1-on-abba-3","3","on","100000","156","32040400","78887300","111705200"
"b1-on-abba-3","3","on","100000","157","30920600","82017600","113266700"
"b1-on-abba-3","3","on","100000","158","29654200","74388100","104162600"
"b1-on-abba-3","3","on","100000","159","30632400","78069700","108889400"
"b1-on-abba-3","3","on","100000","160","30386400","78833800","109312800"
"b1-on-abba-3","3","on","100000","161","31990900","77457800","138554500"
"b1-on-abba-3","3","on","100000","162","30416300","79864100","114412700"
"b1-on-abba-3","3","on","100000","163","31685100","81054500","112874300"
"b1-on-abba-3","3","on","100000","164","30051400","77843200","108156400"
"b1-on-abba-3","3","on","100000","165","30558500","89371100","120242000"
"b1-on-abba-3","3","on","100000","166","34004100","94681500","129636200"
"b1-on-abba-3","3","on","100000","167","34668300","91408500","126887300"
"b1-on-abba-3","3","on","100000","168","34426400","91857600","126692700"
"b1-on-abba-3","3","on","100000","169","36618000","92574600","129395800"
"b1-on-abba-3","3","on","100000","170","34850000","93418500","128501400"
"b1-on-abba-3","3","on","100000","171","35644700","93060300","128834400"
"b1-on-abba-3","3","on","100000","172","34788000","93918000","128890500"
"b1-on-abba-3","3","on","100000","173","36038100","91077500","127332000"
"b1-on-abba-3","3","on","100000","174","32871000","90850800","123834700"
"b1-on-abba-3","3","on","100000","175","34249200","92908300","127293600"
"b1-on-abba-3","3","on","100000","176","30657000","90971100","121794100"
"b1-on-abba-3","3","on","100000","177","35256500","92135700","161095800"
"b1-on-abba-3","3","on","100000","178","34916100","92035200","130915800"
"b1-on-abba-3","3","on","100000","179","35885700","90895100","126896400"
"b1-on-abba-3","3","on","100000","180","35093700","93221700","128439300"
"b1-on-abba-3","3","on","100000","181","34856700","83013000","118189200"
"b1-on-abba-3","3","on","100000","182","30249800","76088900","106517800"
"b1-on-abba-3","3","on","100000","183","32417000","90308400","123258700"
"b1-on-abba-3","3","on","100000","184","35299500","93041300","128575700"
"b1-on-abba-3","3","on","100000","185","35172000","91799800","127304400"
"b1-on-abba-3","3","on","100000","186","36420700","92116400","128725700"
"b1-on-abba-3","3","on","100000","187","34648400","89587600","124358500"
"b1-on-abba-3","3","on","100000","188","36765600","93870900","130755400"
"b1-on-abba-3","3","on","100000","189","37504100","96356100","134645200"
"b1-on-abba-3","3","on","100000","190","35451800","92783100","128786400"
"b1-on-abba-3","3","on","100000","191","34085100","93350300","127562200"
"b1-on-abba-3","3","on","100000","192","33606300","92591400","126524200"
"b1-on-abba-3","3","on","100000","193","40854100","92773000","205107100"
"b1-on-abba-3","3","on","100000","194","31032700","79532200","120208900"
"b1-on-abba-3","3","on","100000","195","30231900","75426900","105771000"
"b1-on-abba-3","3","on","100000","196","29980200","75612800","105880500"
"b1-on-abba-3","3","on","100000","197","28501700","79160600","107853000"
"b1-on-abba-3","3","on","100000","198","30822900","79367400","110397300"
"b1-on-abba-3","3","on","100000","199","30360200","79332200","109823200"
"b1-on-abba-3","3","on","100000","200","32375700","80859000","113355800"
"b1-on-abba-3","3","on","100000","201","30135200","77954700","108211300"
"b1-on-abba-3","3","on","100000","202","31356100","80912500","112609900"
"b1-on-abba-3","3","on","100000","203","32096100","80207300","112481000"
"b1-on-abba-3","3","on","100000","204","32230900","80450500","112802400"
"b1-on-abba-3","3","on","100000","205","31858300","82656700","114664500"
"b1-on-abba-3","3","on","100000","206","30807300","81079400","112027600"
"b1-on-abba-3","3","on","100000","207","29994200","80383200","110507000"
"b1-on-abba-3","3","on","100000","208","31018700","77735400","108885000"
"b1-on-abba-3","3","on","100000","209","35172300","81280100","159028200"
"b1-on-abba-3","3","on","100000","210","32127700","80857400","119945300"
"b1-on-abba-3","3","on","100000","211","32420500","80700900","113312000"
"b1-on-abba-3","3","on","100000","212","31535700","82078300","113760700"
"b1-on-abba-3","3","on","100000","213","32151400","81336900","113616800"
"b1-on-abba-3","3","on","100000","214","33076600","81722300","114946500"
"b1-on-abba-3","3","on","100000","215","31212200","78134300","109486200"
"b1-on-abba-3","3","on","100000","216","30306300","80210400","110638400"
"b1-on-abba-3","3","on","100000","217","31344300","79866800","111342900"
"b1-on-abba-3","3","on","100000","218","31059900","81754000","112954400"
"b1-on-abba-3","3","on","100000","219","32404500","81529100","114078600"
"b1-on-abba-3","3","on","100000","220","31287000","82209400","113634000"
"b1-on-abba-3","3","on","100000","221","32620300","79934400","112681400"
"b1-on-abba-3","3","on","100000","222","31885500","81638900","113659500"
"b1-on-abba-3","3","on","100000","223","31851700","77280000","109247900"
"b1-on-abba-3","3","on","100000","224","30903200","77943600","109325000"
"b1-on-abba-3","3","on","100000","225","35310200","97223600","174417600"
"b1-on-abba-3","3","on","100000","226","34449100","97239100","139385800"
"b1-on-abba-3","3","on","100000","227","36254300","94822200","131294300"
"b1-on-abba-3","3","on","100000","228","36198500","92751800","129077100"
"b1-on-abba-3","3","on","100000","229","35192100","96126300","131610900"
"b1-on-abba-3","3","on","100000","230","33928200","79343100","113470600"
"b1-on-abba-3","3","on","100000","231","37411900","94022000","131638600"
"b1-on-abba-3","3","on","100000","232","37639800","80657300","118427800"
"b1-on-abba-3","3","on","100000","233","31032700","77872700","109199200"
"b1-on-abba-3","3","on","100000","234","33968700","77299300","111503100"
"b1-on-abba-3","3","on","100000","235","32196200","79656800","112004600"
"b1-on-abba-3","3","on","100000","236","31635100","77647400","109451000"
"b1-on-abba-3","3","on","100000","237","31409900","95616100","127171600"
"b1-on-abba-3","3","on","100000","238","36692900","94674700","131837100"
"b1-on-abba-3","3","on","100000","239","33658000","79770600","113609000"
"b1-on-abba-3","3","on","100000","240","33215800","97050700","130397100"
"b1-on-abba-3","3","on","100000","241","36588600","79045100","159745400"
"b1-on-abba-3","3","on","100000","242","34519100","93833000","134869400"
"b1-on-abba-3","3","on","100000","243","38657400","82490800","121446900"
"b1-on-abba-3","3","on","100000","244","32318500","91963700","124413000"
"b1-on-abba-3","3","on","100000","245","36375900","88182500","124687100"
"b1-on-abba-3","3","on","100000","246","36445600","100665400","137298200"
"b1-on-abba-3","3","on","100000","247","39922500","95008500","135094300"
"b1-on-abba-3","3","on","100000","248","38173800","96023800","134792000"
"b1-on-abba-3","3","on","100000","249","34277100","78494500","112980200"
"b1-on-abba-3","3","on","100000","250","36209500","94021200","130628700"
"b1-on-abba-3","3","on","100000","251","33111600","78444400","111870700"
"b1-on-abba-3","3","on","100000","252","31055600","79779900","111108400"
"b1-on-abba-3","3","on","100000","253","31756500","77252000","109135600"
"b1-on-abba-3","3","on","100000","254","32619900","76990900","109917200"
"b1-on-abba-3","3","on","100000","255","32582700","77105800","109873400"
"b1-on-abba-3","3","on","100000","256","36118800","77129900","113337900"
"b1-on-abba-3","3","on","100000","257","40761300","86632300","576857200"
"b1-on-abba-3","3","on","100000","258","33987800","84859600","133529700"
"b1-on-abba-3","3","on","100000","259","33085400","82181000","115391100"
"b1-on-abba-3","3","on","100000","260","34791600","83137900","118272100"
"b1-on-abba-3","3","on","100000","261","35748700","80378700","116348000"
"b1-on-abba-3","3","on","100000","262","32336600","81213700","113673700"
"b1-on-abba-3","3","on","100000","263","33429200","82113600","115710500"
"b1-on-abba-3","3","on","100000","264","32608800","81697200","114522700"
"b1-on-abba-3","3","on","100000","265","32452000","81342600","113950500"
"b1-on-abba-3","3","on","100000","266","33776400","81312500","115281300"
"b1-on-abba-3","3","on","100000","267","32532000","81897300","114565500"
"b1-on-abba-3","3","on","100000","268","33890500","80001300","114133700"
"b1-on-abba-3","3","on","100000","269","32268500","82419000","114855700"
"b1-on-abba-3","3","on","100000","270","35211500","82881300","118217000"
"b1-on-abba-3","3","on","100000","271","33282300","80209900","113672300"
"b1-on-abba-3","3","on","100000","272","34633700","79918400","114690000"
"b1-on-abba-3","3","on","100000","273","32915600","79596900","171324700"
"b1-on-abba-3","3","on","100000","274","34660100","81803900","124397400"
"b1-on-abba-3","3","on","100000","275","32338900","77552500","110005200"
"b1-on-abba-3","3","on","100000","276","31890300","77802200","109831600"
"b1-on-abba-3","3","on","100000","277","31388800","77634500","109206500"
"b1-on-abba-3","3","on","100000","278","33418600","84404200","117977200"
"b1-on-abba-3","3","on","100000","279","34220300","83398400","117747300"
"b1-on-abba-3","3","on","100000","280","39231500","94971200","134361300"
"b1-on-abba-3","3","on","100000","281","35938300","93799300","129888700"
"b1-on-abba-3","3","on","100000","282","37701900","95668600","134089900"
"b1-on-abba-3","3","on","100000","283","39233900","97734300","137238300"
"b1-on-abba-3","3","on","100000","284","39616600","101312600","141252200"
"b1-on-abba-3","3","on","100000","285","39338700","102852300","142506500"
"b1-on-abba-3","3","on","100000","286","39993700","101073900","141221300"
"b1-on-abba-3","3","on","100000","287","40630400","104901300","145749700"
"b1-on-abba-3","3","on","100000","288","41143200","106679000","148142800"
"b1-on-abba-3","3","on","100000","289","40250900","104243800","234787500"
"b1-on-abba-3","3","on","100000","290","42666800","96805500","150017800"
"b1-on-abba-3","3","on","100000","291","39095300","91995900","131269000"
"b1-on-abba-3","3","on","100000","292","37091400","76691100","114123100"
"b1-on-abba-3","3","on","100000","293","34936400","91947800","127168800"
"b1-on-abba-3","3","on","100000","294","37454400","94617200","132202800"
"b1-on-abba-3","3","on","100000","295","36823700","90888000","127838000"
"b1-on-abba-3","3","on","100000","296","36554300","93434800","130108600"
"b1-on-abba-3","3","on","100000","297","38517800","92815400","131646600"
"b1-on-abba-3","3","on","100000","298","38999700","94235300","133378100"
"b1-on-abba-3","3","on","100000","299","34078300","77452400","111672400"
"b1-on-abba-3","3","on","100000","300","30512300","75087700","105721000"
"b1-on-abba-3","3","on","100000","301","29972400","76338200","106615000"
"b1-on-abba-3","3","on","100000","302","30989200","75324100","106489500"
"b1-on-abba-3","3","on","100000","303","31017600","75564500","106748700"
"b1-on-abba-3","3","on","100000","304","31334000","75457500","106912300"
"b1-on-abba-3","3","on","100000","305","29810800","75211500","169291800"
"b1-on-abba-3","3","on","100000","306","31597700","77992400","117477900"
"b1-on-abba-3","3","on","100000","307","30672300","77568100","108644300"
"b1-on-abba-3","3","on","100000","308","31712900","76499600","108377500"
"b1-on-abba-3","3","on","100000","309","33424400","77891000","111492800"
"b1-on-abba-3","3","on","100000","310","33872400","79149200","113146700"
"b1-on-abba-3","3","on","100000","311","34939200","81745800","116813800"
"b1-on-abba-3","3","on","100000","312","31804100","79750000","111699100"
"b1-on-abba-3","3","on","100000","313","34641700","79726600","114493600"
"b1-on-abba-3","3","on","100000","314","33009700","80826200","114256500"
"b1-on-abba-3","3","on","100000","315","33751200","82622300","116564700"
"b1-on-abba-3","3","on","100000","316","33193500","82077500","115530200"
"b1-on-abba-3","3","on","100000","317","34227100","82963800","117334500"
"b1-on-abba-3","3","on","100000","318","33173400","83086400","116704000"
"b1-on-abba-3","3","on","100000","319","33984500","83049500","117300800"
"b1-on-abba-3","3","on","100000","320","32870300","84303600","117294500"
"b1-on-abba-3","3","on","100000","321","41228500","81455800","227585300"
"b1-on-abba-3","3","on","100000","322","34725700","79392300","127502700"
"b1-on-abba-3","3","on","100000","323","33025600","77231100","110404800"
"b1-on-abba-3","3","on","100000","324","31818200","79093100","111227200"
"b1-on-abba-3","3","on","100000","325","32580100","78993200","111745600"
"b1-on-abba-3","3","on","100000","326","32444500","77472200","110046000"
"b1-on-abba-3","3","on","100000","327","32008800","81371700","113503600"
"b1-on-abba-3","3","on","100000","328","31888100","77589900","109603400"
"b1-on-abba-3","3","on","100000","329","32075500","79519600","111788200"
"b1-on-abba-3","3","on","100000","330","34599200","87647100","123071800"
"b1-on-abba-3","3","on","100000","331","31708900","82544700","114580100"
"b1-on-abba-3","3","on","100000","332","33978700","84308400","118437900"
"b1-on-abba-3","3","on","100000","333","33877200","79262600","113267800"
"b1-on-abba-3","3","on","100000","334","33069400","83275000","116488100"
"b1-on-abba-3","3","on","100000","335","32268200","85569300","118084100"
"b1-on-abba-3","3","on","100000","336","32589000","81586300","114330900"
"b1-on-abba-3","3","on","100000","337","36567400","87866900","201015900"
"b1-on-abba-3","3","on","100000","338","31676000","78403200","119371200"
"b1-on-abba-3","3","on","100000","339","32949800","77142300","110226600"
"b1-on-abba-3","3","on","100000","340","31014400","78631900","109773600"
"b1-on-abba-3","3","on","100000","341","31389200","77337200","109292300"
"b1-on-abba-3","3","on","100000","342","34415100","78035200","113088200"
"b1-on-abba-3","3","on","100000","343","30958800","77201000","108456300"
"b1-on-abba-3","3","on","100000","344","32825900","76804600","109794100"
"b1-on-abba-3","3","on","100000","345","31417000","77552200","109127800"
"b1-on-abba-3","3","on","100000","346","30814100","77759800","108691500"
"b1-on-abba-3","3","on","100000","347","31560500","78808300","110506600"
"b1-on-abba-3","3","on","100000","348","30764900","78002800","109134900"
"b1-on-abba-3","3","on","100000","349","32067800","77112700","109553000"
"b1-on-abba-3","3","on","100000","350","31667200","77183000","109045800"
"b1-on-abba-3","3","on","100000","351","30272500","79151500","109560500"
"b1-on-abba-3","3","on","100000","352","31393700","76832000","108525300"
"b1-on-abba-3","3","on","100000","353","32621400","77563400","185075900"
"b1-on-abba-3","3","on","100000","354","31760400","83992600","125664000"
"b1-on-abba-3","3","on","100000","355","32186300","81287400","113608900"
"b1-on-abba-3","3","on","100000","356","35892400","101422200","137990100"
"b1-on-abba-3","3","on","100000","357","39067300","97402900","136932100"
"b1-on-abba-3","3","on","100000","358","40623300","98522600","139556000"
"b1-on-abba-3","3","on","100000","359","37108300","96761400","134526700"
"b1-on-abba-3","3","on","100000","360","37439700","80247500","118064400"
"b1-on-abba-3","3","on","100000","361","32235000","79470200","111849400"
"b1-on-abba-3","3","on","100000","362","33099800","76939000","110230200"
"b1-on-abba-3","3","on","100000","363","32616100","78287200","111234900"
"b1-on-abba-3","3","on","100000","364","40031600","98869000","139122100"
"b1-on-abba-3","3","on","100000","365","37788000","99895400","137819500"
"b1-on-abba-3","3","on","100000","366","33084700","84533000","117749600"
"b1-on-abba-3","3","on","100000","367","34604000","85418700","120208900"
"b1-on-abba-3","3","on","100000","368","35593600","85700000","121799200"
"b1-on-abba-3","3","on","100000","369","34062600","87623600","209044200"
"b1-on-abba-3","3","on","100000","370","36358600","81343300","128046600"
"b1-on-abba-3","3","on","100000","371","32408900","78520500","111129000"
"b1-on-abba-3","3","on","100000","372","32938900","77825400","110879400"
"b1-on-abba-3","3","on","100000","373","31681100","81123200","112948600"
"b1-on-abba-3","3","on","100000","374","33927900","79176800","113230100"
"b1-on-abba-3","3","on","100000","375","33485500","82695500","116303600"
"b1-on-abba-3","3","on","100000","376","32414900","82888900","115442500"
"b1-on-abba-3","3","on","100000","377","33198000","82500000","116227000"
"b1-on-abba-3","3","on","100000","378","33488900","83379700","117491600"
"b1-on-abba-3","3","on","100000","379","33589000","81760600","115953700"
"b1-on-abba-3","3","on","100000","380","32818300","85333400","118362200"
"b1-on-abba-3","3","on","100000","381","32615900","83239300","116300400"
"b1-on-abba-3","3","on","100000","382","33090500","82511100","115936500"
"b1-on-abba-3","3","on","100000","383","32872600","82088300","115119500"
"b1-on-abba-3","3","on","100000","384","33240600","81931100","115301700"
"b1-on-abba-3","3","on","100000","385","39207200","85050400","253156300"
"b1-on-abba-3","3","on","100000","386","32440300","83860300","133160300"
"b1-on-abba-3","3","on","100000","387","31990600","83371900","115712100"
"b1-on-abba-3","3","on","100000","388","33277900","84159600","117704300"
"b1-on-abba-3","3","on","100000","389","34169800","81246000","115548600"
"b1-on-abba-3","3","on","100000","390","33731900","81212000","115207200"
"b1-on-abba-3","3","on","100000","391","34196200","84032300","118434800"
"b1-on-abba-3","3","on","100000","392","32216100","82257000","114623300"
"b1-on-abba-3","3","on","100000","393","37612600","80924300","118693200"
"b1-on-abba-3","3","on","100000","394","32292900","77378800","109810800"
"b1-on-abba-3","3","on","100000","395","30665500","77846200","108691100"
"b1-on-abba-3","3","on","100000","396","31523900","76656300","108296700"
"b1-on-abba-3","3","on","100000","397","33090300","93431400","126709800"
"b1-on-abba-3","3","on","100000","398","37492900","95362100","133405400"
"b1-on-abba-3","3","on","100000","399","38636200","94873700","133945100"
"b1-on-abba-3","3","on","100000","400","36373300","83256200","119859700"
"b1-on-abba-3","3","on","100000","401","30956600","93921700","217159700"
"b1-on-abba-3","3","on","100000","402","37741600","93035200","144004800"
"b1-on-abba-3","3","on","100000","403","40140700","94859900","135600000"
"b1-on-abba-3","3","on","100000","404","38784800","93445400","132439000"
"b1-on-abba-3","3","on","100000","405","36233200","94293900","130652000"
"b1-on-abba-3","3","on","100000","406","39017800","96856100","137397300"
"b1-on-abba-3","3","on","100000","407","41143100","96750300","138364900"
"b1-on-abba-3","3","on","100000","408","37158700","94427600","131775300"
"b1-on-abba-3","3","on","100000","409","39058600","94288100","133746300"
"b1-on-abba-3","3","on","100000","410","37496400","94606800","132299600"
"b1-on-abba-3","3","on","100000","411","37963700","94432600","132524500"
"b1-on-abba-3","3","on","100000","412","36944700","93535900","130605100"
"b1-on-abba-3","3","on","100000","413","37858800","100588100","138918300"
"b1-on-abba-3","3","on","100000","414","37218400","95443800","133328400"
"b1-on-abba-3","3","on","100000","415","36212500","84154400","120859900"
"b1-on-abba-3","3","on","100000","416","32180300","78735100","111174300"
"b1-on-abba-3","3","on","100000","417","33971900","93761600","230567700"
"b1-on-abba-3","3","on","100000","418","37568400","93641500","143969200"
"b1-on-abba-3","3","on","100000","419","36642700","94128200","130895100"
"b1-on-abba-3","3","on","100000","420","36570900","98695700","137179500"
"b1-on-abba-3","3","on","100000","421","36613500","82727100","120190300"
"b1-on-abba-3","3","on","100000","422","33267900","79002500","112394100"
"b1-on-abba-3","3","on","100000","423","31382500","79499800","111006700"
"b1-on-abba-3","3","on","100000","424","32003500","79570800","111698000"
"b1-on-abba-3","3","on","100000","425","32858200","82345900","116008200"
"b1-on-abba-3","3","on","100000","426","35405600","80325600","116424700"
"b1-on-abba-3","3","on","100000","427","32357400","80416300","113117200"
"b1-on-abba-3","3","on","100000","428","31417700","81685200","113229200"
"b1-on-abba-3","3","on","100000","429","33538000","82734800","116614500"
"b1-on-abba-3","3","on","100000","430","33134600","83588900","117171000"
"b1-on-abba-3","3","on","100000","431","32353700","75471800","108005400"
"b1-on-abba-3","3","on","100000","432","31616800","77980900","109742600"
"b1-on-abba-3","3","on","100000","433","33014700","81931500","223011900"
"b1-on-abba-3","3","on","100000","434","31655700","79165200","121839200"
"b1-on-abba-3","3","on","100000","435","32285100","82547100","115040600"
"b1-on-abba-3","3","on","100000","436","33124200","76343000","109601500"
"b1-on-abba-3","3","on","100000","437","31088900","77657100","109025400"
"b1-on-abba-3","3","on","100000","438","31579100","78622600","110347800"
"b1-on-abba-3","3","on","100000","439","32812500","81948900","115318900"
"b1-on-abba-3","3","on","100000","440","31856100","80783700","112949600"
"b1-on-abba-3","3","on","100000","441","32156800","80927600","113392400"
"b1-on-abba-3","3","on","100000","442","32742400","81806200","114756000"
"b1-on-abba-3","3","on","100000","443","32843200","80979200","113941600"
"b1-on-abba-3","3","on","100000","444","31418100","77083600","108619900"
"b1-on-abba-3","3","on","100000","445","32894100","79170300","113370800"
"b1-on-abba-3","3","on","100000","446","30980000","78195400","110267400"
"b1-on-abba-3","3","on","100000","447","33234600","80082000","113674100"
"b1-on-abba-3","3","on","100000","448","34409500","81814000","116680400"
"b1-on-abba-3","3","on","100000","449","38541500","82447500","265347400"
"b1-on-abba-3","3","on","100000","450","32263600","77412300","126101600"
"b1-on-abba-3","3","on","100000","451","34749600","93874400","128827300"
"b1-on-abba-3","3","on","100000","452","35361800","94747300","130724600"
"b1-on-abba-3","3","on","100000","453","31458400","79812300","111436400"
"b1-on-abba-3","3","on","100000","454","36564800","78528400","115220700"
"b1-on-abba-3","3","on","100000","455","30257100","77373900","107748300"
"b1-on-abba-3","3","on","100000","456","31923000","96150900","128414900"
"b1-on-abba-3","3","on","100000","457","36273700","95733700","132205800"
"b1-on-abba-3","3","on","100000","458","35472700","76937100","112682200"
"b1-on-abba-3","3","on","100000","459","30597000","77822400","108597900"
"b1-on-abba-3","3","on","100000","460","35187800","95964200","131328900"
"b1-on-abba-3","3","on","100000","461","38888900","82683900","121906700"
"b1-on-abba-3","3","on","100000","462","36568100","94565000","131280700"
"b1-on-abba-3","3","on","100000","463","33229000","84111000","117507500"
"b1-on-abba-3","3","on","100000","464","32240200","79832100","113102700"
"b1-on-abba-3","3","on","100000","465","36746800","85388000","253217800"
"b1-on-abba-3","3","on","100000","466","31667700","78210000","121987100"
"b1-on-abba-3","3","on","100000","467","30679600","79064700","110072900"
"b1-on-abba-3","3","on","100000","468","33969300","97406200","131906300"
"b1-on-abba-3","3","on","100000","469","38734100","93843800","132832400"
"b1-on-abba-3","3","on","100000","470","36716100","93582100","130420500"
"b1-on-abba-3","3","on","100000","471","39170500","89638200","129375700"
"b1-on-abba-3","3","on","100000","472","32561400","77579900","110496000"
"b1-on-abba-3","3","on","100000","473","30393700","77235400","107852700"
"b1-on-abba-3","3","on","100000","474","31026100","77302500","108450400"
"b1-on-abba-3","3","on","100000","475","31588500","77158900","108877200"
"b1-on-abba-3","3","on","100000","476","31658800","77396100","109233100"
"b1-on-abba-3","3","on","100000","477","30747200","91900300","122799900"
"b1-on-abba-3","3","on","100000","478","32735100","78480700","111582500"
"b1-on-abba-3","3","on","100000","479","32740200","80021400","112982800"
"b1-on-abba-3","3","on","100000","480","33643000","94394000","133682700"
"b1-on-abba-3","3","on","100000","481","31168400","76829100","214387600"
"b1-on-abba-3","3","on","100000","482","30972100","81917100","124745400"
"b1-on-abba-3","3","on","100000","483","32124600","81740700","113990700"
"b1-on-abba-3","3","on","100000","484","33102700","82584900","115828600"
"b1-on-abba-3","3","on","100000","485","31899200","77449000","109477400"
"b1-on-abba-3","3","on","100000","486","32369400","78010900","110978600"
"b1-on-abba-3","3","on","100000","487","31253100","76386200","108128100"
"b1-on-abba-3","3","on","100000","488","31623900","83020200","115334600"
"b1-on-abba-3","3","on","100000","489","33423400","81701000","116192200"
"b1-on-abba-3","3","on","100000","490","32488600","81893000","114742200"
"b1-on-abba-3","3","on","100000","491","33714200","84438200","118589900"
"b1-on-abba-3","3","on","100000","492","38816200","84242000","123567800"
"b1-on-abba-3","3","on","100000","493","31230900","77208400","108657700"
"b1-on-abba-3","3","on","100000","494","32453400","81471600","114101800"
"b1-on-abba-3","3","on","100000","495","31476700","82228100","113875200"
"b1-on-abba-3","3","on","100000","496","33283100","78235600","111863600"
"b1-on-abba-3","3","on","100000","497","32842900","88490000","243346800"
"b1-on-abba-3","3","on","100000","498","32972600","85663300","134686800"
"b1-on-abba-3","3","on","100000","499","32155600","81967800","114705900"
"b1-on-abba-3","3","on","100000","500","33050500","80786800","114166500"
"b1-on-abba-3","3","on","100000","501","32272600","80926200","113409200"
"b1-on-abba-3","3","on","100000","502","31684600","80011500","111842700"
"b1-on-abba-3","3","on","100000","503","32617800","81716700","115687300"
"b1-on-abba-3","3","on","100000","504","33241200","80524400","114710000"
"b1-on-abba-3","3","on","100000","505","33492800","86592100","123613000"
"b1-on-abba-3","3","on","100000","506","35676800","93971900","131734300"
"b1-on-abba-3","3","on","100000","507","37749700","95160200","133350900"
"b1-on-abba-3","3","on","100000","508","36241700","95008500","131433900"
"b1-on-abba-3","3","on","100000","509","37736600","97772700","135654500"
"b1-on-abba-3","3","on","100000","510","34424000","93382600","128160700"
"b1-on-abba-3","3","on","100000","511","36357700","93804600","134641200"
"b1-on-abba-3","3","on","100000","512","37308400","94979300","133322100"
"b1-off-abba-4","4","off","100000","65","34828900","88002300","154056500"
"b1-off-abba-4","4","off","100000","66","35915300","88194600","129336800"
"b1-off-abba-4","4","off","100000","67","35722500","87779100","123924200"
"b1-off-abba-4","4","off","100000","68","32588400","73225300","105937500"
"b1-off-abba-4","4","off","100000","69","30356200","73251100","103729200"
"b1-off-abba-4","4","off","100000","70","30492500","72490800","103104600"
"b1-off-abba-4","4","off","100000","71","30127700","72591500","102839400"
"b1-off-abba-4","4","off","100000","72","31908100","71390900","103416800"
"b1-off-abba-4","4","off","100000","73","30899100","72286600","103308300"
"b1-off-abba-4","4","off","100000","74","31887000","72378200","104378100"
"b1-off-abba-4","4","off","100000","75","30665200","72433300","103224000"
"b1-off-abba-4","4","off","100000","76","30664800","71958300","102761200"
"b1-off-abba-4","4","off","100000","77","29469100","73976300","103585100"
"b1-off-abba-4","4","off","100000","78","32681600","77010000","109823800"
"b1-off-abba-4","4","off","100000","79","32267700","75880600","108271500"
"b1-off-abba-4","4","off","100000","80","33852300","72564300","106598600"
"b1-off-abba-4","4","off","100000","81","35152200","75591300","128157200"
"b1-off-abba-4","4","off","100000","82","30529200","74190600","107123200"
"b1-off-abba-4","4","off","100000","83","30854000","77809400","108805000"
"b1-off-abba-4","4","off","100000","84","33132500","78370500","112581300"
"b1-off-abba-4","4","off","100000","85","30931500","73972500","109820900"
"b1-off-abba-4","4","off","100000","86","31472000","75826900","107587500"
"b1-off-abba-4","4","off","100000","87","34302400","73741900","108158900"
"b1-off-abba-4","4","off","100000","88","31047700","71491100","102660600"
"b1-off-abba-4","4","off","100000","89","31769000","71602700","103492100"
"b1-off-abba-4","4","off","100000","90","31405000","71284200","102816800"
"b1-off-abba-4","4","off","100000","91","31716000","73079100","104916600"
"b1-off-abba-4","4","off","100000","92","29989700","72865900","102970200"
"b1-off-abba-4","4","off","100000","93","30294600","72793100","103492900"
"b1-off-abba-4","4","off","100000","94","30922400","73620200","105912800"
"b1-off-abba-4","4","off","100000","95","32195500","73734200","107308500"
"b1-off-abba-4","4","off","100000","96","32021100","75391100","107794800"
"b1-off-abba-4","4","off","100000","97","33588800","77872000","130611700"
"b1-off-abba-4","4","off","100000","98","32984000","78432000","114023300"
"b1-off-abba-4","4","off","100000","99","33594900","74556500","108271000"
"b1-off-abba-4","4","off","100000","100","31573600","75188900","106883400"
"b1-off-abba-4","4","off","100000","101","35873400","90764100","126770600"
"b1-off-abba-4","4","off","100000","102","30722100","87197000","118294200"
"b1-off-abba-4","4","off","100000","103","38226800","90820700","129631100"
"b1-off-abba-4","4","off","100000","104","36649400","84417800","127440900"
"b1-off-abba-4","4","off","100000","105","32906700","79067600","114883900"
"b1-off-abba-4","4","off","100000","106","35421300","95461900","131057300"
"b1-off-abba-4","4","off","100000","107","38453200","93012300","131586500"
"b1-off-abba-4","4","off","100000","108","38914500","94671100","133722100"
"b1-off-abba-4","4","off","100000","109","37001200","93852900","130979600"
"b1-off-abba-4","4","off","100000","110","35807200","91916200","127899000"
"b1-off-abba-4","4","off","100000","111","37515500","92330200","129984200"
"b1-off-abba-4","4","off","100000","112","38156800","91970900","130254700"
"b1-off-abba-4","4","off","100000","113","38784800","91707900","159671400"
"b1-off-abba-4","4","off","100000","114","33042100","77501000","112703500"
"b1-off-abba-4","4","off","100000","115","33455700","75797500","109369400"
"b1-off-abba-4","4","off","100000","116","37592600","88879400","126598400"
"b1-off-abba-4","4","off","100000","117","33922700","75319300","109458800"
"b1-off-abba-4","4","off","100000","118","36140900","75665500","111942600"
"b1-off-abba-4","4","off","100000","119","33158200","76240700","109588000"
"b1-off-abba-4","4","off","100000","120","33141400","76818800","110278000"
"b1-off-abba-4","4","off","100000","121","33696400","95147400","129332600"
"b1-off-abba-4","4","off","100000","122","43268600","98814300","145456400"
"b1-off-abba-4","4","off","100000","123","34432900","77461000","113511300"
"b1-off-abba-4","4","off","100000","124","32267300","77178800","109578000"
"b1-off-abba-4","4","off","100000","125","34456900","86194800","120852200"
"b1-off-abba-4","4","off","100000","126","38755800","94438400","133494000"
"b1-off-abba-4","4","off","100000","127","40912200","89580100","130774400"
"b1-off-abba-4","4","off","100000","128","41277000","96037000","137517400"
"b1-off-abba-4","4","off","100000","129","46958800","104074900","217218800"
"b1-off-abba-4","4","off","100000","130","34097000","77135500","120281700"
"b1-off-abba-4","4","off","100000","131","32828000","78541600","111527800"
"b1-off-abba-4","4","off","100000","132","34364400","76929200","111798700"
"b1-off-abba-4","4","off","100000","133","33203900","77479100","110914100"
"b1-off-abba-4","4","off","100000","134","34286500","81369700","115814800"
"b1-off-abba-4","4","off","100000","135","36289100","84449000","121364000"
"b1-off-abba-4","4","off","100000","136","36521900","84303400","122474600"
"b1-off-abba-4","4","off","100000","137","34062100","82865000","117501200"
"b1-off-abba-4","4","off","100000","138","34389000","80438800","114949000"
"b1-off-abba-4","4","off","100000","139","33466400","81350400","115138500"
"b1-off-abba-4","4","off","100000","140","35187900","80324700","115695000"
"b1-off-abba-4","4","off","100000","141","32971900","80890200","113992800"
"b1-off-abba-4","4","off","100000","142","34331000","79596800","114049200"
"b1-off-abba-4","4","off","100000","143","34179200","82989300","117297500"
"b1-off-abba-4","4","off","100000","144","36870800","81502200","122818400"
"b1-off-abba-4","4","off","100000","145","32392000","75761700","140862800"
"b1-off-abba-4","4","off","100000","146","35575800","82853200","123672200"
"b1-off-abba-4","4","off","100000","147","33240100","82990000","116882200"
"b1-off-abba-4","4","off","100000","148","34730400","76753600","111607600"
"b1-off-abba-4","4","off","100000","149","30866000","77598400","108586700"
"b1-off-abba-4","4","off","100000","150","34552800","78466000","113187300"
"b1-off-abba-4","4","off","100000","151","35314400","80266800","115711100"
"b1-off-abba-4","4","off","100000","152","35920200","81321600","117371600"
"b1-off-abba-4","4","off","100000","153","34117900","82704800","116953600"
"b1-off-abba-4","4","off","100000","154","32950500","82312100","115386200"
"b1-off-abba-4","4","off","100000","155","33543300","80721600","114415500"
"b1-off-abba-4","4","off","100000","156","35363700","83996800","120281400"
"b1-off-abba-4","4","off","100000","157","36366600","80842800","117529200"
"b1-off-abba-4","4","off","100000","158","33678800","80913000","114715200"
"b1-off-abba-4","4","off","100000","159","36507900","94212100","130917500"
"b1-off-abba-4","4","off","100000","160","37531300","94501200","132294800"
"b1-off-abba-4","4","off","100000","161","37238000","95891000","166723900"
"b1-off-abba-4","4","off","100000","162","37718200","84572300","126585500"
"b1-off-abba-4","4","off","100000","163","32453900","77196500","109784600"
"b1-off-abba-4","4","off","100000","164","32444100","76219500","108777000"
"b1-off-abba-4","4","off","100000","165","32978700","76441800","109755000"
"b1-off-abba-4","4","off","100000","166","32031100","78053900","110785900"
"b1-off-abba-4","4","off","100000","167","31625900","76160300","108263800"
"b1-off-abba-4","4","off","100000","168","30632000","77968200","109003900"
"b1-off-abba-4","4","off","100000","169","32473700","76134200","108802500"
"b1-off-abba-4","4","off","100000","170","32610200","76661500","109410200"
"b1-off-abba-4","4","off","100000","171","35743100","93682900","129559500"
"b1-off-abba-4","4","off","100000","172","37149000","95903800","133266600"
"b1-off-abba-4","4","off","100000","173","38533200","93804300","132557500"
"b1-off-abba-4","4","off","100000","174","37588600","84733400","122441300"
"b1-off-abba-4","4","off","100000","175","33351500","76533100","110002800"
"b1-off-abba-4","4","off","100000","176","32143400","76964700","109224700"
"b1-off-abba-4","4","off","100000","177","36869200","94424400","164312700"
"b1-off-abba-4","4","off","100000","178","33571600","93674800","132053600"
"b1-off-abba-4","4","off","100000","179","37553800","94142700","131822400"
"b1-off-abba-4","4","off","100000","180","38922500","93193500","132246500"
"b1-off-abba-4","4","off","100000","181","39067000","94479300","133873800"
"b1-off-abba-4","4","off","100000","182","38452300","96083400","134728900"
"b1-off-abba-4","4","off","100000","183","37525700","94181600","131997600"
"b1-off-abba-4","4","off","100000","184","33871900","77329700","111466500"
"b1-off-abba-4","4","off","100000","185","32366200","75368700","108064500"
"b1-off-abba-4","4","off","100000","186","32469900","77079400","109765800"
"b1-off-abba-4","4","off","100000","187","38563900","94596800","133294700"
"b1-off-abba-4","4","off","100000","188","37868500","87399500","125385200"
"b1-off-abba-4","4","off","100000","189","35933700","77875500","114749300"
"b1-off-abba-4","4","off","100000","190","32682000","76951600","109986500"
"b1-off-abba-4","4","off","100000","191","31891300","75905800","108006100"
"b1-off-abba-4","4","off","100000","192","31918800","76647500","108755800"
"b1-off-abba-4","4","off","100000","193","36167400","76460100","174903000"
"b1-off-abba-4","4","off","100000","194","31915800","78184400","119186400"
"b1-off-abba-4","4","off","100000","195","34555600","76307100","110982300"
"b1-off-abba-4","4","off","100000","196","34308000","79983300","114577600"
"b1-off-abba-4","4","off","100000","197","35194100","82648200","118118200"
"b1-off-abba-4","4","off","100000","198","33649500","81631400","115513900"
"b1-off-abba-4","4","off","100000","199","34262400","84289600","118707000"
"b1-off-abba-4","4","off","100000","200","36562900","82102200","118796600"
"b1-off-abba-4","4","off","100000","201","32549400","76691600","109395600"
"b1-off-abba-4","4","off","100000","202","32886600","78256000","111441400"
"b1-off-abba-4","4","off","100000","203","32273100","77185000","109645200"
"b1-off-abba-4","4","off","100000","204","33416700","81736900","115314600"
"b1-off-abba-4","4","off","100000","205","33719300","77283300","111189200"
"b1-off-abba-4","4","off","100000","206","31186900","83580300","114928900"
"b1-off-abba-4","4","off","100000","207","36768600","79115500","116053400"
"b1-off-abba-4","4","off","100000","208","33398200","79899500","113433100"
"b1-off-abba-4","4","off","100000","209","34045700","82278600","161636200"
"b1-off-abba-4","4","off","100000","210","33386100","81808600","121477000"
"b1-off-abba-4","4","off","100000","211","34078900","81114100","115399200"
"b1-off-abba-4","4","off","100000","212","32246100","79476300","111850900"
"b1-off-abba-4","4","off","100000","213","32019500","78762900","110949600"
"b1-off-abba-4","4","off","100000","214","33045000","78576900","111740900"
"b1-off-abba-4","4","off","100000","215","32820300","78781700","111768800"
"b1-off-abba-4","4","off","100000","216","32844700","79643200","112618200"
"b1-off-abba-4","4","off","100000","217","33293100","79798500","113222900"
"b1-off-abba-4","4","off","100000","218","33088000","84141900","117445400"
"b1-off-abba-4","4","off","100000","219","32131500","77181600","109465900"
"b1-off-abba-4","4","off","100000","220","33962500","88430500","122568700"
"b1-off-abba-4","4","off","100000","221","39866500","96418800","136419300"
"b1-off-abba-4","4","off","100000","222","34048300","79333300","113514500"
"b1-off-abba-4","4","off","100000","223","39199300","83599200","122941400"
"b1-off-abba-4","4","off","100000","224","32382200","78779200","111642100"
"b1-off-abba-4","4","off","100000","225","34693400","79417900","155607400"
"b1-off-abba-4","4","off","100000","226","40944300","78718400","126357400"
"b1-off-abba-4","4","off","100000","227","33456900","78937000","112585200"
"b1-off-abba-4","4","off","100000","228","34538500","81849400","116526200"
"b1-off-abba-4","4","off","100000","229","40112600","79923500","120341900"
"b1-off-abba-4","4","off","100000","230","33319500","78750400","112264800"
"b1-off-abba-4","4","off","100000","231","35469200","95783000","131403500"
"b1-off-abba-4","4","off","100000","232","37790900","95417800","133355500"
"b1-off-abba-4","4","off","100000","233","38288800","79294200","117945700"
"b1-off-abba-4","4","off","100000","234","31956600","79371800","111525300"
"b1-off-abba-4","4","off","100000","235","36722000","78472600","115430900"
"b1-off-abba-4","4","off","100000","236","34874300","95212000","130223400"
"b1-off-abba-4","4","off","100000","237","40221700","98667100","139115300"
"b1-off-abba-4","4","off","100000","238","38908800","98832800","138332400"
"b1-off-abba-4","4","off","100000","239","40544400","90467800","131191900"
"b1-off-abba-4","4","off","100000","240","34273700","89438200","123909700"
"b1-off-abba-4","4","off","100000","241","36826200","82668900","166197600"
"b1-off-abba-4","4","off","100000","242","42171800","101606600","152367800"
"b1-off-abba-4","4","off","100000","243","38763800","93037600","132044600"
"b1-off-abba-4","4","off","100000","244","41457800","97845100","139438800"
"b1-off-abba-4","4","off","100000","245","34457600","81893100","116496500"
"b1-off-abba-4","4","off","100000","246","35127300","79137800","114398000"
"b1-off-abba-4","4","off","100000","247","32968800","82323800","115442800"
"b1-off-abba-4","4","off","100000","248","35411400","81362000","117135900"
"b1-off-abba-4","4","off","100000","249","34900600","82439500","117519600"
"b1-off-abba-4","4","off","100000","250","36106500","83566000","120001800"
"b1-off-abba-4","4","off","100000","251","35329700","80334700","115947400"
"b1-off-abba-4","4","off","100000","252","35730600","83509600","119392700"
"b1-off-abba-4","4","off","100000","253","36168700","83384000","119684100"
"b1-off-abba-4","4","off","100000","254","36601900","83192600","120124600"
"b1-off-abba-4","4","off","100000","255","35138800","82456600","117862900"
"b1-off-abba-4","4","off","100000","256","34994200","83997400","119101300"
"b1-off-abba-4","4","off","100000","257","38860700","78377400","563435500"
"b1-off-abba-4","4","off","100000","258","33276500","81188000","128973900"
"b1-off-abba-4","4","off","100000","259","35078400","83426900","118629900"
"b1-off-abba-4","4","off","100000","260","35355900","78344000","114045100"
"b1-off-abba-4","4","off","100000","261","33646600","82055000","115906500"
"b1-off-abba-4","4","off","100000","262","33641300","78668200","112425600"
"b1-off-abba-4","4","off","100000","263","34927700","79986700","115056800"
"b1-off-abba-4","4","off","100000","264","34990200","77092200","112276100"
"b1-off-abba-4","4","off","100000","265","33354100","78448800","111927200"
"b1-off-abba-4","4","off","100000","266","33551100","77599400","111266500"
"b1-off-abba-4","4","off","100000","267","37427300","83058300","120624100"
"b1-off-abba-4","4","off","100000","268","34693700","77770100","112601800"
"b1-off-abba-4","4","off","100000","269","36344500","82074000","118563400"
"b1-off-abba-4","4","off","100000","270","35821700","84710400","120665600"
"b1-off-abba-4","4","off","100000","271","36123500","77823400","114083900"
"b1-off-abba-4","4","off","100000","272","34475300","78966800","113597500"
"b1-off-abba-4","4","off","100000","273","33662300","78310300","169899300"
"b1-off-abba-4","4","off","100000","274","34196100","92622700","134528300"
"b1-off-abba-4","4","off","100000","275","35922100","82005700","118049600"
"b1-off-abba-4","4","off","100000","276","34961400","94111500","129215100"
"b1-off-abba-4","4","off","100000","277","42986400","96254300","139497000"
"b1-off-abba-4","4","off","100000","278","39510100","80365900","120011900"
"b1-off-abba-4","4","off","100000","279","35117800","95138500","130393800"
"b1-off-abba-4","4","off","100000","280","42802400","96699700","139711000"
"b1-off-abba-4","4","off","100000","281","40360300","96273800","136775300"
"b1-off-abba-4","4","off","100000","282","41381600","97428000","139312300"
"b1-off-abba-4","4","off","100000","283","41086500","96647400","138000700"
"b1-off-abba-4","4","off","100000","284","41482000","96892300","138715700"
"b1-off-abba-4","4","off","100000","285","41144800","97663300","139015900"
"b1-off-abba-4","4","off","100000","286","41750000","96296500","138177600"
"b1-off-abba-4","4","off","100000","287","44446700","85114800","129733200"
"b1-off-abba-4","4","off","100000","288","36997200","98734500","136036100"
"b1-off-abba-4","4","off","100000","289","38116300","80092800","198759100"
"b1-off-abba-4","4","off","100000","290","34494100","79726800","122275800"
"b1-off-abba-4","4","off","100000","291","34731500","82990000","117974200"
"b1-off-abba-4","4","off","100000","292","48188600","82354700","130930400"
"b1-off-abba-4","4","off","100000","293","34329900","78078300","112607200"
"b1-off-abba-4","4","off","100000","294","33305900","77909800","111361900"
"b1-off-abba-4","4","off","100000","295","35280500","77890900","113296800"
"b1-off-abba-4","4","off","100000","296","40297500","93755500","134181100"
"b1-off-abba-4","4","off","100000","297","36566400","79058100","115755700"
"b1-off-abba-4","4","off","100000","298","34018100","77413500","111565000"
"b1-off-abba-4","4","off","100000","299","36139900","94887400","131173300"
"b1-off-abba-4","4","off","100000","300","37372200","84648100","122167500"
"b1-off-abba-4","4","off","100000","301","36395800","82958900","119645900"
"b1-off-abba-4","4","off","100000","302","36400600","79889400","116549000"
"b1-off-abba-4","4","off","100000","303","32146400","77683800","110015600"
"b1-off-abba-4","4","off","100000","304","33190100","76957700","110266700"
"b1-off-abba-4","4","off","100000","305","34695600","79254600","178879900"
"b1-off-abba-4","4","off","100000","306","34763500","77037600","119898900"
"b1-off-abba-4","4","off","100000","307","33707700","77801200","111938300"
"b1-off-abba-4","4","off","100000","308","34191500","80469300","114866400"
"b1-off-abba-4","4","off","100000","309","35795900","83183000","119116100"
"b1-off-abba-4","4","off","100000","310","35762700","77741200","113729600"
"b1-off-abba-4","4","off","100000","311","33868900","76430500","110446600"
"b1-off-abba-4","4","off","100000","312","36063600","77835900","114021700"
"b1-off-abba-4","4","off","100000","313","33890800","78872400","112909300"
"b1-off-abba-4","4","off","100000","314","33770800","82064800","116161100"
"b1-off-abba-4","4","off","100000","315","35743300","79308300","115271800"
"b1-off-abba-4","4","off","100000","316","37279300","81953900","119416100"
"b1-off-abba-4","4","off","100000","317","35005900","82383800","117516800"
"b1-off-abba-4","4","off","100000","318","34466000","83732300","118676700"
"b1-off-abba-4","4","off","100000","319","35586200","77746600","113614100"
"b1-off-abba-4","4","off","100000","320","34237900","78240600","112589700"
"b1-off-abba-4","4","off","100000","321","38686300","78886900","220168700"
"b1-off-abba-4","4","off","100000","322","34683200","83926700","132319000"
"b1-off-abba-4","4","off","100000","323","35800700","82329000","118314200"
"b1-off-abba-4","4","off","100000","324","35331700","82130900","117825100"
"b1-off-abba-4","4","off","100000","325","37324700","83749000","121277900"
"b1-off-abba-4","4","off","100000","326","35692400","82892000","118733500"
"b1-off-abba-4","4","off","100000","327","34613000","81315400","116089400"
"b1-off-abba-4","4","off","100000","328","35806900","82692400","118627400"
"b1-off-abba-4","4","off","100000","329","37472300","94353800","132016700"
"b1-off-abba-4","4","off","100000","330","35712300","80920600","117347700"
"b1-off-abba-4","4","off","100000","331","37902300","93133100","131408800"
"b1-off-abba-4","4","off","100000","332","39299600","79368200","118800900"
"b1-off-abba-4","4","off","100000","333","41903300","97521400","139625400"
"b1-off-abba-4","4","off","100000","334","32365400","89555800","122059900"
"b1-off-abba-4","4","off","100000","335","38182200","93267300","131777700"
"b1-off-abba-4","4","off","100000","336","41609400","95406600","137152300"
"b1-off-abba-4","4","off","100000","337","35154700","83530200","201308100"
"b1-off-abba-4","4","off","100000","338","34289100","79446800","123065800"
"b1-off-abba-4","4","off","100000","339","36321400","98165500","134615700"
"b1-off-abba-4","4","off","100000","340","40695500","95051300","135873500"
"b1-off-abba-4","4","off","100000","341","39839400","94993300","135368800"
"b1-off-abba-4","4","off","100000","342","39649800","99064400","139653000"
"b1-off-abba-4","4","off","100000","343","39292800","96221500","135928800"
"b1-off-abba-4","4","off","100000","344","41465800","94546900","136156500"
"b1-off-abba-4","4","off","100000","345","39848500","98637200","138617200"
"b1-off-abba-4","4","off","100000","346","40907800","94112300","135162000"
"b1-off-abba-4","4","off","100000","347","36850800","80190500","117189700"
"b1-off-abba-4","4","off","100000","348","39611800","96162700","136213400"
"b1-off-abba-4","4","off","100000","349","36586200","80156400","117186400"
"b1-off-abba-4","4","off","100000","350","34852600","80258000","115340800"
"b1-off-abba-4","4","off","100000","351","35721300","81773600","117626700"
"b1-off-abba-4","4","off","100000","352","34686700","95326200","130294300"
"b1-off-abba-4","4","off","100000","353","40735100","78801100","205670400"
"b1-off-abba-4","4","off","100000","354","33097700","79590700","122446300"
"b1-off-abba-4","4","off","100000","355","34803300","81025800","115957600"
"b1-off-abba-4","4","off","100000","356","35717100","77515400","113621200"
"b1-off-abba-4","4","off","100000","357","34225500","75151700","109627700"
"b1-off-abba-4","4","off","100000","358","36250600","76227700","112839700"
"b1-off-abba-4","4","off","100000","359","34806000","77181700","112383000"
"b1-off-abba-4","4","off","100000","360","39896500","76902300","116987500"
"b1-off-abba-4","4","off","100000","361","35752000","79081700","114984800"
"b1-off-abba-4","4","off","100000","362","37511200","77574200","115219700"
"b1-off-abba-4","4","off","100000","363","33392500","78010300","111706200"
"b1-off-abba-4","4","off","100000","364","33798800","79863500","113891700"
"b1-off-abba-4","4","off","100000","365","35036400","78083200","113255000"
"b1-off-abba-4","4","off","100000","366","34875200","80339700","115373900"
"b1-off-abba-4","4","off","100000","367","36248400","81191200","117566800"
"b1-off-abba-4","4","off","100000","368","36621700","83063600","120159200"
"b1-off-abba-4","4","off","100000","369","36359800","82038100","201184300"
"b1-off-abba-4","4","off","100000","370","35659800","85844000","132026200"
"b1-off-abba-4","4","off","100000","371","35866200","83977300","120093800"
"b1-off-abba-4","4","off","100000","372","37138900","81847700","119128400"
"b1-off-abba-4","4","off","100000","373","33998400","83565800","117728100"
"b1-off-abba-4","4","off","100000","374","34911600","81161500","116224900"
"b1-off-abba-4","4","off","100000","375","35342800","82365600","117925800"
"b1-off-abba-4","4","off","100000","376","34600200","78555400","113318600"
"b1-off-abba-4","4","off","100000","377","33871000","78619200","112916600"
"b1-off-abba-4","4","off","100000","378","36406800","85047500","122076800"
"b1-off-abba-4","4","off","100000","379","35854600","83540300","119951200"
"b1-off-abba-4","4","off","100000","380","36827400","84769400","121834700"
"b1-off-abba-4","4","off","100000","381","34202800","82995100","117637000"
"b1-off-abba-4","4","off","100000","382","35949600","82423100","118683900"
"b1-off-abba-4","4","off","100000","383","35938700","83234200","119326500"
"b1-off-abba-4","4","off","100000","384","38498000","92581200","131215800"
"b1-off-abba-4","4","off","100000","385","46885900","98184100","287118100"
"b1-off-abba-4","4","off","100000","386","40719000","97604300","157377800"
"b1-off-abba-4","4","off","100000","387","40213200","93254800","133830800"
"b1-off-abba-4","4","off","100000","388","39752600","94087700","134059200"
"b1-off-abba-4","4","off","100000","389","38488700","89778300","128403900"
"b1-off-abba-4","4","off","100000","390","34736400","94536500","129395100"
"b1-off-abba-4","4","off","100000","391","40044700","95175600","135349000"
"b1-off-abba-4","4","off","100000","392","41466800","93080500","134748700"
"b1-off-abba-4","4","off","100000","393","33125500","75810500","109085600"
"b1-off-abba-4","4","off","100000","394","34107600","77376900","111617000"
"b1-off-abba-4","4","off","100000","395","39228900","93827500","133278900"
"b1-off-abba-4","4","off","100000","396","32232500","77080000","109427800"
"b1-off-abba-4","4","off","100000","397","33105700","78616900","111855700"
"b1-off-abba-4","4","off","100000","398","34072600","77603600","112204800"
"b1-off-abba-4","4","off","100000","399","32016800","77131000","109578800"
"b1-off-abba-4","4","off","100000","400","31796300","77297500","109296800"
"b1-off-abba-4","4","off","100000","401","33186300","76717200","196753000"
"b1-off-abba-4","4","off","100000","402","37506800","89147800","136798400"
"b1-off-abba-4","4","off","100000","403","40155200","95979500","136770400"
"b1-off-abba-4","4","off","100000","404","38180000","94200700","133496400"
"b1-off-abba-4","4","off","100000","405","39312800","93578900","133096700"
"b1-off-abba-4","4","off","100000","406","40254200","96003700","137538300"
"b1-off-abba-4","4","off","100000","407","39330300","95338000","135219900"
"b1-off-abba-4","4","off","100000","408","38892600","94322700","133419800"
"b1-off-abba-4","4","off","100000","409","40299000","81610000","122276900"
"b1-off-abba-4","4","off","100000","410","33559100","75016800","108805500"
"b1-off-abba-4","4","off","100000","411","33081200","75775900","108975100"
"b1-off-abba-4","4","off","100000","412","32316100","81090800","113555300"
"b1-off-abba-4","4","off","100000","413","36081700","82758200","119363400"
"b1-off-abba-4","4","off","100000","414","35141600","82029700","117801600"
"b1-off-abba-4","4","off","100000","415","34977800","80804300","116079300"
"b1-off-abba-4","4","off","100000","416","32966300","78981100","112293400"
"b1-off-abba-4","4","off","100000","417","31816800","78356200","206688900"
"b1-off-abba-4","4","off","100000","418","33858900","78273400","123396400"
"b1-off-abba-4","4","off","100000","419","34500900","78217300","112830200"
"b1-off-abba-4","4","off","100000","420","32337600","87602400","121475200"
"b1-off-abba-4","4","off","100000","421","34069400","83272800","117990900"
"b1-off-abba-4","4","off","100000","422","34749900","80489600","115370200"
"b1-off-abba-4","4","off","100000","423","34931400","85198600","120262000"
"b1-off-abba-4","4","off","100000","424","36044900","82413800","118588300"
"b1-off-abba-4","4","off","100000","425","35460100","83925300","120214100"
"b1-off-abba-4","4","off","100000","426","32610600","79051600","112419700"
"b1-off-abba-4","4","off","100000","427","33208100","77050900","110448500"
"b1-off-abba-4","4","off","100000","428","32089000","78764000","110989400"
"b1-off-abba-4","4","off","100000","429","33556200","83368900","117348700"
"b1-off-abba-4","4","off","100000","430","34195800","83017500","117619400"
"b1-off-abba-4","4","off","100000","431","35804400","83318200","119342300"
"b1-off-abba-4","4","off","100000","432","35769300","81000100","116941000"
"b1-off-abba-4","4","off","100000","433","33233600","77662500","225376300"
"b1-off-abba-4","4","off","100000","434","33170200","79121100","123854800"
"b1-off-abba-4","4","off","100000","435","35389500","80942200","116560200"
"b1-off-abba-4","4","off","100000","436","35711800","84985900","120865200"
"b1-off-abba-4","4","off","100000","437","37049300","82385900","119714000"
"b1-off-abba-4","4","off","100000","438","33390800","76372400","109906800"
"b1-off-abba-4","4","off","100000","439","32897600","77567100","110942800"
"b1-off-abba-4","4","off","100000","440","39494100","84475700","124216700"
"b1-off-abba-4","4","off","100000","441","37085200","79718900","117162400"
"b1-off-abba-4","4","off","100000","442","35883900","92296300","128382100"
"b1-off-abba-4","4","off","100000","443","40222200","94265700","134910400"
"b1-off-abba-4","4","off","100000","444","38808300","93689200","132644200"
"b1-off-abba-4","4","off","100000","445","42848600","93079300","137218100"
"b1-off-abba-4","4","off","100000","446","34514700","79360000","114929500"
"b1-off-abba-4","4","off","100000","447","33080900","77721800","111158300"
"b1-off-abba-4","4","off","100000","448","35064600","97595700","133058700"
"b1-off-abba-4","4","off","100000","449","44938000","96937700","309479700"
"b1-off-abba-4","4","off","100000","450","33012300","78744600","127901700"
"b1-off-abba-4","4","off","100000","451","33688900","77035400","110926100"
"b1-off-abba-4","4","off","100000","452","34072900","77182300","111554800"
"b1-off-abba-4","4","off","100000","453","32084900","90768300","123120400"
"b1-off-abba-4","4","off","100000","454","36157400","95589400","131876000"
"b1-off-abba-4","4","off","100000","455","38845500","94429700","133412400"
"b1-off-abba-4","4","off","100000","456","34134200","79476200","113925700"
"b1-off-abba-4","4","off","100000","457","31822400","77216400","109273800"
"b1-off-abba-4","4","off","100000","458","36997800","94278900","132015500"
"b1-off-abba-4","4","off","100000","459","40605900","94483500","135361300"
"b1-off-abba-4","4","off","100000","460","38997100","90926100","130110100"
"b1-off-abba-4","4","off","100000","461","38302000","95223600","133672700"
"b1-off-abba-4","4","off","100000","462","37569400","95008300","132713200"
"b1-off-abba-4","4","off","100000","463","41118200","95904900","137251800"
"b1-off-abba-4","4","off","100000","464","40580200","99252600","140643300"
"b1-off-abba-4","4","off","100000","465","40305100","99940800","293921300"
"b1-off-abba-4","4","off","100000","466","40749800","97685500","153979900"
"b1-off-abba-4","4","off","100000","467","37468500","87394200","125365800"
"b1-off-abba-4","4","off","100000","468","34601100","81220000","116238000"
"b1-off-abba-4","4","off","100000","469","34820300","75786300","110861600"
"b1-off-abba-4","4","off","100000","470","32836700","77978400","110943100"
"b1-off-abba-4","4","off","100000","471","34357800","82498600","117439900"
"b1-off-abba-4","4","off","100000","472","35084400","81890100","117393400"
"b1-off-abba-4","4","off","100000","473","34645700","82313600","117188800"
"b1-off-abba-4","4","off","100000","474","34878300","80071100","115079900"
"b1-off-abba-4","4","off","100000","475","33522800","77319400","110964400"
"b1-off-abba-4","4","off","100000","476","34132900","77543800","111827500"
"b1-off-abba-4","4","off","100000","477","33590100","78175000","111916600"
"b1-off-abba-4","4","off","100000","478","36490200","91631600","128525700"
"b1-off-abba-4","4","off","100000","479","35404200","80623900","116252500"
"b1-off-abba-4","4","off","100000","480","36966100","94592900","137096200"
"b1-off-abba-4","4","off","100000","481","35038600","80232300","231384300"
"b1-off-abba-4","4","off","100000","482","33358200","77108700","121868100"
"b1-off-abba-4","4","off","100000","483","35471600","82775400","118387800"
"b1-off-abba-4","4","off","100000","484","35716200","83008500","118860400"
"b1-off-abba-4","4","off","100000","485","33374600","78775100","112274600"
"b1-off-abba-4","4","off","100000","486","34140400","81635700","116560300"
"b1-off-abba-4","4","off","100000","487","34780800","80958200","116201700"
"b1-off-abba-4","4","off","100000","488","34933100","78994500","114666000"
"b1-off-abba-4","4","off","100000","489","33193000","78110700","112048800"
"b1-off-abba-4","4","off","100000","490","33336700","77832100","111482200"
"b1-off-abba-4","4","off","100000","491","32884700","77537000","110858500"
"b1-off-abba-4","4","off","100000","492","33761400","82519800","116702000"
"b1-off-abba-4","4","off","100000","493","37388700","81431900","119022500"
"b1-off-abba-4","4","off","100000","494","33142500","77171800","110466500"
"b1-off-abba-4","4","off","100000","495","33092000","76397600","109644700"
"b1-off-abba-4","4","off","100000","496","33989700","77316400","111635900"
"b1-off-abba-4","4","off","100000","497","32813200","81156300","232252800"
"b1-off-abba-4","4","off","100000","498","34526200","79386900","127704600"
"b1-off-abba-4","4","off","100000","499","33100200","75363200","109209900"
"b1-off-abba-4","4","off","100000","500","32740400","75653600","108691100"
"b1-off-abba-4","4","off","100000","501","35126400","93900100","129252200"
"b1-off-abba-4","4","off","100000","502","37220500","78355600","115763900"
"b1-off-abba-4","4","off","100000","503","35532100","90811700","127711900"
"b1-off-abba-4","4","off","100000","504","38930800","92847600","133253100"
"b1-off-abba-4","4","off","100000","505","40296800","95260300","139537200"
"b1-off-abba-4","4","off","100000","506","35922700","82304000","119755800"
"b1-off-abba-4","4","off","100000","507","31587000","85185700","117089800"
"b1-off-abba-4","4","off","100000","508","40258600","93464300","134223800"
"b1-off-abba-4","4","off","100000","509","38332200","94274000","132953500"
"b1-off-abba-4","4","off","100000","510","37880800","92822000","131066800"
"b1-off-abba-4","4","off","100000","511","38051100","90820400","129347500"
"b1-off-abba-4","4","off","100000","512","34015800","91210200","126274200"
