"run","order","variant","population","tick","public_step_ns","observation_ns","iteration_ns","advance_ns","writer_ns","public_command_ns"
"h0-reference-abba-1","1","reference","100000","65","30814600","70173500","129091600","124664800","4426400","2832000"
"h0-reference-abba-1","1","reference","100000","66","28132800","70587800","102301200","102295500","5500","0"
"h0-reference-abba-1","1","reference","100000","67","28563200","70416700","99155200","99088800","66200","0"
"h0-reference-abba-1","1","reference","100000","68","28208300","70455900","98790800","98785000","5300","0"
"h0-reference-abba-1","1","reference","100000","69","27312700","72058400","99495300","99489000","6100","0"
"h0-reference-abba-1","1","reference","100000","70","28094100","72573700","100789800","100784300","5200","0"
"h0-reference-abba-1","1","reference","100000","71","28887300","70539600","99539500","99534300","5000","0"
"h0-reference-abba-1","1","reference","100000","72","27103000","75499200","102730000","102724300","5500","0"
"h0-reference-abba-1","1","reference","100000","73","30156900","74910100","105210100","105203800","6100","0"
"h0-reference-abba-1","1","reference","100000","74","30146000","73692300","103954200","103948600","5600","0"
"h0-reference-abba-1","1","reference","100000","75","29526700","74383100","104030700","104025100","5300","0"
"h0-reference-abba-1","1","reference","100000","76","30245700","74927200","105298300","105292300","5700","0"
"h0-reference-abba-1","1","reference","100000","77","28891800","75707400","104718400","104713000","5200","0"
"h0-reference-abba-1","1","reference","100000","78","29361400","74262500","103747600","103741800","5600","0"
"h0-reference-abba-1","1","reference","100000","79","29574800","75222600","104942700","104936700","5800","0"
"h0-reference-abba-1","1","reference","100000","80","29295300","75398100","104895000","104822400","72400","0"
"h0-reference-abba-1","1","reference","100000","81","30680900","75689100","121990500","119963500","2026600","2544900"
"h0-reference-abba-1","1","reference","100000","82","30301300","75591900","108609400","108604200","5000","0"
"h0-reference-abba-1","1","reference","100000","83","29783100","75089000","104993700","104988300","5200","0"
"h0-reference-abba-1","1","reference","100000","84","29394700","76825300","107196300","106836500","359600","0"
"h0-reference-abba-1","1","reference","100000","85","30196500","77364300","112587000","112364000","222800","3277700"
"h0-reference-abba-1","1","reference","100000","86","30573100","74007900","104870700","104865000","5600","0"
"h0-reference-abba-1","1","reference","100000","87","29657600","74216700","103998300","103992900","5200","0"
"h0-reference-abba-1","1","reference","100000","88","29035300","75931500","105090700","105084800","5700","0"
"h0-reference-abba-1","1","reference","100000","89","30458700","73453600","104038700","104032700","5800","0"
"h0-reference-abba-1","1","reference","100000","90","28863300","76845500","105836600","105831200","5200","0"
"h0-reference-abba-1","1","reference","100000","91","28591300","74093100","102799700","102793600","6000","0"
"h0-reference-abba-1","1","reference","100000","92","30115500","76411800","106652000","106646900","5000","0"
"h0-reference-abba-1","1","reference","100000","93","29805500","74627000","104806300","104652900","153200","0"
"h0-reference-abba-1","1","reference","100000","94","31993300","76743500","110322200","109721300","600000","0"
"h0-reference-abba-1","1","reference","100000","95","31508100","78993300","111986900","111603000","383500","0"
"h0-reference-abba-1","1","reference","100000","96","30721500","75012300","106107200","106101600","5300","0"
"h0-reference-abba-1","1","reference","100000","97","30467800","74886500","125088300","122490400","2597400","5322900"
"h0-reference-abba-1","1","reference","100000","98","32770300","75771200","110981300","110975200","5900","0"
"h0-reference-abba-1","1","reference","100000","99","29796300","78350600","108276600","108271100","5200","0"
"h0-reference-abba-1","1","reference","100000","100","31604000","76191300","107917800","107912100","5600","0"
"h0-reference-abba-1","1","reference","100000","101","30368700","78946800","109614600","109609400","5000","0"
"h0-reference-abba-1","1","reference","100000","102","36097000","85684200","121906400","121900800","5300","0"
"h0-reference-abba-1","1","reference","100000","103","33041000","88273500","121989300","121793100","195900","0"
"h0-reference-abba-1","1","reference","100000","104","41702300","96627400","145670000","142335100","3334600","0"
"h0-reference-abba-1","1","reference","100000","105","35625700","88469500","127554500","127483900","70300","0"
"h0-reference-abba-1","1","reference","100000","106","36620400","88140600","124972200","124893300","78700","0"
"h0-reference-abba-1","1","reference","100000","107","34650300","87450700","122228000","122222500","5100","0"
"h0-reference-abba-1","1","reference","100000","108","33915800","89667400","123705400","123699900","5400","0"
"h0-reference-abba-1","1","reference","100000","109","35597400","90866300","126585400","126579400","5800","0"
"h0-reference-abba-1","1","reference","100000","110","35905600","87953100","123984500","123978900","5300","0"
"h0-reference-abba-1","1","reference","100000","111","36681200","87817100","124638500","124632700","5600","0"
"h0-reference-abba-1","1","reference","100000","112","36095400","88026600","124249300","124244000","5100","0"
"h0-reference-abba-1","1","reference","100000","113","37039400","90573200","155688000","153521000","2166800","12455600"
"h0-reference-abba-1","1","reference","100000","114","34905500","75828200","113459700","113289100","170200","0"
"h0-reference-abba-1","1","reference","100000","115","35128500","76490200","111741600","111736000","5400","0"
"h0-reference-abba-1","1","reference","100000","116","30408100","75897500","106438400","106432300","5800","0"
"h0-reference-abba-1","1","reference","100000","117","30839800","74532600","105511300","105500600","10500","0"
"h0-reference-abba-1","1","reference","100000","118","31228600","75459100","106815400","106810200","5000","0"
"h0-reference-abba-1","1","reference","100000","119","31581400","74901100","106666600","106595600","70700","0"
"h0-reference-abba-1","1","reference","100000","120","31536800","74475600","106329700","106220000","109400","0"
"h0-reference-abba-1","1","reference","100000","121","31659800","74579200","106696100","106558000","137800","0"
"h0-reference-abba-1","1","reference","100000","122","32933600","77175700","112550600","111579600","970900","0"
"h0-reference-abba-1","1","reference","100000","123","29788700","75556800","106460400","106455300","5000","0"
"h0-reference-abba-1","1","reference","100000","124","30734300","75794000","106654800","106646600","7900","0"
"h0-reference-abba-1","1","reference","100000","125","30944900","74610100","105676200","105670400","5700","0"
"h0-reference-abba-1","1","reference","100000","126","30520900","74258100","105099300","105000000","99000","0"
"h0-reference-abba-1","1","reference","100000","127","29858800","74674800","104782000","104708300","73600","0"
"h0-reference-abba-1","1","reference","100000","128","30434000","74706500","105241800","105236600","5000","0"
"h0-reference-abba-1","1","reference","100000","129","35813300","77211500","165636700","158924000","6712100","9532900"
"h0-reference-abba-1","1","reference","100000","130","31191700","77820100","117511900","117506300","5400","0"
"h0-reference-abba-1","1","reference","100000","131","32175400","86726800","119040400","119031900","8300","0"
"h0-reference-abba-1","1","reference","100000","132","36925100","91146400","128696500","128385500","310300","0"
"h0-reference-abba-1","1","reference","100000","133","31831300","79937500","111997100","111991600","5300","0"
"h0-reference-abba-1","1","reference","100000","134","32216300","77987100","110345900","110340300","5400","0"
"h0-reference-abba-1","1","reference","100000","135","32881300","79012000","112649900","112378100","271500","0"
"h0-reference-abba-1","1","reference","100000","136","32172400","80282500","114083100","113549100","533800","0"
"h0-reference-abba-1","1","reference","100000","137","32171000","81165100","114062500","114056500","5800","0"
"h0-reference-abba-1","1","reference","100000","138","32065400","77538700","109719800","109714500","5000","0"
"h0-reference-abba-1","1","reference","100000","139","31492300","79046700","110869200","110738900","130200","0"
"h0-reference-abba-1","1","reference","100000","140","31358000","78729400","110273300","110267400","5700","0"
"h0-reference-abba-1","1","reference","100000","141","30816600","79333600","110275500","110269600","5700","0"
"h0-reference-abba-1","1","reference","100000","142","31299400","78657100","110081400","110075300","5800","0"
"h0-reference-abba-1","1","reference","100000","143","32304500","78676600","111117500","111111900","5400","0"
"h0-reference-abba-1","1","reference","100000","144","33352000","83338500","119173800","118245300","928200","0"
"h0-reference-abba-1","1","reference","100000","145","31659600","79728500","144542700","140712600","3829800","10242100"
"h0-reference-abba-1","1","reference","100000","146","33166300","80447900","119098400","118544300","553800","0"
"h0-reference-abba-1","1","reference","100000","147","31308900","78804700","110769700","110763300","6200","0"
"h0-reference-abba-1","1","reference","100000","148","31779800","80086700","111986500","111980300","6000","0"
"h0-reference-abba-1","1","reference","100000","149","29911200","79959500","110004700","109998700","5700","0"
"h0-reference-abba-1","1","reference","100000","150","31786100","78501300","110447700","110439100","8300","0"
"h0-reference-abba-1","1","reference","100000","151","31099800","80754100","111977200","111971600","5400","0"
"h0-reference-abba-1","1","reference","100000","152","30462200","77761100","108358100","108352100","5800","0"
"h0-reference-abba-1","1","reference","100000","153","31747200","79727900","111602300","111596800","5200","0"
"h0-reference-abba-1","1","reference","100000","154","32369900","78949200","111516200","111441100","74900","0"
"h0-reference-abba-1","1","reference","100000","155","29949200","78643400","108759400","108744600","14500","0"
"h0-reference-abba-1","1","reference","100000","156","32013900","81874400","114782600","114535800","246500","0"
"h0-reference-abba-1","1","reference","100000","157","31893600","78930800","111130800","111124800","5900","0"
"h0-reference-abba-1","1","reference","100000","158","31000900","79357200","110489000","110482400","6400","0"
"h0-reference-abba-1","1","reference","100000","159","31364800","77881900","109465500","109382100","83000","0"
"h0-reference-abba-1","1","reference","100000","160","30670100","79853300","110646300","110639400","6700","0"
"h0-reference-abba-1","1","reference","100000","161","32506000","79474400","140800400","136821700","3978400","7281100"
"h0-reference-abba-1","1","reference","100000","162","32540900","90813800","127273200","127200600","72400","0"
"h0-reference-abba-1","1","reference","100000","163","34513600","90529900","125401600","125395700","5700","0"
"h0-reference-abba-1","1","reference","100000","164","36188700","88361000","124678400","124672900","5300","0"
"h0-reference-abba-1","1","reference","100000","165","34702100","91292700","126281900","126189000","92600","0"
"h0-reference-abba-1","1","reference","100000","166","33886200","90124700","125048100","124426400","621500","0"
"h0-reference-abba-1","1","reference","100000","167","34079600","87463300","122045200","121947800","97200","0"
"h0-reference-abba-1","1","reference","100000","168","33238000","88235800","121874700","121762300","112300","0"
"h0-reference-abba-1","1","reference","100000","169","36667500","84301400","121180100","121174500","5500","0"
"h0-reference-abba-1","1","reference","100000","170","33947700","89625300","123775600","123699400","75900","0"
"h0-reference-abba-1","1","reference","100000","171","35341700","91376900","126853900","126848400","5300","0"
"h0-reference-abba-1","1","reference","100000","172","34262600","92204600","126664500","126592800","71500","0"
"h0-reference-abba-1","1","reference","100000","173","35385000","88467600","124268300","124262200","6000","0"
"h0-reference-abba-1","1","reference","100000","174","33766500","88719600","122619600","122614200","5400","0"
"h0-reference-abba-1","1","reference","100000","175","34186200","89940100","124250200","124245000","5000","0"
"h0-reference-abba-1","1","reference","100000","176","33315300","92367500","126385000","126379500","5400","0"
"h0-reference-abba-1","1","reference","100000","177","34076400","92747600","162991200","158376900","4614000","11060700"
"h0-reference-abba-1","1","reference","100000","178","33462300","84734600","122556800","122551100","5600","0"
"h0-reference-abba-1","1","reference","100000","179","30115200","75407000","105636000","105630600","5100","0"
"h0-reference-abba-1","1","reference","100000","180","29766300","75501800","105388200","105382800","5200","0"
"h0-reference-abba-1","1","reference","100000","181","29517700","75951200","105850500","105741000","109300","0"
"h0-reference-abba-1","1","reference","100000","182","29374200","75612300","105156800","105151000","5600","0"
"h0-reference-abba-1","1","reference","100000","183","29669700","75229100","105211100","105098400","112200","0"
"h0-reference-abba-1","1","reference","100000","184","30895600","74002600","105114400","105099800","14400","0"
"h0-reference-abba-1","1","reference","100000","185","29719700","74581000","104638300","104523500","114500","0"
"h0-reference-abba-1","1","reference","100000","186","29919200","75503900","105596400","105590500","5700","0"
"h0-reference-abba-1","1","reference","100000","187","30049200","76447200","106616300","106610900","5300","0"
"h0-reference-abba-1","1","reference","100000","188","30296300","75337100","105749700","105744400","5100","0"
"h0-reference-abba-1","1","reference","100000","189","34590100","76033600","111363900","111069600","294200","0"
"h0-reference-abba-1","1","reference","100000","190","30349800","75013300","105695500","105690300","4900","0"
"h0-reference-abba-1","1","reference","100000","191","30466300","74693800","105281100","105275500","5300","0"
"h0-reference-abba-1","1","reference","100000","192","29048200","85872400","115054000","115042400","11300","0"
"h0-reference-abba-1","1","reference","100000","193","37789800","80872400","190580400","181076000","9503800","13925800"
"h0-reference-abba-1","1","reference","100000","194","32535300","77150700","119998900","119992000","6600","0"
"h0-reference-abba-1","1","reference","100000","195","29509100","75474800","105103000","105096800","6100","0"
"h0-reference-abba-1","1","reference","100000","196","31042000","79709800","111067000","110965800","100900","0"
"h0-reference-abba-1","1","reference","100000","197","31332300","78794800","110377600","110364700","12700","0"
"h0-reference-abba-1","1","reference","100000","198","29733000","76117200","106060500","105985500","74800","0"
"h0-reference-abba-1","1","reference","100000","199","29620300","77260300","107242300","107236300","5800","0"
"h0-reference-abba-1","1","reference","100000","200","32490200","78702300","111319100","111312200","6600","0"
"h0-reference-abba-1","1","reference","100000","201","32977600","76761000","109861900","109856900","4900","0"
"h0-reference-abba-1","1","reference","100000","202","31755500","79180600","111249900","111137000","112800","0"
"h0-reference-abba-1","1","reference","100000","203","31793800","79157800","111173300","111166100","7000","0"
"h0-reference-abba-1","1","reference","100000","204","31437700","80067200","111655600","111649700","5700","0"
"h0-reference-abba-1","1","reference","100000","205","32310100","76083600","108551500","108544600","6300","0"
"h0-reference-abba-1","1","reference","100000","206","30423400","76727200","107269200","107263500","5300","0"
"h0-reference-abba-1","1","reference","100000","207","30735000","76094600","106942300","106936700","5300","0"
"h0-reference-abba-1","1","reference","100000","208","30026800","81047700","111246000","111238700","7200","0"
"h0-reference-abba-1","1","reference","100000","209","29327900","75824100","146456600","141193800","5262600","12860400"
"h0-reference-abba-1","1","reference","100000","210","29051300","76380700","111546400","111540500","5700","0"
"h0-reference-abba-1","1","reference","100000","211","30077100","75946700","106212400","106141100","71100","0"
"h0-reference-abba-1","1","reference","100000","212","29300600","75248100","104666400","104660900","5300","0"
"h0-reference-abba-1","1","reference","100000","213","30574500","75335000","106023800","106018000","5600","0"
"h0-reference-abba-1","1","reference","100000","214","30407200","75780900","106306200","106301000","5000","0"
"h0-reference-abba-1","1","reference","100000","215","29831900","77034800","106991400","106983800","7500","0"
"h0-reference-abba-1","1","reference","100000","216","30457400","75467200","106046900","106041000","5600","0"
"h0-reference-abba-1","1","reference","100000","217","29770400","77187200","107079300","107073900","5300","0"
"h0-reference-abba-1","1","reference","100000","218","31702100","80506300","112365400","112354700","10600","0"
"h0-reference-abba-1","1","reference","100000","219","31641800","79107300","111004600","110992300","11900","0"
"h0-reference-abba-1","1","reference","100000","220","32189000","80516700","112836200","112830400","5600","0"
"h0-reference-abba-1","1","reference","100000","221","32893500","79178500","112191100","112185500","5400","0"
"h0-reference-abba-1","1","reference","100000","222","30796600","80984900","111907100","111901300","5700","0"
"h0-reference-abba-1","1","reference","100000","223","34109600","79826200","114056400","114050500","5700","0"
"h0-reference-abba-1","1","reference","100000","224","36522800","89340500","126362300","126130200","231900","0"
"h0-reference-abba-1","1","reference","100000","225","36814600","90223300","175579300","168825800","6753000","12779500"
"h0-reference-abba-1","1","reference","100000","226","35574800","90512400","134428200","133968300","459800","0"
"h0-reference-abba-1","1","reference","100000","227","35695500","93557700","129442400","129437200","5000","0"
"h0-reference-abba-1","1","reference","100000","228","32667600","81385200","114169400","114163400","5700","0"
"h0-reference-abba-1","1","reference","100000","229","36763900","90924700","128041000","127919000","121700","0"
"h0-reference-abba-1","1","reference","100000","230","34795500","91180000","126172400","126166700","5400","0"
"h0-reference-abba-1","1","reference","100000","231","35805100","90776800","127016100","126891100","124800","0"
"h0-reference-abba-1","1","reference","100000","232","37278000","91474900","128880500","128875000","5300","0"
"h0-reference-abba-1","1","reference","100000","233","34679100","91490200","126497400","126385500","111800","0"
"h0-reference-abba-1","1","reference","100000","234","37180000","90467700","127932300","127926800","5400","0"
"h0-reference-abba-1","1","reference","100000","235","36835200","88585400","125555400","125547000","8300","0"
"h0-reference-abba-1","1","reference","100000","236","36545900","90737500","127414500","127408800","5500","0"
"h0-reference-abba-1","1","reference","100000","237","35754700","91274900","127160500","127154600","5600","0"
"h0-reference-abba-1","1","reference","100000","238","37614200","89854600","128091300","127693500","397600","0"
"h0-reference-abba-1","1","reference","100000","239","36185700","89324800","125687600","125682300","5100","0"
"h0-reference-abba-1","1","reference","100000","240","35979000","90051800","126169600","126163400","6000","0"
"h0-reference-abba-1","1","reference","100000","241","35843500","88572200","174378100","166707700","7669800","13471800"
"h0-reference-abba-1","1","reference","100000","242","36513000","92953300","137056800","136966500","90200","0"
"h0-reference-abba-1","1","reference","100000","243","37696500","89772100","127635900","127630600","5300","0"
"h0-reference-abba-1","1","reference","100000","244","37147700","89952400","127225500","127220000","5300","0"
"h0-reference-abba-1","1","reference","100000","245","36193700","88845600","125170100","125162900","7000","0"
"h0-reference-abba-1","1","reference","100000","246","35694500","90304200","126202000","126124600","77200","0"
"h0-reference-abba-1","1","reference","100000","247","38533400","88195500","126857700","126851200","5900","0"
"h0-reference-abba-1","1","reference","100000","248","36993300","90305900","127600300","127501400","98700","0"
"h0-reference-abba-1","1","reference","100000","249","34656700","89910100","124739500","124733900","5400","0"
"h0-reference-abba-1","1","reference","100000","250","36871000","91171900","128357700","128249000","108500","0"
"h0-reference-abba-1","1","reference","100000","251","36681200","90631600","127607000","127535800","71100","0"
"h0-reference-abba-1","1","reference","100000","252","36935700","91812000","128979600","128974100","5400","0"
"h0-reference-abba-1","1","reference","100000","253","37488100","90954800","128571800","128565900","5600","0"
"h0-reference-abba-1","1","reference","100000","254","32761100","77285500","110362900","110251400","111300","0"
"h0-reference-abba-1","1","reference","100000","255","32649400","77459300","110278500","110273100","5300","0"
"h0-reference-abba-1","1","reference","100000","256","31143700","76073600","107319600","107313600","5600","0"
"h0-reference-abba-1","1","reference","100000","257","36204400","79579100","538886800","527901300","10985000","359098600"
"h0-reference-abba-1","1","reference","100000","258","32397500","78762100","123505500","123499900","5400","0"
"h0-reference-abba-1","1","reference","100000","259","31985200","78245100","110352300","110346900","5400","0"
"h0-reference-abba-1","1","reference","100000","260","33341500","77758000","111452200","111327800","124100","0"
"h0-reference-abba-1","1","reference","100000","261","31387200","80108800","111685400","111679200","6000","0"
"h0-reference-abba-1","1","reference","100000","262","32829900","75513900","108465800","108460500","5200","0"
"h0-reference-abba-1","1","reference","100000","263","31319600","77242500","108699200","108690900","8100","0"
"h0-reference-abba-1","1","reference","100000","264","32523600","75780900","108500500","108428500","71900","0"
"h0-reference-abba-1","1","reference","100000","265","32850800","80305700","113330800","113319600","10600","0"
"h0-reference-abba-1","1","reference","100000","266","34256900","80505100","114893100","114887700","5100","0"
"h0-reference-abba-1","1","reference","100000","267","32118000","77045600","109301000","109295200","5600","0"
"h0-reference-abba-1","1","reference","100000","268","31878700","77511700","109530800","109522100","8500","0"
"h0-reference-abba-1","1","reference","100000","269","33237000","79461500","112824300","112818600","5400","0"
"h0-reference-abba-1","1","reference","100000","270","33024800","81047000","114205100","114199900","5000","0"
"h0-reference-abba-1","1","reference","100000","271","33588500","79639200","113466500","113372400","93900","0"
"h0-reference-abba-1","1","reference","100000","272","34084700","82017500","116228000","116222700","5100","0"
"h0-reference-abba-1","1","reference","100000","273","33114800","84222600","177958400","170561800","7396100","22123000"
"h0-reference-abba-1","1","reference","100000","274","33940800","80715500","122994100","122988300","5600","0"
"h0-reference-abba-1","1","reference","100000","275","34070300","81892800","116084200","116078900","5100","0"
"h0-reference-abba-1","1","reference","100000","276","33289700","80066500","113515800","113507200","8500","0"
"h0-reference-abba-1","1","reference","100000","277","31566400","81302300","113072800","112996500","76100","0"
"h0-reference-abba-1","1","reference","100000","278","34007100","77757400","111899200","111892200","6800","0"
"h0-reference-abba-1","1","reference","100000","279","32598900","77174000","109893000","109887600","5300","0"
"h0-reference-abba-1","1","reference","100000","280","32456900","75987200","108580900","108570700","10100","0"
"h0-reference-abba-1","1","reference","100000","281","31727900","75577900","107430500","107425000","5400","0"
"h0-reference-abba-1","1","reference","100000","282","32598100","77317100","114473000","110190000","4282400","0"
"h0-reference-abba-1","1","reference","100000","283","32412900","77263300","109945900","109939900","5700","0"
"h0-reference-abba-1","1","reference","100000","284","32124000","77869200","110319100","110217100","101700","0"
"h0-reference-abba-1","1","reference","100000","285","31258900","78490100","109923600","109918000","5100","0"
"h0-reference-abba-1","1","reference","100000","286","30865800","76874300","107863600","107858700","4900","0"
"h0-reference-abba-1","1","reference","100000","287","30986000","81219400","112333800","112328600","5200","0"
"h0-reference-abba-1","1","reference","100000","288","36633800","92934000","129861500","129753100","108100","0"
"h0-reference-abba-1","1","reference","100000","289","35197200","94458000","213587200","204785900","8800900","38389400"
"h0-reference-abba-1","1","reference","100000","290","39779500","93807700","144241000","144119500","121300","0"
"h0-reference-abba-1","1","reference","100000","291","37696100","91744700","129674900","129669600","5100","0"
"h0-reference-abba-1","1","reference","100000","292","36197900","91775500","128315400","128198600","116600","0"
"h0-reference-abba-1","1","reference","100000","293","37806100","89728100","127726900","127721100","5700","0"
"h0-reference-abba-1","1","reference","100000","294","37015900","90282700","127486800","127481000","5500","0"
"h0-reference-abba-1","1","reference","100000","295","34830800","89556300","124519200","124512400","6600","0"
"h0-reference-abba-1","1","reference","100000","296","36893800","94532200","131586700","131581500","5100","0"
"h0-reference-abba-1","1","reference","100000","297","37075400","91699200","128901400","128895900","5300","0"
"h0-reference-abba-1","1","reference","100000","298","38024200","89243500","127530000","127461000","68800","0"
"h0-reference-abba-1","1","reference","100000","299","37146800","91494600","128790000","128781400","8400","0"
"h0-reference-abba-1","1","reference","100000","300","37204500","88910800","126252100","126246600","5200","0"
"h0-reference-abba-1","1","reference","100000","301","38024900","94983000","133392500","133275000","117100","0"
"h0-reference-abba-1","1","reference","100000","302","35973600","91234000","127581800","127576300","5500","0"
"h0-reference-abba-1","1","reference","100000","303","37771500","90991500","129018000","128933700","83900","0"
"h0-reference-abba-1","1","reference","100000","304","35154800","87872100","123156900","123150800","6000","0"
"h0-reference-abba-1","1","reference","100000","305","31087900","76130700","173061500","164510500","8550700","27677200"
"h0-reference-abba-1","1","reference","100000","306","30664000","76612900","115208100","115037100","170700","0"
"h0-reference-abba-1","1","reference","100000","307","31512000","75578600","107523200","107408500","114400","0"
"h0-reference-abba-1","1","reference","100000","308","32358200","77193600","109738800","109732900","5800","0"
"h0-reference-abba-1","1","reference","100000","309","32125700","77120300","109378600","109372700","5800","0"
"h0-reference-abba-1","1","reference","100000","310","30609700","77426800","108162400","108156500","5600","0"
"h0-reference-abba-1","1","reference","100000","311","33101400","80382500","113629700","113623100","6400","0"
"h0-reference-abba-1","1","reference","100000","312","33201600","81280900","114645500","114639400","6000","0"
"h0-reference-abba-1","1","reference","100000","313","33335700","80600800","114077000","114071200","5700","0"
"h0-reference-abba-1","1","reference","100000","314","34233400","79739800","114281900","114181300","100400","0"
"h0-reference-abba-1","1","reference","100000","315","34081900","80719200","114999400","114993700","5400","0"
"h0-reference-abba-1","1","reference","100000","316","34396200","80585100","115185000","115109900","74900","0"
"h0-reference-abba-1","1","reference","100000","317","33776500","79781100","113680300","113674600","5400","0"
"h0-reference-abba-1","1","reference","100000","318","33869900","82387300","116696400","116543800","152400","0"
"h0-reference-abba-1","1","reference","100000","319","33025900","83304300","116589300","116583900","5300","0"
"h0-reference-abba-1","1","reference","100000","320","32567100","78554400","111228500","111220300","8000","0"
"h0-reference-abba-1","1","reference","100000","321","37069000","75891100","214453600","202148700","12304600","33343000"
"h0-reference-abba-1","1","reference","100000","322","32595600","78477100","124306800","124301300","5300","0"
"h0-reference-abba-1","1","reference","100000","323","31812300","77415100","109371700","109361200","10400","0"
"h0-reference-abba-1","1","reference","100000","324","32519100","76416000","109263100","109147600","115300","0"
"h0-reference-abba-1","1","reference","100000","325","31251100","76627400","108050700","108044900","5500","0"
"h0-reference-abba-1","1","reference","100000","326","33667200","79895700","113706700","113698300","8200","0"
"h0-reference-abba-1","1","reference","100000","327","32871500","79511100","112519200","112513400","5500","0"
"h0-reference-abba-1","1","reference","100000","328","30767500","75683000","106714300","106708900","5200","0"
"h0-reference-abba-1","1","reference","100000","329","31196400","75701400","107107600","107039100","68200","0"
"h0-reference-abba-1","1","reference","100000","330","32658100","80208500","113538400","113263300","274900","0"
"h0-reference-abba-1","1","reference","100000","331","31273500","76069400","107656700","107650800","5700","0"
"h0-reference-abba-1","1","reference","100000","332","32869700","77754000","110749700","110743900","5600","0"
"h0-reference-abba-1","1","reference","100000","333","33001800","77506700","110633300","110627600","5600","0"
"h0-reference-abba-1","1","reference","100000","334","31091500","79220800","110452900","110446900","5600","0"
"h0-reference-abba-1","1","reference","100000","335","31486100","81463700","113207300","113115100","91900","0"
"h0-reference-abba-1","1","reference","100000","336","34334100","79297600","113761300","113755700","5400","0"
"h0-reference-abba-1","1","reference","100000","337","33763500","79318000","187163800","177323400","9840000","26988100"
"h0-reference-abba-1","1","reference","100000","338","36124700","91379700","137940300","137934300","5700","0"
"h0-reference-abba-1","1","reference","100000","339","37289200","91010500","128420400","128414300","5900","0"
"h0-reference-abba-1","1","reference","100000","340","34649700","78341200","113109800","113104300","5300","0"
"h0-reference-abba-1","1","reference","100000","341","30908900","75929900","107381000","107185900","194900","0"
"h0-reference-abba-1","1","reference","100000","342","32229200","79955200","113211500","113054900","156500","0"
"h0-reference-abba-1","1","reference","100000","343","36756800","91055800","128133500","128055500","77800","0"
"h0-reference-abba-1","1","reference","100000","344","38565700","90665800","129380000","129370300","9300","0"
"h0-reference-abba-1","1","reference","100000","345","37733400","91279100","129148600","129143200","5100","0"
"h0-reference-abba-1","1","reference","100000","346","37071700","89569000","126785100","126779400","5500","0"
"h0-reference-abba-1","1","reference","100000","347","37278600","92485900","129893100","129886700","6100","0"
"h0-reference-abba-1","1","reference","100000","348","37025000","90445900","127836000","127693200","142600","0"
"h0-reference-abba-1","1","reference","100000","349","38159400","89973000","128739100","128527100","211800","0"
"h0-reference-abba-1","1","reference","100000","350","35948700","90894600","127040200","127034800","5100","0"
"h0-reference-abba-1","1","reference","100000","351","37059200","89322900","126507100","126501300","5700","0"
"h0-reference-abba-1","1","reference","100000","352","35910400","91648100","127845600","127738000","107400","0"
"h0-reference-abba-1","1","reference","100000","353","35477600","90721400","214550000","202535400","12014100","35248300"
"h0-reference-abba-1","1","reference","100000","354","36579100","92286200","140313400","140307100","6000","0"
"h0-reference-abba-1","1","reference","100000","355","36178500","91851200","128150900","128145400","5200","0"
"h0-reference-abba-1","1","reference","100000","356","36914000","91497500","128832300","128676900","154900","0"
"h0-reference-abba-1","1","reference","100000","357","34282700","77246200","111741800","111736500","5200","0"
"h0-reference-abba-1","1","reference","100000","358","32541100","76284900","109200400","109087300","112800","0"
"h0-reference-abba-1","1","reference","100000","359","31564200","75793800","107709500","107610800","98500","0"
"h0-reference-abba-1","1","reference","100000","360","30994000","75707900","106893700","106888100","5500","0"
"h0-reference-abba-1","1","reference","100000","361","31440300","76283100","107873500","107861900","11100","0"
"h0-reference-abba-1","1","reference","100000","362","40147400","84200800","124570500","124492900","77400","0"
"h0-reference-abba-1","1","reference","100000","363","32283700","77303500","109889600","109790300","98800","0"
"h0-reference-abba-1","1","reference","100000","364","31003700","77484000","108697100","108686900","10200","0"
"h0-reference-abba-1","1","reference","100000","365","30900700","76886200","108028400","108018900","9200","0"
"h0-reference-abba-1","1","reference","100000","366","34204600","76788700","111125500","111119900","5400","0"
"h0-reference-abba-1","1","reference","100000","367","31996600","89328600","121451100","121445600","5300","0"
"h0-reference-abba-1","1","reference","100000","368","35691800","79572500","115787300","115552900","234100","0"
"h0-reference-abba-1","1","reference","100000","369","32891500","80988500","192734300","182532100","10201700","31918600"
"h0-reference-abba-1","1","reference","100000","370","34527100","82378300","127014500","126876600","137600","0"
"h0-reference-abba-1","1","reference","100000","371","33016400","79148900","112382200","112375200","6800","0"
"h0-reference-abba-1","1","reference","100000","372","34688600","81646600","116456300","116450600","5600","0"
"h0-reference-abba-1","1","reference","100000","373","32662500","79276600","112068700","112060300","8300","0"
"h0-reference-abba-1","1","reference","100000","374","32699600","79605300","112429500","112423600","5700","0"
"h0-reference-abba-1","1","reference","100000","375","33433100","79727800","113311100","113303600","7100","0"
"h0-reference-abba-1","1","reference","100000","376","33594900","79482700","113216400","113206300","10000","0"
"h0-reference-abba-1","1","reference","100000","377","33115400","79645400","113207500","113073000","134400","0"
"h0-reference-abba-1","1","reference","100000","378","33359900","81154800","115119200","114953200","165900","0"
"h0-reference-abba-1","1","reference","100000","379","33939600","79593200","114088400","113940600","147500","0"
"h0-reference-abba-1","1","reference","100000","380","32301400","80433900","112941200","112935900","5100","0"
"h0-reference-abba-1","1","reference","100000","381","34180600","80805400","115407600","115231900","175500","0"
"h0-reference-abba-1","1","reference","100000","382","33183700","80261200","113825400","113739700","85500","0"
"h0-reference-abba-1","1","reference","100000","383","32942500","79179300","112268600","112260000","8400","0"
"h0-reference-abba-1","1","reference","100000","384","32827900","80332400","113293900","113283000","10700","0"
"h0-reference-abba-1","1","reference","100000","385","35772000","78760600","228908500","215279000","13629000","39535000"
"h0-reference-abba-1","1","reference","100000","386","31416700","78525800","125043200","124923800","119200","0"
"h0-reference-abba-1","1","reference","100000","387","31102500","78209500","109643800","109547900","95800","0"
"h0-reference-abba-1","1","reference","100000","388","31295200","76395700","107882700","107877200","5400","0"
"h0-reference-abba-1","1","reference","100000","389","31063900","76147500","107462300","107451500","10400","0"
"h0-reference-abba-1","1","reference","100000","390","32741000","80157900","113031200","113025800","5200","0"
"h0-reference-abba-1","1","reference","100000","391","32111900","80410900","112760500","112674400","85900","0"
"h0-reference-abba-1","1","reference","100000","392","33560000","80208900","114086100","114077400","8600","0"
"h0-reference-abba-1","1","reference","100000","393","33635700","79305000","113097000","113086200","10700","0"
"h0-reference-abba-1","1","reference","100000","394","32324900","80789700","113246700","113240700","5800","0"
"h0-reference-abba-1","1","reference","100000","395","32035400","82857600","115080900","115005700","74800","0"
"h0-reference-abba-1","1","reference","100000","396","32946500","79978400","113047600","113041800","5600","0"
"h0-reference-abba-1","1","reference","100000","397","32991100","83976100","117120300","117114700","5200","0"
"h0-reference-abba-1","1","reference","100000","398","36719900","93009600","130280800","130017000","263500","0"
"h0-reference-abba-1","1","reference","100000","399","34143800","91671600","126267700","126157900","109600","0"
"h0-reference-abba-1","1","reference","100000","400","36582600","91211500","128034200","128028200","5700","0"
"h0-reference-abba-1","1","reference","100000","401","35737500","93253500","232823600","220858500","11964700","42478400"
"h0-reference-abba-1","1","reference","100000","402","36751500","91051200","140707400","140701500","5700","0"
"h0-reference-abba-1","1","reference","100000","403","37125900","93067500","130798400","130652300","145900","0"
"h0-reference-abba-1","1","reference","100000","404","38879100","89916900","129015300","129009500","5600","0"
"h0-reference-abba-1","1","reference","100000","405","41378500","91238300","132833100","132820900","11700","0"
"h0-reference-abba-1","1","reference","100000","406","37840800","91031800","130053500","129434700","618500","0"
"h0-reference-abba-1","1","reference","100000","407","35412300","87378900","123437100","123431500","5400","0"
"h0-reference-abba-1","1","reference","100000","408","36729800","89116500","126041900","125967700","74000","0"
"h0-reference-abba-1","1","reference","100000","409","33518200","89234100","123659400","123317800","341400","0"
"h0-reference-abba-1","1","reference","100000","410","36674200","90602300","127471600","127466000","5300","0"
"h0-reference-abba-1","1","reference","100000","411","36613100","89712000","126450000","126444500","5300","0"
"h0-reference-abba-1","1","reference","100000","412","35724700","91360500","127206800","127200900","5800","0"
"h0-reference-abba-1","1","reference","100000","413","37528300","90993800","128962900","128813600","149200","0"
"h0-reference-abba-1","1","reference","100000","414","37067600","94146000","131728100","131585400","142600","0"
"h0-reference-abba-1","1","reference","100000","415","32660400","75527700","108420600","108412500","8000","0"
"h0-reference-abba-1","1","reference","100000","416","32031500","75792500","108095200","107995900","98800","0"
"h0-reference-abba-1","1","reference","100000","417","36798400","91494300","228946600","216246900","12699200","45492000"
"h0-reference-abba-1","1","reference","100000","418","36178400","91053000","139632000","139626400","5400","0"
"h0-reference-abba-1","1","reference","100000","419","35923200","91807900","127855900","127850600","5200","0"
"h0-reference-abba-1","1","reference","100000","420","37482400","92047400","131063300","130361100","702000","0"
"h0-reference-abba-1","1","reference","100000","421","36152200","91385200","128251100","128181300","69600","0"
"h0-reference-abba-1","1","reference","100000","422","35557400","91202400","126907400","126901400","5800","0"
"h0-reference-abba-1","1","reference","100000","423","35351300","90669900","126485900","126478700","7000","0"
"h0-reference-abba-1","1","reference","100000","424","35545100","90857000","126621800","126616000","5500","0"
"h0-reference-abba-1","1","reference","100000","425","33712400","80342900","115161100","114744200","416200","0"
"h0-reference-abba-1","1","reference","100000","426","33840600","81083900","115478500","115359500","118800","0"
"h0-reference-abba-1","1","reference","100000","427","32455800","78293400","111071800","111061600","10100","0"
"h0-reference-abba-1","1","reference","100000","428","37347100","81198900","118659700","118654300","5200","0"
"h0-reference-abba-1","1","reference","100000","429","31211000","74817100","106359900","106249500","110200","0"
"h0-reference-abba-1","1","reference","100000","430","31204000","79671200","111235700","111122100","113400","0"
"h0-reference-abba-1","1","reference","100000","431","31459700","78188000","109894000","109886700","7100","0"
"h0-reference-abba-1","1","reference","100000","432","31736800","79002200","110891300","110880500","10600","0"
"h0-reference-abba-1","1","reference","100000","433","32214300","79975900","223105900","212627200","10478300","57658600"
"h0-reference-abba-1","1","reference","100000","434","32305700","79165100","123272200","122974800","297300","0"
"h0-reference-abba-1","1","reference","100000","435","31737500","78137600","110088200","110082500","5400","0"
"h0-reference-abba-1","1","reference","100000","436","31875000","79035500","111039600","111031400","7900","0"
"h0-reference-abba-1","1","reference","100000","437","33336100","77837100","111479000","111332700","146000","0"
"h0-reference-abba-1","1","reference","100000","438","31896300","79713100","111766200","111760100","5900","0"
"h0-reference-abba-1","1","reference","100000","439","33121600","78650800","113467200","113299200","167900","0"
"h0-reference-abba-1","1","reference","100000","440","31833700","78403900","110490200","110482000","8000","0"
"h0-reference-abba-1","1","reference","100000","441","32223900","78568800","111163400","111031100","132200","0"
"h0-reference-abba-1","1","reference","100000","442","33036600","78684200","111898300","111893000","5300","0"
"h0-reference-abba-1","1","reference","100000","443","31740700","78475300","110334000","110328500","5200","0"
"h0-reference-abba-1","1","reference","100000","444","31643500","79496200","111256400","111250800","5500","0"
"h0-reference-abba-1","1","reference","100000","445","32758400","78022300","112074200","111570800","503200","0"
"h0-reference-abba-1","1","reference","100000","446","31796300","80449000","113339800","113116700","222900","0"
"h0-reference-abba-1","1","reference","100000","447","31698700","78462000","110574600","110503400","70700","0"
"h0-reference-abba-1","1","reference","100000","448","32070200","79075700","111568800","111390200","178300","0"
"h0-reference-abba-1","1","reference","100000","449","36896200","80308200","251783800","236074600","15708500","49513900"
"h0-reference-abba-1","1","reference","100000","450","33136600","81481200","132432700","132299300","133100","0"
"h0-reference-abba-1","1","reference","100000","451","31470200","79348800","111012500","111007300","5100","0"
"h0-reference-abba-1","1","reference","100000","452","30700200","79796700","110781300","110674200","106600","0"
"h0-reference-abba-1","1","reference","100000","453","29998700","74341100","104499100","104494200","4700","0"
"h0-reference-abba-1","1","reference","100000","454","30781400","74122900","105037100","105031000","5700","0"
"h0-reference-abba-1","1","reference","100000","455","30783400","74368000","105273200","105267500","5500","0"
"h0-reference-abba-1","1","reference","100000","456","31501000","75658200","107464100","107357000","107000","0"
"h0-reference-abba-1","1","reference","100000","457","30587300","74425500","105200200","105194700","5400","0"
"h0-reference-abba-1","1","reference","100000","458","31072700","76410000","107772300","107679600","92400","0"
"h0-reference-abba-1","1","reference","100000","459","33510600","83870100","117535100","117529900","5000","0"
"h0-reference-abba-1","1","reference","100000","460","34068200","88975800","123223400","123162400","60700","0"
"h0-reference-abba-1","1","reference","100000","461","31074000","75967400","107248300","107175100","73000","0"
"h0-reference-abba-1","1","reference","100000","462","30135900","74697800","104969300","104963500","5300","0"
"h0-reference-abba-1","1","reference","100000","463","33375200","88986200","122517400","122502200","15000","0"
"h0-reference-abba-1","1","reference","100000","464","36839200","90314900","127759400","127526300","232900","0"
"h0-reference-abba-1","1","reference","100000","465","32626500","81678900","257943700","244339800","13603200","73499500"
"h0-reference-abba-1","1","reference","100000","466","36631700","77344000","129731800","129533100","198500","0"
"h0-reference-abba-1","1","reference","100000","467","31000300","89296900","120610600","120595600","14700","0"
"h0-reference-abba-1","1","reference","100000","468","31590600","76940700","109057500","108845900","211500","0"
"h0-reference-abba-1","1","reference","100000","469","30879600","74491600","105582800","105577600","5000","0"
"h0-reference-abba-1","1","reference","100000","470","35279500","88570900","123989100","123983800","5100","0"
"h0-reference-abba-1","1","reference","100000","471","34177300","79916500","114633800","114442500","191000","0"
"h0-reference-abba-1","1","reference","100000","472","34612400","89770400","124800800","124787400","13100","0"
"h0-reference-abba-1","1","reference","100000","473","36737700","88472200","125420300","125344800","75300","0"
"h0-reference-abba-1","1","reference","100000","474","34526400","89148900","123810500","123805200","5100","0"
"h0-reference-abba-1","1","reference","100000","475","30894200","74890200","105902300","105895000","6800","0"
"h0-reference-abba-1","1","reference","100000","476","31089400","82401000","113669600","113654500","14900","0"
"h0-reference-abba-1","1","reference","100000","477","33559900","75773000","109478500","109473300","4900","0"
"h0-reference-abba-1","1","reference","100000","478","35680900","88748400","124978500","124674900","303400","0"
"h0-reference-abba-1","1","reference","100000","479","34875700","88129700","123196500","123191100","5100","0"
"h0-reference-abba-1","1","reference","100000","480","35495100","102695500","142767400","140802200","1964900","0"
"h0-reference-abba-1","1","reference","100000","481","34650500","75943600","232613600","221420500","11192800","54131200"
"h0-reference-abba-1","1","reference","100000","482","30415300","75269600","118177300","118171900","5200","0"
"h0-reference-abba-1","1","reference","100000","483","30906400","76343200","107363100","107357600","5300","0"
"h0-reference-abba-1","1","reference","100000","484","31157500","74357400","105622100","105617000","4900","0"
"h0-reference-abba-1","1","reference","100000","485","29961200","73687000","103766700","103761000","5400","0"
"h0-reference-abba-1","1","reference","100000","486","31630700","74748100","106955500","106744700","210500","0"
"h0-reference-abba-1","1","reference","100000","487","30572100","74215600","105223300","105124800","98300","0"
"h0-reference-abba-1","1","reference","100000","488","31238400","74977400","106815900","106624600","191100","0"
"h0-reference-abba-1","1","reference","100000","489","30905100","75079700","106731000","106498200","232600","0"
"h0-reference-abba-1","1","reference","100000","490","31072600","74351200","105685300","105679300","5800","0"
"h0-reference-abba-1","1","reference","100000","491","31000600","73673500","105089300","104942300","146800","0"
"h0-reference-abba-1","1","reference","100000","492","30002900","74586400","105001900","104887700","114000","0"
"h0-reference-abba-1","1","reference","100000","493","31667400","73611800","105456600","105448200","8000","0"
"h0-reference-abba-1","1","reference","100000","494","30180900","74654000","104981100","104966400","14200","0"
"h0-reference-abba-1","1","reference","100000","495","31138800","77083500","108370200","108359400","10600","0"
"h0-reference-abba-1","1","reference","100000","496","31413200","77703000","109445000","109336100","108700","0"
"h0-reference-abba-1","1","reference","100000","497","32209800","83214700","239343800","226260800","13082400","58642100"
"h0-reference-abba-1","1","reference","100000","498","31221400","79163900","124607400","124096700","510500","0"
"h0-reference-abba-1","1","reference","100000","499","31574400","73097200","105225700","105156500","69100","0"
"h0-reference-abba-1","1","reference","100000","500","29973800","77260200","107637500","107507900","129300","0"
"h0-reference-abba-1","1","reference","100000","501","29498600","73885300","103570900","103562700","8100","0"
"h0-reference-abba-1","1","reference","100000","502","30217800","74022900","104359500","104354100","5100","0"
"h0-reference-abba-1","1","reference","100000","503","31267600","74531100","106851800","106446800","404900","0"
"h0-reference-abba-1","1","reference","100000","504","30643500","74005900","105458200","105291200","166700","0"
"h0-reference-abba-1","1","reference","100000","505","31785200","78743700","113635000","112430400","1204400","0"
"h0-reference-abba-1","1","reference","100000","506","29651000","75450700","106411900","106405200","6300","0"
"h0-reference-abba-1","1","reference","100000","507","29638800","74584700","104517600","104413600","104000","0"
"h0-reference-abba-1","1","reference","100000","508","29729500","73993900","103870500","103865100","5100","0"
"h0-reference-abba-1","1","reference","100000","509","29506500","73826800","103486200","103475100","11000","0"
"h0-reference-abba-1","1","reference","100000","510","31568900","78008800","109913400","109799000","114200","0"
"h0-reference-abba-1","1","reference","100000","511","30895900","77563800","109020400","108841900","178100","0"
"h0-reference-abba-1","1","reference","100000","512","34289300","80941100","115717600","115562100","155300","0"
"h1-fused-abba-2","2","fused","100000","65","35694000","68530400","137229200","133064200","4164500","2732100"
"h1-fused-abba-2","2","fused","100000","66","32606100","71524500","108780100","108774400","5100","0"
"h1-fused-abba-2","2","fused","100000","67","32902200","69537200","102682600","102617100","65200","0"
"h1-fused-abba-2","2","fused","100000","68","33091100","69611600","102825700","102820500","5000","0"
"h1-fused-abba-2","2","fused","100000","69","32939700","66459000","99517900","99512800","4900","0"
"h1-fused-abba-2","2","fused","100000","70","30520600","71152900","101804600","101799200","5000","0"
"h1-fused-abba-2","2","fused","100000","71","32425300","69703700","102255900","102250600","5100","0"
"h1-fused-abba-2","2","fused","100000","72","31544200","69697000","101365200","101360300","4700","0"
"h1-fused-abba-2","2","fused","100000","73","30334000","61500400","91953600","91948300","5000","0"
"h1-fused-abba-2","2","fused","100000","74","29201100","59210000","88544600","88539300","5100","0"
"h1-fused-abba-2","2","fused","100000","75","32213700","70093600","102648200","102643100","4900","0"
"h1-fused-abba-2","2","fused","100000","76","32893600","71455600","104483300","104478000","5000","0"
"h1-fused-abba-2","2","fused","100000","77","34593500","70950900","105937900","105932500","5100","0"
"h1-fused-abba-2","2","fused","100000","78","32356900","70192200","102680700","102675500","5100","0"
"h1-fused-abba-2","2","fused","100000","79","31452000","67802100","99395600","99390300","5100","0"
"h1-fused-abba-2","2","fused","100000","80","29074600","61963000","91225000","91158300","66500","0"
"h1-fused-abba-2","2","fused","100000","81","29476600","61452600","106704800","104728200","1976300","2519500"
"h1-fused-abba-2","2","fused","100000","82","30609100","58645000","91396500","91391400","4900","0"
"h1-fused-abba-2","2","fused","100000","83","29962300","60568200","90649600","90644500","4900","0"
"h1-fused-abba-2","2","fused","100000","84","29704200","63349300","94076900","93706200","370500","0"
"h1-fused-abba-2","2","fused","100000","85","29196900","61747800","95909800","95710400","199200","3305300"
"h1-fused-abba-2","2","fused","100000","86","29043900","61375600","90713200","90707800","5300","0"
"h1-fused-abba-2","2","fused","100000","87","29702200","64297100","94123600","94117900","5400","0"
"h1-fused-abba-2","2","fused","100000","88","29048200","63319000","92483900","92478800","5000","0"
"h1-fused-abba-2","2","fused","100000","89","29708500","63613300","93445300","93440100","5000","0"
"h1-fused-abba-2","2","fused","100000","90","29233200","61466500","90835200","90829600","5400","0"
"h1-fused-abba-2","2","fused","100000","91","29779200","62106700","92000600","91995400","5100","0"
"h1-fused-abba-2","2","fused","100000","92","29634100","62208700","91969000","91963900","4900","0"
"h1-fused-abba-2","2","fused","100000","93","28871500","60624700","89886600","89727500","158800","0"
"h1-fused-abba-2","2","fused","100000","94","30457000","64451700","96291800","95773100","518400","0"
"h1-fused-abba-2","2","fused","100000","95","31082900","62375200","94864200","94448800","415100","0"
"h1-fused-abba-2","2","fused","100000","96","29345500","61644500","91357500","91351600","5600","0"
"h1-fused-abba-2","2","fused","100000","97","30971700","61427000","110412800","108152700","2259700","5064500"
"h1-fused-abba-2","2","fused","100000","98","31200800","65036300","98831200","98825000","6000","0"
"h1-fused-abba-2","2","fused","100000","99","31451900","63954700","95528800","95523700","4900","0"
"h1-fused-abba-2","2","fused","100000","100","30619700","63215800","93962100","93956700","5200","0"
"h1-fused-abba-2","2","fused","100000","101","30014600","61250400","91383800","91378200","5400","0"
"h1-fused-abba-2","2","fused","100000","102","30064000","60038500","90227600","90222100","5100","0"
"h1-fused-abba-2","2","fused","100000","103","31084500","61855900","93509000","93326100","182700","0"
"h1-fused-abba-2","2","fused","100000","104","36083400","75047600","117673400","114969100","2703800","0"
"h1-fused-abba-2","2","fused","100000","105","31879200","67306700","102532400","102464200","67900","0"
"h1-fused-abba-2","2","fused","100000","106","31570000","67563400","99328600","99264300","64100","0"
"h1-fused-abba-2","2","fused","100000","107","32386700","66705200","99221000","99215100","5700","0"
"h1-fused-abba-2","2","fused","100000","108","31727300","66835400","98694200","98688300","5800","0"
"h1-fused-abba-2","2","fused","100000","109","32139800","65296200","97558700","97553500","4900","0"
"h1-fused-abba-2","2","fused","100000","110","36144800","71039600","107324600","107319400","5000","0"
"h1-fused-abba-2","2","fused","100000","111","32081100","65418600","97638600","97633200","5000","0"
"h1-fused-abba-2","2","fused","100000","112","30988700","65101600","96211300","96206200","5000","0"
"h1-fused-abba-2","2","fused","100000","113","32340600","62521200","118398000","116205100","2192600","9675800"
"h1-fused-abba-2","2","fused","100000","114","32235400","65230800","99839600","99680000","159200","0"
"h1-fused-abba-2","2","fused","100000","115","31834800","65478700","97430300","97424900","5200","0"
"h1-fused-abba-2","2","fused","100000","116","34971100","74362200","109458200","109453100","5000","0"
"h1-fused-abba-2","2","fused","100000","117","35858400","73134300","109145300","109134700","10100","0"
"h1-fused-abba-2","2","fused","100000","118","36164700","73114100","109468400","109463400","4700","0"
"h1-fused-abba-2","2","fused","100000","119","35217600","74382700","110056100","109990100","65800","0"
"h1-fused-abba-2","2","fused","100000","120","31979900","64341700","96632600","96530600","101800","0"
"h1-fused-abba-2","2","fused","100000","121","32995100","68768100","102310400","102171900","138300","0"
"h1-fused-abba-2","2","fused","100000","122","38366700","79026900","119916800","119085300","831400","0"
"h1-fused-abba-2","2","fused","100000","123","34143100","63651800","98906700","98901500","5100","0"
"h1-fused-abba-2","2","fused","100000","124","30886800","62437700","93456500","93449100","7200","0"
"h1-fused-abba-2","2","fused","100000","125","34937200","68312100","103383700","103378100","5300","0"
"h1-fused-abba-2","2","fused","100000","126","32744300","64520800","97557400","97464700","92400","0"
"h1-fused-abba-2","2","fused","100000","127","30698100","64464000","95410400","95333300","77000","0"
"h1-fused-abba-2","2","fused","100000","128","35222100","64689000","100041200","100035800","5400","0"
"h1-fused-abba-2","2","fused","100000","129","36590600","74945900","166139900","157690600","8448800","9298800"
"h1-fused-abba-2","2","fused","100000","130","35679100","77841100","122893100","122887700","5400","0"
"h1-fused-abba-2","2","fused","100000","131","36642300","75059800","111835300","111827100","8000","0"
"h1-fused-abba-2","2","fused","100000","132","34544200","75612600","110742300","110508400","233700","0"
"h1-fused-abba-2","2","fused","100000","133","36142200","75030000","111542500","111536900","5100","0"
"h1-fused-abba-2","2","fused","100000","134","36805700","75034300","111976600","111971400","5000","0"
"h1-fused-abba-2","2","fused","100000","135","36459300","76975800","114242200","114030000","212000","0"
"h1-fused-abba-2","2","fused","100000","136","35776600","66567600","103781000","103303400","477300","0"
"h1-fused-abba-2","2","fused","100000","137","31558000","65078700","97222400","97216900","5200","0"
"h1-fused-abba-2","2","fused","100000","138","31465900","64091600","95687700","95682600","5000","0"
"h1-fused-abba-2","2","fused","100000","139","34709900","68530100","103539800","103435200","104400","0"
"h1-fused-abba-2","2","fused","100000","140","31657200","64179300","96185100","96176000","8700","0"
"h1-fused-abba-2","2","fused","100000","141","32810500","74327100","107258200","107252800","5200","0"
"h1-fused-abba-2","2","fused","100000","142","34643400","65292700","100059500","100054200","5100","0"
"h1-fused-abba-2","2","fused","100000","143","31631500","64431100","96186200","96180700","5400","0"
"h1-fused-abba-2","2","fused","100000","144","33208200","79485500","115685200","114353900","1330900","0"
"h1-fused-abba-2","2","fused","100000","145","37437900","74413800","149081200","144431700","4649000","11408500"
"h1-fused-abba-2","2","fused","100000","146","35822100","78840100","120346700","119850700","495900","0"
"h1-fused-abba-2","2","fused","100000","147","29680000","64675700","94953800","94948300","5400","0"
"h1-fused-abba-2","2","fused","100000","148","30525900","67882600","98530400","98525000","5100","0"
"h1-fused-abba-2","2","fused","100000","149","34031600","75923000","110100100","110094800","5100","0"
"h1-fused-abba-2","2","fused","100000","150","33248100","63738400","97131300","97122900","8100","0"
"h1-fused-abba-2","2","fused","100000","151","31413500","63126100","94670200","94664800","5300","0"
"h1-fused-abba-2","2","fused","100000","152","29979000","64025400","94140300","94134900","5100","0"
"h1-fused-abba-2","2","fused","100000","153","30337000","64480500","94967200","94961600","5300","0"
"h1-fused-abba-2","2","fused","100000","154","29181200","65185400","94558500","94494200","64200","0"
"h1-fused-abba-2","2","fused","100000","155","31664300","65320900","97190400","97179900","10200","0"
"h1-fused-abba-2","2","fused","100000","156","32565900","67767200","101073900","100841000","232800","0"
"h1-fused-abba-2","2","fused","100000","157","30396400","65342300","96112000","96106100","5700","0"
"h1-fused-abba-2","2","fused","100000","158","31135300","64903000","96170300","96164800","5200","0"
"h1-fused-abba-2","2","fused","100000","159","29792200","64619800","94610300","94547000","63100","0"
"h1-fused-abba-2","2","fused","100000","160","30168100","67118300","97390800","97385600","5100","0"
"h1-fused-abba-2","2","fused","100000","161","30365600","66277600","124393300","120607000","3786000","7232900"
"h1-fused-abba-2","2","fused","100000","162","31336600","63938200","99534500","99461200","73000","0"
"h1-fused-abba-2","2","fused","100000","163","29655800","64917400","94702000","94696600","5100","0"
"h1-fused-abba-2","2","fused","100000","164","31030200","66775900","97942600","97937200","4900","0"
"h1-fused-abba-2","2","fused","100000","165","30918700","68663100","100021800","99922000","99300","0"
"h1-fused-abba-2","2","fused","100000","166","31744900","65106100","97594000","97280900","312900","0"
"h1-fused-abba-2","2","fused","100000","167","31826500","65239300","97568100","97473100","94700","0"
"h1-fused-abba-2","2","fused","100000","168","30566000","64653400","95620000","95508600","111000","0"
"h1-fused-abba-2","2","fused","100000","169","30721400","65177600","96095200","96089700","5300","0"
"h1-fused-abba-2","2","fused","100000","170","32335200","64092000","96646000","96574900","70600","0"
"h1-fused-abba-2","2","fused","100000","171","30057500","66101800","96309400","96303900","5100","0"
"h1-fused-abba-2","2","fused","100000","172","32145400","64283200","96639100","96578700","60200","0"
"h1-fused-abba-2","2","fused","100000","173","31076700","68291100","99496400","99490400","5700","0"
"h1-fused-abba-2","2","fused","100000","174","34160700","68479100","102764400","102759100","5100","0"
"h1-fused-abba-2","2","fused","100000","175","28974000","63574600","92678900","92673300","5100","0"
"h1-fused-abba-2","2","fused","100000","176","30618800","66047900","96790400","96785100","5000","0"
"h1-fused-abba-2","2","fused","100000","177","30239300","64566700","122220600","118894300","3326000","8727000"
"h1-fused-abba-2","2","fused","100000","178","30551200","67641800","101859100","101853900","5000","0"
"h1-fused-abba-2","2","fused","100000","179","30874600","66344500","97340200","97334900","5100","0"
"h1-fused-abba-2","2","fused","100000","180","31083000","64034300","95258800","95253400","5100","0"
"h1-fused-abba-2","2","fused","100000","181","31183800","64285700","95776600","95667100","109400","0"
"h1-fused-abba-2","2","fused","100000","182","30976200","66446600","97600700","97595500","5000","0"
"h1-fused-abba-2","2","fused","100000","183","30680300","64878100","95888000","95774700","113000","0"
"h1-fused-abba-2","2","fused","100000","184","31050700","64702200","95997200","95982800","14100","0"
"h1-fused-abba-2","2","fused","100000","185","30076600","66034600","96616200","96386000","230100","0"
"h1-fused-abba-2","2","fused","100000","186","34413000","76066000","110669300","110664200","5000","0"
"h1-fused-abba-2","2","fused","100000","187","34425000","74645500","109197800","109192100","5500","0"
"h1-fused-abba-2","2","fused","100000","188","33518200","75989100","109661300","109656100","4900","0"
"h1-fused-abba-2","2","fused","100000","189","35029700","76862100","112637200","112352200","284900","0"
"h1-fused-abba-2","2","fused","100000","190","34397800","75019200","109784500","109779100","5200","0"
"h1-fused-abba-2","2","fused","100000","191","33622200","74743500","108492000","108486400","5100","0"
"h1-fused-abba-2","2","fused","100000","192","34623200","70662000","105428100","105417400","10400","0"
"h1-fused-abba-2","2","fused","100000","193","36860100","73988100","176315100","165868800","10445700","12057200"
"h1-fused-abba-2","2","fused","100000","194","34462200","72870200","118810700","118805500","5000","0"
"h1-fused-abba-2","2","fused","100000","195","33903300","75058400","109098800","109093300","5100","0"
"h1-fused-abba-2","2","fused","100000","196","32225200","75798000","108322200","108225500","96400","0"
"h1-fused-abba-2","2","fused","100000","197","34764900","75814900","111007000","110995300","11400","0"
"h1-fused-abba-2","2","fused","100000","198","33900000","76389100","110548400","110478400","69900","0"
"h1-fused-abba-2","2","fused","100000","199","34277100","76746100","111545000","111539500","5100","0"
"h1-fused-abba-2","2","fused","100000","200","36668500","75647200","112461400","112454800","6400","0"
"h1-fused-abba-2","2","fused","100000","201","35177300","74925800","110261200","110256200","4800","0"
"h1-fused-abba-2","2","fused","100000","202","34887800","75921100","111334100","111015300","318500","0"
"h1-fused-abba-2","2","fused","100000","203","34820200","75271100","110423100","110417600","5300","0"
"h1-fused-abba-2","2","fused","100000","204","34811200","73944700","108875500","108870200","5100","0"
"h1-fused-abba-2","2","fused","100000","205","33644000","75590800","109361700","109356500","5000","0"
"h1-fused-abba-2","2","fused","100000","206","33489000","74370800","107995000","107989700","5100","0"
"h1-fused-abba-2","2","fused","100000","207","33629600","77397900","111149200","111143400","5500","0"
"h1-fused-abba-2","2","fused","100000","208","35594600","74084600","109821300","109815700","5300","0"
"h1-fused-abba-2","2","fused","100000","209","34626300","76054100","157954400","152479900","5474200","14561500"
"h1-fused-abba-2","2","fused","100000","210","34276500","75813400","117501900","117496600","5100","0"
"h1-fused-abba-2","2","fused","100000","211","34116500","72493300","106796500","106730800","65500","0"
"h1-fused-abba-2","2","fused","100000","212","31098800","63974600","95338800","95333500","5200","0"
"h1-fused-abba-2","2","fused","100000","213","34085700","74843900","109055100","109050000","4900","0"
"h1-fused-abba-2","2","fused","100000","214","33643500","75286400","109051600","109046000","5400","0"
"h1-fused-abba-2","2","fused","100000","215","34613000","75811200","110570200","110563000","7000","0"
"h1-fused-abba-2","2","fused","100000","216","35712800","76115900","111948600","111943300","5000","0"
"h1-fused-abba-2","2","fused","100000","217","35407600","75479500","111009300","111003600","5500","0"
"h1-fused-abba-2","2","fused","100000","218","34439700","70908500","105504500","105494000","10200","0"
"h1-fused-abba-2","2","fused","100000","219","31798700","66804700","98781800","98773700","8000","0"
"h1-fused-abba-2","2","fused","100000","220","32212900","66858100","99214200","99208400","5500","0"
"h1-fused-abba-2","2","fused","100000","221","31200400","66594200","97910200","97904800","5300","0"
"h1-fused-abba-2","2","fused","100000","222","31766100","68192500","100104000","100098500","5300","0"
"h1-fused-abba-2","2","fused","100000","223","31826000","67442600","99389900","99384700","5000","0"
"h1-fused-abba-2","2","fused","100000","224","31777200","67210900","99535200","99312700","222300","0"
"h1-fused-abba-2","2","fused","100000","225","32195800","68257700","141333700","136221400","5112100","11392000"
"h1-fused-abba-2","2","fused","100000","226","31699000","69735300","108762100","108584400","177300","0"
"h1-fused-abba-2","2","fused","100000","227","32007300","67983600","100187500","100181100","6200","0"
"h1-fused-abba-2","2","fused","100000","228","31348600","67832900","99307900","99302400","5400","0"
"h1-fused-abba-2","2","fused","100000","229","32289300","67505800","100094500","99997700","96500","0"
"h1-fused-abba-2","2","fused","100000","230","31777000","65362600","97321800","97316300","5400","0"
"h1-fused-abba-2","2","fused","100000","231","31679000","66715200","98654400","98569300","85000","0"
"h1-fused-abba-2","2","fused","100000","232","31863500","68444400","100441500","100435800","5600","0"
"h1-fused-abba-2","2","fused","100000","233","31943100","67571500","99845500","99734800","110500","0"
"h1-fused-abba-2","2","fused","100000","234","31859900","67464900","99536400","99531300","4900","0"
"h1-fused-abba-2","2","fused","100000","235","32060100","67343800","99544700","99536900","7600","0"
"h1-fused-abba-2","2","fused","100000","236","32505600","68107200","100750300","100745000","5000","0"
"h1-fused-abba-2","2","fused","100000","237","33867900","70195200","104197400","104192000","5200","0"
"h1-fused-abba-2","2","fused","100000","238","32459800","69202300","102000000","101878800","120900","0"
"h1-fused-abba-2","2","fused","100000","239","32506200","67722500","100428500","100423200","5100","0"
"h1-fused-abba-2","2","fused","100000","240","32919000","68119100","101160700","101155200","5100","0"
"h1-fused-abba-2","2","fused","100000","241","32603600","68088000","141870600","136469200","5401200","11276300"
"h1-fused-abba-2","2","fused","100000","242","32476900","68535000","108155800","108033300","122200","0"
"h1-fused-abba-2","2","fused","100000","243","32521000","68438800","101143700","101138300","5100","0"
"h1-fused-abba-2","2","fused","100000","244","34365100","68330700","102820800","102815600","5000","0"
"h1-fused-abba-2","2","fused","100000","245","33466900","67814700","101407400","101400600","6600","0"
"h1-fused-abba-2","2","fused","100000","246","33703300","68740700","102674200","102605000","69200","0"
"h1-fused-abba-2","2","fused","100000","247","31318300","68055700","99519300","99514100","5200","0"
"h1-fused-abba-2","2","fused","100000","248","32027600","67894600","100260000","100163600","96200","0"
"h1-fused-abba-2","2","fused","100000","249","32847700","65961100","99108000","99101700","6100","0"
"h1-fused-abba-2","2","fused","100000","250","31944400","69075200","101334900","101229500","105200","0"
"h1-fused-abba-2","2","fused","100000","251","31668300","64674700","96618700","96551300","67200","0"
"h1-fused-abba-2","2","fused","100000","252","32817300","63626800","96599700","96593900","5500","0"
"h1-fused-abba-2","2","fused","100000","253","33351700","66040400","99522800","99517200","5400","0"
"h1-fused-abba-2","2","fused","100000","254","31415000","65507500","97229600","97133400","96000","0"
"h1-fused-abba-2","2","fused","100000","255","31888700","65272200","97342100","97336900","5000","0"
"h1-fused-abba-2","2","fused","100000","256","31157300","65275900","96534800","96529100","5500","0"
"h1-fused-abba-2","2","fused","100000","257","41605800","79469200","545172200","532527800","12644000","357489100"
"h1-fused-abba-2","2","fused","100000","258","37891200","82732900","134418000","134412900","4900","0"
"h1-fused-abba-2","2","fused","100000","259","35960700","68736300","104850900","104845500","5100","0"
"h1-fused-abba-2","2","fused","100000","260","32545100","67577100","100518300","100395000","123000","0"
"h1-fused-abba-2","2","fused","100000","261","35546200","75013800","110761000","110755700","5000","0"
"h1-fused-abba-2","2","fused","100000","262","32274700","67301200","99701600","99696400","5200","0"
"h1-fused-abba-2","2","fused","100000","263","40597100","84386400","125128600","125120100","8200","0"
"h1-fused-abba-2","2","fused","100000","264","37814000","83488300","121803100","121738300","64600","0"
"h1-fused-abba-2","2","fused","100000","265","34387600","67393300","101939300","101933700","5300","0"
"h1-fused-abba-2","2","fused","100000","266","32607500","65400000","98146800","98141000","5500","0"
"h1-fused-abba-2","2","fused","100000","267","33310800","65328000","98781700","98776200","5100","0"
"h1-fused-abba-2","2","fused","100000","268","34871900","78205300","113416400","113407700","8400","0"
"h1-fused-abba-2","2","fused","100000","269","40539100","80246000","120926600","120921100","5300","0"
"h1-fused-abba-2","2","fused","100000","270","37333400","79168300","116636900","116631100","5200","0"
"h1-fused-abba-2","2","fused","100000","271","32544300","65347900","98083400","98013400","70000","0"
"h1-fused-abba-2","2","fused","100000","272","33319100","79216500","112671000","112665700","5000","0"
"h1-fused-abba-2","2","fused","100000","273","37338900","65772600","169782000","162742900","7038400","25185600"
"h1-fused-abba-2","2","fused","100000","274","31415200","67587800","106583500","106578400","4900","0"
"h1-fused-abba-2","2","fused","100000","275","35547700","79645000","115332000","115326000","5800","0"
"h1-fused-abba-2","2","fused","100000","276","33417400","71635300","105210100","105202000","7900","0"
"h1-fused-abba-2","2","fused","100000","277","33746400","69499300","103439500","103380300","59000","0"
"h1-fused-abba-2","2","fused","100000","278","32866800","69365600","102358400","102353200","4900","0"
"h1-fused-abba-2","2","fused","100000","279","31721100","68489700","100356200","100350800","5200","0"
"h1-fused-abba-2","2","fused","100000","280","32638700","72297500","105175900","105164300","11300","0"
"h1-fused-abba-2","2","fused","100000","281","39804700","72672300","112645300","112640100","5100","0"
"h1-fused-abba-2","2","fused","100000","282","32690000","72833400","106103400","105926200","176900","0"
"h1-fused-abba-2","2","fused","100000","283","33264600","72915800","106470300","106464900","5000","0"
"h1-fused-abba-2","2","fused","100000","284","34846000","74066300","109227800","109141400","86200","0"
"h1-fused-abba-2","2","fused","100000","285","35018800","73080400","108367900","108362800","4900","0"
"h1-fused-abba-2","2","fused","100000","286","32039700","70155800","102330500","102325100","5100","0"
"h1-fused-abba-2","2","fused","100000","287","31458800","67611300","99206800","99201300","5200","0"
"h1-fused-abba-2","2","fused","100000","288","33699900","67792300","101796400","101703400","92800","0"
"h1-fused-abba-2","2","fused","100000","289","32324800","67261900","168173700","160553100","7620100","31373700"
"h1-fused-abba-2","2","fused","100000","290","35156300","72867600","116085800","115983800","101900","0"
"h1-fused-abba-2","2","fused","100000","291","32979300","67311800","100510800","100505800","4900","0"
"h1-fused-abba-2","2","fused","100000","292","32813400","73636300","106795600","106696000","99500","0"
"h1-fused-abba-2","2","fused","100000","293","32048300","67915700","100185800","100180300","5200","0"
"h1-fused-abba-2","2","fused","100000","294","33927700","68460900","102535200","102529700","5300","0"
"h1-fused-abba-2","2","fused","100000","295","31543100","67180700","98948000","98941000","6600","0"
"h1-fused-abba-2","2","fused","100000","296","31985500","67083700","99207100","99201600","5200","0"
"h1-fused-abba-2","2","fused","100000","297","31810800","67534400","99484500","99479400","5000","0"
"h1-fused-abba-2","2","fused","100000","298","33671600","66728900","100571100","100563200","7600","0"
"h1-fused-abba-2","2","fused","100000","299","35536600","72235100","107947100","107938900","7900","0"
"h1-fused-abba-2","2","fused","100000","300","32306700","69649500","102099500","102093700","5300","0"
"h1-fused-abba-2","2","fused","100000","301","34162700","71692500","106186300","106065100","120900","0"
"h1-fused-abba-2","2","fused","100000","302","33204600","70757500","104161500","104156400","5000","0"
"h1-fused-abba-2","2","fused","100000","303","36295600","73381500","109933900","109849100","84600","0"
"h1-fused-abba-2","2","fused","100000","304","33610900","72477300","106230800","106225100","5200","0"
"h1-fused-abba-2","2","fused","100000","305","33244600","72764300","175339600","167538100","7801000","28043700"
"h1-fused-abba-2","2","fused","100000","306","32530000","73456600","115636800","115454300","182300","0"
"h1-fused-abba-2","2","fused","100000","307","32875700","69991200","103332800","103201200","131300","0"
"h1-fused-abba-2","2","fused","100000","308","32611700","66579800","99401600","99396200","5100","0"
"h1-fused-abba-2","2","fused","100000","309","32522400","66109400","98763800","98758200","5500","0"
"h1-fused-abba-2","2","fused","100000","310","31104900","67521400","98765400","98760000","5000","0"
"h1-fused-abba-2","2","fused","100000","311","35286700","66066300","101507600","101502100","5400","0"
"h1-fused-abba-2","2","fused","100000","312","32516900","85457400","118101600","118096200","5200","0"
"h1-fused-abba-2","2","fused","100000","313","37213500","80760100","118387800","118382400","5100","0"
"h1-fused-abba-2","2","fused","100000","314","36120800","78847300","115300900","115199200","101600","0"
"h1-fused-abba-2","2","fused","100000","315","33620600","78002300","111838600","111833300","5000","0"
"h1-fused-abba-2","2","fused","100000","316","37750000","77920500","115921700","115851200","70200","0"
"h1-fused-abba-2","2","fused","100000","317","33855100","79202700","113202400","113196700","5400","0"
"h1-fused-abba-2","2","fused","100000","318","38660300","81527800","120662100","120507500","154500","0"
"h1-fused-abba-2","2","fused","100000","319","38840100","77602800","116728800","116723400","5200","0"
"h1-fused-abba-2","2","fused","100000","320","35466900","74861000","110462700","110454100","8400","0"
"h1-fused-abba-2","2","fused","100000","321","45017400","81565300","252899100","237673200","15225300","41798700"
"h1-fused-abba-2","2","fused","100000","322","37761300","80392900","134145800","134140500","5100","0"
"h1-fused-abba-2","2","fused","100000","323","37251300","79677600","117408500","117398000","10300","0"
"h1-fused-abba-2","2","fused","100000","324","37023700","79243400","116633800","116533200","100400","0"
"h1-fused-abba-2","2","fused","100000","325","37337400","80245300","118150900","118145500","5200","0"
"h1-fused-abba-2","2","fused","100000","326","36413500","79756400","116336900","116328300","8300","0"
"h1-fused-abba-2","2","fused","100000","327","34069900","77274700","111515800","111510100","5600","0"
"h1-fused-abba-2","2","fused","100000","328","37381800","68825500","106607100","106601600","5200","0"
"h1-fused-abba-2","2","fused","100000","329","31244900","67352000","98791700","98721500","70000","0"
"h1-fused-abba-2","2","fused","100000","330","31168500","68545200","100447400","100193000","254000","0"
"h1-fused-abba-2","2","fused","100000","331","38505200","76731600","115812800","115807500","5100","0"
"h1-fused-abba-2","2","fused","100000","332","37262000","76042400","113455300","113450400","4700","0"
"h1-fused-abba-2","2","fused","100000","333","37188100","76684500","114038900","114033700","5000","0"
"h1-fused-abba-2","2","fused","100000","334","35944600","77953200","114672300","114666800","5300","0"
"h1-fused-abba-2","2","fused","100000","335","38838100","76129100","115202200","115119800","82300","0"
"h1-fused-abba-2","2","fused","100000","336","37575600","78627500","116340200","116334900","5100","0"
"h1-fused-abba-2","2","fused","100000","337","37951400","78703800","198907800","188661600","10245500","29031600"
"h1-fused-abba-2","2","fused","100000","338","37758700","79640900","127627000","127621100","5700","0"
"h1-fused-abba-2","2","fused","100000","339","36660300","78762900","115565600","115560700","4900","0"
"h1-fused-abba-2","2","fused","100000","340","41938400","81279500","123653200","123647600","5400","0"
"h1-fused-abba-2","2","fused","100000","341","35303400","80626100","116477900","116287500","190100","0"
"h1-fused-abba-2","2","fused","100000","342","34915800","77618600","113150300","113009200","140900","0"
"h1-fused-abba-2","2","fused","100000","343","34631400","68044200","103024200","102950500","73500","0"
"h1-fused-abba-2","2","fused","100000","344","33316300","70462500","103938500","103929200","9000","0"
"h1-fused-abba-2","2","fused","100000","345","32647900","66836700","99626900","99621500","5100","0"
"h1-fused-abba-2","2","fused","100000","346","33799400","68434000","102396100","102390100","5800","0"
"h1-fused-abba-2","2","fused","100000","347","32537100","70510200","103195100","103189700","5200","0"
"h1-fused-abba-2","2","fused","100000","348","32190900","66917300","99462800","99325000","137800","0"
"h1-fused-abba-2","2","fused","100000","349","35088600","66992200","102488700","102372000","116600","0"
"h1-fused-abba-2","2","fused","100000","350","30647200","65763600","96675200","96667900","6900","0"
"h1-fused-abba-2","2","fused","100000","351","29759700","66046300","96142300","96132100","9500","0"
"h1-fused-abba-2","2","fused","100000","352","33312000","71620800","105275400","105168200","107000","0"
"h1-fused-abba-2","2","fused","100000","353","33055900","71464000","180587400","171801900","8784900","30698100"
"h1-fused-abba-2","2","fused","100000","354","33695200","68722900","112446300","112440600","5400","0"
"h1-fused-abba-2","2","fused","100000","355","35347800","68716400","104222900","104217300","5300","0"
"h1-fused-abba-2","2","fused","100000","356","33641700","71262000","105331100","105181900","148900","0"
"h1-fused-abba-2","2","fused","100000","357","32591400","69413500","102273600","102267200","6200","0"
"h1-fused-abba-2","2","fused","100000","358","34064100","68879900","103324800","103216600","108100","0"
"h1-fused-abba-2","2","fused","100000","359","32552700","69475700","102409500","102293100","116200","0"
"h1-fused-abba-2","2","fused","100000","360","31179700","67190200","98604300","98598900","5100","0"
"h1-fused-abba-2","2","fused","100000","361","32865600","71961100","105019700","105007900","11500","0"
"h1-fused-abba-2","2","fused","100000","362","32505100","68850300","101571500","101503400","67800","0"
"h1-fused-abba-2","2","fused","100000","363","32471200","68920100","101703800","101610800","92800","0"
"h1-fused-abba-2","2","fused","100000","364","33272000","70754600","104262800","104252400","10200","0"
"h1-fused-abba-2","2","fused","100000","365","32878700","68830100","101854000","101848700","5000","0"
"h1-fused-abba-2","2","fused","100000","366","30161300","65825600","96141300","96135400","5600","0"
"h1-fused-abba-2","2","fused","100000","367","31757200","65815900","97775900","97770400","5300","0"
"h1-fused-abba-2","2","fused","100000","368","31364000","69756300","101670200","101392100","277700","0"
"h1-fused-abba-2","2","fused","100000","369","32755100","70030900","183908400","173820200","10087500","33044800"
"h1-fused-abba-2","2","fused","100000","370","33992600","70469400","115853000","115688200","164500","0"
"h1-fused-abba-2","2","fused","100000","371","33403700","71506000","105168900","105162400","6000","0"
"h1-fused-abba-2","2","fused","100000","372","34163700","71825300","106133500","106128400","4900","0"
"h1-fused-abba-2","2","fused","100000","373","31607200","70731800","102489900","102482500","7200","0"
"h1-fused-abba-2","2","fused","100000","374","36259400","66470800","102872400","102867000","5000","0"
"h1-fused-abba-2","2","fused","100000","375","31690200","65470900","97365800","97359900","5800","0"
"h1-fused-abba-2","2","fused","100000","376","31646900","66434400","98229600","98220900","8500","0"
"h1-fused-abba-2","2","fused","100000","377","32135700","67786500","100358500","100221300","137000","0"
"h1-fused-abba-2","2","fused","100000","378","31501200","67746500","99873800","99704400","169300","0"
"h1-fused-abba-2","2","fused","100000","379","32651000","68584400","101895300","101726200","168800","0"
"h1-fused-abba-2","2","fused","100000","380","31388000","66999500","98595500","98590100","5000","0"
"h1-fused-abba-2","2","fused","100000","381","33160300","66460100","100072600","99901100","171300","0"
"h1-fused-abba-2","2","fused","100000","382","31194100","67010700","98589000","98504100","84500","0"
"h1-fused-abba-2","2","fused","100000","383","29901400","66216600","96298700","96289900","8600","0"
"h1-fused-abba-2","2","fused","100000","384","30736100","67508200","98377200","98367300","9700","0"
"h1-fused-abba-2","2","fused","100000","385","40423100","72926600","230662400","216864700","13797100","40002600"
"h1-fused-abba-2","2","fused","100000","386","29743200","69394900","114634300","114523200","110900","0"
"h1-fused-abba-2","2","fused","100000","387","31684000","68567800","100637300","100538600","98400","0"
"h1-fused-abba-2","2","fused","100000","388","31327400","66585800","98124100","98118800","5100","0"
"h1-fused-abba-2","2","fused","100000","389","32109200","66470500","98719100","98713400","5500","0"
"h1-fused-abba-2","2","fused","100000","390","33193700","66278400","99625700","99620600","4800","0"
"h1-fused-abba-2","2","fused","100000","391","31813200","65857800","97885200","97817500","67500","0"
"h1-fused-abba-2","2","fused","100000","392","32560700","76354000","109196200","109187400","8600","0"
"h1-fused-abba-2","2","fused","100000","393","35639900","78715800","114540000","114529300","10300","0"
"h1-fused-abba-2","2","fused","100000","394","36394900","79885400","116429700","116423900","5500","0"
"h1-fused-abba-2","2","fused","100000","395","34895400","78042500","113256000","113190400","65400","0"
"h1-fused-abba-2","2","fused","100000","396","37347800","78129800","115807000","115801500","5200","0"
"h1-fused-abba-2","2","fused","100000","397","36920500","79713900","116772600","116767600","5000","0"
"h1-fused-abba-2","2","fused","100000","398","37911300","81510700","119886700","119707900","178700","0"
"h1-fused-abba-2","2","fused","100000","399","34352200","79316000","114126700","114025600","100900","0"
"h1-fused-abba-2","2","fused","100000","400","31929400","66807500","98949300","98943700","5400","0"
"h1-fused-abba-2","2","fused","100000","401","33187500","79027000","202888200","190366200","12521600","35612200"
"h1-fused-abba-2","2","fused","100000","402","36801800","80932300","129837500","129831600","5800","0"
"h1-fused-abba-2","2","fused","100000","403","37811600","81186200","119437400","119298700","138500","0"
"h1-fused-abba-2","2","fused","100000","404","33950200","81058800","115246600","115241300","5000","0"
"h1-fused-abba-2","2","fused","100000","405","36702100","80330600","117176400","117171100","5100","0"
"h1-fused-abba-2","2","fused","100000","406","34305600","70903600","106175000","105893500","281200","0"
"h1-fused-abba-2","2","fused","100000","407","31285600","70552300","102266200","102259400","6500","0"
"h1-fused-abba-2","2","fused","100000","408","32544900","70107500","102851300","102784100","67000","0"
"h1-fused-abba-2","2","fused","100000","409","32739400","70957400","104346800","104118600","227800","0"
"h1-fused-abba-2","2","fused","100000","410","31665400","70128800","102045900","102040400","5300","0"
"h1-fused-abba-2","2","fused","100000","411","33627200","71389000","105171200","105165100","5700","0"
"h1-fused-abba-2","2","fused","100000","412","32271500","71110900","103539500","103533800","5400","0"
"h1-fused-abba-2","2","fused","100000","413","32766700","70824300","104112300","103961200","150700","0"
"h1-fused-abba-2","2","fused","100000","414","34337700","68705600","103640500","103496500","143800","0"
"h1-fused-abba-2","2","fused","100000","415","32629700","70602100","103487100","103479100","8000","0"
"h1-fused-abba-2","2","fused","100000","416","32394900","68855000","101578100","101485100","92800","0"
"h1-fused-abba-2","2","fused","100000","417","34172800","71666900","207897300","196930200","10966800","46871300"
"h1-fused-abba-2","2","fused","100000","418","33469700","69988600","115405800","115400400","5100","0"
"h1-fused-abba-2","2","fused","100000","419","36888100","70676300","107693400","107688000","5000","0"
"h1-fused-abba-2","2","fused","100000","420","31154800","68123200","100738100","100145200","592700","0"
"h1-fused-abba-2","2","fused","100000","421","31496200","65425100","97550800","97497700","52900","0"
"h1-fused-abba-2","2","fused","100000","422","31390400","67673400","99184900","99179400","5300","0"
"h1-fused-abba-2","2","fused","100000","423","32519900","67514700","100191200","100184300","6500","0"
"h1-fused-abba-2","2","fused","100000","424","33819700","69825900","103796200","103790700","5200","0"
"h1-fused-abba-2","2","fused","100000","425","33881400","69769200","104435600","104141300","293800","0"
"h1-fused-abba-2","2","fused","100000","426","33404400","67862200","101913600","101799300","114100","0"
"h1-fused-abba-2","2","fused","100000","427","31264000","67842800","99335700","99330000","5600","0"
"h1-fused-abba-2","2","fused","100000","428","31733300","66037800","97925100","97919200","5600","0"
"h1-fused-abba-2","2","fused","100000","429","32315900","65314700","97950500","97850900","99400","0"
"h1-fused-abba-2","2","fused","100000","430","31114300","69845800","101329200","101233500","95400","0"
"h1-fused-abba-2","2","fused","100000","431","31186400","65188400","96624400","96618900","5300","0"
"h1-fused-abba-2","2","fused","100000","432","33051000","65130300","98329100","98318800","10200","0"
"h1-fused-abba-2","2","fused","100000","433","31620400","65840800","203401300","193568100","9833000","55603500"
"h1-fused-abba-2","2","fused","100000","434","31481800","66669500","108981900","108700900","280700","0"
"h1-fused-abba-2","2","fused","100000","435","32358800","66344500","98937300","98931800","5300","0"
"h1-fused-abba-2","2","fused","100000","436","30895100","66352600","97404200","97396100","8100","0"
"h1-fused-abba-2","2","fused","100000","437","31640200","73867400","105896100","105745600","150200","0"
"h1-fused-abba-2","2","fused","100000","438","35668500","78284700","114131500","114125900","5500","0"
"h1-fused-abba-2","2","fused","100000","439","32871900","67444200","100773800","100625900","147800","0"
"h1-fused-abba-2","2","fused","100000","440","33947700","80587300","116206200","116197900","8000","0"
"h1-fused-abba-2","2","fused","100000","441","36428600","77844600","114619100","114521700","97200","0"
"h1-fused-abba-2","2","fused","100000","442","35233800","77831400","113377900","113372800","5100","0"
"h1-fused-abba-2","2","fused","100000","443","36292000","78281200","114793800","114783900","9400","0"
"h1-fused-abba-2","2","fused","100000","444","37111700","77793400","115050900","115045400","5400","0"
"h1-fused-abba-2","2","fused","100000","445","38401300","82014400","121670300","121194400","475700","0"
"h1-fused-abba-2","2","fused","100000","446","36690400","73830900","111860700","111605300","255200","0"
"h1-fused-abba-2","2","fused","100000","447","34047100","68984000","103394800","103341500","53200","0"
"h1-fused-abba-2","2","fused","100000","448","38190000","76245800","114941100","114802600","138200","0"
"h1-fused-abba-2","2","fused","100000","449","37713600","67787100","239476700","224212100","15264200","49985800"
"h1-fused-abba-2","2","fused","100000","450","33463600","68562800","119565700","119432900","132600","0"
"h1-fused-abba-2","2","fused","100000","451","31331100","69087600","100662500","100657000","5400","0"
"h1-fused-abba-2","2","fused","100000","452","35727000","77611800","113645000","113552200","92600","0"
"h1-fused-abba-2","2","fused","100000","453","36531600","80215000","117391300","117385500","5600","0"
"h1-fused-abba-2","2","fused","100000","454","32040700","67234800","99617600","99612500","4800","0"
"h1-fused-abba-2","2","fused","100000","455","33518200","78759100","112444700","112439500","5000","0"
"h1-fused-abba-2","2","fused","100000","456","35981400","77364500","113651100","113558400","92400","0"
"h1-fused-abba-2","2","fused","100000","457","35081100","77410200","112694900","112689500","5200","0"
"h1-fused-abba-2","2","fused","100000","458","32016700","71751200","104075200","103991300","83600","0"
"h1-fused-abba-2","2","fused","100000","459","32397100","77624000","110216800","110211500","5100","0"
"h1-fused-abba-2","2","fused","100000","460","37593300","77607400","115381200","115328200","52700","0"
"h1-fused-abba-2","2","fused","100000","461","36520600","78130300","114848200","114790200","57900","0"
"h1-fused-abba-2","2","fused","100000","462","34963200","78469500","113597500","113592200","5100","0"
"h1-fused-abba-2","2","fused","100000","463","37991000","77797500","116181700","115962400","219100","0"
"h1-fused-abba-2","2","fused","100000","464","35572500","81514200","117697400","117494000","203200","0"
"h1-fused-abba-2","2","fused","100000","465","37851900","78288700","262770900","249816200","12954300","72979000"
"h1-fused-abba-2","2","fused","100000","466","35198700","81516100","132928500","132735800","192400","0"
"h1-fused-abba-2","2","fused","100000","467","36155600","79906000","116611800","116597200","14400","0"
"h1-fused-abba-2","2","fused","100000","468","33003300","70551300","104049500","103855500","193800","0"
"h1-fused-abba-2","2","fused","100000","469","32811400","72263000","105345800","105329900","15700","0"
"h1-fused-abba-2","2","fused","100000","470","32812300","69528400","102469800","102464500","5100","0"
"h1-fused-abba-2","2","fused","100000","471","33239500","70958700","104826500","104644600","181600","0"
"h1-fused-abba-2","2","fused","100000","472","31009100","68089100","99505200","99495900","8700","0"
"h1-fused-abba-2","2","fused","100000","473","32004500","67144700","99372700","99303400","69100","0"
"h1-fused-abba-2","2","fused","100000","474","30219300","66771800","97143400","97138000","5200","0"
"h1-fused-abba-2","2","fused","100000","475","30936600","66237300","97328100","97321700","6100","0"
"h1-fused-abba-2","2","fused","100000","476","32255100","66566000","98995600","98981100","14300","0"
"h1-fused-abba-2","2","fused","100000","477","31079900","71947900","103213000","103207800","5000","0"
"h1-fused-abba-2","2","fused","100000","478","33384800","70649500","104460400","104334400","125700","0"
"h1-fused-abba-2","2","fused","100000","479","31289000","72998500","104578500","104572700","5700","0"
"h1-fused-abba-2","2","fused","100000","480","34229500","83239900","122463600","120317200","2146000","0"
"h1-fused-abba-2","2","fused","100000","481","32858400","71349200","219783700","207939400","11843800","47588800"
"h1-fused-abba-2","2","fused","100000","482","31742200","72037500","117737800","117732500","5100","0"
"h1-fused-abba-2","2","fused","100000","483","32370200","69325400","101829600","101824300","5200","0"
"h1-fused-abba-2","2","fused","100000","484","31781100","67075500","98982800","98977400","5100","0"
"h1-fused-abba-2","2","fused","100000","485","33388600","68401500","101921800","101916300","5200","0"
"h1-fused-abba-2","2","fused","100000","486","32582500","68930600","102173300","101946200","226900","0"
"h1-fused-abba-2","2","fused","100000","487","30342700","76493900","107575000","107458900","115900","0"
"h1-fused-abba-2","2","fused","100000","488","34022600","68076500","102838500","102639900","198500","0"
"h1-fused-abba-2","2","fused","100000","489","32445400","65854000","99098000","98874100","223600","0"
"h1-fused-abba-2","2","fused","100000","490","32775000","72400600","105492400","105486000","6400","0"
"h1-fused-abba-2","2","fused","100000","491","32838300","74471200","107737900","107588200","149600","0"
"h1-fused-abba-2","2","fused","100000","492","31712200","68793600","100929600","100819700","109600","0"
"h1-fused-abba-2","2","fused","100000","493","31799200","68315200","100351000","100342100","8800","0"
"h1-fused-abba-2","2","fused","100000","494","32424000","64537800","97124400","97113800","10400","0"
"h1-fused-abba-2","2","fused","100000","495","30670400","63518000","94348300","94338100","10000","0"
"h1-fused-abba-2","2","fused","100000","496","32246000","69334300","101887000","101789000","97900","0"
"h1-fused-abba-2","2","fused","100000","497","33231700","71777200","227115600","214751800","12363400","58346700"
"h1-fused-abba-2","2","fused","100000","498","32766400","67555200","115551300","114949500","601400","0"
"h1-fused-abba-2","2","fused","100000","499","32043900","63471700","96107900","96038500","69200","0"
"h1-fused-abba-2","2","fused","100000","500","30577400","66039200","96975000","96863700","111100","0"
"h1-fused-abba-2","2","fused","100000","501","30991300","64879100","96060200","96052400","7600","0"
"h1-fused-abba-2","2","fused","100000","502","30376500","63902200","94415300","94410000","5100","0"
"h1-fused-abba-2","2","fused","100000","503","36044900","75769600","113263600","112675300","587900","0"
"h1-fused-abba-2","2","fused","100000","504","35236600","74569300","110972700","110801000","171600","0"
"h1-fused-abba-2","2","fused","100000","505","36210900","78284200","117732700","116432700","1299600","0"
"h1-fused-abba-2","2","fused","100000","506","30297100","76110500","107968900","107962200","6500","0"
"h1-fused-abba-2","2","fused","100000","507","34389300","77184700","111882700","111782700","99800","0"
"h1-fused-abba-2","2","fused","100000","508","34221400","74389200","108779900","108774200","5500","0"
"h1-fused-abba-2","2","fused","100000","509","32869600","64700100","97719500","97709300","10000","0"
"h1-fused-abba-2","2","fused","100000","510","30231800","64258700","94835600","94732000","103400","0"
"h1-fused-abba-2","2","fused","100000","511","30052100","64206500","94740200","94565900","174100","0"
"h1-fused-abba-2","2","fused","100000","512","32312700","63094100","96001500","95851300","149900","0"
"h1-fused-abba-3","3","fused","100000","65","30494100","73583400","141468100","133741300","7726300","3181600"
"h1-fused-abba-3","3","fused","100000","66","32291400","76606500","113112800","113107300","5300","0"
"h1-fused-abba-3","3","fused","100000","67","29785200","72280000","102255900","102184500","71300","0"
"h1-fused-abba-3","3","fused","100000","68","30088800","73010500","103236100","103230600","5100","0"
"h1-fused-abba-3","3","fused","100000","69","33765200","66909200","100828300","100823000","5000","0"
"h1-fused-abba-3","3","fused","100000","70","36584000","75365500","112094200","112089000","5000","0"
"h1-fused-abba-3","3","fused","100000","71","30978000","65520100","96671700","96665200","6300","0"
"h1-fused-abba-3","3","fused","100000","72","29467200","68669500","98295400","98290200","5000","0"
"h1-fused-abba-3","3","fused","100000","73","35147900","75530100","110811400","110806300","4900","0"
"h1-fused-abba-3","3","fused","100000","74","34490900","76586700","111209300","111203400","5700","0"
"h1-fused-abba-3","3","fused","100000","75","35819500","74303800","110296500","110290000","6000","0"
"h1-fused-abba-3","3","fused","100000","76","33981100","67512100","101643500","101638100","5200","0"
"h1-fused-abba-3","3","fused","100000","77","30891600","81468000","112532000","112526500","5400","0"
"h1-fused-abba-3","3","fused","100000","78","32672200","64770500","97595000","97589400","5400","0"
"h1-fused-abba-3","3","fused","100000","79","28292900","63543300","91969100","91964000","4900","0"
"h1-fused-abba-3","3","fused","100000","80","29679400","63284500","93177200","93117000","59900","0"
"h1-fused-abba-3","3","fused","100000","81","28141800","61828900","106686300","104248700","2437300","2598700"
"h1-fused-abba-3","3","fused","100000","82","30110200","61295000","93664400","93658500","5600","0"
"h1-fused-abba-3","3","fused","100000","83","29138800","60792000","90088500","90083500","4800","0"
"h1-fused-abba-3","3","fused","100000","84","37463200","63901200","102410100","102068100","341800","0"
"h1-fused-abba-3","3","fused","100000","85","29608100","64560400","98885200","98672600","212300","3021100"
"h1-fused-abba-3","3","fused","100000","86","29345100","63536300","93426200","93420700","5300","0"
"h1-fused-abba-3","3","fused","100000","87","28211200","63335500","91717100","91711900","5000","0"
"h1-fused-abba-3","3","fused","100000","88","28601300","68531500","97299700","97294000","5500","0"
"h1-fused-abba-3","3","fused","100000","89","29542200","67579300","97293200","97287200","5800","0"
"h1-fused-abba-3","3","fused","100000","90","30700700","62602000","93462900","93456700","5900","0"
"h1-fused-abba-3","3","fused","100000","91","27914800","61707300","89765900","89760500","5100","0"
"h1-fused-abba-3","3","fused","100000","92","30305400","66163500","96645400","96639100","6000","0"
"h1-fused-abba-3","3","fused","100000","93","32642300","63365200","96404600","96260000","144400","0"
"h1-fused-abba-3","3","fused","100000","94","30888100","68855900","101217200","100634900","582100","0"
"h1-fused-abba-3","3","fused","100000","95","31744300","69834900","103282000","102856700","425100","0"
"h1-fused-abba-3","3","fused","100000","96","33346400","68334800","102090600","102084900","5300","0"
"h1-fused-abba-3","3","fused","100000","97","29608400","66679000","116460700","113901600","2558800","5663500"
"h1-fused-abba-3","3","fused","100000","98","32561500","65013600","100532500","100527100","5000","0"
"h1-fused-abba-3","3","fused","100000","99","30342900","63703600","94201200","94195400","5400","0"
"h1-fused-abba-3","3","fused","100000","100","30083400","63043700","93269200","93263600","5400","0"
"h1-fused-abba-3","3","fused","100000","101","32602800","63798300","96579600","96573800","5600","0"
"h1-fused-abba-3","3","fused","100000","102","30320400","64245900","94722500","94717300","5000","0"
"h1-fused-abba-3","3","fused","100000","103","30045100","65099000","95801400","95626300","174700","0"
"h1-fused-abba-3","3","fused","100000","104","39069100","77586200","123067400","120474900","2592200","0"
"h1-fused-abba-3","3","fused","100000","105","33788800","73466300","110303700","110221500","82000","0"
"h1-fused-abba-3","3","fused","100000","106","34996100","66556100","101772000","101711900","59900","0"
"h1-fused-abba-3","3","fused","100000","107","32978500","67081900","100221500","100215900","5500","0"
"h1-fused-abba-3","3","fused","100000","108","32607600","70285500","103060700","103055000","5400","0"
"h1-fused-abba-3","3","fused","100000","109","38343100","68793200","107299900","107294100","5600","0"
"h1-fused-abba-3","3","fused","100000","110","33955500","70762300","104909900","104903400","6100","0"
"h1-fused-abba-3","3","fused","100000","111","32282000","70338000","102786900","102781300","5500","0"
"h1-fused-abba-3","3","fused","100000","112","33390800","70295200","103866900","103861400","5300","0"
"h1-fused-abba-3","3","fused","100000","113","34386800","81451900","143751300","140405600","3345400","11129800"
"h1-fused-abba-3","3","fused","100000","114","37647300","66483400","107443600","107309700","133600","0"
"h1-fused-abba-3","3","fused","100000","115","33003500","66447900","99590200","99584400","5600","0"
"h1-fused-abba-3","3","fused","100000","116","32795200","81263400","114260400","114254900","5400","0"
"h1-fused-abba-3","3","fused","100000","117","32577000","80263500","113005400","112995000","10300","0"
"h1-fused-abba-3","3","fused","100000","118","35555700","79317300","115024200","115018600","5100","0"
"h1-fused-abba-3","3","fused","100000","119","38286200","79510900","118020900","117963100","57500","0"
"h1-fused-abba-3","3","fused","100000","120","32562600","75575600","108536000","108424500","111200","0"
"h1-fused-abba-3","3","fused","100000","121","36796600","80727400","118246900","118008500","238200","0"
"h1-fused-abba-3","3","fused","100000","122","39781600","86356300","129487900","128362100","1125400","0"
"h1-fused-abba-3","3","fused","100000","123","37198200","82774000","122099300","122093900","5200","0"
"h1-fused-abba-3","3","fused","100000","124","37654000","82355600","120192800","120185200","7300","0"
"h1-fused-abba-3","3","fused","100000","125","35418200","80589300","116177100","116171800","5100","0"
"h1-fused-abba-3","3","fused","100000","126","38346000","75955000","114674300","114576700","97500","0"
"h1-fused-abba-3","3","fused","100000","127","30514200","66172600","96988600","96916600","71700","0"
"h1-fused-abba-3","3","fused","100000","128","34142100","65244500","99582900","99577400","5300","0"
"h1-fused-abba-3","3","fused","100000","129","34714900","68185400","158249200","150687500","7561300","9666400"
"h1-fused-abba-3","3","fused","100000","130","31249800","72614300","112893900","112888600","5100","0"
"h1-fused-abba-3","3","fused","100000","131","35330200","78732100","114256500","114247800","8400","0"
"h1-fused-abba-3","3","fused","100000","132","35384000","70225800","106207000","105990700","216200","0"
"h1-fused-abba-3","3","fused","100000","133","30431100","64038500","94934900","94928800","5600","0"
"h1-fused-abba-3","3","fused","100000","134","33445000","78544000","112146500","112141100","5200","0"
"h1-fused-abba-3","3","fused","100000","135","32959500","66279900","99905000","99693100","211500","0"
"h1-fused-abba-3","3","fused","100000","136","32011600","66613800","100180600","99712100","468300","0"
"h1-fused-abba-3","3","fused","100000","137","31401800","65278400","97313000","97307800","5000","0"
"h1-fused-abba-3","3","fused","100000","138","32672200","66418300","99255900","99250000","5700","0"
"h1-fused-abba-3","3","fused","100000","139","29195700","65909500","95476400","95367500","108600","0"
"h1-fused-abba-3","3","fused","100000","140","30740200","64650400","95591400","95586500","4700","0"
"h1-fused-abba-3","3","fused","100000","141","30106700","68633300","98884000","98878300","5600","0"
"h1-fused-abba-3","3","fused","100000","142","30910600","64167600","95241100","95235800","5200","0"
"h1-fused-abba-3","3","fused","100000","143","32539100","80311100","113069100","113062500","6400","0"
"h1-fused-abba-3","3","fused","100000","144","37460700","86603600","127501900","125722200","1779400","0"
"h1-fused-abba-3","3","fused","100000","145","35281200","70258000","145628400","141434200","4194000","13123300"
"h1-fused-abba-3","3","fused","100000","146","31883100","70824900","108093800","107491700","601800","0"
"h1-fused-abba-3","3","fused","100000","147","31973600","70729200","103390600","103384600","5800","0"
"h1-fused-abba-3","3","fused","100000","148","31607300","66690500","98464800","98459100","5400","0"
"h1-fused-abba-3","3","fused","100000","149","30304900","66940600","97414300","97408400","5600","0"
"h1-fused-abba-3","3","fused","100000","150","30302600","65657400","96141400","96132500","8700","0"
"h1-fused-abba-3","3","fused","100000","151","29652600","67147300","96986700","96981100","5300","0"
"h1-fused-abba-3","3","fused","100000","152","29681600","65688200","95546100","95535000","10800","0"
"h1-fused-abba-3","3","fused","100000","153","31639800","64628200","96435400","96429900","5200","0"
"h1-fused-abba-3","3","fused","100000","154","31716200","67256200","99191900","99133000","58700","0"
"h1-fused-abba-3","3","fused","100000","155","30305600","73202000","103678900","103668600","10100","0"
"h1-fused-abba-3","3","fused","100000","156","32149300","71718200","104574300","104353400","220600","0"
"h1-fused-abba-3","3","fused","100000","157","31216300","70758700","102409600","102404000","5300","0"
"h1-fused-abba-3","3","fused","100000","158","32782300","66054800","98991500","98985900","5200","0"
"h1-fused-abba-3","3","fused","100000","159","29460000","65532800","95226100","95155700","70100","0"
"h1-fused-abba-3","3","fused","100000","160","28983200","69530500","98662200","98656600","5400","0"
"h1-fused-abba-3","3","fused","100000","161","30835300","71328800","130927200","127315900","3611000","7570600"
"h1-fused-abba-3","3","fused","100000","162","32190700","66507300","102279400","102204500","74700","0"
"h1-fused-abba-3","3","fused","100000","163","30947500","67788700","98925200","98919800","5200","0"
"h1-fused-abba-3","3","fused","100000","164","28806000","67391300","96356400","96350900","5300","0"
"h1-fused-abba-3","3","fused","100000","165","31608900","70300000","102241800","102149800","91800","0"
"h1-fused-abba-3","3","fused","100000","166","29934000","67180900","97850400","97546300","303800","0"
"h1-fused-abba-3","3","fused","100000","167","31329300","67775100","99655000","99556500","98100","0"
"h1-fused-abba-3","3","fused","100000","168","30490400","72547600","103517900","103395100","122600","0"
"h1-fused-abba-3","3","fused","100000","169","31404600","72332600","103958500","103953300","5000","0"
"h1-fused-abba-3","3","fused","100000","170","31404900","66499200","98122400","98050600","71600","0"
"h1-fused-abba-3","3","fused","100000","171","30002800","65563200","95730200","95724900","5200","0"
"h1-fused-abba-3","3","fused","100000","172","29695100","67347700","97262600","97191900","70500","0"
"h1-fused-abba-3","3","fused","100000","173","29672200","67469500","97282300","97276700","5100","0"
"h1-fused-abba-3","3","fused","100000","174","29156700","66196800","95490400","95484700","5600","0"
"h1-fused-abba-3","3","fused","100000","175","29399000","65656800","95195200","95189300","5700","0"
"h1-fused-abba-3","3","fused","100000","176","30452000","66553800","97236400","97229900","6100","0"
"h1-fused-abba-3","3","fused","100000","177","30690800","67166900","128180300","124136100","4044000","9179700"
"h1-fused-abba-3","3","fused","100000","178","29397500","66102000","99198600","99193300","5000","0"
"h1-fused-abba-3","3","fused","100000","179","31467300","68758600","100388900","100383500","5200","0"
"h1-fused-abba-3","3","fused","100000","180","36190700","81613600","117941900","117936800","4900","0"
"h1-fused-abba-3","3","fused","100000","181","34006900","78310900","113151800","113040500","111000","0"
"h1-fused-abba-3","3","fused","100000","182","34620700","83436000","118275000","118269400","5300","0"
"h1-fused-abba-3","3","fused","100000","183","35802100","79774200","115996800","115879200","117200","0"
"h1-fused-abba-3","3","fused","100000","184","34135500","81883800","116683200","116667800","15100","0"
"h1-fused-abba-3","3","fused","100000","185","36449800","86253600","123071800","122963700","107800","0"
"h1-fused-abba-3","3","fused","100000","186","34694000","67364100","102243100","102238100","4700","0"
"h1-fused-abba-3","3","fused","100000","187","29217500","65377500","94755600","94750200","5200","0"
"h1-fused-abba-3","3","fused","100000","188","30169800","70831800","101149300","101143300","5800","0"
"h1-fused-abba-3","3","fused","100000","189","31590600","68562100","100992700","100715400","277100","0"
"h1-fused-abba-3","3","fused","100000","190","31053500","70373900","101850500","101845100","5000","0"
"h1-fused-abba-3","3","fused","100000","191","33304700","81093100","114674300","114668900","5100","0"
"h1-fused-abba-3","3","fused","100000","192","34865000","80305900","115314200","115303800","10300","0"
"h1-fused-abba-3","3","fused","100000","193","35751200","74570200","188188000","176424600","11762900","15888300"
"h1-fused-abba-3","3","fused","100000","194","30242300","67132700","107978500","107972100","6300","0"
"h1-fused-abba-3","3","fused","100000","195","32456100","79844500","112486900","112481400","5300","0"
"h1-fused-abba-3","3","fused","100000","196","33597000","68305900","102336400","102164300","172000","0"
"h1-fused-abba-3","3","fused","100000","197","37393700","83816400","121462800","121451400","11200","0"
"h1-fused-abba-3","3","fused","100000","198","34789800","68997400","104019000","103953900","64900","0"
"h1-fused-abba-3","3","fused","100000","199","31222400","74196600","105577600","105571800","5500","0"
"h1-fused-abba-3","3","fused","100000","200","31047900","66344300","97544400","97537800","6500","0"
"h1-fused-abba-3","3","fused","100000","201","30544400","65797700","96514700","96509200","5100","0"
"h1-fused-abba-3","3","fused","100000","202","30302100","66600000","97239800","97132700","106600","0"
"h1-fused-abba-3","3","fused","100000","203","30217300","75282100","105738700","105733000","5500","0"
"h1-fused-abba-3","3","fused","100000","204","36529900","68091400","104856300","104850600","5500","0"
"h1-fused-abba-3","3","fused","100000","205","29142700","76695300","106207600","106201400","5800","0"
"h1-fused-abba-3","3","fused","100000","206","29272200","65526200","94972400","94966900","5200","0"
"h1-fused-abba-3","3","fused","100000","207","31084500","64826400","96092100","96086500","5400","0"
"h1-fused-abba-3","3","fused","100000","208","30856800","66200900","97211400","97205800","5400","0"
"h1-fused-abba-3","3","fused","100000","209","31126400","64690200","137253000","131946100","5306600","12724400"
"h1-fused-abba-3","3","fused","100000","210","31352700","65759900","103380300","103375000","5100","0"
"h1-fused-abba-3","3","fused","100000","211","30632600","66477200","97326400","97256600","69600","0"
"h1-fused-abba-3","3","fused","100000","212","30783700","66954400","97894200","97888300","5800","0"
"h1-fused-abba-3","3","fused","100000","213","31262500","68214500","99609200","99603500","5600","0"
"h1-fused-abba-3","3","fused","100000","214","30283500","68327100","98788600","98783100","5200","0"
"h1-fused-abba-3","3","fused","100000","215","39454900","73190800","112826500","112818900","7400","0"
"h1-fused-abba-3","3","fused","100000","216","30472600","67161400","97836400","97829900","6400","0"
"h1-fused-abba-3","3","fused","100000","217","30201400","66602600","96977200","96972100","4800","0"
"h1-fused-abba-3","3","fused","100000","218","31882700","71749800","103827700","103816900","10500","0"
"h1-fused-abba-3","3","fused","100000","219","31680300","72136800","104023200","104014700","8100","0"
"h1-fused-abba-3","3","fused","100000","220","32532000","72750600","105456600","105451000","5300","0"
"h1-fused-abba-3","3","fused","100000","221","32440000","72322500","104964800","104957800","6700","0"
"h1-fused-abba-3","3","fused","100000","222","32045200","69225200","101514300","101509000","5100","0"
"h1-fused-abba-3","3","fused","100000","223","30236300","66414900","96829100","96823600","5200","0"
"h1-fused-abba-3","3","fused","100000","224","31563000","66540300","98570400","98364900","205200","0"
"h1-fused-abba-3","3","fused","100000","225","29917400","66957900","137225900","131900900","5324700","11688100"
"h1-fused-abba-3","3","fused","100000","226","33416600","71725600","111826600","111634700","191600","0"
"h1-fused-abba-3","3","fused","100000","227","31226600","68127000","99613700","99608000","5300","0"
"h1-fused-abba-3","3","fused","100000","228","32874200","71927100","104936900","104931500","5200","0"
"h1-fused-abba-3","3","fused","100000","229","33301700","71149800","104828000","104728900","98800","0"
"h1-fused-abba-3","3","fused","100000","230","33201500","72074200","105552100","105546200","5700","0"
"h1-fused-abba-3","3","fused","100000","231","33076000","73256000","106606800","106527100","79400","0"
"h1-fused-abba-3","3","fused","100000","232","31837300","72236400","104262900","104257500","5200","0"
"h1-fused-abba-3","3","fused","100000","233","30554500","66061100","96979200","96871400","107500","0"
"h1-fused-abba-3","3","fused","100000","234","32171200","68369000","100765700","100760300","5100","0"
"h1-fused-abba-3","3","fused","100000","235","34024300","72081700","106283600","106275200","8100","0"
"h1-fused-abba-3","3","fused","100000","236","32139000","68332300","100624800","100618700","5700","0"
"h1-fused-abba-3","3","fused","100000","237","30352600","66544800","97038000","97032800","5000","0"
"h1-fused-abba-3","3","fused","100000","238","31780300","66017200","98223400","98090900","132200","0"
"h1-fused-abba-3","3","fused","100000","239","30073700","67520900","97817700","97811900","5600","0"
"h1-fused-abba-3","3","fused","100000","240","31577100","66252600","98006500","98000800","5400","0"
"h1-fused-abba-3","3","fused","100000","241","33902900","71834700","149964300","144116300","5847600","12163400"
"h1-fused-abba-3","3","fused","100000","242","34321200","72941700","114374800","114280200","94300","0"
"h1-fused-abba-3","3","fused","100000","243","34418800","69482500","104115600","104109700","5600","0"
"h1-fused-abba-3","3","fused","100000","244","31580300","69458000","101171000","101165600","5200","0"
"h1-fused-abba-3","3","fused","100000","245","32055900","68195400","100419300","100412400","6500","0"
"h1-fused-abba-3","3","fused","100000","246","31570200","67596200","99392000","99322300","69400","0"
"h1-fused-abba-3","3","fused","100000","247","31534200","67102400","98822100","98816600","5300","0"
"h1-fused-abba-3","3","fused","100000","248","30094000","68416000","98844700","98756100","88400","0"
"h1-fused-abba-3","3","fused","100000","249","33216800","72330200","105741500","105735900","5300","0"
"h1-fused-abba-3","3","fused","100000","250","38163900","81168400","119720500","119609100","111100","0"
"h1-fused-abba-3","3","fused","100000","251","37454200","84798400","122666200","122587200","78800","0"
"h1-fused-abba-3","3","fused","100000","252","42416700","75273900","117822000","117816500","5200","0"
"h1-fused-abba-3","3","fused","100000","253","32428900","65744600","98312700","98307800","4700","0"
"h1-fused-abba-3","3","fused","100000","254","31880600","67194500","99442500","99336200","106000","0"
"h1-fused-abba-3","3","fused","100000","255","31140100","67841600","99167400","99162300","4800","0"
"h1-fused-abba-3","3","fused","100000","256","31393000","67112700","98624700","98619400","5000","0"
"h1-fused-abba-3","3","fused","100000","257","40144800","70245200","555127200","541624500","13502300","372922200"
"h1-fused-abba-3","3","fused","100000","258","40791400","85001500","141034400","141028600","5600","0"
"h1-fused-abba-3","3","fused","100000","259","36693300","77944700","114776100","114770800","5000","0"
"h1-fused-abba-3","3","fused","100000","260","38307400","71740600","110431000","110317100","113800","0"
"h1-fused-abba-3","3","fused","100000","261","30943100","68224900","99389400","99384100","5000","0"
"h1-fused-abba-3","3","fused","100000","262","32838800","67328700","100320200","100314600","5500","0"
"h1-fused-abba-3","3","fused","100000","263","32025200","68343300","100553600","100545500","7800","0"
"h1-fused-abba-3","3","fused","100000","264","32960700","67340400","100537700","100470200","67300","0"
"h1-fused-abba-3","3","fused","100000","265","31081200","74323000","105568700","105563300","5100","0"
"h1-fused-abba-3","3","fused","100000","266","40202000","79240200","119674400","119668700","5400","0"
"h1-fused-abba-3","3","fused","100000","267","33106200","66574700","99845900","99840700","5000","0"
"h1-fused-abba-3","3","fused","100000","268","35152400","76871900","112199300","112190600","8500","0"
"h1-fused-abba-3","3","fused","100000","269","31013800","67917000","99093500","99087800","5400","0"
"h1-fused-abba-3","3","fused","100000","270","31318900","75093200","106583700","106578000","5500","0"
"h1-fused-abba-3","3","fused","100000","271","38599100","84334300","123168500","123098800","69500","0"
"h1-fused-abba-3","3","fused","100000","272","33809700","68409800","102395900","102390300","5300","0"
"h1-fused-abba-3","3","fused","100000","273","34875700","83574500","180569000","171543100","9025700","21472500"
"h1-fused-abba-3","3","fused","100000","274","32161400","67192700","109046400","109040800","5400","0"
"h1-fused-abba-3","3","fused","100000","275","31896800","68532300","100604300","100598800","5200","0"
"h1-fused-abba-3","3","fused","100000","276","33909900","71723800","105835200","105824800","10000","0"
"h1-fused-abba-3","3","fused","100000","277","34196700","73182600","107589400","107525500","63600","0"
"h1-fused-abba-3","3","fused","100000","278","33331500","72520300","106036300","106030900","5200","0"
"h1-fused-abba-3","3","fused","100000","279","33981300","68567100","102691900","102686200","5500","0"
"h1-fused-abba-3","3","fused","100000","280","31648100","70945800","102791300","102780800","10300","0"
"h1-fused-abba-3","3","fused","100000","281","33396100","72061500","105647400","105641400","5700","0"
"h1-fused-abba-3","3","fused","100000","282","31595600","69928700","102076300","101868700","207400","0"
"h1-fused-abba-3","3","fused","100000","283","34423100","67395900","102103600","102097700","5600","0"
"h1-fused-abba-3","3","fused","100000","284","39377800","71375400","111151900","111057900","93800","0"
"h1-fused-abba-3","3","fused","100000","285","33751300","73119400","107093800","107088400","5200","0"
"h1-fused-abba-3","3","fused","100000","286","33210900","72650500","106031300","106025900","5100","0"
"h1-fused-abba-3","3","fused","100000","287","35561700","73387200","109122900","109117300","5300","0"
"h1-fused-abba-3","3","fused","100000","288","32576100","68196000","101159200","100970200","188700","0"
"h1-fused-abba-3","3","fused","100000","289","35712900","72548000","184728800","172096000","12632500","31874700"
"h1-fused-abba-3","3","fused","100000","290","34916100","75157300","119143800","119017300","126100","0"
"h1-fused-abba-3","3","fused","100000","291","32901900","68713900","101829900","101824400","5000","0"
"h1-fused-abba-3","3","fused","100000","292","31262800","66330000","98009800","97904800","104700","0"
"h1-fused-abba-3","3","fused","100000","293","33636400","69450700","103335400","103329600","5600","0"
"h1-fused-abba-3","3","fused","100000","294","33982300","73752200","107908900","107902900","5900","0"
"h1-fused-abba-3","3","fused","100000","295","34377000","68622800","103163000","103156200","6600","0"
"h1-fused-abba-3","3","fused","100000","296","33193700","69468600","102804200","102798700","5100","0"
"h1-fused-abba-3","3","fused","100000","297","34461800","72246800","106871800","106866200","5300","0"
"h1-fused-abba-3","3","fused","100000","298","34708700","70899300","105844200","105836700","7200","0"
"h1-fused-abba-3","3","fused","100000","299","32579600","71440800","104190400","104182000","8200","0"
"h1-fused-abba-3","3","fused","100000","300","33265400","70040900","103454500","103449000","5200","0"
"h1-fused-abba-3","3","fused","100000","301","35011200","72746100","108087300","107994800","92300","0"
"h1-fused-abba-3","3","fused","100000","302","34681700","72477700","107405800","107400100","5500","0"
"h1-fused-abba-3","3","fused","100000","303","35366700","68647400","104266000","104186300","79400","0"
"h1-fused-abba-3","3","fused","100000","304","33255100","67441300","100838500","100833400","5000","0"
"h1-fused-abba-3","3","fused","100000","305","31785300","67180300","163892100","156429000","7462600","27685100"
"h1-fused-abba-3","3","fused","100000","306","32752400","68841400","109548400","109361600","186700","0"
"h1-fused-abba-3","3","fused","100000","307","33886500","68692500","103042000","102930500","111300","0"
"h1-fused-abba-3","3","fused","100000","308","34350200","80646700","115207800","115202500","5000","0"
"h1-fused-abba-3","3","fused","100000","309","33091500","79276500","112535300","112529900","5200","0"
"h1-fused-abba-3","3","fused","100000","310","39563800","82467100","122163400","122158100","5100","0"
"h1-fused-abba-3","3","fused","100000","311","34357600","68391900","102874700","102869300","5100","0"
"h1-fused-abba-3","3","fused","100000","312","31205800","67146100","98494500","98489400","4900","0"
"h1-fused-abba-3","3","fused","100000","313","35399900","73607100","109139200","109133800","5200","0"
"h1-fused-abba-3","3","fused","100000","314","40613700","85336300","126321100","126228600","92200","0"
"h1-fused-abba-3","3","fused","100000","315","39220300","71809800","111268800","111263500","5100","0"
"h1-fused-abba-3","3","fused","100000","316","38582900","83077000","121899400","121826000","73200","0"
"h1-fused-abba-3","3","fused","100000","317","37758500","83822400","121757400","121751600","5500","0"
"h1-fused-abba-3","3","fused","100000","318","40074700","77157500","117710700","117554400","156100","0"
"h1-fused-abba-3","3","fused","100000","319","31828600","68024500","100106500","100101100","5200","0"
"h1-fused-abba-3","3","fused","100000","320","32116000","70143600","102389700","102382000","7600","0"
"h1-fused-abba-3","3","fused","100000","321","37925100","69680900","212273500","199463800","12809000","34123800"
"h1-fused-abba-3","3","fused","100000","322","33227300","68361000","115412200","115406700","5300","0"
"h1-fused-abba-3","3","fused","100000","323","33643300","68267100","102074700","102064600","9800","0"
"h1-fused-abba-3","3","fused","100000","324","31987200","68562400","101064400","100910900","153200","0"
"h1-fused-abba-3","3","fused","100000","325","31578000","69291600","101140300","101134800","5200","0"
"h1-fused-abba-3","3","fused","100000","326","37770100","74503300","112456800","112448000","8600","0"
"h1-fused-abba-3","3","fused","100000","327","44457000","77516800","122114800","122109000","5400","0"
"h1-fused-abba-3","3","fused","100000","328","32742500","74484700","107370800","107365700","4800","0"
"h1-fused-abba-3","3","fused","100000","329","32144100","72418000","105016400","104770000","246200","0"
"h1-fused-abba-3","3","fused","100000","330","35186900","70005700","105901600","105620500","280900","0"
"h1-fused-abba-3","3","fused","100000","331","35134800","81077200","116537700","116532200","5500","0"
"h1-fused-abba-3","3","fused","100000","332","40641400","79582600","120369600","120363600","5700","0"
"h1-fused-abba-3","3","fused","100000","333","31424800","68788400","100354800","100349600","5000","0"
"h1-fused-abba-3","3","fused","100000","334","31826400","69026600","100984400","100978700","5400","0"
"h1-fused-abba-3","3","fused","100000","335","37231400","78063400","115527000","115461300","65600","0"
"h1-fused-abba-3","3","fused","100000","336","47346100","70472000","118011300","118005500","5600","0"
"h1-fused-abba-3","3","fused","100000","337","32281400","67423900","172883200","162970000","9912600","26779900"
"h1-fused-abba-3","3","fused","100000","338","33192100","72006100","115846400","115841000","5200","0"
"h1-fused-abba-3","3","fused","100000","339","33173600","73704000","107068000","107062300","5500","0"
"h1-fused-abba-3","3","fused","100000","340","33915900","72376700","106474900","106469100","5400","0"
"h1-fused-abba-3","3","fused","100000","341","33999200","73155600","107820600","107614800","205500","0"
"h1-fused-abba-3","3","fused","100000","342","33497300","77373800","111679900","111530300","149300","0"
"h1-fused-abba-3","3","fused","100000","343","32400500","69104700","101822300","101750900","71100","0"
"h1-fused-abba-3","3","fused","100000","344","31873100","69487200","101511600","101502400","9100","0"
"h1-fused-abba-3","3","fused","100000","345","33035300","69417900","102586200","102581000","5000","0"
"h1-fused-abba-3","3","fused","100000","346","38796000","68354500","107322100","107316500","5300","0"
"h1-fused-abba-3","3","fused","100000","347","33696400","72453700","106327400","106321500","5800","0"
"h1-fused-abba-3","3","fused","100000","348","32185600","71912900","104487900","104348400","139300","0"
"h1-fused-abba-3","3","fused","100000","349","31388500","67564500","99422100","99311800","110200","0"
"h1-fused-abba-3","3","fused","100000","350","31529800","67522400","99275100","99269600","5300","0"
"h1-fused-abba-3","3","fused","100000","351","30019300","69467700","99652900","99647800","5000","0"
"h1-fused-abba-3","3","fused","100000","352","32772200","69189500","102299200","102187900","111100","0"
"h1-fused-abba-3","3","fused","100000","353","32280500","69935800","176057600","167675200","8382000","30134000"
"h1-fused-abba-3","3","fused","100000","354","32225900","68847400","109840900","109835900","4800","0"
"h1-fused-abba-3","3","fused","100000","355","30791400","69328200","100319000","100313400","5300","0"
"h1-fused-abba-3","3","fused","100000","356","34858900","73319800","108666700","108500800","165900","0"
"h1-fused-abba-3","3","fused","100000","357","34543700","66670500","101477200","101472000","5100","0"
"h1-fused-abba-3","3","fused","100000","358","31449300","67688600","99509800","99400100","109400","0"
"h1-fused-abba-3","3","fused","100000","359","33329900","71690100","105468400","105354000","114100","0"
"h1-fused-abba-3","3","fused","100000","360","32123400","71020800","103375500","103369200","6200","0"
"h1-fused-abba-3","3","fused","100000","361","33776500","73585000","107530300","107519100","11000","0"
"h1-fused-abba-3","3","fused","100000","362","35224500","72071300","107530100","107460600","69300","0"
"h1-fused-abba-3","3","fused","100000","363","32997400","67796300","101125500","101023900","101400","0"
"h1-fused-abba-3","3","fused","100000","364","32695300","69778900","102709900","102699000","10400","0"
"h1-fused-abba-3","3","fused","100000","365","31764500","72693300","104655100","104649000","5900","0"
"h1-fused-abba-3","3","fused","100000","366","34134500","70533900","104849200","104843000","5900","0"
"h1-fused-abba-3","3","fused","100000","367","36206100","66743500","103112200","103106700","5200","0"
"h1-fused-abba-3","3","fused","100000","368","32132800","66000900","98630900","98403000","227600","0"
"h1-fused-abba-3","3","fused","100000","369","32171500","70241200","184093500","172123700","11969000","31415400"
"h1-fused-abba-3","3","fused","100000","370","38521300","83208500","134006300","133867700","138300","0"
"h1-fused-abba-3","3","fused","100000","371","36422000","70494900","107161400","107155900","5300","0"
"h1-fused-abba-3","3","fused","100000","372","32478600","84414800","117074400","117069200","5100","0"
"h1-fused-abba-3","3","fused","100000","373","36976500","81151200","118290600","118282700","7400","0"
"h1-fused-abba-3","3","fused","100000","374","36979500","81550100","118707800","118702300","5300","0"
"h1-fused-abba-3","3","fused","100000","375","36249300","81345200","117768500","117763100","5200","0"
"h1-fused-abba-3","3","fused","100000","376","33161900","67974800","101314700","101305300","9100","0"
"h1-fused-abba-3","3","fused","100000","377","40045900","67452600","107970900","107830300","140500","0"
"h1-fused-abba-3","3","fused","100000","378","30744000","68151600","99698300","99525300","172700","0"
"h1-fused-abba-3","3","fused","100000","379","32944100","79299900","112897100","112746800","150000","0"
"h1-fused-abba-3","3","fused","100000","380","36719900","84034900","121024700","121019000","5600","0"
"h1-fused-abba-3","3","fused","100000","381","37309500","69211100","106944000","106801000","142900","0"
"h1-fused-abba-3","3","fused","100000","382","32131800","68882400","101346100","101275500","70300","0"
"h1-fused-abba-3","3","fused","100000","383","30154500","68402200","98759600","98751200","8200","0"
"h1-fused-abba-3","3","fused","100000","384","37849400","78326800","116346100","116335300","10500","0"
"h1-fused-abba-3","3","fused","100000","385","44139400","84542200","257306400","240766600","16539100","42326100"
"h1-fused-abba-3","3","fused","100000","386","37992000","84600200","142259800","142144500","115100","0"
"h1-fused-abba-3","3","fused","100000","387","37128900","73648900","111225600","111127200","98000","0"
"h1-fused-abba-3","3","fused","100000","388","30806000","68694600","99695200","99689400","5600","0"
"h1-fused-abba-3","3","fused","100000","389","32170800","73105200","105417200","105412000","4900","0"
"h1-fused-abba-3","3","fused","100000","390","37940500","73397900","111479800","111474000","5600","0"
"h1-fused-abba-3","3","fused","100000","391","32601300","67244900","100066400","99997900","68200","0"
"h1-fused-abba-3","3","fused","100000","392","31246200","66898700","98313200","98305000","7900","0"
"h1-fused-abba-3","3","fused","100000","393","32651900","68803800","101649200","101639000","9900","0"
"h1-fused-abba-3","3","fused","100000","394","32042200","73907600","106118700","106113600","5000","0"
"h1-fused-abba-3","3","fused","100000","395","34146000","77320800","111692700","111625900","66600","0"
"h1-fused-abba-3","3","fused","100000","396","33866100","66057500","100080400","100075200","5000","0"
"h1-fused-abba-3","3","fused","100000","397","33876600","68812700","102854200","102848800","5100","0"
"h1-fused-abba-3","3","fused","100000","398","33561800","84734900","118812000","118627700","184000","0"
"h1-fused-abba-3","3","fused","100000","399","32884900","71776100","105109000","105018400","90300","0"
"h1-fused-abba-3","3","fused","100000","400","31163800","66613400","97978300","97973000","5100","0"
"h1-fused-abba-3","3","fused","100000","401","31282400","66136200","184832200","175080200","9751400","35717700"
"h1-fused-abba-3","3","fused","100000","402","32017700","72658000","115414400","115409100","5100","0"
"h1-fused-abba-3","3","fused","100000","403","32613500","71887100","104943800","104798900","144600","0"
"h1-fused-abba-3","3","fused","100000","404","30925200","74635400","105853300","105845800","7200","0"
"h1-fused-abba-3","3","fused","100000","405","35331700","72001500","107481900","107476300","5400","0"
"h1-fused-abba-3","3","fused","100000","406","33603400","71975800","106339300","106081200","257900","0"
"h1-fused-abba-3","3","fused","100000","407","33707200","70981900","105100000","105093500","6400","0"
"h1-fused-abba-3","3","fused","100000","408","32660200","70422300","103337800","103255600","81800","0"
"h1-fused-abba-3","3","fused","100000","409","32847500","71347500","104633000","104452700","180100","0"
"h1-fused-abba-3","3","fused","100000","410","33360600","72688200","106330900","106324200","6500","0"
"h1-fused-abba-3","3","fused","100000","411","33714100","70816300","104694400","104688800","5400","0"
"h1-fused-abba-3","3","fused","100000","412","33100500","71811500","105076900","105071300","5400","0"
"h1-fused-abba-3","3","fused","100000","413","34414100","71862300","106825400","106673100","152000","0"
"h1-fused-abba-3","3","fused","100000","414","34027500","71798400","106595100","106400200","194700","0"
"h1-fused-abba-3","3","fused","100000","415","33802100","71228000","105330100","105319800","10100","0"
"h1-fused-abba-3","3","fused","100000","416","33693300","71562500","105561900","105469000","92700","0"
"h1-fused-abba-3","3","fused","100000","417","33622600","73133500","209049500","197908900","11140200","45986100"
"h1-fused-abba-3","3","fused","100000","418","33004700","71466900","116986600","116981000","5200","0"
"h1-fused-abba-3","3","fused","100000","419","34326800","71870000","106348200","106342900","5100","0"
"h1-fused-abba-3","3","fused","100000","420","32655500","76116700","110291600","109748600","542800","0"
"h1-fused-abba-3","3","fused","100000","421","32247400","71998600","106086900","106018800","67900","0"
"h1-fused-abba-3","3","fused","100000","422","33576600","70818100","104547800","104542500","5100","0"
"h1-fused-abba-3","3","fused","100000","423","32975500","71171700","104309100","104302000","6700","0"
"h1-fused-abba-3","3","fused","100000","424","31792700","69276600","101230000","101223400","6100","0"
"h1-fused-abba-3","3","fused","100000","425","32654800","72077600","105753200","105343700","409300","0"
"h1-fused-abba-3","3","fused","100000","426","32278700","71714900","104647000","104523200","123600","0"
"h1-fused-abba-3","3","fused","100000","427","32633900","74143900","107049900","107044300","5300","0"
"h1-fused-abba-3","3","fused","100000","428","32012100","78994000","111171800","111166400","5100","0"
"h1-fused-abba-3","3","fused","100000","429","39167600","82573500","122347000","122239600","107200","0"
"h1-fused-abba-3","3","fused","100000","430","38177800","82556700","121161200","121063900","97000","0"
"h1-fused-abba-3","3","fused","100000","431","36641600","80211300","117550700","117544600","5900","0"
"h1-fused-abba-3","3","fused","100000","432","36777800","82886000","119962500","119952000","10300","0"
"h1-fused-abba-3","3","fused","100000","433","38120900","82410700","255068200","242758300","12309200","68792900"
"h1-fused-abba-3","3","fused","100000","434","35714300","83249300","133549900","133285200","264600","0"
"h1-fused-abba-3","3","fused","100000","435","36843800","71401700","108585700","108579900","5600","0"
"h1-fused-abba-3","3","fused","100000","436","31124600","64566800","95861700","95853600","7900","0"
"h1-fused-abba-3","3","fused","100000","437","35735100","79242900","115306800","115190400","116100","0"
"h1-fused-abba-3","3","fused","100000","438","38816800","84760400","123870800","123865500","4900","0"
"h1-fused-abba-3","3","fused","100000","439","38004400","81944400","120655700","120298300","357100","0"
"h1-fused-abba-3","3","fused","100000","440","36421200","79552800","116485600","116477100","8300","0"
"h1-fused-abba-3","3","fused","100000","441","35761500","80645300","116755700","116656400","98900","0"
"h1-fused-abba-3","3","fused","100000","442","36802400","80193200","117212400","117207300","4800","0"
"h1-fused-abba-3","3","fused","100000","443","36336200","82471400","118971700","118966000","5400","0"
"h1-fused-abba-3","3","fused","100000","444","36360600","82834800","119325100","119319500","5400","0"
"h1-fused-abba-3","3","fused","100000","445","37623600","83524600","123032100","121926000","1105800","0"
"h1-fused-abba-3","3","fused","100000","446","37537900","83926200","124250500","124023400","227000","0"
"h1-fused-abba-3","3","fused","100000","447","35433700","82107100","117932000","117865100","66700","0"
"h1-fused-abba-3","3","fused","100000","448","38167200","81936000","120501900","120366700","135000","0"
"h1-fused-abba-3","3","fused","100000","449","43892400","79371600","279986000","265408400","14576900","62078200"
"h1-fused-abba-3","3","fused","100000","450","31227600","67153000","115542200","115415900","126200","0"
"h1-fused-abba-3","3","fused","100000","451","32077200","66753900","99134200","99032100","101900","0"
"h1-fused-abba-3","3","fused","100000","452","30316600","66532400","97149400","97059900","89400","0"
"h1-fused-abba-3","3","fused","100000","453","31118200","66095100","97418600","97413600","4900","0"
"h1-fused-abba-3","3","fused","100000","454","31183200","66660600","97990200","97984800","5200","0"
"h1-fused-abba-3","3","fused","100000","455","31680000","67494600","99327000","99321700","5000","0"
"h1-fused-abba-3","3","fused","100000","456","30523600","66302800","97150300","97047700","102300","0"
"h1-fused-abba-3","3","fused","100000","457","31418300","80837900","112479100","112474000","4900","0"
"h1-fused-abba-3","3","fused","100000","458","38095900","83121400","121704600","121478600","225800","0"
"h1-fused-abba-3","3","fused","100000","459","33310500","68549200","102068300","102062800","5200","0"
"h1-fused-abba-3","3","fused","100000","460","30869900","66697500","97780200","97714000","66000","0"
"h1-fused-abba-3","3","fused","100000","461","31154500","66756200","98129700","98056900","72600","0"
"h1-fused-abba-3","3","fused","100000","462","31369300","70280800","101794400","101788900","5300","0"
"h1-fused-abba-3","3","fused","100000","463","31860300","70651600","102723000","102707700","15100","0"
"h1-fused-abba-3","3","fused","100000","464","35503500","73288700","109707900","109285400","422100","0"
"h1-fused-abba-3","3","fused","100000","465","32913000","66456700","228331700","216859600","11471600","64322000"
"h1-fused-abba-3","3","fused","100000","466","31158900","68796000","113644500","113442200","202100","0"
"h1-fused-abba-3","3","fused","100000","467","30834300","66386400","97555000","97539700","14900","0"
"h1-fused-abba-3","3","fused","100000","468","31197900","65967000","97708400","97490200","217800","0"
"h1-fused-abba-3","3","fused","100000","469","30931400","65429600","96609800","96604400","5200","0"
"h1-fused-abba-3","3","fused","100000","470","31584000","65648900","97374700","97369600","4900","0"
"h1-fused-abba-3","3","fused","100000","471","32472900","69223600","102271100","102073600","197200","0"
"h1-fused-abba-3","3","fused","100000","472","30178500","70298600","100835500","100826800","8500","0"
"h1-fused-abba-3","3","fused","100000","473","33410100","71151900","104807100","104729200","77800","0"
"h1-fused-abba-3","3","fused","100000","474","32849000","71503500","104545000","104538600","6200","0"
"h1-fused-abba-3","3","fused","100000","475","32593400","70484700","103238600","103232900","5200","0"
"h1-fused-abba-3","3","fused","100000","476","32888600","71872700","104950000","104935100","14700","0"
"h1-fused-abba-3","3","fused","100000","477","32999300","70069500","103361600","103356300","5000","0"
"h1-fused-abba-3","3","fused","100000","478","32368500","72008600","104790600","104655900","134400","0"
"h1-fused-abba-3","3","fused","100000","479","32447400","71281400","104021000","104014900","5800","0"
"h1-fused-abba-3","3","fused","100000","480","34331500","83670300","123085200","120772800","2312100","0"
"h1-fused-abba-3","3","fused","100000","481","33070200","71187000","218149700","205474700","12674400","46457400"
"h1-fused-abba-3","3","fused","100000","482","33875800","70155900","117959800","117954500","4800","0"
"h1-fused-abba-3","3","fused","100000","483","31084100","70089500","101331300","101323900","7200","0"
"h1-fused-abba-3","3","fused","100000","484","32282300","72306000","104757600","104752600","4700","0"
"h1-fused-abba-3","3","fused","100000","485","32438100","70714500","103323800","103317500","6000","0"
"h1-fused-abba-3","3","fused","100000","486","32342300","64948100","97928800","97699000","229600","0"
"h1-fused-abba-3","3","fused","100000","487","31624700","64379500","96483400","96376300","106800","0"
"h1-fused-abba-3","3","fused","100000","488","32035700","65425200","98106800","97914000","192300","0"
"h1-fused-abba-3","3","fused","100000","489","31656200","66072200","98505900","98285200","220500","0"
"h1-fused-abba-3","3","fused","100000","490","30777300","63421400","94516400","94511100","5100","0"
"h1-fused-abba-3","3","fused","100000","491","31273000","74708800","106468900","106320400","148400","0"
"h1-fused-abba-3","3","fused","100000","492","37330200","81213000","119245300","119138600","106500","0"
"h1-fused-abba-3","3","fused","100000","493","37588400","80083700","117884600","117876100","8300","0"
"h1-fused-abba-3","3","fused","100000","494","35068100","66254400","101521300","101510900","10200","0"
"h1-fused-abba-3","3","fused","100000","495","30776900","65097900","96041400","96031200","9900","0"
"h1-fused-abba-3","3","fused","100000","496","31340500","64637300","96289900","96190500","99100","0"
"h1-fused-abba-3","3","fused","100000","497","32253100","83689000","238393000","224903500","13489000","56702000"
"h1-fused-abba-3","3","fused","100000","498","33498900","83826500","131546200","131046100","500000","0"
"h1-fused-abba-3","3","fused","100000","499","37653100","78909600","117164900","117102200","62500","0"
"h1-fused-abba-3","3","fused","100000","500","35191600","78733900","114234800","114135500","99100","0"
"h1-fused-abba-3","3","fused","100000","501","36320200","78836600","115553000","115544900","7900","0"
"h1-fused-abba-3","3","fused","100000","502","35252800","74110500","109491900","109486200","5400","0"
"h1-fused-abba-3","3","fused","100000","503","31448300","65042100","97648100","97241100","406800","0"
"h1-fused-abba-3","3","fused","100000","504","30396800","68527900","99763800","99603700","159900","0"
"h1-fused-abba-3","3","fused","100000","505","37840600","83271300","125533400","123555600","1977700","0"
"h1-fused-abba-3","3","fused","100000","506","33661900","66133200","101553000","101546300","6600","0"
"h1-fused-abba-3","3","fused","100000","507","34883200","78536300","113893300","113793500","99500","0"
"h1-fused-abba-3","3","fused","100000","508","35339600","77775900","113315400","113309900","5100","0"
"h1-fused-abba-3","3","fused","100000","509","36320900","76232700","112703500","112692800","10400","0"
"h1-fused-abba-3","3","fused","100000","510","30116600","62882500","93357000","93239800","117100","0"
"h1-fused-abba-3","3","fused","100000","511","29903300","63735500","94147500","93986200","161200","0"
"h1-fused-abba-3","3","fused","100000","512","30615200","65312600","96418100","96277000","140800","0"
"h0-reference-abba-4","4","reference","100000","65","33081800","84782500","147710800","142557000","5153400","2728700"
"h0-reference-abba-4","4","reference","100000","66","33651600","87534600","125259800","125254000","5600","0"
"h0-reference-abba-4","4","reference","100000","67","30176300","69174900","99535800","99462200","73200","0"
"h0-reference-abba-4","4","reference","100000","68","34390600","83562900","118069500","118063700","5500","0"
"h0-reference-abba-4","4","reference","100000","69","36476300","75965600","112563100","112557700","5200","0"
"h0-reference-abba-4","4","reference","100000","70","30508400","74269500","104898300","104892500","5500","0"
"h0-reference-abba-4","4","reference","100000","71","32174300","71006400","103305100","103299300","5300","0"
"h0-reference-abba-4","4","reference","100000","72","28465100","70429700","99006100","99000700","5400","0"
"h0-reference-abba-4","4","reference","100000","73","29086300","70181800","99383600","99378100","5200","0"
"h0-reference-abba-4","4","reference","100000","74","28566500","70690300","99371500","99366100","5200","0"
"h0-reference-abba-4","4","reference","100000","75","28370100","70464500","98950300","98945000","5000","0"
"h0-reference-abba-4","4","reference","100000","76","29352600","69425300","98892200","98886600","5400","0"
"h0-reference-abba-4","4","reference","100000","77","30731500","73660700","104508100","104502700","5200","0"
"h0-reference-abba-4","4","reference","100000","78","30582800","73622800","104335100","104328600","6300","0"
"h0-reference-abba-4","4","reference","100000","79","29284300","73574900","102980000","102974800","5000","0"
"h0-reference-abba-4","4","reference","100000","80","29404300","75631000","105239000","105168000","70700","0"
"h0-reference-abba-4","4","reference","100000","81","29766600","70298700","115880700","113608600","2271900","2515500"
"h0-reference-abba-4","4","reference","100000","82","30302900","73986400","106291100","106285200","5700","0"
"h0-reference-abba-4","4","reference","100000","83","29948900","74049100","104118300","104112900","5100","0"
"h0-reference-abba-4","4","reference","100000","84","30469700","75836900","107265200","106898300","366700","0"
"h0-reference-abba-4","4","reference","100000","85","29251000","68724400","102571400","102360100","211000","3034400"
"h0-reference-abba-4","4","reference","100000","86","30182100","68170900","98613100","98607400","5300","0"
"h0-reference-abba-4","4","reference","100000","87","29954700","68455600","98526300","98521300","4900","0"
"h0-reference-abba-4","4","reference","100000","88","29864600","72722700","102715100","102709600","5300","0"
"h0-reference-abba-4","4","reference","100000","89","29716200","75930300","105769300","105764100","5000","0"
"h0-reference-abba-4","4","reference","100000","90","29991600","68806800","98913800","98908600","5000","0"
"h0-reference-abba-4","4","reference","100000","91","30244800","68569000","98933400","98928300","4900","0"
"h0-reference-abba-4","4","reference","100000","92","29002400","74525000","103664100","103658300","5600","0"
"h0-reference-abba-4","4","reference","100000","93","37020800","74181500","111585500","111424400","160900","0"
"h0-reference-abba-4","4","reference","100000","94","30955600","73164100","105500900","104962200","538400","0"
"h0-reference-abba-4","4","reference","100000","95","30745700","73633200","105795900","105415800","380000","0"
"h0-reference-abba-4","4","reference","100000","96","30920100","72194600","103505100","103499500","5500","0"
"h0-reference-abba-4","4","reference","100000","97","32074100","76609600","126948000","124456600","2491000","4977900"
"h0-reference-abba-4","4","reference","100000","98","31504200","77036900","110856300","110850800","5100","0"
"h0-reference-abba-4","4","reference","100000","99","32718700","71408200","104242600","104236900","5600","0"
"h0-reference-abba-4","4","reference","100000","100","30663500","75299000","106078700","106073000","5500","0"
"h0-reference-abba-4","4","reference","100000","101","32456600","71808800","104377600","104371900","5500","0"
"h0-reference-abba-4","4","reference","100000","102","30632000","72265500","103036500","103030500","5800","0"
"h0-reference-abba-4","4","reference","100000","103","31048300","72853100","104457700","104268600","188800","0"
"h0-reference-abba-4","4","reference","100000","104","36931200","82818200","125760900","123196600","2563800","0"
"h0-reference-abba-4","4","reference","100000","105","33877300","89801900","126360800","126289000","71700","0"
"h0-reference-abba-4","4","reference","100000","106","36547500","91136300","127918400","127854100","64000","0"
"h0-reference-abba-4","4","reference","100000","107","35732900","90711200","126563200","126557300","5700","0"
"h0-reference-abba-4","4","reference","100000","108","33124000","75513400","108786100","108779600","6200","0"
"h0-reference-abba-4","4","reference","100000","109","31453800","74170000","105747900","105741900","5700","0"
"h0-reference-abba-4","4","reference","100000","110","31518700","75354600","106993800","106988500","5300","0"
"h0-reference-abba-4","4","reference","100000","111","31956700","74462000","106534600","106529300","5100","0"
"h0-reference-abba-4","4","reference","100000","112","31238100","73194900","104545300","104540200","5000","0"
"h0-reference-abba-4","4","reference","100000","113","37418000","77475300","138195000","136220700","1974100","10267800"
"h0-reference-abba-4","4","reference","100000","114","30983100","74466300","107582200","107425000","157100","0"
"h0-reference-abba-4","4","reference","100000","115","31137600","74188200","105436600","105431500","4900","0"
"h0-reference-abba-4","4","reference","100000","116","30766500","74117100","105072800","105064000","8400","0"
"h0-reference-abba-4","4","reference","100000","117","30837800","74540800","105522500","105512000","10400","0"
"h0-reference-abba-4","4","reference","100000","118","31030100","81459000","112726600","112720600","5800","0"
"h0-reference-abba-4","4","reference","100000","119","34573300","84766300","119504800","119445600","58900","0"
"h0-reference-abba-4","4","reference","100000","120","30952200","75602400","106880700","106775400","105000","0"
"h0-reference-abba-4","4","reference","100000","121","31583400","74172100","106209300","106074200","134900","0"
"h0-reference-abba-4","4","reference","100000","122","32290100","78393400","113127100","112166800","960000","0"
"h0-reference-abba-4","4","reference","100000","123","31163800","74047500","106219100","106213100","5800","0"
"h0-reference-abba-4","4","reference","100000","124","30948600","74346300","105422900","105415500","7300","0"
"h0-reference-abba-4","4","reference","100000","125","30833700","74729000","105695900","105690300","5500","0"
"h0-reference-abba-4","4","reference","100000","126","35935000","83381800","119609800","119516700","92900","0"
"h0-reference-abba-4","4","reference","100000","127","31890400","75127800","107268100","107194900","73000","0"
"h0-reference-abba-4","4","reference","100000","128","31258000","75137500","106500200","106494700","5300","0"
"h0-reference-abba-4","4","reference","100000","129","36173700","92120200","186267600","176579500","9687600","9355400"
"h0-reference-abba-4","4","reference","100000","130","36866100","96187600","144430800","144424500","6100","0"
"h0-reference-abba-4","4","reference","100000","131","37401800","92676200","130224800","130215500","9100","0"
"h0-reference-abba-4","4","reference","100000","132","46541300","82255900","129373500","129161800","211400","0"
"h0-reference-abba-4","4","reference","100000","133","31524500","75474900","107257600","107252100","5400","0"
"h0-reference-abba-4","4","reference","100000","134","33204000","89799800","123131200","123125700","5400","0"
"h0-reference-abba-4","4","reference","100000","135","33068100","76747900","110393800","110197300","196400","0"
"h0-reference-abba-4","4","reference","100000","136","33965400","76643500","112230300","111701600","528400","0"
"h0-reference-abba-4","4","reference","100000","137","31884700","80316200","112759400","112753400","5600","0"
"h0-reference-abba-4","4","reference","100000","138","32532500","80984200","113647400","113642200","5000","0"
"h0-reference-abba-4","4","reference","100000","139","32757200","75105900","108174800","108072900","101700","0"
"h0-reference-abba-4","4","reference","100000","140","30181400","75459100","105846900","105841400","5400","0"
"h0-reference-abba-4","4","reference","100000","141","32260300","74600200","106985500","106979700","5600","0"
"h0-reference-abba-4","4","reference","100000","142","32762000","75147400","108022300","108016700","5300","0"
"h0-reference-abba-4","4","reference","100000","143","32392100","77415900","109923800","109918000","5600","0"
"h0-reference-abba-4","4","reference","100000","144","33838500","85296400","121892100","120707400","1184400","0"
"h0-reference-abba-4","4","reference","100000","145","31800500","74864300","140445900","136744600","3700800","10535700"
"h0-reference-abba-4","4","reference","100000","146","31701500","77792100","114248600","113768600","479700","0"
"h0-reference-abba-4","4","reference","100000","147","29331200","75921600","106101600","106096100","5200","0"
"h0-reference-abba-4","4","reference","100000","148","30429300","76047300","106595400","106589500","5700","0"
"h0-reference-abba-4","4","reference","100000","149","30277300","74702600","105099300","105093900","5200","0"
"h0-reference-abba-4","4","reference","100000","150","30490600","74041300","104660100","104651100","8700","0"
"h0-reference-abba-4","4","reference","100000","151","29391900","75771900","105286600","105281400","5000","0"
"h0-reference-abba-4","4","reference","100000","152","30344900","75077900","105535700","105530200","5400","0"
"h0-reference-abba-4","4","reference","100000","153","29905100","79538300","109568200","109562800","5300","0"
"h0-reference-abba-4","4","reference","100000","154","29923400","76225200","106325300","106266300","58800","0"
"h0-reference-abba-4","4","reference","100000","155","29843000","76239900","106239700","106229000","10400","0"
"h0-reference-abba-4","4","reference","100000","156","31505700","80837800","113099900","112855900","243800","0"
"h0-reference-abba-4","4","reference","100000","157","31488400","81276300","113241300","113235800","5300","0"
"h0-reference-abba-4","4","reference","100000","158","32541200","78381500","111068300","111061200","6900","0"
"h0-reference-abba-4","4","reference","100000","159","30031500","75355400","105559700","105498000","61500","0"
"h0-reference-abba-4","4","reference","100000","160","31748600","76187700","108035800","108030400","5300","0"
"h0-reference-abba-4","4","reference","100000","161","31444700","80857200","139800900","135704700","4095700","7056300"
"h0-reference-abba-4","4","reference","100000","162","32552400","76963100","113851900","113790100","61500","0"
"h0-reference-abba-4","4","reference","100000","163","31528600","75606000","107265100","107259500","5400","0"
"h0-reference-abba-4","4","reference","100000","164","30159300","76914500","107203900","107198300","5400","0"
"h0-reference-abba-4","4","reference","100000","165","30819900","77413600","108524500","108435900","88500","0"
"h0-reference-abba-4","4","reference","100000","166","31614300","76824400","109120300","108844500","275300","0"
"h0-reference-abba-4","4","reference","100000","167","35145800","92637000","128271800","128167800","103900","0"
"h0-reference-abba-4","4","reference","100000","168","34469500","93332500","128228100","128112300","115600","0"
"h0-reference-abba-4","4","reference","100000","169","34565000","93713900","128499700","128494000","5400","0"
"h0-reference-abba-4","4","reference","100000","170","36799600","93975000","131080000","130998400","81500","0"
"h0-reference-abba-4","4","reference","100000","171","36341400","94040300","130524700","130519000","5400","0"
"h0-reference-abba-4","4","reference","100000","172","36042200","92808700","129039500","128978500","60700","0"
"h0-reference-abba-4","4","reference","100000","173","35628200","88304200","124055100","124049800","5000","0"
"h0-reference-abba-4","4","reference","100000","174","36456900","92683100","129271900","129266500","5200","0"
"h0-reference-abba-4","4","reference","100000","175","31130000","75737100","106985900","106980600","5100","0"
"h0-reference-abba-4","4","reference","100000","176","32388200","74862200","107372900","107367400","5200","0"
"h0-reference-abba-4","4","reference","100000","177","32628000","75980200","137939600","133528100","4411200","8863300"
"h0-reference-abba-4","4","reference","100000","178","34316300","92300500","130329500","130323900","5400","0"
"h0-reference-abba-4","4","reference","100000","179","36009600","93583500","129948600","129943000","5400","0"
"h0-reference-abba-4","4","reference","100000","180","37661000","96249900","134036500","134031000","5200","0"
"h0-reference-abba-4","4","reference","100000","181","35672700","93987500","129973400","129868200","104900","0"
"h0-reference-abba-4","4","reference","100000","182","34339300","84199300","118724700","118719000","5400","0"
"h0-reference-abba-4","4","reference","100000","183","31499700","78294800","110121000","110011200","109600","0"
"h0-reference-abba-4","4","reference","100000","184","31495600","77277700","108991100","108976200","14400","0"
"h0-reference-abba-4","4","reference","100000","185","36559800","76893300","113793200","113672400","120800","0"
"h0-reference-abba-4","4","reference","100000","186","37430800","95264800","132974800","132969000","5600","0"
"h0-reference-abba-4","4","reference","100000","187","36829200","92573400","129530300","129524900","5100","0"
"h0-reference-abba-4","4","reference","100000","188","35988700","93032600","129154600","129148700","5800","0"
"h0-reference-abba-4","4","reference","100000","189","36404300","93666000","131024900","130713600","310800","0"
"h0-reference-abba-4","4","reference","100000","190","35758700","92881300","129010300","129004800","5300","0"
"h0-reference-abba-4","4","reference","100000","191","36763800","92724900","129620000","129614300","5600","0"
"h0-reference-abba-4","4","reference","100000","192","34998500","90140600","125274500","125262900","11400","0"
"h0-reference-abba-4","4","reference","100000","193","40717000","96365000","213992200","202884300","11107400","14289500"
"h0-reference-abba-4","4","reference","100000","194","36333600","94006500","142910400","142905000","5200","0"
"h0-reference-abba-4","4","reference","100000","195","38339500","93306700","131779700","131774200","5300","0"
"h0-reference-abba-4","4","reference","100000","196","30965700","80200300","111482200","111370600","111400","0"
"h0-reference-abba-4","4","reference","100000","197","32157100","82868500","115240900","115228700","11800","0"
"h0-reference-abba-4","4","reference","100000","198","30286400","74288500","104784800","104710300","74200","0"
"h0-reference-abba-4","4","reference","100000","199","30558200","76888500","107567700","107562500","5100","0"
"h0-reference-abba-4","4","reference","100000","200","30290900","74934900","105347900","105341400","6400","0"
"h0-reference-abba-4","4","reference","100000","201","31591000","74902500","106623900","106618100","5600","0"
"h0-reference-abba-4","4","reference","100000","202","28826900","76431600","105606400","105492700","113500","0"
"h0-reference-abba-4","4","reference","100000","203","29007100","76463400","105655300","105649700","5200","0"
"h0-reference-abba-4","4","reference","100000","204","30473800","75328500","105913400","105907800","5400","0"
"h0-reference-abba-4","4","reference","100000","205","29423300","75935400","105485400","105480200","5000","0"
"h0-reference-abba-4","4","reference","100000","206","30785200","77218400","108125700","108120300","5300","0"
"h0-reference-abba-4","4","reference","100000","207","31238300","80909100","112266100","112260500","5400","0"
"h0-reference-abba-4","4","reference","100000","208","31997500","81653000","113790500","113784100","6200","0"
"h0-reference-abba-4","4","reference","100000","209","31713700","81427500","157889100","151369300","6519100","12823000"
"h0-reference-abba-4","4","reference","100000","210","32880700","81949600","121577600","121572100","5200","0"
"h0-reference-abba-4","4","reference","100000","211","32022800","81824700","114041400","113972700","68400","0"
"h0-reference-abba-4","4","reference","100000","212","34593500","82287300","117036000","117030200","5700","0"
"h0-reference-abba-4","4","reference","100000","213","30982700","82911500","114043500","114036400","6800","0"
"h0-reference-abba-4","4","reference","100000","214","32127400","81867200","114134600","114129100","5300","0"
"h0-reference-abba-4","4","reference","100000","215","31944800","83142000","115234800","115226900","7600","0"
"h0-reference-abba-4","4","reference","100000","216","30404700","80850900","111427200","111421300","5700","0"
"h0-reference-abba-4","4","reference","100000","217","32368700","82048400","114553900","114547800","6000","0"
"h0-reference-abba-4","4","reference","100000","218","39612200","80142600","119909600","119899400","10200","0"
"h0-reference-abba-4","4","reference","100000","219","32796300","76271400","109208800","109200100","8300","0"
"h0-reference-abba-4","4","reference","100000","220","30462600","77763800","108368800","108363100","5500","0"
"h0-reference-abba-4","4","reference","100000","221","32071600","77330200","109526600","109521500","5000","0"
"h0-reference-abba-4","4","reference","100000","222","31897900","75751200","107771600","107766100","5300","0"
"h0-reference-abba-4","4","reference","100000","223","33202400","81280800","114614800","114609300","5000","0"
"h0-reference-abba-4","4","reference","100000","224","32553200","80485700","113634900","113376800","257800","0"
"h0-reference-abba-4","4","reference","100000","225","31717900","76512700","148360100","143044500","5315200","11179800"
"h0-reference-abba-4","4","reference","100000","226","31749000","77118400","115542000","115324700","216800","0"
"h0-reference-abba-4","4","reference","100000","227","29923500","78587300","108710200","108704700","5300","0"
"h0-reference-abba-4","4","reference","100000","228","31327500","76555200","108002400","107996800","5400","0"
"h0-reference-abba-4","4","reference","100000","229","30112400","78074800","108482900","108389100","93500","0"
"h0-reference-abba-4","4","reference","100000","230","30740000","77802500","108764100","108758300","5700","0"
"h0-reference-abba-4","4","reference","100000","231","35738400","95125100","131106800","131018900","87700","0"
"h0-reference-abba-4","4","reference","100000","232","31231900","82421900","113811700","113806000","5200","0"
"h0-reference-abba-4","4","reference","100000","233","31366700","86773100","118648600","118541900","106600","0"
"h0-reference-abba-4","4","reference","100000","234","32594800","85237900","118043700","118037800","5700","0"
"h0-reference-abba-4","4","reference","100000","235","37256400","91426900","128825700","128817300","8100","0"
"h0-reference-abba-4","4","reference","100000","236","31877400","79248200","111268900","111263300","5500","0"
"h0-reference-abba-4","4","reference","100000","237","31321900","78969000","110434200","110428800","5300","0"
"h0-reference-abba-4","4","reference","100000","238","32086500","94454800","127054100","126926300","127700","0"
"h0-reference-abba-4","4","reference","100000","239","36386800","85867500","122443300","122437400","5800","0"
"h0-reference-abba-4","4","reference","100000","240","30854700","78609000","109598800","109593400","5200","0"
"h0-reference-abba-4","4","reference","100000","241","34095400","96206300","173834800","167047600","6786800","11392800"
"h0-reference-abba-4","4","reference","100000","242","38413300","94750500","141277500","141095200","182100","0"
"h0-reference-abba-4","4","reference","100000","243","38720600","96737500","135647900","135642000","5800","0"
"h0-reference-abba-4","4","reference","100000","244","35156500","98394800","133695900","133690400","5300","0"
"h0-reference-abba-4","4","reference","100000","245","38635500","80721500","119493800","119487200","6500","0"
"h0-reference-abba-4","4","reference","100000","246","34066200","84828700","119120700","119057000","63500","0"
"h0-reference-abba-4","4","reference","100000","247","37331500","92705100","130169300","130163400","5500","0"
"h0-reference-abba-4","4","reference","100000","248","35445400","96292200","132021400","131935900","85400","0"
"h0-reference-abba-4","4","reference","100000","249","38362300","97155200","135900100","135894800","5100","0"
"h0-reference-abba-4","4","reference","100000","250","34992500","78948400","114260100","114151400","108300","0"
"h0-reference-abba-4","4","reference","100000","251","31170100","76761100","108186000","108128600","57100","0"
"h0-reference-abba-4","4","reference","100000","252","39160500","88626100","127917400","127911900","5400","0"
"h0-reference-abba-4","4","reference","100000","253","31839700","77593600","109557500","109551600","5700","0"
"h0-reference-abba-4","4","reference","100000","254","32393400","77646000","110346700","110238500","108000","0"
"h0-reference-abba-4","4","reference","100000","255","32329500","81542700","114095800","114088400","6900","0"
"h0-reference-abba-4","4","reference","100000","256","34159700","84667300","118938300","118932400","5800","0"
"h0-reference-abba-4","4","reference","100000","257","36566100","79671400","543340700","527615400","15724800","358153900"
"h0-reference-abba-4","4","reference","100000","258","32013300","78289300","122856500","122851400","4900","0"
"h0-reference-abba-4","4","reference","100000","259","31675000","76997200","108797500","108792200","5100","0"
"h0-reference-abba-4","4","reference","100000","260","32474500","77721800","110532800","110418700","113800","0"
"h0-reference-abba-4","4","reference","100000","261","33097800","80624900","113920300","113915000","5100","0"
"h0-reference-abba-4","4","reference","100000","262","33882800","82863300","116927200","116920400","6500","0"
"h0-reference-abba-4","4","reference","100000","263","34558000","83429600","118140800","118131500","9100","0"
"h0-reference-abba-4","4","reference","100000","264","33951700","82478800","116635000","116559900","74900","0"
"h0-reference-abba-4","4","reference","100000","265","35156100","81255300","116556800","116550100","6400","0"
"h0-reference-abba-4","4","reference","100000","266","32662500","83489500","116294800","116288700","5900","0"
"h0-reference-abba-4","4","reference","100000","267","34394200","77679000","112220800","112215000","5600","0"
"h0-reference-abba-4","4","reference","100000","268","33550700","82836000","116537300","116528400","8600","0"
"h0-reference-abba-4","4","reference","100000","269","34637200","82810400","117586900","117581100","5600","0"
"h0-reference-abba-4","4","reference","100000","270","33502500","83162200","116835300","116829600","5500","0"
"h0-reference-abba-4","4","reference","100000","271","33706300","77118900","111017000","110942500","74300","0"
"h0-reference-abba-4","4","reference","100000","272","31949200","75407600","107483500","107478000","5300","0"
"h0-reference-abba-4","4","reference","100000","273","33091600","77268200","168268500","161291700","6976300","21388100"
"h0-reference-abba-4","4","reference","100000","274","32169300","78151400","118248800","118243400","5200","0"
"h0-reference-abba-4","4","reference","100000","275","31670500","76331000","108117800","108112600","5000","0"
"h0-reference-abba-4","4","reference","100000","276","32200300","77734100","110066400","110057800","8300","0"
"h0-reference-abba-4","4","reference","100000","277","32503400","77130600","109829000","109756900","71900","0"
"h0-reference-abba-4","4","reference","100000","278","31753400","77832700","109730300","109722900","7100","0"
"h0-reference-abba-4","4","reference","100000","279","30677200","78016500","108817800","108811800","5800","0"
"h0-reference-abba-4","4","reference","100000","280","32571900","74966800","107680000","107669800","10000","0"
"h0-reference-abba-4","4","reference","100000","281","32010500","76014900","108152000","108146200","5600","0"
"h0-reference-abba-4","4","reference","100000","282","32200500","82548200","115218400","115018500","199700","0"
"h0-reference-abba-4","4","reference","100000","283","37739300","95457200","133945500","133939000","6100","0"
"h0-reference-abba-4","4","reference","100000","284","39141400","94654100","134157700","134058000","99600","0"
"h0-reference-abba-4","4","reference","100000","285","38697400","94891300","133783500","133777900","5500","0"
"h0-reference-abba-4","4","reference","100000","286","38591300","98513700","137230200","137224500","5400","0"
"h0-reference-abba-4","4","reference","100000","287","37390600","93373200","130893000","130887100","5600","0"
"h0-reference-abba-4","4","reference","100000","288","37970500","92534500","130804900","130691800","112900","0"
"h0-reference-abba-4","4","reference","100000","289","41508200","94273500","220780400","210822200","9957800","38851400"
"h0-reference-abba-4","4","reference","100000","290","38778400","96619800","145056100","144935000","121100","0"
"h0-reference-abba-4","4","reference","100000","291","38319800","94520500","133076800","133071600","5100","0"
"h0-reference-abba-4","4","reference","100000","292","38383500","96180200","134926900","134809500","117100","0"
"h0-reference-abba-4","4","reference","100000","293","38243600","97253200","135693900","135688000","5700","0"
"h0-reference-abba-4","4","reference","100000","294","38447500","93428000","132269300","132263800","5300","0"
"h0-reference-abba-4","4","reference","100000","295","37567800","93206600","130914500","130907300","7000","0"
"h0-reference-abba-4","4","reference","100000","296","37623500","95110300","132884000","132878700","5000","0"
"h0-reference-abba-4","4","reference","100000","297","39057300","96394200","135579700","135574200","5300","0"
"h0-reference-abba-4","4","reference","100000","298","39788400","94491200","134421200","134413800","7200","0"
"h0-reference-abba-4","4","reference","100000","299","37405100","95242900","132801400","132793100","8100","0"
"h0-reference-abba-4","4","reference","100000","300","38772400","94602100","133511700","133506600","4900","0"
"h0-reference-abba-4","4","reference","100000","301","38199400","95747800","134253200","134149500","103500","0"
"h0-reference-abba-4","4","reference","100000","302","37126400","94214600","131522300","131516800","5400","0"
"h0-reference-abba-4","4","reference","100000","303","39087900","93650900","132930100","132861800","67900","0"
"h0-reference-abba-4","4","reference","100000","304","38922800","99646400","138749200","138743500","5500","0"
"h0-reference-abba-4","4","reference","100000","305","38354400","95323600","211886100","202066900","9818500","33213200"
"h0-reference-abba-4","4","reference","100000","306","47995000","98840400","156827700","156658700","168800","0"
"h0-reference-abba-4","4","reference","100000","307","36980600","94491000","132061000","131952600","108100","0"
"h0-reference-abba-4","4","reference","100000","308","33814500","92379300","126392600","126387000","5400","0"
"h0-reference-abba-4","4","reference","100000","309","38441700","85499500","124097800","124090600","7000","0"
"h0-reference-abba-4","4","reference","100000","310","34015900","82817600","116990700","116983800","6700","0"
"h0-reference-abba-4","4","reference","100000","311","32779900","82708700","115630700","115624600","5800","0"
"h0-reference-abba-4","4","reference","100000","312","34133300","81645900","115911100","115905700","5100","0"
"h0-reference-abba-4","4","reference","100000","313","32676800","83465200","116271300","116265600","5700","0"
"h0-reference-abba-4","4","reference","100000","314","30278300","77265100","107829200","107738700","90300","0"
"h0-reference-abba-4","4","reference","100000","315","31903500","76803700","108882700","108876900","5600","0"
"h0-reference-abba-4","4","reference","100000","316","31945400","79604100","111741100","111668100","72700","0"
"h0-reference-abba-4","4","reference","100000","317","32717300","76861100","109695400","109690000","5200","0"
"h0-reference-abba-4","4","reference","100000","318","31804200","77333300","109574600","109418300","156000","0"
"h0-reference-abba-4","4","reference","100000","319","31266800","77218300","108707800","108702400","5100","0"
"h0-reference-abba-4","4","reference","100000","320","32318500","77419200","109848800","109840700","7900","0"
"h0-reference-abba-4","4","reference","100000","321","38796600","83528000","231421300","217880400","13540500","34757900"
"h0-reference-abba-4","4","reference","100000","322","33797800","83748700","133553900","133546100","7400","0"
"h0-reference-abba-4","4","reference","100000","323","34327500","82648000","117137000","117126200","10600","0"
"h0-reference-abba-4","4","reference","100000","324","33582700","83590700","117537900","117419800","117800","0"
"h0-reference-abba-4","4","reference","100000","325","34256400","82072000","116509700","116504000","5600","0"
"h0-reference-abba-4","4","reference","100000","326","33263600","82004100","115492500","115482000","10200","0"
"h0-reference-abba-4","4","reference","100000","327","34010500","82991500","117146700","117140700","5800","0"
"h0-reference-abba-4","4","reference","100000","328","33239900","82633100","116012500","116006800","5600","0"
"h0-reference-abba-4","4","reference","100000","329","34403600","83408500","118023100","117949000","73700","0"
"h0-reference-abba-4","4","reference","100000","330","34005700","84574200","119448300","119180100","268000","0"
"h0-reference-abba-4","4","reference","100000","331","33775400","82360600","116667300","116661600","5500","0"
"h0-reference-abba-4","4","reference","100000","332","32685300","82690000","115536800","115528300","8300","0"
"h0-reference-abba-4","4","reference","100000","333","34182700","82210800","116558200","116551900","6000","0"
"h0-reference-abba-4","4","reference","100000","334","32153200","83083600","115375600","115369900","5400","0"
"h0-reference-abba-4","4","reference","100000","335","33239400","82475400","115933500","115854500","78700","0"
"h0-reference-abba-4","4","reference","100000","336","33793100","83361100","117319700","117313700","5700","0"
"h0-reference-abba-4","4","reference","100000","337","33881300","84959500","196524800","186319200","10205100","27138400"
"h0-reference-abba-4","4","reference","100000","338","38083500","94334400","144624000","144618600","5200","0"
"h0-reference-abba-4","4","reference","100000","339","38604400","93206200","131932300","131926800","5300","0"
"h0-reference-abba-4","4","reference","100000","340","41161800","94316900","135609800","135604100","5500","0"
"h0-reference-abba-4","4","reference","100000","341","37998500","95928300","134484600","134287000","197500","0"
"h0-reference-abba-4","4","reference","100000","342","38242800","95737900","134659300","134510600","148500","0"
"h0-reference-abba-4","4","reference","100000","343","37895600","95027100","133340100","133281000","58900","0"
"h0-reference-abba-4","4","reference","100000","344","39968600","92323600","132428100","132418500","9300","0"
"h0-reference-abba-4","4","reference","100000","345","36261600","95626300","132053600","132047800","5500","0"
"h0-reference-abba-4","4","reference","100000","346","38556900","95378600","134068600","134062600","6000","0"
"h0-reference-abba-4","4","reference","100000","347","37965400","96541400","134642100","134636800","5200","0"
"h0-reference-abba-4","4","reference","100000","348","35749400","94076200","130296100","130145300","150500","0"
"h0-reference-abba-4","4","reference","100000","349","36708700","93815000","130925700","130811500","113900","0"
"h0-reference-abba-4","4","reference","100000","350","38400500","97104000","135735500","135729500","5800","0"
"h0-reference-abba-4","4","reference","100000","351","39102700","95638600","134872600","134866800","5600","0"
"h0-reference-abba-4","4","reference","100000","352","38980200","96485400","135810100","135698900","111000","0"
"h0-reference-abba-4","4","reference","100000","353","39597100","95507800","229881100","219448300","10432100","39456800"
"h0-reference-abba-4","4","reference","100000","354","35149800","96999800","143727900","143722500","5100","0"
"h0-reference-abba-4","4","reference","100000","355","37991000","93600300","131719600","131714500","5000","0"
"h0-reference-abba-4","4","reference","100000","356","40272800","94004700","134697500","134542300","155000","0"
"h0-reference-abba-4","4","reference","100000","357","33563600","75854400","109651900","109646400","5300","0"
"h0-reference-abba-4","4","reference","100000","358","32566500","77343500","110253800","110138000","115600","0"
"h0-reference-abba-4","4","reference","100000","359","34120300","76975900","111439900","111344900","94700","0"
"h0-reference-abba-4","4","reference","100000","360","30805900","75220800","106217600","106211900","5600","0"
"h0-reference-abba-4","4","reference","100000","361","33194500","75793000","109125900","109114800","10900","0"
"h0-reference-abba-4","4","reference","100000","362","31425700","75990700","107617100","107541300","75500","0"
"h0-reference-abba-4","4","reference","100000","363","31201100","76890300","108378300","108283500","94500","0"
"h0-reference-abba-4","4","reference","100000","364","32756700","75871100","108820400","108809500","10800","0"
"h0-reference-abba-4","4","reference","100000","365","31994200","75783600","107910400","107904900","5200","0"
"h0-reference-abba-4","4","reference","100000","366","33124100","78211800","111467600","111462100","5200","0"
"h0-reference-abba-4","4","reference","100000","367","36091200","83885200","120120300","120114300","5600","0"
"h0-reference-abba-4","4","reference","100000","368","33537900","76728500","110727800","110512300","215200","0"
"h0-reference-abba-4","4","reference","100000","369","32142800","78653900","187019400","178002900","9016200","31319000"
"h0-reference-abba-4","4","reference","100000","370","33427200","78023100","121182300","121047500","134500","0"
"h0-reference-abba-4","4","reference","100000","371","32357700","80915600","113503100","113497200","5800","0"
"h0-reference-abba-4","4","reference","100000","372","34963800","82093300","117196200","117190200","5800","0"
"h0-reference-abba-4","4","reference","100000","373","33531000","80831600","114526500","114515800","10400","0"
"h0-reference-abba-4","4","reference","100000","374","32432100","79581200","112149000","112143500","5400","0"
"h0-reference-abba-4","4","reference","100000","375","31665900","76978000","108765200","108759700","5200","0"
"h0-reference-abba-4","4","reference","100000","376","31759500","81403200","113317700","113306500","11000","0"
"h0-reference-abba-4","4","reference","100000","377","33155500","83693100","117299400","117147500","151500","0"
"h0-reference-abba-4","4","reference","100000","378","33557800","85698500","119856200","119676400","179700","0"
"h0-reference-abba-4","4","reference","100000","379","33345700","85161700","119102000","118947700","154000","0"
"h0-reference-abba-4","4","reference","100000","380","33091100","82610000","115888700","115883100","5300","0"
"h0-reference-abba-4","4","reference","100000","381","34174700","81503700","116137500","115967300","170000","0"
"h0-reference-abba-4","4","reference","100000","382","33525200","82057100","115910900","115841400","69200","0"
"h0-reference-abba-4","4","reference","100000","383","36160800","82826100","119181100","119172800","8300","0"
"h0-reference-abba-4","4","reference","100000","384","32728000","83505300","116371200","116360900","9900","0"
"h0-reference-abba-4","4","reference","100000","385","36807200","79179500","232222100","218409000","13812600","39882900"
"h0-reference-abba-4","4","reference","100000","386","33533400","79357800","128462100","128364900","97000","0"
"h0-reference-abba-4","4","reference","100000","387","33559600","77779300","111676700","111587800","88600","0"
"h0-reference-abba-4","4","reference","100000","388","31360000","80743000","112294900","112289100","5700","0"
"h0-reference-abba-4","4","reference","100000","389","34095800","79775200","114000000","113994600","5200","0"
"h0-reference-abba-4","4","reference","100000","390","31100300","76909200","108148600","108143200","5200","0"
"h0-reference-abba-4","4","reference","100000","391","32889200","77206000","110297300","110229900","67200","0"
"h0-reference-abba-4","4","reference","100000","392","32212500","76731500","109085500","109077600","7700","0"
"h0-reference-abba-4","4","reference","100000","393","34971600","90870600","126028900","126018600","10100","0"
"h0-reference-abba-4","4","reference","100000","394","35890700","85865000","121907600","121902100","5200","0"
"h0-reference-abba-4","4","reference","100000","395","33606000","94963200","128767100","128708400","58600","0"
"h0-reference-abba-4","4","reference","100000","396","34682200","78302200","113108500","113102700","5600","0"
"h0-reference-abba-4","4","reference","100000","397","32625000","92445900","125262800","125256500","6000","0"
"h0-reference-abba-4","4","reference","100000","398","31937800","78481100","110879500","110690500","188700","0"
"h0-reference-abba-4","4","reference","100000","399","31715200","79977400","112213800","112111800","101800","0"
"h0-reference-abba-4","4","reference","100000","400","30667100","79718800","110601300","110595700","5300","0"
"h0-reference-abba-4","4","reference","100000","401","32370600","77972700","198995300","188899300","10095500","36067400"
"h0-reference-abba-4","4","reference","100000","402","34415400","96333100","141729900","141722900","6700","0"
"h0-reference-abba-4","4","reference","100000","403","40742400","93838000","134992900","134859500","133100","0"
"h0-reference-abba-4","4","reference","100000","404","35461700","86544300","122293100","122287500","5400","0"
"h0-reference-abba-4","4","reference","100000","405","38290600","100326400","138785100","138778800","6100","0"
"h0-reference-abba-4","4","reference","100000","406","36839000","87176000","124839600","124575800","263300","0"
"h0-reference-abba-4","4","reference","100000","407","36859400","82141100","119461100","119456100","4700","0"
"h0-reference-abba-4","4","reference","100000","408","36318200","96659100","133193300","133126700","66100","0"
"h0-reference-abba-4","4","reference","100000","409","38201100","94684100","133473200","133211700","261400","0"
"h0-reference-abba-4","4","reference","100000","410","35249200","79645600","115106000","115100600","5100","0"
"h0-reference-abba-4","4","reference","100000","411","33474800","100020200","133632900","133626800","6000","0"
"h0-reference-abba-4","4","reference","100000","412","38761200","101381100","140293400","140287900","5400","0"
"h0-reference-abba-4","4","reference","100000","413","32720400","81557300","114747800","114583900","163500","0"
"h0-reference-abba-4","4","reference","100000","414","34892900","79769800","115477900","115320400","157300","0"
"h0-reference-abba-4","4","reference","100000","415","33497000","80363600","114117500","114109200","8200","0"
"h0-reference-abba-4","4","reference","100000","416","36312800","96702300","133306400","133210300","95800","0"
"h0-reference-abba-4","4","reference","100000","417","38957000","86724700","243369200","232505000","10863800","56063500"
"h0-reference-abba-4","4","reference","100000","418","32368600","91892200","134920200","134914600","5400","0"
"h0-reference-abba-4","4","reference","100000","419","32530900","77746000","110402200","110396600","5300","0"
"h0-reference-abba-4","4","reference","100000","420","32253300","82101800","115724800","115205300","519300","0"
"h0-reference-abba-4","4","reference","100000","421","33034600","80503300","114132500","114071100","61300","0"
"h0-reference-abba-4","4","reference","100000","422","31871900","78460500","110486400","110480900","5300","0"
"h0-reference-abba-4","4","reference","100000","423","33455900","76475700","110057300","110050600","6400","0"
"h0-reference-abba-4","4","reference","100000","424","32601900","76800200","109540600","109535100","5300","0"
"h0-reference-abba-4","4","reference","100000","425","34136200","81454600","116740400","116254400","485500","0"
"h0-reference-abba-4","4","reference","100000","426","34179200","82802700","117593200","117475200","117800","0"
"h0-reference-abba-4","4","reference","100000","427","32115900","83053700","115408400","115402400","5900","0"
"h0-reference-abba-4","4","reference","100000","428","35465900","83522400","119132500","119126700","5500","0"
"h0-reference-abba-4","4","reference","100000","429","34831500","83709900","118884000","118766400","117300","0"
"h0-reference-abba-4","4","reference","100000","430","30786500","76294100","107456200","107347500","108500","0"
"h0-reference-abba-4","4","reference","100000","431","35925400","79271700","115397400","115391800","5300","0"
"h0-reference-abba-4","4","reference","100000","432","32411800","80651300","113226400","113216000","10100","0"
"h0-reference-abba-4","4","reference","100000","433","33348900","83001100","232634700","221431700","11202500","58894900"
"h0-reference-abba-4","4","reference","100000","434","33492800","83592800","130392900","130082200","310500","0"
"h0-reference-abba-4","4","reference","100000","435","32094800","79752700","112125600","112120000","5400","0"
"h0-reference-abba-4","4","reference","100000","436","31831900","79853700","111833300","111823400","9700","0"
"h0-reference-abba-4","4","reference","100000","437","32281300","78023100","110677800","110539500","137900","0"
"h0-reference-abba-4","4","reference","100000","438","32425300","78007600","110591000","110585500","5300","0"
"h0-reference-abba-4","4","reference","100000","439","32460000","83431100","116660600","116416100","244100","0"
"h0-reference-abba-4","4","reference","100000","440","32540300","82805700","115707600","115698900","8500","0"
"h0-reference-abba-4","4","reference","100000","441","32231600","78176100","110756000","110640700","115100","0"
"h0-reference-abba-4","4","reference","100000","442","31297400","87864800","119355600","119349700","5700","0"
"h0-reference-abba-4","4","reference","100000","443","33044800","83958100","117159800","117153600","6000","0"
"h0-reference-abba-4","4","reference","100000","444","31804800","78568400","110511000","110505000","5700","0"
"h0-reference-abba-4","4","reference","100000","445","31995300","84619200","117893600","117409600","483800","0"
"h0-reference-abba-4","4","reference","100000","446","32108800","85801400","120177600","119664200","513100","0"
"h0-reference-abba-4","4","reference","100000","447","32952500","77655500","111038000","110964200","73500","0"
"h0-reference-abba-4","4","reference","100000","448","32608500","81595100","114637100","114490000","146900","0"
"h0-reference-abba-4","4","reference","100000","449","38890100","83970200","267327800","249600900","17726100","52451900"
"h0-reference-abba-4","4","reference","100000","450","37160400","85709500","141494100","141358400","135600","0"
"h0-reference-abba-4","4","reference","100000","451","32338300","77623000","110181000","110175400","5300","0"
"h0-reference-abba-4","4","reference","100000","452","34480900","93795700","128784200","128678200","105700","0"
"h0-reference-abba-4","4","reference","100000","453","37967300","94606100","132781800","132776300","5300","0"
"h0-reference-abba-4","4","reference","100000","454","36847700","93937300","130918800","130913500","5200","0"
"h0-reference-abba-4","4","reference","100000","455","37231200","96763800","134127900","134121900","5700","0"
"h0-reference-abba-4","4","reference","100000","456","38659000","83063600","122076200","121962900","113100","0"
"h0-reference-abba-4","4","reference","100000","457","37781000","95665500","133645900","133640100","5600","0"
"h0-reference-abba-4","4","reference","100000","458","35592100","93805100","129802500","129700900","101300","0"
"h0-reference-abba-4","4","reference","100000","459","36196200","77731300","114098700","114093400","5000","0"
"h0-reference-abba-4","4","reference","100000","460","31456000","94881300","126533300","126461600","71300","0"
"h0-reference-abba-4","4","reference","100000","461","31281200","79348000","110855800","110773000","82400","0"
"h0-reference-abba-4","4","reference","100000","462","30663600","76016900","106823000","106816800","5900","0"
"h0-reference-abba-4","4","reference","100000","463","31493300","78068600","109733700","109718300","15200","0"
"h0-reference-abba-4","4","reference","100000","464","32606900","85627100","118846200","118609100","236900","0"
"h0-reference-abba-4","4","reference","100000","465","32399000","78755400","260009700","247786300","12222900","75747300"
"h0-reference-abba-4","4","reference","100000","466","31597600","81388600","126548800","126334600","214000","0"
"h0-reference-abba-4","4","reference","100000","467","31858300","77966900","110124100","110109200","14700","0"
"h0-reference-abba-4","4","reference","100000","468","31223000","97631600","129432300","129193000","239100","0"
"h0-reference-abba-4","4","reference","100000","469","34699200","79242100","114202900","114197600","5000","0"
"h0-reference-abba-4","4","reference","100000","470","31491400","78580500","110204800","110199100","5500","0"
"h0-reference-abba-4","4","reference","100000","471","34095300","82516900","117200700","117021800","178600","0"
"h0-reference-abba-4","4","reference","100000","472","35585300","79196000","115133300","115124600","8500","0"
"h0-reference-abba-4","4","reference","100000","473","32613500","80994100","113836800","113763200","73400","0"
"h0-reference-abba-4","4","reference","100000","474","32037000","79676600","111899900","111893400","6100","0"
"h0-reference-abba-4","4","reference","100000","475","32361500","91779800","124370600","124364300","6000","0"
"h0-reference-abba-4","4","reference","100000","476","35271400","79749400","115199900","115185400","14300","0"
"h0-reference-abba-4","4","reference","100000","477","40642300","77418300","118219600","118214400","5000","0"
"h0-reference-abba-4","4","reference","100000","478","32241700","92349700","124992700","124869800","122800","0"
"h0-reference-abba-4","4","reference","100000","479","40481700","96714300","137431100","137425800","5000","0"
"h0-reference-abba-4","4","reference","100000","480","39992100","111336000","158075300","155477700","2597100","0"
"h0-reference-abba-4","4","reference","100000","481","32563600","77976200","238382700","225742700","12639500","55009800"
"h0-reference-abba-4","4","reference","100000","482","31439800","83786500","128324100","128317300","6600","0"
"h0-reference-abba-4","4","reference","100000","483","31767600","85066200","116981200","116975400","5500","0"
"h0-reference-abba-4","4","reference","100000","484","37471600","81732800","119333800","119328400","5200","0"
"h0-reference-abba-4","4","reference","100000","485","32139100","87515100","119788200","119782600","5400","0"
"h0-reference-abba-4","4","reference","100000","486","40913500","96239900","137975600","137751200","224200","0"
"h0-reference-abba-4","4","reference","100000","487","38212500","83017600","121759300","121663200","95800","0"
"h0-reference-abba-4","4","reference","100000","488","36278500","78908500","115850900","115655000","195800","0"
"h0-reference-abba-4","4","reference","100000","489","33620800","85185900","119752200","119456400","295500","0"
"h0-reference-abba-4","4","reference","100000","490","33931000","82434300","116701000","116695400","5200","0"
"h0-reference-abba-4","4","reference","100000","491","32653800","85426800","118586700","118440300","146300","0"
"h0-reference-abba-4","4","reference","100000","492","36785000","83280700","120484700","120388600","95900","0"
"h0-reference-abba-4","4","reference","100000","493","34575800","81995000","116798500","116789900","8300","0"
"h0-reference-abba-4","4","reference","100000","494","39286000","77679200","117129500","117118500","10800","0"
"h0-reference-abba-4","4","reference","100000","495","32401900","78506100","111058300","111048100","9900","0"
"h0-reference-abba-4","4","reference","100000","496","30990700","79119700","110426100","110328400","97500","0"
"h0-reference-abba-4","4","reference","100000","497","32846700","89649300","247092400","232185600","14906300","58089500"
"h0-reference-abba-4","4","reference","100000","498","34526200","85617400","136615700","136026300","589000","0"
"h0-reference-abba-4","4","reference","100000","499","39807200","83958000","124507400","124445000","62300","0"
"h0-reference-abba-4","4","reference","100000","500","33620100","77168700","111113800","111007800","105800","0"
"h0-reference-abba-4","4","reference","100000","501","32014700","76846200","109065500","109057900","7500","0"
"h0-reference-abba-4","4","reference","100000","502","31207700","78251400","109604900","109599100","5700","0"
"h0-reference-abba-4","4","reference","100000","503","34660600","85836900","125632400","121199900","4431900","0"
"h0-reference-abba-4","4","reference","100000","504","35586600","81985200","118582600","118348400","233900","0"
"h0-reference-abba-4","4","reference","100000","505","34140200","85640300","123587600","121823000","1764000","0"
"h0-reference-abba-4","4","reference","100000","506","36825900","87329500","125855900","125848300","7200","0"
"h0-reference-abba-4","4","reference","100000","507","32926600","85468700","118703600","118604600","98600","0"
"h0-reference-abba-4","4","reference","100000","508","35229100","78463100","113925300","113920200","5100","0"
"h0-reference-abba-4","4","reference","100000","509","35698700","95527900","131379300","131368700","10500","0"
"h0-reference-abba-4","4","reference","100000","510","36179800","87476200","124037500","123911600","125800","0"
"h0-reference-abba-4","4","reference","100000","511","29449800","75974800","105941600","105758500","182900","0"
"h0-reference-abba-4","4","reference","100000","512","31820600","92712300","125027200","124869500","157500","0"
