"group","run","order","variant","population","tick","public_step_ns","observation_ns"
"parent_vs_skip_100k","m2-parent-abba-1","1","parent","100000","65","34969800","68793200"
"parent_vs_skip_100k","m2-parent-abba-1","1","parent","100000","66","32951500","68374100"
"parent_vs_skip_100k","m2-parent-abba-1","1","parent","100000","67","34280600","71942900"
"parent_vs_skip_100k","m2-parent-abba-1","1","parent","100000","68","31151800","70118600"
"parent_vs_skip_100k","m2-parent-abba-1","1","parent","100000","69","33179100","69941900"
"parent_vs_skip_100k","m2-parent-abba-1","1","parent","100000","70","32232700","69692200"
"parent_vs_skip_100k","m2-parent-abba-1","1","parent","100000","71","33095400","71131700"
"parent_vs_skip_100k","m2-parent-abba-1","1","parent","100000","72","29104500","61549900"
"parent_vs_skip_100k","m2-parent-abba-1","1","parent","100000","73","28113300","61636700"
"parent_vs_skip_100k","m2-parent-abba-1","1","parent","100000","74","30354400","68423900"
"parent_vs_skip_100k","m2-parent-abba-1","1","parent","100000","75","32919800","69299400"
"parent_vs_skip_100k","m2-parent-abba-1","1","parent","100000","76","33118900","67997400"
"parent_vs_skip_100k","m2-parent-abba-1","1","parent","100000","77","32316000","66524100"
"parent_vs_skip_100k","m2-parent-abba-1","1","parent","100000","78","34218000","67616500"
"parent_vs_skip_100k","m2-parent-abba-1","1","parent","100000","79","32336700","67266800"
"parent_vs_skip_100k","m2-parent-abba-1","1","parent","100000","80","32128100","63793300"
"parent_vs_skip_100k","m2-parent-abba-1","1","parent","100000","81","28038700","62044100"
"parent_vs_skip_100k","m2-parent-abba-1","1","parent","100000","82","28445500","61219100"
"parent_vs_skip_100k","m2-parent-abba-1","1","parent","100000","83","30490600","67075600"
"parent_vs_skip_100k","m2-parent-abba-1","1","parent","100000","84","28964100","61829800"
"parent_vs_skip_100k","m2-parent-abba-1","1","parent","100000","85","29011300","60553800"
"parent_vs_skip_100k","m2-parent-abba-1","1","parent","100000","86","28380100","61290000"
"parent_vs_skip_100k","m2-parent-abba-1","1","parent","100000","87","28947900","60998500"
"parent_vs_skip_100k","m2-parent-abba-1","1","parent","100000","88","28369100","61456600"
"parent_vs_skip_100k","m2-parent-abba-1","1","parent","100000","89","27690400","61883000"
"parent_vs_skip_100k","m2-parent-abba-1","1","parent","100000","90","28983300","61748300"
"parent_vs_skip_100k","m2-parent-abba-1","1","parent","100000","91","29409100","61716500"
"parent_vs_skip_100k","m2-parent-abba-1","1","parent","100000","92","29237000","60787700"
"parent_vs_skip_100k","m2-parent-abba-1","1","parent","100000","93","29025200","61317300"
"parent_vs_skip_100k","m2-parent-abba-1","1","parent","100000","94","31413100","65026500"
"parent_vs_skip_100k","m2-parent-abba-1","1","parent","100000","95","30396900","62857900"
"parent_vs_skip_100k","m2-parent-abba-1","1","parent","100000","96","31260200","63782100"
"parent_vs_skip_100k","m2-parent-abba-1","1","parent","100000","97","29220400","62745700"
"parent_vs_skip_100k","m2-parent-abba-1","1","parent","100000","98","30199500","63928200"
"parent_vs_skip_100k","m2-parent-abba-1","1","parent","100000","99","30517800","63035600"
"parent_vs_skip_100k","m2-parent-abba-1","1","parent","100000","100","30421700","62457100"
"parent_vs_skip_100k","m2-parent-abba-1","1","parent","100000","101","30082900","64381500"
"parent_vs_skip_100k","m2-parent-abba-1","1","parent","100000","102","29908600","64628200"
"parent_vs_skip_100k","m2-parent-abba-1","1","parent","100000","103","29631000","64585500"
"parent_vs_skip_100k","m2-parent-abba-1","1","parent","100000","104","36134300","76735000"
"parent_vs_skip_100k","m2-parent-abba-1","1","parent","100000","105","30787000","65058800"
"parent_vs_skip_100k","m2-parent-abba-1","1","parent","100000","106","31188300","65057000"
"parent_vs_skip_100k","m2-parent-abba-1","1","parent","100000","107","30835500","65559400"
"parent_vs_skip_100k","m2-parent-abba-1","1","parent","100000","108","30288600","64293900"
"parent_vs_skip_100k","m2-parent-abba-1","1","parent","100000","109","31066100","64572000"
"parent_vs_skip_100k","m2-parent-abba-1","1","parent","100000","110","31240600","64873500"
"parent_vs_skip_100k","m2-parent-abba-1","1","parent","100000","111","30494400","67822700"
"parent_vs_skip_100k","m2-parent-abba-1","1","parent","100000","112","31032500","66286000"
"parent_vs_skip_100k","m2-parent-abba-1","1","parent","100000","113","29820500","65287000"
"parent_vs_skip_100k","m2-parent-abba-1","1","parent","100000","114","32099300","65276700"
"parent_vs_skip_100k","m2-parent-abba-1","1","parent","100000","115","30786500","65467100"
"parent_vs_skip_100k","m2-parent-abba-1","1","parent","100000","116","30789000","64847600"
"parent_vs_skip_100k","m2-parent-abba-1","1","parent","100000","117","31127000","65026500"
"parent_vs_skip_100k","m2-parent-abba-1","1","parent","100000","118","30745100","64291300"
"parent_vs_skip_100k","m2-parent-abba-1","1","parent","100000","119","30337800","64596000"
"parent_vs_skip_100k","m2-parent-abba-1","1","parent","100000","120","30766900","64540600"
"parent_vs_skip_100k","m2-parent-abba-1","1","parent","100000","121","32322300","66854500"
"parent_vs_skip_100k","m2-parent-abba-1","1","parent","100000","122","31971400","67543700"
"parent_vs_skip_100k","m2-parent-abba-1","1","parent","100000","123","30490300","66169500"
"parent_vs_skip_100k","m2-parent-abba-1","1","parent","100000","124","30514700","72270500"
"parent_vs_skip_100k","m2-parent-abba-1","1","parent","100000","125","33881500","75645200"
"parent_vs_skip_100k","m2-parent-abba-1","1","parent","100000","126","35749200","73948100"
"parent_vs_skip_100k","m2-parent-abba-1","1","parent","100000","127","34317400","72968500"
"parent_vs_skip_100k","m2-parent-abba-1","1","parent","100000","128","33738100","73338900"
"parent_vs_skip_100k","m2-parent-abba-1","1","parent","100000","129","39615300","75148600"
"parent_vs_skip_100k","m2-parent-abba-1","1","parent","100000","130","39112300","81485100"
"parent_vs_skip_100k","m2-parent-abba-1","1","parent","100000","131","33884900","73739200"
"parent_vs_skip_100k","m2-parent-abba-1","1","parent","100000","132","36446200","77100800"
"parent_vs_skip_100k","m2-parent-abba-1","1","parent","100000","133","33454500","71433600"
"parent_vs_skip_100k","m2-parent-abba-1","1","parent","100000","134","33854700","72886900"
"parent_vs_skip_100k","m2-parent-abba-1","1","parent","100000","135","34412000","76272400"
"parent_vs_skip_100k","m2-parent-abba-1","1","parent","100000","136","36030700","76397700"
"parent_vs_skip_100k","m2-parent-abba-1","1","parent","100000","137","34614200","74977600"
"parent_vs_skip_100k","m2-parent-abba-1","1","parent","100000","138","33764300","75481900"
"parent_vs_skip_100k","m2-parent-abba-1","1","parent","100000","139","31171000","67578300"
"parent_vs_skip_100k","m2-parent-abba-1","1","parent","100000","140","29691000","64681500"
"parent_vs_skip_100k","m2-parent-abba-1","1","parent","100000","141","30599200","66589600"
"parent_vs_skip_100k","m2-parent-abba-1","1","parent","100000","142","30799200","64974900"
"parent_vs_skip_100k","m2-parent-abba-1","1","parent","100000","143","31046500","65590200"
"parent_vs_skip_100k","m2-parent-abba-1","1","parent","100000","144","38018200","76332700"
"parent_vs_skip_100k","m2-parent-abba-1","1","parent","100000","145","34497200","72347300"
"parent_vs_skip_100k","m2-parent-abba-1","1","parent","100000","146","34560300","78818200"
"parent_vs_skip_100k","m2-parent-abba-1","1","parent","100000","147","30640900","66387000"
"parent_vs_skip_100k","m2-parent-abba-1","1","parent","100000","148","35570800","67563000"
"parent_vs_skip_100k","m2-parent-abba-1","1","parent","100000","149","30170600","65430000"
"parent_vs_skip_100k","m2-parent-abba-1","1","parent","100000","150","29802500","64889200"
"parent_vs_skip_100k","m2-parent-abba-1","1","parent","100000","151","30991200","63885600"
"parent_vs_skip_100k","m2-parent-abba-1","1","parent","100000","152","29756100","63745100"
"parent_vs_skip_100k","m2-parent-abba-1","1","parent","100000","153","30058000","64903200"
"parent_vs_skip_100k","m2-parent-abba-1","1","parent","100000","154","29536000","65133000"
"parent_vs_skip_100k","m2-parent-abba-1","1","parent","100000","155","28959400","65416400"
"parent_vs_skip_100k","m2-parent-abba-1","1","parent","100000","156","30205900","66529100"
"parent_vs_skip_100k","m2-parent-abba-1","1","parent","100000","157","29793100","65493700"
"parent_vs_skip_100k","m2-parent-abba-1","1","parent","100000","158","29119200","66652800"
"parent_vs_skip_100k","m2-parent-abba-1","1","parent","100000","159","29112200","65573600"
"parent_vs_skip_100k","m2-parent-abba-1","1","parent","100000","160","29625600","67949900"
"parent_vs_skip_100k","m2-parent-abba-1","1","parent","100000","161","30332200","64834600"
"parent_vs_skip_100k","m2-parent-abba-1","1","parent","100000","162","31949100","65425300"
"parent_vs_skip_100k","m2-parent-abba-1","1","parent","100000","163","29667500","65894300"
"parent_vs_skip_100k","m2-parent-abba-1","1","parent","100000","164","30176800","66144100"
"parent_vs_skip_100k","m2-parent-abba-1","1","parent","100000","165","29850100","66522200"
"parent_vs_skip_100k","m2-parent-abba-1","1","parent","100000","166","31680500","64984700"
"parent_vs_skip_100k","m2-parent-abba-1","1","parent","100000","167","29688000","68454000"
"parent_vs_skip_100k","m2-parent-abba-1","1","parent","100000","168","30728600","65508800"
"parent_vs_skip_100k","m2-parent-abba-1","1","parent","100000","169","29730500","64648300"
"parent_vs_skip_100k","m2-parent-abba-1","1","parent","100000","170","32280400","66571300"
"parent_vs_skip_100k","m2-parent-abba-1","1","parent","100000","171","29323300","64437900"
"parent_vs_skip_100k","m2-parent-abba-1","1","parent","100000","172","30258000","65476600"
"parent_vs_skip_100k","m2-parent-abba-1","1","parent","100000","173","30146600","64508600"
"parent_vs_skip_100k","m2-parent-abba-1","1","parent","100000","174","29673000","65599700"
"parent_vs_skip_100k","m2-parent-abba-1","1","parent","100000","175","30749800","66394200"
"parent_vs_skip_100k","m2-parent-abba-1","1","parent","100000","176","31695600","65747900"
"parent_vs_skip_100k","m2-parent-abba-1","1","parent","100000","177","30347000","66910000"
"parent_vs_skip_100k","m2-parent-abba-1","1","parent","100000","178","30175200","65950200"
"parent_vs_skip_100k","m2-parent-abba-1","1","parent","100000","179","30631600","64305000"
"parent_vs_skip_100k","m2-parent-abba-1","1","parent","100000","180","30533400","66404700"
"parent_vs_skip_100k","m2-parent-abba-1","1","parent","100000","181","29765900","64283000"
"parent_vs_skip_100k","m2-parent-abba-1","1","parent","100000","182","30510600","64361100"
"parent_vs_skip_100k","m2-parent-abba-1","1","parent","100000","183","30409700","64583400"
"parent_vs_skip_100k","m2-parent-abba-1","1","parent","100000","184","34749300","71794400"
"parent_vs_skip_100k","m2-parent-abba-1","1","parent","100000","185","33615900","71882500"
"parent_vs_skip_100k","m2-parent-abba-1","1","parent","100000","186","33520100","73957000"
"parent_vs_skip_100k","m2-parent-abba-1","1","parent","100000","187","33614400","75520100"
"parent_vs_skip_100k","m2-parent-abba-1","1","parent","100000","188","32311600","64188200"
"parent_vs_skip_100k","m2-parent-abba-1","1","parent","100000","189","30043400","63759400"
"parent_vs_skip_100k","m2-parent-abba-1","1","parent","100000","190","29852300","68605400"
"parent_vs_skip_100k","m2-parent-abba-1","1","parent","100000","191","30864000","75851600"
"parent_vs_skip_100k","m2-parent-abba-1","1","parent","100000","192","32573700","71531000"
"parent_vs_skip_100k","m2-parent-abba-1","1","parent","100000","193","39000500","72721300"
"parent_vs_skip_100k","m2-parent-abba-1","1","parent","100000","194","33267700","74985600"
"parent_vs_skip_100k","m2-parent-abba-1","1","parent","100000","195","32288400","66338800"
"parent_vs_skip_100k","m2-parent-abba-1","1","parent","100000","196","32400400","74380300"
"parent_vs_skip_100k","m2-parent-abba-1","1","parent","100000","197","30030200","63637200"
"parent_vs_skip_100k","m2-parent-abba-1","1","parent","100000","198","29236000","65918300"
"parent_vs_skip_100k","m2-parent-abba-1","1","parent","100000","199","32916700","71445700"
"parent_vs_skip_100k","m2-parent-abba-1","1","parent","100000","200","33002300","73026400"
"parent_vs_skip_100k","m2-parent-abba-1","1","parent","100000","201","33649600","69519700"
"parent_vs_skip_100k","m2-parent-abba-1","1","parent","100000","202","28623700","65925800"
"parent_vs_skip_100k","m2-parent-abba-1","1","parent","100000","203","30442700","67565000"
"parent_vs_skip_100k","m2-parent-abba-1","1","parent","100000","204","30335300","65179900"
"parent_vs_skip_100k","m2-parent-abba-1","1","parent","100000","205","30307900","67680000"
"parent_vs_skip_100k","m2-parent-abba-1","1","parent","100000","206","30749600","73327900"
"parent_vs_skip_100k","m2-parent-abba-1","1","parent","100000","207","33380100","75986800"
"parent_vs_skip_100k","m2-parent-abba-1","1","parent","100000","208","34165900","73664200"
"parent_vs_skip_100k","m2-parent-abba-1","1","parent","100000","209","34040100","74986400"
"parent_vs_skip_100k","m2-parent-abba-1","1","parent","100000","210","34804200","73952200"
"parent_vs_skip_100k","m2-parent-abba-1","1","parent","100000","211","35147300","74084600"
"parent_vs_skip_100k","m2-parent-abba-1","1","parent","100000","212","34015400","74751100"
"parent_vs_skip_100k","m2-parent-abba-1","1","parent","100000","213","32759600","74108100"
"parent_vs_skip_100k","m2-parent-abba-1","1","parent","100000","214","33294300","73359000"
"parent_vs_skip_100k","m2-parent-abba-1","1","parent","100000","215","31372200","66288500"
"parent_vs_skip_100k","m2-parent-abba-1","1","parent","100000","216","29561000","66415400"
"parent_vs_skip_100k","m2-parent-abba-1","1","parent","100000","217","30150100","64370800"
"parent_vs_skip_100k","m2-parent-abba-1","1","parent","100000","218","29963800","64377800"
"parent_vs_skip_100k","m2-parent-abba-1","1","parent","100000","219","29671900","65677200"
"parent_vs_skip_100k","m2-parent-abba-1","1","parent","100000","220","30311900","65194400"
"parent_vs_skip_100k","m2-parent-abba-1","1","parent","100000","221","30881000","65394300"
"parent_vs_skip_100k","m2-parent-abba-1","1","parent","100000","222","32821400","65643000"
"parent_vs_skip_100k","m2-parent-abba-1","1","parent","100000","223","30798800","64958500"
"parent_vs_skip_100k","m2-parent-abba-1","1","parent","100000","224","31137500","68036000"
"parent_vs_skip_100k","m2-parent-abba-1","1","parent","100000","225","32613300","66545300"
"parent_vs_skip_100k","m2-parent-abba-1","1","parent","100000","226","30371400","70054000"
"parent_vs_skip_100k","m2-parent-abba-1","1","parent","100000","227","31850100","66534200"
"parent_vs_skip_100k","m2-parent-abba-1","1","parent","100000","228","30032900","65408000"
"parent_vs_skip_100k","m2-parent-abba-1","1","parent","100000","229","31101800","66660300"
"parent_vs_skip_100k","m2-parent-abba-1","1","parent","100000","230","31549000","66609200"
"parent_vs_skip_100k","m2-parent-abba-1","1","parent","100000","231","29980400","66912700"
"parent_vs_skip_100k","m2-parent-abba-1","1","parent","100000","232","31472200","64960700"
"parent_vs_skip_100k","m2-parent-abba-1","1","parent","100000","233","30877500","65369800"
"parent_vs_skip_100k","m2-parent-abba-1","1","parent","100000","234","33171600","67800100"
"parent_vs_skip_100k","m2-parent-abba-1","1","parent","100000","235","30679100","72146300"
"parent_vs_skip_100k","m2-parent-abba-1","1","parent","100000","236","31720900","67625500"
"parent_vs_skip_100k","m2-parent-abba-1","1","parent","100000","237","33406400","66745900"
"parent_vs_skip_100k","m2-parent-abba-1","1","parent","100000","238","31336200","67351800"
"parent_vs_skip_100k","m2-parent-abba-1","1","parent","100000","239","31375200","66660300"
"parent_vs_skip_100k","m2-parent-abba-1","1","parent","100000","240","31087400","65674400"
"parent_vs_skip_100k","m2-parent-abba-1","1","parent","100000","241","31987800","67067500"
"parent_vs_skip_100k","m2-parent-abba-1","1","parent","100000","242","31421500","65879400"
"parent_vs_skip_100k","m2-parent-abba-1","1","parent","100000","243","32246100","68376400"
"parent_vs_skip_100k","m2-parent-abba-1","1","parent","100000","244","31256300","65555700"
"parent_vs_skip_100k","m2-parent-abba-1","1","parent","100000","245","30866500","65562600"
"parent_vs_skip_100k","m2-parent-abba-1","1","parent","100000","246","31174400","65714200"
"parent_vs_skip_100k","m2-parent-abba-1","1","parent","100000","247","31665800","68908400"
"parent_vs_skip_100k","m2-parent-abba-1","1","parent","100000","248","31983200","66483100"
"parent_vs_skip_100k","m2-parent-abba-1","1","parent","100000","249","31663200","65537800"
"parent_vs_skip_100k","m2-parent-abba-1","1","parent","100000","250","32651800","65928700"
"parent_vs_skip_100k","m2-parent-abba-1","1","parent","100000","251","31572200","66434400"
"parent_vs_skip_100k","m2-parent-abba-1","1","parent","100000","252","30999300","65486500"
"parent_vs_skip_100k","m2-parent-abba-1","1","parent","100000","253","31036200","69539900"
"parent_vs_skip_100k","m2-parent-abba-1","1","parent","100000","254","35625200","72811800"
"parent_vs_skip_100k","m2-parent-abba-1","1","parent","100000","255","35253600","74289700"
"parent_vs_skip_100k","m2-parent-abba-1","1","parent","100000","256","35071900","69931400"
"parent_vs_skip_100k","m2-skip-abba-2","2","skip","100000","65","28435100","59240100"
"parent_vs_skip_100k","m2-skip-abba-2","2","skip","100000","66","27439500","59753000"
"parent_vs_skip_100k","m2-skip-abba-2","2","skip","100000","67","27008300","59084400"
"parent_vs_skip_100k","m2-skip-abba-2","2","skip","100000","68","28003900","61483300"
"parent_vs_skip_100k","m2-skip-abba-2","2","skip","100000","69","27458400","59470100"
"parent_vs_skip_100k","m2-skip-abba-2","2","skip","100000","70","27898000","63010500"
"parent_vs_skip_100k","m2-skip-abba-2","2","skip","100000","71","29794300","68581200"
"parent_vs_skip_100k","m2-skip-abba-2","2","skip","100000","72","29962700","66160900"
"parent_vs_skip_100k","m2-skip-abba-2","2","skip","100000","73","30461700","64594500"
"parent_vs_skip_100k","m2-skip-abba-2","2","skip","100000","74","30663900","66998700"
"parent_vs_skip_100k","m2-skip-abba-2","2","skip","100000","75","30578200","65661800"
"parent_vs_skip_100k","m2-skip-abba-2","2","skip","100000","76","31040800","67726000"
"parent_vs_skip_100k","m2-skip-abba-2","2","skip","100000","77","31173000","67765400"
"parent_vs_skip_100k","m2-skip-abba-2","2","skip","100000","78","30163100","65278100"
"parent_vs_skip_100k","m2-skip-abba-2","2","skip","100000","79","31370400","64907200"
"parent_vs_skip_100k","m2-skip-abba-2","2","skip","100000","80","31075600","58295400"
"parent_vs_skip_100k","m2-skip-abba-2","2","skip","100000","81","28895400","68175000"
"parent_vs_skip_100k","m2-skip-abba-2","2","skip","100000","82","31149900","66240700"
"parent_vs_skip_100k","m2-skip-abba-2","2","skip","100000","83","28063800","63288000"
"parent_vs_skip_100k","m2-skip-abba-2","2","skip","100000","84","27604900","59918700"
"parent_vs_skip_100k","m2-skip-abba-2","2","skip","100000","85","27128800","59462500"
"parent_vs_skip_100k","m2-skip-abba-2","2","skip","100000","86","27067500","58638700"
"parent_vs_skip_100k","m2-skip-abba-2","2","skip","100000","87","28308300","60008300"
"parent_vs_skip_100k","m2-skip-abba-2","2","skip","100000","88","27157600","59043700"
"parent_vs_skip_100k","m2-skip-abba-2","2","skip","100000","89","26997600","59991500"
"parent_vs_skip_100k","m2-skip-abba-2","2","skip","100000","90","27071100","59008100"
"parent_vs_skip_100k","m2-skip-abba-2","2","skip","100000","91","32058600","58887100"
"parent_vs_skip_100k","m2-skip-abba-2","2","skip","100000","92","28423900","59799400"
"parent_vs_skip_100k","m2-skip-abba-2","2","skip","100000","93","27916800","59809700"
"parent_vs_skip_100k","m2-skip-abba-2","2","skip","100000","94","29653400","62707800"
"parent_vs_skip_100k","m2-skip-abba-2","2","skip","100000","95","29048700","62134600"
"parent_vs_skip_100k","m2-skip-abba-2","2","skip","100000","96","28021600","60500000"
"parent_vs_skip_100k","m2-skip-abba-2","2","skip","100000","97","28577100","61487600"
"parent_vs_skip_100k","m2-skip-abba-2","2","skip","100000","98","28905000","60813400"
"parent_vs_skip_100k","m2-skip-abba-2","2","skip","100000","99","28628000","61684000"
"parent_vs_skip_100k","m2-skip-abba-2","2","skip","100000","100","29034900","62000600"
"parent_vs_skip_100k","m2-skip-abba-2","2","skip","100000","101","28157600","60180400"
"parent_vs_skip_100k","m2-skip-abba-2","2","skip","100000","102","28533400","60196900"
"parent_vs_skip_100k","m2-skip-abba-2","2","skip","100000","103","29354400","64985700"
"parent_vs_skip_100k","m2-skip-abba-2","2","skip","100000","104","34879900","68542200"
"parent_vs_skip_100k","m2-skip-abba-2","2","skip","100000","105","30085000","65466800"
"parent_vs_skip_100k","m2-skip-abba-2","2","skip","100000","106","30207300","64559400"
"parent_vs_skip_100k","m2-skip-abba-2","2","skip","100000","107","30340800","63486800"
"parent_vs_skip_100k","m2-skip-abba-2","2","skip","100000","108","30491300","64389200"
"parent_vs_skip_100k","m2-skip-abba-2","2","skip","100000","109","30291200","63662900"
"parent_vs_skip_100k","m2-skip-abba-2","2","skip","100000","110","30538200","67130400"
"parent_vs_skip_100k","m2-skip-abba-2","2","skip","100000","111","29298500","63755200"
"parent_vs_skip_100k","m2-skip-abba-2","2","skip","100000","112","29741300","64809000"
"parent_vs_skip_100k","m2-skip-abba-2","2","skip","100000","113","32258100","70179000"
"parent_vs_skip_100k","m2-skip-abba-2","2","skip","100000","114","29779800","63423600"
"parent_vs_skip_100k","m2-skip-abba-2","2","skip","100000","115","30816700","64132700"
"parent_vs_skip_100k","m2-skip-abba-2","2","skip","100000","116","29442700","63176500"
"parent_vs_skip_100k","m2-skip-abba-2","2","skip","100000","117","29948300","63225400"
"parent_vs_skip_100k","m2-skip-abba-2","2","skip","100000","118","29701300","63134000"
"parent_vs_skip_100k","m2-skip-abba-2","2","skip","100000","119","33731700","69565200"
"parent_vs_skip_100k","m2-skip-abba-2","2","skip","100000","120","33181500","73051700"
"parent_vs_skip_100k","m2-skip-abba-2","2","skip","100000","121","31886600","65034200"
"parent_vs_skip_100k","m2-skip-abba-2","2","skip","100000","122","31074400","68674400"
"parent_vs_skip_100k","m2-skip-abba-2","2","skip","100000","123","32919100","72986000"
"parent_vs_skip_100k","m2-skip-abba-2","2","skip","100000","124","31391400","72774200"
"parent_vs_skip_100k","m2-skip-abba-2","2","skip","100000","125","31046800","73194400"
"parent_vs_skip_100k","m2-skip-abba-2","2","skip","100000","126","33678500","73790300"
"parent_vs_skip_100k","m2-skip-abba-2","2","skip","100000","127","32918800","71458800"
"parent_vs_skip_100k","m2-skip-abba-2","2","skip","100000","128","33103100","71106100"
"parent_vs_skip_100k","m2-skip-abba-2","2","skip","100000","129","37508000","73766200"
"parent_vs_skip_100k","m2-skip-abba-2","2","skip","100000","130","31854900","74736400"
"parent_vs_skip_100k","m2-skip-abba-2","2","skip","100000","131","35280100","72844300"
"parent_vs_skip_100k","m2-skip-abba-2","2","skip","100000","132","33306300","72241300"
"parent_vs_skip_100k","m2-skip-abba-2","2","skip","100000","133","33479400","70680700"
"parent_vs_skip_100k","m2-skip-abba-2","2","skip","100000","134","33324500","70604300"
"parent_vs_skip_100k","m2-skip-abba-2","2","skip","100000","135","34065100","73572100"
"parent_vs_skip_100k","m2-skip-abba-2","2","skip","100000","136","34315800","74111000"
"parent_vs_skip_100k","m2-skip-abba-2","2","skip","100000","137","32722600","71842500"
"parent_vs_skip_100k","m2-skip-abba-2","2","skip","100000","138","33036000","72133200"
"parent_vs_skip_100k","m2-skip-abba-2","2","skip","100000","139","33213700","71040300"
"parent_vs_skip_100k","m2-skip-abba-2","2","skip","100000","140","33356000","71643400"
"parent_vs_skip_100k","m2-skip-abba-2","2","skip","100000","141","30459600","64015100"
"parent_vs_skip_100k","m2-skip-abba-2","2","skip","100000","142","28125100","63163200"
"parent_vs_skip_100k","m2-skip-abba-2","2","skip","100000","143","29944000","63731300"
"parent_vs_skip_100k","m2-skip-abba-2","2","skip","100000","144","30498800","67352200"
"parent_vs_skip_100k","m2-skip-abba-2","2","skip","100000","145","30009000","63966300"
"parent_vs_skip_100k","m2-skip-abba-2","2","skip","100000","146","30922200","65140400"
"parent_vs_skip_100k","m2-skip-abba-2","2","skip","100000","147","28924900","66105000"
"parent_vs_skip_100k","m2-skip-abba-2","2","skip","100000","148","27997400","62921700"
"parent_vs_skip_100k","m2-skip-abba-2","2","skip","100000","149","28101000","63393900"
"parent_vs_skip_100k","m2-skip-abba-2","2","skip","100000","150","29310100","65001300"
"parent_vs_skip_100k","m2-skip-abba-2","2","skip","100000","151","28140800","63678400"
"parent_vs_skip_100k","m2-skip-abba-2","2","skip","100000","152","29141900","63501600"
"parent_vs_skip_100k","m2-skip-abba-2","2","skip","100000","153","30853700","63318600"
"parent_vs_skip_100k","m2-skip-abba-2","2","skip","100000","154","28156600","63706100"
"parent_vs_skip_100k","m2-skip-abba-2","2","skip","100000","155","28169000","63815600"
"parent_vs_skip_100k","m2-skip-abba-2","2","skip","100000","156","29731700","64048200"
"parent_vs_skip_100k","m2-skip-abba-2","2","skip","100000","157","28189500","62588200"
"parent_vs_skip_100k","m2-skip-abba-2","2","skip","100000","158","27704700","65999400"
"parent_vs_skip_100k","m2-skip-abba-2","2","skip","100000","159","29308200","63206300"
"parent_vs_skip_100k","m2-skip-abba-2","2","skip","100000","160","29341800","62847800"
"parent_vs_skip_100k","m2-skip-abba-2","2","skip","100000","161","28945100","63825700"
"parent_vs_skip_100k","m2-skip-abba-2","2","skip","100000","162","29104900","63494800"
"parent_vs_skip_100k","m2-skip-abba-2","2","skip","100000","163","28630800","63351400"
"parent_vs_skip_100k","m2-skip-abba-2","2","skip","100000","164","30288500","61744800"
"parent_vs_skip_100k","m2-skip-abba-2","2","skip","100000","165","28317300","63444700"
"parent_vs_skip_100k","m2-skip-abba-2","2","skip","100000","166","28147100","66073500"
"parent_vs_skip_100k","m2-skip-abba-2","2","skip","100000","167","28274300","62532400"
"parent_vs_skip_100k","m2-skip-abba-2","2","skip","100000","168","28390000","65339700"
"parent_vs_skip_100k","m2-skip-abba-2","2","skip","100000","169","28402000","63928100"
"parent_vs_skip_100k","m2-skip-abba-2","2","skip","100000","170","28857500","62824800"
"parent_vs_skip_100k","m2-skip-abba-2","2","skip","100000","171","27917000","63856200"
"parent_vs_skip_100k","m2-skip-abba-2","2","skip","100000","172","28514400","63762800"
"parent_vs_skip_100k","m2-skip-abba-2","2","skip","100000","173","28288300","63422500"
"parent_vs_skip_100k","m2-skip-abba-2","2","skip","100000","174","29248900","63812000"
"parent_vs_skip_100k","m2-skip-abba-2","2","skip","100000","175","28506000","62795000"
"parent_vs_skip_100k","m2-skip-abba-2","2","skip","100000","176","28414300","64611500"
"parent_vs_skip_100k","m2-skip-abba-2","2","skip","100000","177","28738000","63386300"
"parent_vs_skip_100k","m2-skip-abba-2","2","skip","100000","178","28277500","65833800"
"parent_vs_skip_100k","m2-skip-abba-2","2","skip","100000","179","28967900","64119100"
"parent_vs_skip_100k","m2-skip-abba-2","2","skip","100000","180","29284100","63506900"
"parent_vs_skip_100k","m2-skip-abba-2","2","skip","100000","181","29365500","65250100"
"parent_vs_skip_100k","m2-skip-abba-2","2","skip","100000","182","28248300","62445500"
"parent_vs_skip_100k","m2-skip-abba-2","2","skip","100000","183","28682400","62180200"
"parent_vs_skip_100k","m2-skip-abba-2","2","skip","100000","184","28952000","62981600"
"parent_vs_skip_100k","m2-skip-abba-2","2","skip","100000","185","28230300","63291200"
"parent_vs_skip_100k","m2-skip-abba-2","2","skip","100000","186","28512900","64225000"
"parent_vs_skip_100k","m2-skip-abba-2","2","skip","100000","187","28079800","63173400"
"parent_vs_skip_100k","m2-skip-abba-2","2","skip","100000","188","28736800","64261200"
"parent_vs_skip_100k","m2-skip-abba-2","2","skip","100000","189","28764300","65347400"
"parent_vs_skip_100k","m2-skip-abba-2","2","skip","100000","190","28762000","63817000"
"parent_vs_skip_100k","m2-skip-abba-2","2","skip","100000","191","29719000","64441400"
"parent_vs_skip_100k","m2-skip-abba-2","2","skip","100000","192","28694700","63775300"
"parent_vs_skip_100k","m2-skip-abba-2","2","skip","100000","193","33447800","65055500"
"parent_vs_skip_100k","m2-skip-abba-2","2","skip","100000","194","30717000","71494600"
"parent_vs_skip_100k","m2-skip-abba-2","2","skip","100000","195","31827200","71827200"
"parent_vs_skip_100k","m2-skip-abba-2","2","skip","100000","196","32583100","64456900"
"parent_vs_skip_100k","m2-skip-abba-2","2","skip","100000","197","28498000","63870800"
"parent_vs_skip_100k","m2-skip-abba-2","2","skip","100000","198","28451600","67186800"
"parent_vs_skip_100k","m2-skip-abba-2","2","skip","100000","199","28480900","64878400"
"parent_vs_skip_100k","m2-skip-abba-2","2","skip","100000","200","28798900","63652900"
"parent_vs_skip_100k","m2-skip-abba-2","2","skip","100000","201","31103600","72270600"
"parent_vs_skip_100k","m2-skip-abba-2","2","skip","100000","202","33957900","71227000"
"parent_vs_skip_100k","m2-skip-abba-2","2","skip","100000","203","32784200","70410900"
"parent_vs_skip_100k","m2-skip-abba-2","2","skip","100000","204","32370100","70062000"
"parent_vs_skip_100k","m2-skip-abba-2","2","skip","100000","205","31517900","71617100"
"parent_vs_skip_100k","m2-skip-abba-2","2","skip","100000","206","32025000","75426400"
"parent_vs_skip_100k","m2-skip-abba-2","2","skip","100000","207","32835100","72985300"
"parent_vs_skip_100k","m2-skip-abba-2","2","skip","100000","208","33495400","72755600"
"parent_vs_skip_100k","m2-skip-abba-2","2","skip","100000","209","32587800","72379500"
"parent_vs_skip_100k","m2-skip-abba-2","2","skip","100000","210","32115500","71860500"
"parent_vs_skip_100k","m2-skip-abba-2","2","skip","100000","211","27935700","62334200"
"parent_vs_skip_100k","m2-skip-abba-2","2","skip","100000","212","29036300","68452400"
"parent_vs_skip_100k","m2-skip-abba-2","2","skip","100000","213","31949400","70232100"
"parent_vs_skip_100k","m2-skip-abba-2","2","skip","100000","214","32669600","72632400"
"parent_vs_skip_100k","m2-skip-abba-2","2","skip","100000","215","32140500","72463600"
"parent_vs_skip_100k","m2-skip-abba-2","2","skip","100000","216","32383700","70482800"
"parent_vs_skip_100k","m2-skip-abba-2","2","skip","100000","217","31356900","70731900"
"parent_vs_skip_100k","m2-skip-abba-2","2","skip","100000","218","29659200","65357200"
"parent_vs_skip_100k","m2-skip-abba-2","2","skip","100000","219","28756600","63902000"
"parent_vs_skip_100k","m2-skip-abba-2","2","skip","100000","220","30429300","64933500"
"parent_vs_skip_100k","m2-skip-abba-2","2","skip","100000","221","30166700","64217300"
"parent_vs_skip_100k","m2-skip-abba-2","2","skip","100000","222","29518400","63749900"
"parent_vs_skip_100k","m2-skip-abba-2","2","skip","100000","223","31002400","71300900"
"parent_vs_skip_100k","m2-skip-abba-2","2","skip","100000","224","32152200","72487200"
"parent_vs_skip_100k","m2-skip-abba-2","2","skip","100000","225","33552900","73136900"
"parent_vs_skip_100k","m2-skip-abba-2","2","skip","100000","226","29747000","65886800"
"parent_vs_skip_100k","m2-skip-abba-2","2","skip","100000","227","29389600","63527800"
"parent_vs_skip_100k","m2-skip-abba-2","2","skip","100000","228","29209700","65064100"
"parent_vs_skip_100k","m2-skip-abba-2","2","skip","100000","229","29731400","65386500"
"parent_vs_skip_100k","m2-skip-abba-2","2","skip","100000","230","29700400","62420300"
"parent_vs_skip_100k","m2-skip-abba-2","2","skip","100000","231","29423600","62250200"
"parent_vs_skip_100k","m2-skip-abba-2","2","skip","100000","232","29368400","64517700"
"parent_vs_skip_100k","m2-skip-abba-2","2","skip","100000","233","29207700","63636300"
"parent_vs_skip_100k","m2-skip-abba-2","2","skip","100000","234","28614900","64229100"
"parent_vs_skip_100k","m2-skip-abba-2","2","skip","100000","235","30432600","63804500"
"parent_vs_skip_100k","m2-skip-abba-2","2","skip","100000","236","29869200","64534300"
"parent_vs_skip_100k","m2-skip-abba-2","2","skip","100000","237","30278800","64012100"
"parent_vs_skip_100k","m2-skip-abba-2","2","skip","100000","238","31112100","64478800"
"parent_vs_skip_100k","m2-skip-abba-2","2","skip","100000","239","30892800","66769100"
"parent_vs_skip_100k","m2-skip-abba-2","2","skip","100000","240","30121600","64594500"
"parent_vs_skip_100k","m2-skip-abba-2","2","skip","100000","241","30321400","66637600"
"parent_vs_skip_100k","m2-skip-abba-2","2","skip","100000","242","30413100","66828000"
"parent_vs_skip_100k","m2-skip-abba-2","2","skip","100000","243","32770700","66512400"
"parent_vs_skip_100k","m2-skip-abba-2","2","skip","100000","244","30930800","64368200"
"parent_vs_skip_100k","m2-skip-abba-2","2","skip","100000","245","30945400","64338700"
"parent_vs_skip_100k","m2-skip-abba-2","2","skip","100000","246","29877100","64582400"
"parent_vs_skip_100k","m2-skip-abba-2","2","skip","100000","247","29081000","67805500"
"parent_vs_skip_100k","m2-skip-abba-2","2","skip","100000","248","30468400","64727100"
"parent_vs_skip_100k","m2-skip-abba-2","2","skip","100000","249","30332900","65198900"
"parent_vs_skip_100k","m2-skip-abba-2","2","skip","100000","250","31152400","65275900"
"parent_vs_skip_100k","m2-skip-abba-2","2","skip","100000","251","31152900","64643000"
"parent_vs_skip_100k","m2-skip-abba-2","2","skip","100000","252","30904200","65354300"
"parent_vs_skip_100k","m2-skip-abba-2","2","skip","100000","253","30638000","65433000"
"parent_vs_skip_100k","m2-skip-abba-2","2","skip","100000","254","30377700","66092400"
"parent_vs_skip_100k","m2-skip-abba-2","2","skip","100000","255","31971600","66272300"
"parent_vs_skip_100k","m2-skip-abba-2","2","skip","100000","256","31432100","66305600"
"parent_vs_skip_100k","m2-skip-abba-3","3","skip","100000","65","29364200","60908900"
"parent_vs_skip_100k","m2-skip-abba-3","3","skip","100000","66","27224100","59106600"
"parent_vs_skip_100k","m2-skip-abba-3","3","skip","100000","67","27331800","59026100"
"parent_vs_skip_100k","m2-skip-abba-3","3","skip","100000","68","27543200","62173100"
"parent_vs_skip_100k","m2-skip-abba-3","3","skip","100000","69","30530800","65403300"
"parent_vs_skip_100k","m2-skip-abba-3","3","skip","100000","70","30078500","66651700"
"parent_vs_skip_100k","m2-skip-abba-3","3","skip","100000","71","30828500","66560900"
"parent_vs_skip_100k","m2-skip-abba-3","3","skip","100000","72","29847600","63386000"
"parent_vs_skip_100k","m2-skip-abba-3","3","skip","100000","73","31143700","67762700"
"parent_vs_skip_100k","m2-skip-abba-3","3","skip","100000","74","30990000","64733500"
"parent_vs_skip_100k","m2-skip-abba-3","3","skip","100000","75","30543700","65301700"
"parent_vs_skip_100k","m2-skip-abba-3","3","skip","100000","76","28860600","67230000"
"parent_vs_skip_100k","m2-skip-abba-3","3","skip","100000","77","31181000","64572700"
"parent_vs_skip_100k","m2-skip-abba-3","3","skip","100000","78","30444900","66532000"
"parent_vs_skip_100k","m2-skip-abba-3","3","skip","100000","79","32169500","66415200"
"parent_vs_skip_100k","m2-skip-abba-3","3","skip","100000","80","30277900","68720500"
"parent_vs_skip_100k","m2-skip-abba-3","3","skip","100000","81","29795400","65447800"
"parent_vs_skip_100k","m2-skip-abba-3","3","skip","100000","82","30343000","65356800"
"parent_vs_skip_100k","m2-skip-abba-3","3","skip","100000","83","27262200","58633000"
"parent_vs_skip_100k","m2-skip-abba-3","3","skip","100000","84","27762300","60414700"
"parent_vs_skip_100k","m2-skip-abba-3","3","skip","100000","85","27160800","59031400"
"parent_vs_skip_100k","m2-skip-abba-3","3","skip","100000","86","29331900","58757300"
"parent_vs_skip_100k","m2-skip-abba-3","3","skip","100000","87","28126500","59324100"
"parent_vs_skip_100k","m2-skip-abba-3","3","skip","100000","88","28109800","58760400"
"parent_vs_skip_100k","m2-skip-abba-3","3","skip","100000","89","28124800","59746100"
"parent_vs_skip_100k","m2-skip-abba-3","3","skip","100000","90","28239600","59451700"
"parent_vs_skip_100k","m2-skip-abba-3","3","skip","100000","91","27471200","59100900"
"parent_vs_skip_100k","m2-skip-abba-3","3","skip","100000","92","27680600","59135200"
"parent_vs_skip_100k","m2-skip-abba-3","3","skip","100000","93","27358200","58610100"
"parent_vs_skip_100k","m2-skip-abba-3","3","skip","100000","94","29960300","63300900"
"parent_vs_skip_100k","m2-skip-abba-3","3","skip","100000","95","31158500","63327400"
"parent_vs_skip_100k","m2-skip-abba-3","3","skip","100000","96","28610700","61899700"
"parent_vs_skip_100k","m2-skip-abba-3","3","skip","100000","97","30695100","64260700"
"parent_vs_skip_100k","m2-skip-abba-3","3","skip","100000","98","29145400","61126300"
"parent_vs_skip_100k","m2-skip-abba-3","3","skip","100000","99","29310900","61113800"
"parent_vs_skip_100k","m2-skip-abba-3","3","skip","100000","100","29833500","62795700"
"parent_vs_skip_100k","m2-skip-abba-3","3","skip","100000","101","29182000","61679000"
"parent_vs_skip_100k","m2-skip-abba-3","3","skip","100000","102","28730800","60554300"
"parent_vs_skip_100k","m2-skip-abba-3","3","skip","100000","103","29294600","60384700"
"parent_vs_skip_100k","m2-skip-abba-3","3","skip","100000","104","34411500","70719100"
"parent_vs_skip_100k","m2-skip-abba-3","3","skip","100000","105","30129200","63416900"
"parent_vs_skip_100k","m2-skip-abba-3","3","skip","100000","106","29444300","63492100"
"parent_vs_skip_100k","m2-skip-abba-3","3","skip","100000","107","30030700","65111800"
"parent_vs_skip_100k","m2-skip-abba-3","3","skip","100000","108","29765400","62180600"
"parent_vs_skip_100k","m2-skip-abba-3","3","skip","100000","109","29565300","62514600"
"parent_vs_skip_100k","m2-skip-abba-3","3","skip","100000","110","29952300","65137800"
"parent_vs_skip_100k","m2-skip-abba-3","3","skip","100000","111","28335300","62737300"
"parent_vs_skip_100k","m2-skip-abba-3","3","skip","100000","112","29997000","62857100"
"parent_vs_skip_100k","m2-skip-abba-3","3","skip","100000","113","29356300","61278000"
"parent_vs_skip_100k","m2-skip-abba-3","3","skip","100000","114","29507200","62319400"
"parent_vs_skip_100k","m2-skip-abba-3","3","skip","100000","115","30180400","62155800"
"parent_vs_skip_100k","m2-skip-abba-3","3","skip","100000","116","29174800","63093900"
"parent_vs_skip_100k","m2-skip-abba-3","3","skip","100000","117","29628000","64987900"
"parent_vs_skip_100k","m2-skip-abba-3","3","skip","100000","118","31324800","62981500"
"parent_vs_skip_100k","m2-skip-abba-3","3","skip","100000","119","30382000","62458600"
"parent_vs_skip_100k","m2-skip-abba-3","3","skip","100000","120","29853200","63187200"
"parent_vs_skip_100k","m2-skip-abba-3","3","skip","100000","121","30554100","62262200"
"parent_vs_skip_100k","m2-skip-abba-3","3","skip","100000","122","31743000","74566500"
"parent_vs_skip_100k","m2-skip-abba-3","3","skip","100000","123","32477800","72134900"
"parent_vs_skip_100k","m2-skip-abba-3","3","skip","100000","124","33100800","70329200"
"parent_vs_skip_100k","m2-skip-abba-3","3","skip","100000","125","34667200","71808300"
"parent_vs_skip_100k","m2-skip-abba-3","3","skip","100000","126","34421500","68409200"
"parent_vs_skip_100k","m2-skip-abba-3","3","skip","100000","127","32474500","73041900"
"parent_vs_skip_100k","m2-skip-abba-3","3","skip","100000","128","33584700","71324100"
"parent_vs_skip_100k","m2-skip-abba-3","3","skip","100000","129","39048100","68365800"
"parent_vs_skip_100k","m2-skip-abba-3","3","skip","100000","130","35227100","72965300"
"parent_vs_skip_100k","m2-skip-abba-3","3","skip","100000","131","34109400","72921200"
"parent_vs_skip_100k","m2-skip-abba-3","3","skip","100000","132","33515200","70838800"
"parent_vs_skip_100k","m2-skip-abba-3","3","skip","100000","133","33357100","72027100"
"parent_vs_skip_100k","m2-skip-abba-3","3","skip","100000","134","33678400","74024000"
"parent_vs_skip_100k","m2-skip-abba-3","3","skip","100000","135","33880100","70754200"
"parent_vs_skip_100k","m2-skip-abba-3","3","skip","100000","136","29938500","66098600"
"parent_vs_skip_100k","m2-skip-abba-3","3","skip","100000","137","29169600","63389400"
"parent_vs_skip_100k","m2-skip-abba-3","3","skip","100000","138","29789600","64961600"
"parent_vs_skip_100k","m2-skip-abba-3","3","skip","100000","139","30137400","62988900"
"parent_vs_skip_100k","m2-skip-abba-3","3","skip","100000","140","29809800","62475700"
"parent_vs_skip_100k","m2-skip-abba-3","3","skip","100000","141","29309700","61851300"
"parent_vs_skip_100k","m2-skip-abba-3","3","skip","100000","142","28895600","62737200"
"parent_vs_skip_100k","m2-skip-abba-3","3","skip","100000","143","29510100","62771000"
"parent_vs_skip_100k","m2-skip-abba-3","3","skip","100000","144","31205200","67317800"
"parent_vs_skip_100k","m2-skip-abba-3","3","skip","100000","145","28804200","64146200"
"parent_vs_skip_100k","m2-skip-abba-3","3","skip","100000","146","28966000","64643500"
"parent_vs_skip_100k","m2-skip-abba-3","3","skip","100000","147","28800700","62875900"
"parent_vs_skip_100k","m2-skip-abba-3","3","skip","100000","148","28606500","64346200"
"parent_vs_skip_100k","m2-skip-abba-3","3","skip","100000","149","30692200","70275600"
"parent_vs_skip_100k","m2-skip-abba-3","3","skip","100000","150","32074100","71742400"
"parent_vs_skip_100k","m2-skip-abba-3","3","skip","100000","151","31763300","70550000"
"parent_vs_skip_100k","m2-skip-abba-3","3","skip","100000","152","31572000","69187100"
"parent_vs_skip_100k","m2-skip-abba-3","3","skip","100000","153","31678200","72428300"
"parent_vs_skip_100k","m2-skip-abba-3","3","skip","100000","154","33792500","64595100"
"parent_vs_skip_100k","m2-skip-abba-3","3","skip","100000","155","29134300","64908700"
"parent_vs_skip_100k","m2-skip-abba-3","3","skip","100000","156","31048500","64874000"
"parent_vs_skip_100k","m2-skip-abba-3","3","skip","100000","157","28553900","62462800"
"parent_vs_skip_100k","m2-skip-abba-3","3","skip","100000","158","28497200","65080000"
"parent_vs_skip_100k","m2-skip-abba-3","3","skip","100000","159","28883300","63249100"
"parent_vs_skip_100k","m2-skip-abba-3","3","skip","100000","160","28320000","64286000"
"parent_vs_skip_100k","m2-skip-abba-3","3","skip","100000","161","28738300","63670500"
"parent_vs_skip_100k","m2-skip-abba-3","3","skip","100000","162","28541600","62981000"
"parent_vs_skip_100k","m2-skip-abba-3","3","skip","100000","163","28190400","62981900"
"parent_vs_skip_100k","m2-skip-abba-3","3","skip","100000","164","28623800","62702900"
"parent_vs_skip_100k","m2-skip-abba-3","3","skip","100000","165","28153400","66484100"
"parent_vs_skip_100k","m2-skip-abba-3","3","skip","100000","166","27875900","64245600"
"parent_vs_skip_100k","m2-skip-abba-3","3","skip","100000","167","28822300","64832800"
"parent_vs_skip_100k","m2-skip-abba-3","3","skip","100000","168","29021200","65500900"
"parent_vs_skip_100k","m2-skip-abba-3","3","skip","100000","169","28825600","64965800"
"parent_vs_skip_100k","m2-skip-abba-3","3","skip","100000","170","29446600","63572000"
"parent_vs_skip_100k","m2-skip-abba-3","3","skip","100000","171","29340100","63626800"
"parent_vs_skip_100k","m2-skip-abba-3","3","skip","100000","172","29239700","62735600"
"parent_vs_skip_100k","m2-skip-abba-3","3","skip","100000","173","29207100","64622200"
"parent_vs_skip_100k","m2-skip-abba-3","3","skip","100000","174","29533500","65271100"
"parent_vs_skip_100k","m2-skip-abba-3","3","skip","100000","175","29376400","62783400"
"parent_vs_skip_100k","m2-skip-abba-3","3","skip","100000","176","32335700","63924600"
"parent_vs_skip_100k","m2-skip-abba-3","3","skip","100000","177","29210500","64689400"
"parent_vs_skip_100k","m2-skip-abba-3","3","skip","100000","178","28320900","63542000"
"parent_vs_skip_100k","m2-skip-abba-3","3","skip","100000","179","29680700","62726300"
"parent_vs_skip_100k","m2-skip-abba-3","3","skip","100000","180","28772900","62035700"
"parent_vs_skip_100k","m2-skip-abba-3","3","skip","100000","181","29114700","61559100"
"parent_vs_skip_100k","m2-skip-abba-3","3","skip","100000","182","28413900","61893100"
"parent_vs_skip_100k","m2-skip-abba-3","3","skip","100000","183","28046900","62009900"
"parent_vs_skip_100k","m2-skip-abba-3","3","skip","100000","184","29458000","61468500"
"parent_vs_skip_100k","m2-skip-abba-3","3","skip","100000","185","28174200","61485600"
"parent_vs_skip_100k","m2-skip-abba-3","3","skip","100000","186","28310300","64570600"
"parent_vs_skip_100k","m2-skip-abba-3","3","skip","100000","187","29066200","61980100"
"parent_vs_skip_100k","m2-skip-abba-3","3","skip","100000","188","29427300","63072500"
"parent_vs_skip_100k","m2-skip-abba-3","3","skip","100000","189","30284300","66863200"
"parent_vs_skip_100k","m2-skip-abba-3","3","skip","100000","190","29160900","63760900"
"parent_vs_skip_100k","m2-skip-abba-3","3","skip","100000","191","29965400","70051600"
"parent_vs_skip_100k","m2-skip-abba-3","3","skip","100000","192","32492400","72463100"
"parent_vs_skip_100k","m2-skip-abba-3","3","skip","100000","193","36797500","72163200"
"parent_vs_skip_100k","m2-skip-abba-3","3","skip","100000","194","29506600","62357200"
"parent_vs_skip_100k","m2-skip-abba-3","3","skip","100000","195","29015600","63644700"
"parent_vs_skip_100k","m2-skip-abba-3","3","skip","100000","196","29138100","62511200"
"parent_vs_skip_100k","m2-skip-abba-3","3","skip","100000","197","28741200","61685800"
"parent_vs_skip_100k","m2-skip-abba-3","3","skip","100000","198","28718600","62672000"
"parent_vs_skip_100k","m2-skip-abba-3","3","skip","100000","199","31196300","69378000"
"parent_vs_skip_100k","m2-skip-abba-3","3","skip","100000","200","32392100","62908900"
"parent_vs_skip_100k","m2-skip-abba-3","3","skip","100000","201","29150200","69670200"
"parent_vs_skip_100k","m2-skip-abba-3","3","skip","100000","202","33165200","69731600"
"parent_vs_skip_100k","m2-skip-abba-3","3","skip","100000","203","33702600","71546900"
"parent_vs_skip_100k","m2-skip-abba-3","3","skip","100000","204","33033600","72696400"
"parent_vs_skip_100k","m2-skip-abba-3","3","skip","100000","205","32823700","71505400"
"parent_vs_skip_100k","m2-skip-abba-3","3","skip","100000","206","31729500","70948600"
"parent_vs_skip_100k","m2-skip-abba-3","3","skip","100000","207","32418100","73499400"
"parent_vs_skip_100k","m2-skip-abba-3","3","skip","100000","208","33594400","71963600"
"parent_vs_skip_100k","m2-skip-abba-3","3","skip","100000","209","31865900","67519200"
"parent_vs_skip_100k","m2-skip-abba-3","3","skip","100000","210","29071400","63562400"
"parent_vs_skip_100k","m2-skip-abba-3","3","skip","100000","211","29195300","65628700"
"parent_vs_skip_100k","m2-skip-abba-3","3","skip","100000","212","33453800","71575600"
"parent_vs_skip_100k","m2-skip-abba-3","3","skip","100000","213","32369100","71305300"
"parent_vs_skip_100k","m2-skip-abba-3","3","skip","100000","214","32116300","70931200"
"parent_vs_skip_100k","m2-skip-abba-3","3","skip","100000","215","34230900","70086700"
"parent_vs_skip_100k","m2-skip-abba-3","3","skip","100000","216","32603800","71809400"
"parent_vs_skip_100k","m2-skip-abba-3","3","skip","100000","217","33143200","63793800"
"parent_vs_skip_100k","m2-skip-abba-3","3","skip","100000","218","28995600","61556800"
"parent_vs_skip_100k","m2-skip-abba-3","3","skip","100000","219","30296700","63072800"
"parent_vs_skip_100k","m2-skip-abba-3","3","skip","100000","220","29286900","68530200"
"parent_vs_skip_100k","m2-skip-abba-3","3","skip","100000","221","33451000","71145400"
"parent_vs_skip_100k","m2-skip-abba-3","3","skip","100000","222","34217500","72610300"
"parent_vs_skip_100k","m2-skip-abba-3","3","skip","100000","223","33229000","72785600"
"parent_vs_skip_100k","m2-skip-abba-3","3","skip","100000","224","33340600","71453900"
"parent_vs_skip_100k","m2-skip-abba-3","3","skip","100000","225","33755300","72629600"
"parent_vs_skip_100k","m2-skip-abba-3","3","skip","100000","226","29897400","63184700"
"parent_vs_skip_100k","m2-skip-abba-3","3","skip","100000","227","29859900","62555700"
"parent_vs_skip_100k","m2-skip-abba-3","3","skip","100000","228","29505000","64895100"
"parent_vs_skip_100k","m2-skip-abba-3","3","skip","100000","229","29539700","63575200"
"parent_vs_skip_100k","m2-skip-abba-3","3","skip","100000","230","29582700","64370400"
"parent_vs_skip_100k","m2-skip-abba-3","3","skip","100000","231","29536100","65213800"
"parent_vs_skip_100k","m2-skip-abba-3","3","skip","100000","232","29666800","63118000"
"parent_vs_skip_100k","m2-skip-abba-3","3","skip","100000","233","29712800","64299800"
"parent_vs_skip_100k","m2-skip-abba-3","3","skip","100000","234","31596700","65129700"
"parent_vs_skip_100k","m2-skip-abba-3","3","skip","100000","235","30142500","64516000"
"parent_vs_skip_100k","m2-skip-abba-3","3","skip","100000","236","30700100","62492100"
"parent_vs_skip_100k","m2-skip-abba-3","3","skip","100000","237","29253900","62848500"
"parent_vs_skip_100k","m2-skip-abba-3","3","skip","100000","238","30559800","64041300"
"parent_vs_skip_100k","m2-skip-abba-3","3","skip","100000","239","31260200","64437300"
"parent_vs_skip_100k","m2-skip-abba-3","3","skip","100000","240","31427100","64148700"
"parent_vs_skip_100k","m2-skip-abba-3","3","skip","100000","241","29911200","64530800"
"parent_vs_skip_100k","m2-skip-abba-3","3","skip","100000","242","31894500","64145200"
"parent_vs_skip_100k","m2-skip-abba-3","3","skip","100000","243","30209400","65056100"
"parent_vs_skip_100k","m2-skip-abba-3","3","skip","100000","244","31325500","64991500"
"parent_vs_skip_100k","m2-skip-abba-3","3","skip","100000","245","30774200","65098500"
"parent_vs_skip_100k","m2-skip-abba-3","3","skip","100000","246","29374100","65502500"
"parent_vs_skip_100k","m2-skip-abba-3","3","skip","100000","247","31803800","64002200"
"parent_vs_skip_100k","m2-skip-abba-3","3","skip","100000","248","31496300","63018200"
"parent_vs_skip_100k","m2-skip-abba-3","3","skip","100000","249","30221300","62844400"
"parent_vs_skip_100k","m2-skip-abba-3","3","skip","100000","250","32519700","64831100"
"parent_vs_skip_100k","m2-skip-abba-3","3","skip","100000","251","31523300","66747300"
"parent_vs_skip_100k","m2-skip-abba-3","3","skip","100000","252","29576400","65291400"
"parent_vs_skip_100k","m2-skip-abba-3","3","skip","100000","253","32340400","63924800"
"parent_vs_skip_100k","m2-skip-abba-3","3","skip","100000","254","31823300","64392000"
"parent_vs_skip_100k","m2-skip-abba-3","3","skip","100000","255","31187800","63850100"
"parent_vs_skip_100k","m2-skip-abba-3","3","skip","100000","256","30435800","63966900"
"parent_vs_skip_100k","m2-parent-abba-4","4","parent","100000","65","30564600","61252500"
"parent_vs_skip_100k","m2-parent-abba-4","4","parent","100000","66","30973700","73171200"
"parent_vs_skip_100k","m2-parent-abba-4","4","parent","100000","67","32795300","62137900"
"parent_vs_skip_100k","m2-parent-abba-4","4","parent","100000","68","28783500","62748200"
"parent_vs_skip_100k","m2-parent-abba-4","4","parent","100000","69","28849400","71062000"
"parent_vs_skip_100k","m2-parent-abba-4","4","parent","100000","70","29589200","69955500"
"parent_vs_skip_100k","m2-parent-abba-4","4","parent","100000","71","31039100","68801200"
"parent_vs_skip_100k","m2-parent-abba-4","4","parent","100000","72","32721900","69200300"
"parent_vs_skip_100k","m2-parent-abba-4","4","parent","100000","73","31549400","62212200"
"parent_vs_skip_100k","m2-parent-abba-4","4","parent","100000","74","29574600","71060400"
"parent_vs_skip_100k","m2-parent-abba-4","4","parent","100000","75","28446900","69390700"
"parent_vs_skip_100k","m2-parent-abba-4","4","parent","100000","76","31456600","68385000"
"parent_vs_skip_100k","m2-parent-abba-4","4","parent","100000","77","33270600","70876500"
"parent_vs_skip_100k","m2-parent-abba-4","4","parent","100000","78","30276200","69487000"
"parent_vs_skip_100k","m2-parent-abba-4","4","parent","100000","79","29374500","62397800"
"parent_vs_skip_100k","m2-parent-abba-4","4","parent","100000","80","29408600","63322500"
"parent_vs_skip_100k","m2-parent-abba-4","4","parent","100000","81","28870400","61937800"
"parent_vs_skip_100k","m2-parent-abba-4","4","parent","100000","82","29051000","63195800"
"parent_vs_skip_100k","m2-parent-abba-4","4","parent","100000","83","27989300","61852500"
"parent_vs_skip_100k","m2-parent-abba-4","4","parent","100000","84","29122600","65066600"
"parent_vs_skip_100k","m2-parent-abba-4","4","parent","100000","85","28716600","62737100"
"parent_vs_skip_100k","m2-parent-abba-4","4","parent","100000","86","29666700","61891700"
"parent_vs_skip_100k","m2-parent-abba-4","4","parent","100000","87","29058400","62814900"
"parent_vs_skip_100k","m2-parent-abba-4","4","parent","100000","88","30025700","61340600"
"parent_vs_skip_100k","m2-parent-abba-4","4","parent","100000","89","28311500","61868600"
"parent_vs_skip_100k","m2-parent-abba-4","4","parent","100000","90","28762300","61986900"
"parent_vs_skip_100k","m2-parent-abba-4","4","parent","100000","91","28533000","61681000"
"parent_vs_skip_100k","m2-parent-abba-4","4","parent","100000","92","29565400","62122900"
"parent_vs_skip_100k","m2-parent-abba-4","4","parent","100000","93","31416900","63088800"
"parent_vs_skip_100k","m2-parent-abba-4","4","parent","100000","94","33814500","63818700"
"parent_vs_skip_100k","m2-parent-abba-4","4","parent","100000","95","29936100","64886100"
"parent_vs_skip_100k","m2-parent-abba-4","4","parent","100000","96","29776900","62705300"
"parent_vs_skip_100k","m2-parent-abba-4","4","parent","100000","97","29201000","63023400"
"parent_vs_skip_100k","m2-parent-abba-4","4","parent","100000","98","29676300","62748400"
"parent_vs_skip_100k","m2-parent-abba-4","4","parent","100000","99","34865300","63268600"
"parent_vs_skip_100k","m2-parent-abba-4","4","parent","100000","100","29321300","62680600"
"parent_vs_skip_100k","m2-parent-abba-4","4","parent","100000","101","28651900","65641300"
"parent_vs_skip_100k","m2-parent-abba-4","4","parent","100000","102","30113700","61913800"
"parent_vs_skip_100k","m2-parent-abba-4","4","parent","100000","103","32039600","64250500"
"parent_vs_skip_100k","m2-parent-abba-4","4","parent","100000","104","36258000","73383900"
"parent_vs_skip_100k","m2-parent-abba-4","4","parent","100000","105","30265200","66929500"
"parent_vs_skip_100k","m2-parent-abba-4","4","parent","100000","106","32127400","65167100"
"parent_vs_skip_100k","m2-parent-abba-4","4","parent","100000","107","31373100","65697900"
"parent_vs_skip_100k","m2-parent-abba-4","4","parent","100000","108","32252900","65137300"
"parent_vs_skip_100k","m2-parent-abba-4","4","parent","100000","109","30699100","65269600"
"parent_vs_skip_100k","m2-parent-abba-4","4","parent","100000","110","30742800","66672400"
"parent_vs_skip_100k","m2-parent-abba-4","4","parent","100000","111","36191900","66100700"
"parent_vs_skip_100k","m2-parent-abba-4","4","parent","100000","112","30916400","66107600"
"parent_vs_skip_100k","m2-parent-abba-4","4","parent","100000","113","29668500","65730400"
"parent_vs_skip_100k","m2-parent-abba-4","4","parent","100000","114","35121700","65457500"
"parent_vs_skip_100k","m2-parent-abba-4","4","parent","100000","115","30696200","66406800"
"parent_vs_skip_100k","m2-parent-abba-4","4","parent","100000","116","34100900","71823500"
"parent_vs_skip_100k","m2-parent-abba-4","4","parent","100000","117","35341400","74452700"
"parent_vs_skip_100k","m2-parent-abba-4","4","parent","100000","118","35403600","73254200"
"parent_vs_skip_100k","m2-parent-abba-4","4","parent","100000","119","34059900","70612400"
"parent_vs_skip_100k","m2-parent-abba-4","4","parent","100000","120","31519600","67999900"
"parent_vs_skip_100k","m2-parent-abba-4","4","parent","100000","121","35843800","73080600"
"parent_vs_skip_100k","m2-parent-abba-4","4","parent","100000","122","38675500","77080500"
"parent_vs_skip_100k","m2-parent-abba-4","4","parent","100000","123","33525900","75849200"
"parent_vs_skip_100k","m2-parent-abba-4","4","parent","100000","124","34243500","74438600"
"parent_vs_skip_100k","m2-parent-abba-4","4","parent","100000","125","34256800","74571100"
"parent_vs_skip_100k","m2-parent-abba-4","4","parent","100000","126","35624700","73258000"
"parent_vs_skip_100k","m2-parent-abba-4","4","parent","100000","127","34315100","72976200"
"parent_vs_skip_100k","m2-parent-abba-4","4","parent","100000","128","33339600","73047300"
"parent_vs_skip_100k","m2-parent-abba-4","4","parent","100000","129","40628500","75537200"
"parent_vs_skip_100k","m2-parent-abba-4","4","parent","100000","130","33880400","76208000"
"parent_vs_skip_100k","m2-parent-abba-4","4","parent","100000","131","30703400","65171900"
"parent_vs_skip_100k","m2-parent-abba-4","4","parent","100000","132","30503400","65870600"
"parent_vs_skip_100k","m2-parent-abba-4","4","parent","100000","133","30935000","70853400"
"parent_vs_skip_100k","m2-parent-abba-4","4","parent","100000","134","31136400","64999600"
"parent_vs_skip_100k","m2-parent-abba-4","4","parent","100000","135","31675400","65810300"
"parent_vs_skip_100k","m2-parent-abba-4","4","parent","100000","136","31500600","67737600"
"parent_vs_skip_100k","m2-parent-abba-4","4","parent","100000","137","30378400","65642900"
"parent_vs_skip_100k","m2-parent-abba-4","4","parent","100000","138","30190400","67086500"
"parent_vs_skip_100k","m2-parent-abba-4","4","parent","100000","139","29967200","66262500"
"parent_vs_skip_100k","m2-parent-abba-4","4","parent","100000","140","30259000","68636500"
"parent_vs_skip_100k","m2-parent-abba-4","4","parent","100000","141","30756600","65940000"
"parent_vs_skip_100k","m2-parent-abba-4","4","parent","100000","142","29854400","65616500"
"parent_vs_skip_100k","m2-parent-abba-4","4","parent","100000","143","30433800","65877400"
"parent_vs_skip_100k","m2-parent-abba-4","4","parent","100000","144","31334100","70811700"
"parent_vs_skip_100k","m2-parent-abba-4","4","parent","100000","145","29675200","65844600"
"parent_vs_skip_100k","m2-parent-abba-4","4","parent","100000","146","31254400","69428500"
"parent_vs_skip_100k","m2-parent-abba-4","4","parent","100000","147","29240500","65386400"
"parent_vs_skip_100k","m2-parent-abba-4","4","parent","100000","148","29451600","65697000"
"parent_vs_skip_100k","m2-parent-abba-4","4","parent","100000","149","29563900","67401700"
"parent_vs_skip_100k","m2-parent-abba-4","4","parent","100000","150","28788900","66159600"
"parent_vs_skip_100k","m2-parent-abba-4","4","parent","100000","151","29282600","65971700"
"parent_vs_skip_100k","m2-parent-abba-4","4","parent","100000","152","29217500","66674500"
"parent_vs_skip_100k","m2-parent-abba-4","4","parent","100000","153","29622100","66288300"
"parent_vs_skip_100k","m2-parent-abba-4","4","parent","100000","154","29396500","65850100"
"parent_vs_skip_100k","m2-parent-abba-4","4","parent","100000","155","29344400","65504700"
"parent_vs_skip_100k","m2-parent-abba-4","4","parent","100000","156","30999700","66150400"
"parent_vs_skip_100k","m2-parent-abba-4","4","parent","100000","157","29149600","66876100"
"parent_vs_skip_100k","m2-parent-abba-4","4","parent","100000","158","30658400","65909400"
"parent_vs_skip_100k","m2-parent-abba-4","4","parent","100000","159","31567600","67204000"
"parent_vs_skip_100k","m2-parent-abba-4","4","parent","100000","160","28692200","67373300"
"parent_vs_skip_100k","m2-parent-abba-4","4","parent","100000","161","29958200","66246400"
"parent_vs_skip_100k","m2-parent-abba-4","4","parent","100000","162","30132700","66758100"
"parent_vs_skip_100k","m2-parent-abba-4","4","parent","100000","163","29658100","65182800"
"parent_vs_skip_100k","m2-parent-abba-4","4","parent","100000","164","29831800","66403700"
"parent_vs_skip_100k","m2-parent-abba-4","4","parent","100000","165","29677200","65665700"
"parent_vs_skip_100k","m2-parent-abba-4","4","parent","100000","166","29696600","66113800"
"parent_vs_skip_100k","m2-parent-abba-4","4","parent","100000","167","30361600","65459400"
"parent_vs_skip_100k","m2-parent-abba-4","4","parent","100000","168","29686100","65223900"
"parent_vs_skip_100k","m2-parent-abba-4","4","parent","100000","169","29597500","66745100"
"parent_vs_skip_100k","m2-parent-abba-4","4","parent","100000","170","29338500","65082800"
"parent_vs_skip_100k","m2-parent-abba-4","4","parent","100000","171","29831200","64750800"
"parent_vs_skip_100k","m2-parent-abba-4","4","parent","100000","172","29928800","68401200"
"parent_vs_skip_100k","m2-parent-abba-4","4","parent","100000","173","29883100","65540800"
"parent_vs_skip_100k","m2-parent-abba-4","4","parent","100000","174","30410400","65461000"
"parent_vs_skip_100k","m2-parent-abba-4","4","parent","100000","175","29746300","66389800"
"parent_vs_skip_100k","m2-parent-abba-4","4","parent","100000","176","30409900","67112100"
"parent_vs_skip_100k","m2-parent-abba-4","4","parent","100000","177","29896500","66582600"
"parent_vs_skip_100k","m2-parent-abba-4","4","parent","100000","178","30212800","65567400"
"parent_vs_skip_100k","m2-parent-abba-4","4","parent","100000","179","30288200","67782000"
"parent_vs_skip_100k","m2-parent-abba-4","4","parent","100000","180","32323900","66944000"
"parent_vs_skip_100k","m2-parent-abba-4","4","parent","100000","181","30833000","65781900"
"parent_vs_skip_100k","m2-parent-abba-4","4","parent","100000","182","32209600","65478000"
"parent_vs_skip_100k","m2-parent-abba-4","4","parent","100000","183","29628500","65899400"
"parent_vs_skip_100k","m2-parent-abba-4","4","parent","100000","184","30184800","64938800"
"parent_vs_skip_100k","m2-parent-abba-4","4","parent","100000","185","29777600","66343800"
"parent_vs_skip_100k","m2-parent-abba-4","4","parent","100000","186","29454000","65598800"
"parent_vs_skip_100k","m2-parent-abba-4","4","parent","100000","187","30274900","66089800"
"parent_vs_skip_100k","m2-parent-abba-4","4","parent","100000","188","32500800","72486400"
"parent_vs_skip_100k","m2-parent-abba-4","4","parent","100000","189","34124700","78172500"
"parent_vs_skip_100k","m2-parent-abba-4","4","parent","100000","190","33068300","73254700"
"parent_vs_skip_100k","m2-parent-abba-4","4","parent","100000","191","32477200","74005000"
"parent_vs_skip_100k","m2-parent-abba-4","4","parent","100000","192","34130900","73473100"
"parent_vs_skip_100k","m2-parent-abba-4","4","parent","100000","193","39921400","73039500"
"parent_vs_skip_100k","m2-parent-abba-4","4","parent","100000","194","28906700","67841600"
"parent_vs_skip_100k","m2-parent-abba-4","4","parent","100000","195","31289600","75336500"
"parent_vs_skip_100k","m2-parent-abba-4","4","parent","100000","196","33671800","69811500"
"parent_vs_skip_100k","m2-parent-abba-4","4","parent","100000","197","30023300","65020700"
"parent_vs_skip_100k","m2-parent-abba-4","4","parent","100000","198","31662000","66609700"
"parent_vs_skip_100k","m2-parent-abba-4","4","parent","100000","199","30429300","66697400"
"parent_vs_skip_100k","m2-parent-abba-4","4","parent","100000","200","30221500","66377500"
"parent_vs_skip_100k","m2-parent-abba-4","4","parent","100000","201","30121000","66013900"
"parent_vs_skip_100k","m2-parent-abba-4","4","parent","100000","202","29671400","66551000"
"parent_vs_skip_100k","m2-parent-abba-4","4","parent","100000","203","30006500","64648500"
"parent_vs_skip_100k","m2-parent-abba-4","4","parent","100000","204","29688000","66454900"
"parent_vs_skip_100k","m2-parent-abba-4","4","parent","100000","205","29288000","66391300"
"parent_vs_skip_100k","m2-parent-abba-4","4","parent","100000","206","29801200","66418600"
"parent_vs_skip_100k","m2-parent-abba-4","4","parent","100000","207","30567500","66071800"
"parent_vs_skip_100k","m2-parent-abba-4","4","parent","100000","208","33852900","74630200"
"parent_vs_skip_100k","m2-parent-abba-4","4","parent","100000","209","32904800","73174500"
"parent_vs_skip_100k","m2-parent-abba-4","4","parent","100000","210","30446400","66632300"
"parent_vs_skip_100k","m2-parent-abba-4","4","parent","100000","211","29894600","65613800"
"parent_vs_skip_100k","m2-parent-abba-4","4","parent","100000","212","29904100","66910100"
"parent_vs_skip_100k","m2-parent-abba-4","4","parent","100000","213","30207600","66604100"
"parent_vs_skip_100k","m2-parent-abba-4","4","parent","100000","214","30345000","66145300"
"parent_vs_skip_100k","m2-parent-abba-4","4","parent","100000","215","30152300","65009200"
"parent_vs_skip_100k","m2-parent-abba-4","4","parent","100000","216","30245700","64573500"
"parent_vs_skip_100k","m2-parent-abba-4","4","parent","100000","217","29824500","68075000"
"parent_vs_skip_100k","m2-parent-abba-4","4","parent","100000","218","29943400","65111100"
"parent_vs_skip_100k","m2-parent-abba-4","4","parent","100000","219","29502500","66208300"
"parent_vs_skip_100k","m2-parent-abba-4","4","parent","100000","220","31299400","68274400"
"parent_vs_skip_100k","m2-parent-abba-4","4","parent","100000","221","30723800","66516200"
"parent_vs_skip_100k","m2-parent-abba-4","4","parent","100000","222","31259400","66519800"
"parent_vs_skip_100k","m2-parent-abba-4","4","parent","100000","223","30352500","66419800"
"parent_vs_skip_100k","m2-parent-abba-4","4","parent","100000","224","30886500","66870000"
"parent_vs_skip_100k","m2-parent-abba-4","4","parent","100000","225","30657700","66849900"
"parent_vs_skip_100k","m2-parent-abba-4","4","parent","100000","226","30327500","68221200"
"parent_vs_skip_100k","m2-parent-abba-4","4","parent","100000","227","32551900","66597000"
"parent_vs_skip_100k","m2-parent-abba-4","4","parent","100000","228","30484800","66607400"
"parent_vs_skip_100k","m2-parent-abba-4","4","parent","100000","229","31424100","66281900"
"parent_vs_skip_100k","m2-parent-abba-4","4","parent","100000","230","31301600","67263900"
"parent_vs_skip_100k","m2-parent-abba-4","4","parent","100000","231","31121300","67406400"
"parent_vs_skip_100k","m2-parent-abba-4","4","parent","100000","232","31598800","66160100"
"parent_vs_skip_100k","m2-parent-abba-4","4","parent","100000","233","31432800","68016300"
"parent_vs_skip_100k","m2-parent-abba-4","4","parent","100000","234","31970900","67409900"
"parent_vs_skip_100k","m2-parent-abba-4","4","parent","100000","235","30569500","68846000"
"parent_vs_skip_100k","m2-parent-abba-4","4","parent","100000","236","31606400","67548800"
"parent_vs_skip_100k","m2-parent-abba-4","4","parent","100000","237","32663700","68381200"
"parent_vs_skip_100k","m2-parent-abba-4","4","parent","100000","238","32462900","68012200"
"parent_vs_skip_100k","m2-parent-abba-4","4","parent","100000","239","32274900","68848300"
"parent_vs_skip_100k","m2-parent-abba-4","4","parent","100000","240","33280800","67519800"
"parent_vs_skip_100k","m2-parent-abba-4","4","parent","100000","241","32360800","67329400"
"parent_vs_skip_100k","m2-parent-abba-4","4","parent","100000","242","30841700","67137100"
"parent_vs_skip_100k","m2-parent-abba-4","4","parent","100000","243","30797600","67375800"
"parent_vs_skip_100k","m2-parent-abba-4","4","parent","100000","244","31291300","68092000"
"parent_vs_skip_100k","m2-parent-abba-4","4","parent","100000","245","31058400","66967100"
"parent_vs_skip_100k","m2-parent-abba-4","4","parent","100000","246","30988800","71101000"
"parent_vs_skip_100k","m2-parent-abba-4","4","parent","100000","247","32001500","69017000"
"parent_vs_skip_100k","m2-parent-abba-4","4","parent","100000","248","31419600","70725300"
"parent_vs_skip_100k","m2-parent-abba-4","4","parent","100000","249","32244400","65581200"
"parent_vs_skip_100k","m2-parent-abba-4","4","parent","100000","250","31836000","78764500"
"parent_vs_skip_100k","m2-parent-abba-4","4","parent","100000","251","35758100","80326100"
"parent_vs_skip_100k","m2-parent-abba-4","4","parent","100000","252","35069500","74238600"
"parent_vs_skip_100k","m2-parent-abba-4","4","parent","100000","253","35490100","78658700"
"parent_vs_skip_100k","m2-parent-abba-4","4","parent","100000","254","35567500","75658800"
"parent_vs_skip_100k","m2-parent-abba-4","4","parent","100000","255","35307300","77023900"
"parent_vs_skip_100k","m2-parent-abba-4","4","parent","100000","256","34699500","74432300"
"same_binary_100k","m2-direct-same-1","1","direct","100000","65","28884700","58185300"
"same_binary_100k","m2-direct-same-1","1","direct","100000","66","27151200","58946600"
"same_binary_100k","m2-direct-same-1","1","direct","100000","67","32603500","70982200"
"same_binary_100k","m2-direct-same-1","1","direct","100000","68","32500900","71345100"
"same_binary_100k","m2-direct-same-1","1","direct","100000","69","33748600","70353400"
"same_binary_100k","m2-direct-same-1","1","direct","100000","70","34190000","73802100"
"same_binary_100k","m2-direct-same-1","1","direct","100000","71","32395200","73185600"
"same_binary_100k","m2-direct-same-1","1","direct","100000","72","35372800","65545200"
"same_binary_100k","m2-direct-same-1","1","direct","100000","73","28637900","60063500"
"same_binary_100k","m2-direct-same-1","1","direct","100000","74","28219100","68912200"
"same_binary_100k","m2-direct-same-1","1","direct","100000","75","36595100","71707100"
"same_binary_100k","m2-direct-same-1","1","direct","100000","76","31779800","71761100"
"same_binary_100k","m2-direct-same-1","1","direct","100000","77","35048000","69210100"
"same_binary_100k","m2-direct-same-1","1","direct","100000","78","32376400","67998400"
"same_binary_100k","m2-direct-same-1","1","direct","100000","79","30290700","70819300"
"same_binary_100k","m2-direct-same-1","1","direct","100000","80","31877400","67934600"
"same_binary_100k","m2-direct-same-1","1","direct","100000","81","29001500","62718500"
"same_binary_100k","m2-direct-same-1","1","direct","100000","82","28865100","64083700"
"same_binary_100k","m2-direct-same-1","1","direct","100000","83","29372900","64918600"
"same_binary_100k","m2-direct-same-1","1","direct","100000","84","30575200","64331400"
"same_binary_100k","m2-direct-same-1","1","direct","100000","85","29284800","60711300"
"same_binary_100k","m2-direct-same-1","1","direct","100000","86","28543500","63195200"
"same_binary_100k","m2-direct-same-1","1","direct","100000","87","29097600","61435200"
"same_binary_100k","m2-direct-same-1","1","direct","100000","88","29694900","61590600"
"same_binary_100k","m2-direct-same-1","1","direct","100000","89","29346700","61809400"
"same_binary_100k","m2-direct-same-1","1","direct","100000","90","28883200","61840100"
"same_binary_100k","m2-direct-same-1","1","direct","100000","91","28791200","63720700"
"same_binary_100k","m2-direct-same-1","1","direct","100000","92","29291200","62219100"
"same_binary_100k","m2-direct-same-1","1","direct","100000","93","29665600","63609100"
"same_binary_100k","m2-direct-same-1","1","direct","100000","94","33078800","66606100"
"same_binary_100k","m2-direct-same-1","1","direct","100000","95","31132900","65629200"
"same_binary_100k","m2-direct-same-1","1","direct","100000","96","29809300","65763100"
"same_binary_100k","m2-direct-same-1","1","direct","100000","97","30537700","64301800"
"same_binary_100k","m2-direct-same-1","1","direct","100000","98","31148500","64414700"
"same_binary_100k","m2-direct-same-1","1","direct","100000","99","31072600","64000500"
"same_binary_100k","m2-direct-same-1","1","direct","100000","100","29814600","65259200"
"same_binary_100k","m2-direct-same-1","1","direct","100000","101","30239900","65009700"
"same_binary_100k","m2-direct-same-1","1","direct","100000","102","30296100","64257100"
"same_binary_100k","m2-direct-same-1","1","direct","100000","103","30513600","64501100"
"same_binary_100k","m2-direct-same-1","1","direct","100000","104","36172700","74588800"
"same_binary_100k","m2-direct-same-1","1","direct","100000","105","31574000","66694400"
"same_binary_100k","m2-direct-same-1","1","direct","100000","106","31948900","67854000"
"same_binary_100k","m2-direct-same-1","1","direct","100000","107","31820700","66283700"
"same_binary_100k","m2-direct-same-1","1","direct","100000","108","31500700","66715000"
"same_binary_100k","m2-direct-same-1","1","direct","100000","109","31168700","66706400"
"same_binary_100k","m2-direct-same-1","1","direct","100000","110","32038000","66771800"
"same_binary_100k","m2-direct-same-1","1","direct","100000","111","31145600","66001500"
"same_binary_100k","m2-direct-same-1","1","direct","100000","112","32342100","66827400"
"same_binary_100k","m2-direct-same-1","1","direct","100000","113","31294700","69292400"
"same_binary_100k","m2-direct-same-1","1","direct","100000","114","31039000","67712800"
"same_binary_100k","m2-direct-same-1","1","direct","100000","115","31549200","66404900"
"same_binary_100k","m2-direct-same-1","1","direct","100000","116","30024900","63164400"
"same_binary_100k","m2-direct-same-1","1","direct","100000","117","31387000","66766000"
"same_binary_100k","m2-direct-same-1","1","direct","100000","118","35134900","73753200"
"same_binary_100k","m2-direct-same-1","1","direct","100000","119","36712000","75347300"
"same_binary_100k","m2-direct-same-1","1","direct","100000","120","35781600","77131500"
"same_binary_100k","m2-direct-same-1","1","direct","100000","121","37359200","75559000"
"same_binary_100k","m2-direct-same-1","1","direct","100000","122","36921100","81476400"
"same_binary_100k","m2-direct-same-1","1","direct","100000","123","35341300","77146500"
"same_binary_100k","m2-direct-same-1","1","direct","100000","124","36224700","75222700"
"same_binary_100k","m2-direct-same-1","1","direct","100000","125","31260300","64399600"
"same_binary_100k","m2-direct-same-1","1","direct","100000","126","29579900","63022500"
"same_binary_100k","m2-direct-same-1","1","direct","100000","127","29855900","63888100"
"same_binary_100k","m2-direct-same-1","1","direct","100000","128","29818100","62863800"
"same_binary_100k","m2-direct-same-1","1","direct","100000","129","33840700","64090500"
"same_binary_100k","m2-direct-same-1","1","direct","100000","130","29725900","64620100"
"same_binary_100k","m2-direct-same-1","1","direct","100000","131","30312400","62739100"
"same_binary_100k","m2-direct-same-1","1","direct","100000","132","29887900","64323000"
"same_binary_100k","m2-direct-same-1","1","direct","100000","133","29649700","62283900"
"same_binary_100k","m2-direct-same-1","1","direct","100000","134","29653700","62644500"
"same_binary_100k","m2-direct-same-1","1","direct","100000","135","30525800","63437800"
"same_binary_100k","m2-direct-same-1","1","direct","100000","136","31063600","65223500"
"same_binary_100k","m2-direct-same-1","1","direct","100000","137","30246700","72801700"
"same_binary_100k","m2-direct-same-1","1","direct","100000","138","35644500","78905400"
"same_binary_100k","m2-direct-same-1","1","direct","100000","139","37361500","77042800"
"same_binary_100k","m2-direct-same-1","1","direct","100000","140","36244500","75051100"
"same_binary_100k","m2-direct-same-1","1","direct","100000","141","29594500","64787000"
"same_binary_100k","m2-direct-same-1","1","direct","100000","142","29636200","62923600"
"same_binary_100k","m2-direct-same-1","1","direct","100000","143","29399900","61652300"
"same_binary_100k","m2-direct-same-1","1","direct","100000","144","30974600","69410600"
"same_binary_100k","m2-direct-same-1","1","direct","100000","145","30420300","64191800"
"same_binary_100k","m2-direct-same-1","1","direct","100000","146","30244500","72778200"
"same_binary_100k","m2-direct-same-1","1","direct","100000","147","33356300","73207200"
"same_binary_100k","m2-direct-same-1","1","direct","100000","148","34192900","65056600"
"same_binary_100k","m2-direct-same-1","1","direct","100000","149","30439800","64124100"
"same_binary_100k","m2-direct-same-1","1","direct","100000","150","28875400","63065300"
"same_binary_100k","m2-direct-same-1","1","direct","100000","151","30222200","63913500"
"same_binary_100k","m2-direct-same-1","1","direct","100000","152","29410400","63057500"
"same_binary_100k","m2-direct-same-1","1","direct","100000","153","28702900","61767600"
"same_binary_100k","m2-direct-same-1","1","direct","100000","154","29416700","62262300"
"same_binary_100k","m2-direct-same-1","1","direct","100000","155","28143100","62386700"
"same_binary_100k","m2-direct-same-1","1","direct","100000","156","30233700","62620400"
"same_binary_100k","m2-direct-same-1","1","direct","100000","157","29165000","62439800"
"same_binary_100k","m2-direct-same-1","1","direct","100000","158","28659500","63656700"
"same_binary_100k","m2-direct-same-1","1","direct","100000","159","28915500","61970800"
"same_binary_100k","m2-direct-same-1","1","direct","100000","160","28797000","63154900"
"same_binary_100k","m2-direct-same-1","1","direct","100000","161","28723300","65604200"
"same_binary_100k","m2-direct-same-1","1","direct","100000","162","28843800","63088800"
"same_binary_100k","m2-direct-same-1","1","direct","100000","163","33387300","63882300"
"same_binary_100k","m2-direct-same-1","1","direct","100000","164","29144200","62475400"
"same_binary_100k","m2-direct-same-1","1","direct","100000","165","31120700","68231200"
"same_binary_100k","m2-direct-same-1","1","direct","100000","166","30258200","66587200"
"same_binary_100k","m2-direct-same-1","1","direct","100000","167","29873500","66469800"
"same_binary_100k","m2-direct-same-1","1","direct","100000","168","30364600","67025400"
"same_binary_100k","m2-direct-same-1","1","direct","100000","169","30462400","66668500"
"same_binary_100k","m2-direct-same-1","1","direct","100000","170","31180000","65943900"
"same_binary_100k","m2-direct-same-1","1","direct","100000","171","30737300","69403500"
"same_binary_100k","m2-direct-same-1","1","direct","100000","172","29399100","67190700"
"same_binary_100k","m2-direct-same-1","1","direct","100000","173","30380300","67201600"
"same_binary_100k","m2-direct-same-1","1","direct","100000","174","30239500","66080000"
"same_binary_100k","m2-direct-same-1","1","direct","100000","175","30696100","64769200"
"same_binary_100k","m2-direct-same-1","1","direct","100000","176","30599300","65255000"
"same_binary_100k","m2-direct-same-1","1","direct","100000","177","31541900","64819900"
"same_binary_100k","m2-direct-same-1","1","direct","100000","178","29995800","66111500"
"same_binary_100k","m2-direct-same-1","1","direct","100000","179","30520400","67874800"
"same_binary_100k","m2-direct-same-1","1","direct","100000","180","30100100","66200000"
"same_binary_100k","m2-direct-same-1","1","direct","100000","181","34288800","63365800"
"same_binary_100k","m2-direct-same-1","1","direct","100000","182","30073700","62124000"
"same_binary_100k","m2-direct-same-1","1","direct","100000","183","29349200","62163900"
"same_binary_100k","m2-direct-same-1","1","direct","100000","184","29765800","63858900"
"same_binary_100k","m2-direct-same-1","1","direct","100000","185","28615400","61486900"
"same_binary_100k","m2-direct-same-1","1","direct","100000","186","29142000","61863800"
"same_binary_100k","m2-direct-same-1","1","direct","100000","187","29020200","62339600"
"same_binary_100k","m2-direct-same-1","1","direct","100000","188","28573600","61531700"
"same_binary_100k","m2-direct-same-1","1","direct","100000","189","30333600","65936300"
"same_binary_100k","m2-direct-same-1","1","direct","100000","190","30092600","63242100"
"same_binary_100k","m2-direct-same-1","1","direct","100000","191","30410500","64986700"
"same_binary_100k","m2-direct-same-1","1","direct","100000","192","28995400","62495700"
"same_binary_100k","m2-direct-same-1","1","direct","100000","193","33700100","64172000"
"same_binary_100k","m2-direct-same-1","1","direct","100000","194","33405300","72846700"
"same_binary_100k","m2-direct-same-1","1","direct","100000","195","34255500","75214400"
"same_binary_100k","m2-direct-same-1","1","direct","100000","196","33885600","76263100"
"same_binary_100k","m2-direct-same-1","1","direct","100000","197","35242600","74308200"
"same_binary_100k","m2-direct-same-1","1","direct","100000","198","35335600","74367800"
"same_binary_100k","m2-direct-same-1","1","direct","100000","199","33708600","74742800"
"same_binary_100k","m2-direct-same-1","1","direct","100000","200","37517600","72802900"
"same_binary_100k","m2-direct-same-1","1","direct","100000","201","28547100","62444500"
"same_binary_100k","m2-direct-same-1","1","direct","100000","202","29212900","62772000"
"same_binary_100k","m2-direct-same-1","1","direct","100000","203","30894400","62526200"
"same_binary_100k","m2-direct-same-1","1","direct","100000","204","29139500","61295000"
"same_binary_100k","m2-direct-same-1","1","direct","100000","205","28887300","61899900"
"same_binary_100k","m2-direct-same-1","1","direct","100000","206","29714800","61377500"
"same_binary_100k","m2-direct-same-1","1","direct","100000","207","29863600","63273400"
"same_binary_100k","m2-direct-same-1","1","direct","100000","208","28763300","63015700"
"same_binary_100k","m2-direct-same-1","1","direct","100000","209","32684300","74601700"
"same_binary_100k","m2-direct-same-1","1","direct","100000","210","35809400","76176900"
"same_binary_100k","m2-direct-same-1","1","direct","100000","211","32026700","73854100"
"same_binary_100k","m2-direct-same-1","1","direct","100000","212","35080400","73080100"
"same_binary_100k","m2-direct-same-1","1","direct","100000","213","34791900","77405300"
"same_binary_100k","m2-direct-same-1","1","direct","100000","214","35705600","75771400"
"same_binary_100k","m2-direct-same-1","1","direct","100000","215","29627400","72503100"
"same_binary_100k","m2-direct-same-1","1","direct","100000","216","34516800","75448400"
"same_binary_100k","m2-direct-same-1","1","direct","100000","217","33852900","76403000"
"same_binary_100k","m2-direct-same-1","1","direct","100000","218","33439000","75233800"
"same_binary_100k","m2-direct-same-1","1","direct","100000","219","34798800","75086100"
"same_binary_100k","m2-direct-same-1","1","direct","100000","220","32049900","67402200"
"same_binary_100k","m2-direct-same-1","1","direct","100000","221","30271400","66708500"
"same_binary_100k","m2-direct-same-1","1","direct","100000","222","32208100","66636200"
"same_binary_100k","m2-direct-same-1","1","direct","100000","223","32046600","68323700"
"same_binary_100k","m2-direct-same-1","1","direct","100000","224","30971100","67563600"
"same_binary_100k","m2-direct-same-1","1","direct","100000","225","31329000","68109000"
"same_binary_100k","m2-direct-same-1","1","direct","100000","226","31556200","68666500"
"same_binary_100k","m2-direct-same-1","1","direct","100000","227","31504200","67520900"
"same_binary_100k","m2-direct-same-1","1","direct","100000","228","31822100","69100200"
"same_binary_100k","m2-direct-same-1","1","direct","100000","229","30529200","64540300"
"same_binary_100k","m2-direct-same-1","1","direct","100000","230","30644200","63229700"
"same_binary_100k","m2-direct-same-1","1","direct","100000","231","29869200","62353400"
"same_binary_100k","m2-direct-same-1","1","direct","100000","232","30228000","62540600"
"same_binary_100k","m2-direct-same-1","1","direct","100000","233","30281600","63063100"
"same_binary_100k","m2-direct-same-1","1","direct","100000","234","29715700","62955700"
"same_binary_100k","m2-direct-same-1","1","direct","100000","235","30174800","62457200"
"same_binary_100k","m2-direct-same-1","1","direct","100000","236","29966600","62398400"
"same_binary_100k","m2-direct-same-1","1","direct","100000","237","30677300","62885000"
"same_binary_100k","m2-direct-same-1","1","direct","100000","238","30278000","64440900"
"same_binary_100k","m2-direct-same-1","1","direct","100000","239","29595200","62994900"
"same_binary_100k","m2-direct-same-1","1","direct","100000","240","30539400","63355800"
"same_binary_100k","m2-direct-same-1","1","direct","100000","241","30829400","63587300"
"same_binary_100k","m2-direct-same-1","1","direct","100000","242","30696400","63620000"
"same_binary_100k","m2-direct-same-1","1","direct","100000","243","29897500","65658600"
"same_binary_100k","m2-direct-same-1","1","direct","100000","244","32757400","66536800"
"same_binary_100k","m2-direct-same-1","1","direct","100000","245","31860100","65881000"
"same_binary_100k","m2-direct-same-1","1","direct","100000","246","31959400","67087400"
"same_binary_100k","m2-direct-same-1","1","direct","100000","247","31616700","67091200"
"same_binary_100k","m2-direct-same-1","1","direct","100000","248","31910900","69078000"
"same_binary_100k","m2-direct-same-1","1","direct","100000","249","32560900","68588400"
"same_binary_100k","m2-direct-same-1","1","direct","100000","250","31989900","67367400"
"same_binary_100k","m2-direct-same-1","1","direct","100000","251","30984500","66554400"
"same_binary_100k","m2-direct-same-1","1","direct","100000","252","32020800","62847400"
"same_binary_100k","m2-direct-same-1","1","direct","100000","253","30263700","63156000"
"same_binary_100k","m2-direct-same-1","1","direct","100000","254","30866800","64432300"
"same_binary_100k","m2-direct-same-1","1","direct","100000","255","32024400","77309200"
"same_binary_100k","m2-direct-same-1","1","direct","100000","256","34803900","79863700"
"same_binary_100k","m2-skip-same-2","2","skip","100000","65","29625600","62865300"
"same_binary_100k","m2-skip-same-2","2","skip","100000","66","27244400","58700500"
"same_binary_100k","m2-skip-same-2","2","skip","100000","67","27469900","59478700"
"same_binary_100k","m2-skip-same-2","2","skip","100000","68","26632300","64839900"
"same_binary_100k","m2-skip-same-2","2","skip","100000","69","29033500","65928400"
"same_binary_100k","m2-skip-same-2","2","skip","100000","70","30823100","66907400"
"same_binary_100k","m2-skip-same-2","2","skip","100000","71","31496200","66840100"
"same_binary_100k","m2-skip-same-2","2","skip","100000","72","31220200","65795900"
"same_binary_100k","m2-skip-same-2","2","skip","100000","73","31749400","67572300"
"same_binary_100k","m2-skip-same-2","2","skip","100000","74","29914300","65537000"
"same_binary_100k","m2-skip-same-2","2","skip","100000","75","31686400","66326800"
"same_binary_100k","m2-skip-same-2","2","skip","100000","76","31577200","67601200"
"same_binary_100k","m2-skip-same-2","2","skip","100000","77","27994100","60127800"
"same_binary_100k","m2-skip-same-2","2","skip","100000","78","27115200","59893000"
"same_binary_100k","m2-skip-same-2","2","skip","100000","79","27604300","67358900"
"same_binary_100k","m2-skip-same-2","2","skip","100000","80","29587600","66505200"
"same_binary_100k","m2-skip-same-2","2","skip","100000","81","28575800","58652600"
"same_binary_100k","m2-skip-same-2","2","skip","100000","82","27131100","59107100"
"same_binary_100k","m2-skip-same-2","2","skip","100000","83","26599300","59292300"
"same_binary_100k","m2-skip-same-2","2","skip","100000","84","28192300","60123000"
"same_binary_100k","m2-skip-same-2","2","skip","100000","85","26883700","58382900"
"same_binary_100k","m2-skip-same-2","2","skip","100000","86","26647100","62150500"
"same_binary_100k","m2-skip-same-2","2","skip","100000","87","27683100","58538400"
"same_binary_100k","m2-skip-same-2","2","skip","100000","88","27911200","61252000"
"same_binary_100k","m2-skip-same-2","2","skip","100000","89","26996400","59322900"
"same_binary_100k","m2-skip-same-2","2","skip","100000","90","27332000","59757700"
"same_binary_100k","m2-skip-same-2","2","skip","100000","91","27687200","58570900"
"same_binary_100k","m2-skip-same-2","2","skip","100000","92","26778500","58663700"
"same_binary_100k","m2-skip-same-2","2","skip","100000","93","26607100","59642900"
"same_binary_100k","m2-skip-same-2","2","skip","100000","94","28857400","61169700"
"same_binary_100k","m2-skip-same-2","2","skip","100000","95","29183200","62391400"
"same_binary_100k","m2-skip-same-2","2","skip","100000","96","28065000","59403600"
"same_binary_100k","m2-skip-same-2","2","skip","100000","97","30040400","60421300"
"same_binary_100k","m2-skip-same-2","2","skip","100000","98","28882500","61017900"
"same_binary_100k","m2-skip-same-2","2","skip","100000","99","29044600","62638900"
"same_binary_100k","m2-skip-same-2","2","skip","100000","100","27997800","59054100"
"same_binary_100k","m2-skip-same-2","2","skip","100000","101","28322200","59364500"
"same_binary_100k","m2-skip-same-2","2","skip","100000","102","27910400","58748300"
"same_binary_100k","m2-skip-same-2","2","skip","100000","103","28149800","60489100"
"same_binary_100k","m2-skip-same-2","2","skip","100000","104","34187000","70058400"
"same_binary_100k","m2-skip-same-2","2","skip","100000","105","29853700","63595700"
"same_binary_100k","m2-skip-same-2","2","skip","100000","106","30207600","62790100"
"same_binary_100k","m2-skip-same-2","2","skip","100000","107","30085500","66522000"
"same_binary_100k","m2-skip-same-2","2","skip","100000","108","31338300","64286900"
"same_binary_100k","m2-skip-same-2","2","skip","100000","109","29989600","63266500"
"same_binary_100k","m2-skip-same-2","2","skip","100000","110","28968800","64204700"
"same_binary_100k","m2-skip-same-2","2","skip","100000","111","29963500","64063200"
"same_binary_100k","m2-skip-same-2","2","skip","100000","112","31088800","62739800"
"same_binary_100k","m2-skip-same-2","2","skip","100000","113","30760400","62762800"
"same_binary_100k","m2-skip-same-2","2","skip","100000","114","29865700","63384800"
"same_binary_100k","m2-skip-same-2","2","skip","100000","115","30153700","63325500"
"same_binary_100k","m2-skip-same-2","2","skip","100000","116","30183800","62909000"
"same_binary_100k","m2-skip-same-2","2","skip","100000","117","30322100","65487600"
"same_binary_100k","m2-skip-same-2","2","skip","100000","118","33945700","70965400"
"same_binary_100k","m2-skip-same-2","2","skip","100000","119","34573700","72088800"
"same_binary_100k","m2-skip-same-2","2","skip","100000","120","30117100","63295500"
"same_binary_100k","m2-skip-same-2","2","skip","100000","121","30384100","62923000"
"same_binary_100k","m2-skip-same-2","2","skip","100000","122","31681400","66381600"
"same_binary_100k","m2-skip-same-2","2","skip","100000","123","29419000","62683600"
"same_binary_100k","m2-skip-same-2","2","skip","100000","124","29756700","62518600"
"same_binary_100k","m2-skip-same-2","2","skip","100000","125","29541300","64444100"
"same_binary_100k","m2-skip-same-2","2","skip","100000","126","29547500","63745100"
"same_binary_100k","m2-skip-same-2","2","skip","100000","127","28860100","65667500"
"same_binary_100k","m2-skip-same-2","2","skip","100000","128","30099700","70684200"
"same_binary_100k","m2-skip-same-2","2","skip","100000","129","34255000","65058000"
"same_binary_100k","m2-skip-same-2","2","skip","100000","130","29832700","65431400"
"same_binary_100k","m2-skip-same-2","2","skip","100000","131","29984100","64033300"
"same_binary_100k","m2-skip-same-2","2","skip","100000","132","30233100","65113500"
"same_binary_100k","m2-skip-same-2","2","skip","100000","133","29126100","62920500"
"same_binary_100k","m2-skip-same-2","2","skip","100000","134","29825700","63381900"
"same_binary_100k","m2-skip-same-2","2","skip","100000","135","30009600","66146400"
"same_binary_100k","m2-skip-same-2","2","skip","100000","136","31144700","65558600"
"same_binary_100k","m2-skip-same-2","2","skip","100000","137","31420300","63210100"
"same_binary_100k","m2-skip-same-2","2","skip","100000","138","29595500","70488500"
"same_binary_100k","m2-skip-same-2","2","skip","100000","139","34272300","70409200"
"same_binary_100k","m2-skip-same-2","2","skip","100000","140","29077800","63675200"
"same_binary_100k","m2-skip-same-2","2","skip","100000","141","28706700","63932400"
"same_binary_100k","m2-skip-same-2","2","skip","100000","142","32051800","69873000"
"same_binary_100k","m2-skip-same-2","2","skip","100000","143","32530400","71622800"
"same_binary_100k","m2-skip-same-2","2","skip","100000","144","35124700","71855600"
"same_binary_100k","m2-skip-same-2","2","skip","100000","145","28985100","64376500"
"same_binary_100k","m2-skip-same-2","2","skip","100000","146","30207400","68948600"
"same_binary_100k","m2-skip-same-2","2","skip","100000","147","30370700","71871300"
"same_binary_100k","m2-skip-same-2","2","skip","100000","148","31356400","70111200"
"same_binary_100k","m2-skip-same-2","2","skip","100000","149","31740200","64582200"
"same_binary_100k","m2-skip-same-2","2","skip","100000","150","28950000","63410100"
"same_binary_100k","m2-skip-same-2","2","skip","100000","151","29657200","62877200"
"same_binary_100k","m2-skip-same-2","2","skip","100000","152","29320000","63104400"
"same_binary_100k","m2-skip-same-2","2","skip","100000","153","28630100","63085700"
"same_binary_100k","m2-skip-same-2","2","skip","100000","154","28215300","63783800"
"same_binary_100k","m2-skip-same-2","2","skip","100000","155","28478600","63197600"
"same_binary_100k","m2-skip-same-2","2","skip","100000","156","29551500","65860300"
"same_binary_100k","m2-skip-same-2","2","skip","100000","157","27509700","62286700"
"same_binary_100k","m2-skip-same-2","2","skip","100000","158","28307300","62670900"
"same_binary_100k","m2-skip-same-2","2","skip","100000","159","29207500","64015100"
"same_binary_100k","m2-skip-same-2","2","skip","100000","160","29464800","62766200"
"same_binary_100k","m2-skip-same-2","2","skip","100000","161","28863900","65318100"
"same_binary_100k","m2-skip-same-2","2","skip","100000","162","27804900","64454500"
"same_binary_100k","m2-skip-same-2","2","skip","100000","163","27742300","64017100"
"same_binary_100k","m2-skip-same-2","2","skip","100000","164","28771200","63805800"
"same_binary_100k","m2-skip-same-2","2","skip","100000","165","29207500","64204000"
"same_binary_100k","m2-skip-same-2","2","skip","100000","166","28575400","63198100"
"same_binary_100k","m2-skip-same-2","2","skip","100000","167","28277000","65061300"
"same_binary_100k","m2-skip-same-2","2","skip","100000","168","28392600","65647900"
"same_binary_100k","m2-skip-same-2","2","skip","100000","169","29689800","62716000"
"same_binary_100k","m2-skip-same-2","2","skip","100000","170","28634100","63286300"
"same_binary_100k","m2-skip-same-2","2","skip","100000","171","28366300","64842400"
"same_binary_100k","m2-skip-same-2","2","skip","100000","172","29067300","65360500"
"same_binary_100k","m2-skip-same-2","2","skip","100000","173","29376900","63013400"
"same_binary_100k","m2-skip-same-2","2","skip","100000","174","29152200","63040200"
"same_binary_100k","m2-skip-same-2","2","skip","100000","175","29203000","65105200"
"same_binary_100k","m2-skip-same-2","2","skip","100000","176","28600500","63445400"
"same_binary_100k","m2-skip-same-2","2","skip","100000","177","32471900","63985700"
"same_binary_100k","m2-skip-same-2","2","skip","100000","178","30251200","64350100"
"same_binary_100k","m2-skip-same-2","2","skip","100000","179","28669400","64025300"
"same_binary_100k","m2-skip-same-2","2","skip","100000","180","29622700","64678600"
"same_binary_100k","m2-skip-same-2","2","skip","100000","181","28305000","63927000"
"same_binary_100k","m2-skip-same-2","2","skip","100000","182","29508900","64012300"
"same_binary_100k","m2-skip-same-2","2","skip","100000","183","29259800","63784200"
"same_binary_100k","m2-skip-same-2","2","skip","100000","184","29636900","63082600"
"same_binary_100k","m2-skip-same-2","2","skip","100000","185","28375600","63413200"
"same_binary_100k","m2-skip-same-2","2","skip","100000","186","29124300","61122400"
"same_binary_100k","m2-skip-same-2","2","skip","100000","187","28197200","63945400"
"same_binary_100k","m2-skip-same-2","2","skip","100000","188","29014200","62195300"
"same_binary_100k","m2-skip-same-2","2","skip","100000","189","28927200","64199100"
"same_binary_100k","m2-skip-same-2","2","skip","100000","190","28401600","64201200"
"same_binary_100k","m2-skip-same-2","2","skip","100000","191","29219900","70509700"
"same_binary_100k","m2-skip-same-2","2","skip","100000","192","32600800","70269300"
"same_binary_100k","m2-skip-same-2","2","skip","100000","193","39016900","72183900"
"same_binary_100k","m2-skip-same-2","2","skip","100000","194","33069500","73718800"
"same_binary_100k","m2-skip-same-2","2","skip","100000","195","32491100","66218700"
"same_binary_100k","m2-skip-same-2","2","skip","100000","196","29158600","66204700"
"same_binary_100k","m2-skip-same-2","2","skip","100000","197","29396500","68280400"
"same_binary_100k","m2-skip-same-2","2","skip","100000","198","32029600","72271300"
"same_binary_100k","m2-skip-same-2","2","skip","100000","199","32617200","67911600"
"same_binary_100k","m2-skip-same-2","2","skip","100000","200","33375500","73002600"
"same_binary_100k","m2-skip-same-2","2","skip","100000","201","31997300","71296300"
"same_binary_100k","m2-skip-same-2","2","skip","100000","202","34010700","70347900"
"same_binary_100k","m2-skip-same-2","2","skip","100000","203","31399900","62769000"
"same_binary_100k","m2-skip-same-2","2","skip","100000","204","28313300","64409300"
"same_binary_100k","m2-skip-same-2","2","skip","100000","205","28822700","63182900"
"same_binary_100k","m2-skip-same-2","2","skip","100000","206","28668300","66868400"
"same_binary_100k","m2-skip-same-2","2","skip","100000","207","31144600","68811000"
"same_binary_100k","m2-skip-same-2","2","skip","100000","208","32698200","72869400"
"same_binary_100k","m2-skip-same-2","2","skip","100000","209","33185800","71608800"
"same_binary_100k","m2-skip-same-2","2","skip","100000","210","33240200","73775100"
"same_binary_100k","m2-skip-same-2","2","skip","100000","211","33589100","73910700"
"same_binary_100k","m2-skip-same-2","2","skip","100000","212","32455300","71609200"
"same_binary_100k","m2-skip-same-2","2","skip","100000","213","33544400","73930400"
"same_binary_100k","m2-skip-same-2","2","skip","100000","214","29098300","64582200"
"same_binary_100k","m2-skip-same-2","2","skip","100000","215","32452300","73777000"
"same_binary_100k","m2-skip-same-2","2","skip","100000","216","33189100","71225400"
"same_binary_100k","m2-skip-same-2","2","skip","100000","217","31547600","71202600"
"same_binary_100k","m2-skip-same-2","2","skip","100000","218","33561700","71144300"
"same_binary_100k","m2-skip-same-2","2","skip","100000","219","32432700","70985400"
"same_binary_100k","m2-skip-same-2","2","skip","100000","220","33776100","73757400"
"same_binary_100k","m2-skip-same-2","2","skip","100000","221","33335700","72443300"
"same_binary_100k","m2-skip-same-2","2","skip","100000","222","32371400","71403000"
"same_binary_100k","m2-skip-same-2","2","skip","100000","223","32939000","68511600"
"same_binary_100k","m2-skip-same-2","2","skip","100000","224","30110200","68328900"
"same_binary_100k","m2-skip-same-2","2","skip","100000","225","29661600","63543600"
"same_binary_100k","m2-skip-same-2","2","skip","100000","226","29709000","65753400"
"same_binary_100k","m2-skip-same-2","2","skip","100000","227","30497500","65097200"
"same_binary_100k","m2-skip-same-2","2","skip","100000","228","29904700","64779300"
"same_binary_100k","m2-skip-same-2","2","skip","100000","229","30323300","64777600"
"same_binary_100k","m2-skip-same-2","2","skip","100000","230","29973800","64123100"
"same_binary_100k","m2-skip-same-2","2","skip","100000","231","30055100","64503300"
"same_binary_100k","m2-skip-same-2","2","skip","100000","232","30907400","63610900"
"same_binary_100k","m2-skip-same-2","2","skip","100000","233","30630900","64091100"
"same_binary_100k","m2-skip-same-2","2","skip","100000","234","29744000","67571000"
"same_binary_100k","m2-skip-same-2","2","skip","100000","235","30789600","64878600"
"same_binary_100k","m2-skip-same-2","2","skip","100000","236","32572100","65605300"
"same_binary_100k","m2-skip-same-2","2","skip","100000","237","30293000","64266900"
"same_binary_100k","m2-skip-same-2","2","skip","100000","238","30602500","64993900"
"same_binary_100k","m2-skip-same-2","2","skip","100000","239","30467800","64295700"
"same_binary_100k","m2-skip-same-2","2","skip","100000","240","30578900","64798600"
"same_binary_100k","m2-skip-same-2","2","skip","100000","241","29767400","64870500"
"same_binary_100k","m2-skip-same-2","2","skip","100000","242","30411300","66643200"
"same_binary_100k","m2-skip-same-2","2","skip","100000","243","31270500","65350200"
"same_binary_100k","m2-skip-same-2","2","skip","100000","244","30521800","68180900"
"same_binary_100k","m2-skip-same-2","2","skip","100000","245","30118200","64519300"
"same_binary_100k","m2-skip-same-2","2","skip","100000","246","30720400","64394100"
"same_binary_100k","m2-skip-same-2","2","skip","100000","247","29271100","66460500"
"same_binary_100k","m2-skip-same-2","2","skip","100000","248","30526500","65487200"
"same_binary_100k","m2-skip-same-2","2","skip","100000","249","29109700","66105000"
"same_binary_100k","m2-skip-same-2","2","skip","100000","250","31025800","63548800"
"same_binary_100k","m2-skip-same-2","2","skip","100000","251","30177900","64074200"
"same_binary_100k","m2-skip-same-2","2","skip","100000","252","30160900","64300000"
"same_binary_100k","m2-skip-same-2","2","skip","100000","253","30215400","63918100"
"same_binary_100k","m2-skip-same-2","2","skip","100000","254","30568600","68716200"
"same_binary_100k","m2-skip-same-2","2","skip","100000","255","31564400","62158400"
"same_binary_100k","m2-skip-same-2","2","skip","100000","256","31180700","65254500"
"same_binary_100k","m2-skip-same-3","3","skip","100000","65","29408000","58752400"
"same_binary_100k","m2-skip-same-3","3","skip","100000","66","26917900","59478200"
"same_binary_100k","m2-skip-same-3","3","skip","100000","67","26769800","58493300"
"same_binary_100k","m2-skip-same-3","3","skip","100000","68","26772300","59132800"
"same_binary_100k","m2-skip-same-3","3","skip","100000","69","27514700","60136200"
"same_binary_100k","m2-skip-same-3","3","skip","100000","70","26196800","59599700"
"same_binary_100k","m2-skip-same-3","3","skip","100000","71","30360300","66025100"
"same_binary_100k","m2-skip-same-3","3","skip","100000","72","29757400","65335000"
"same_binary_100k","m2-skip-same-3","3","skip","100000","73","27132800","59092900"
"same_binary_100k","m2-skip-same-3","3","skip","100000","74","26936300","59666500"
"same_binary_100k","m2-skip-same-3","3","skip","100000","75","26063300","60596500"
"same_binary_100k","m2-skip-same-3","3","skip","100000","76","27044500","58612400"
"same_binary_100k","m2-skip-same-3","3","skip","100000","77","27997000","62658100"
"same_binary_100k","m2-skip-same-3","3","skip","100000","78","26732800","60268100"
"same_binary_100k","m2-skip-same-3","3","skip","100000","79","27579100","58914600"
"same_binary_100k","m2-skip-same-3","3","skip","100000","80","26935200","59406100"
"same_binary_100k","m2-skip-same-3","3","skip","100000","81","27420200","59961500"
"same_binary_100k","m2-skip-same-3","3","skip","100000","82","29638400","64437500"
"same_binary_100k","m2-skip-same-3","3","skip","100000","83","29849900","60442000"
"same_binary_100k","m2-skip-same-3","3","skip","100000","84","28374400","59920300"
"same_binary_100k","m2-skip-same-3","3","skip","100000","85","26999800","58776800"
"same_binary_100k","m2-skip-same-3","3","skip","100000","86","26169300","59672300"
"same_binary_100k","m2-skip-same-3","3","skip","100000","87","27466200","58561100"
"same_binary_100k","m2-skip-same-3","3","skip","100000","88","31245600","58908300"
"same_binary_100k","m2-skip-same-3","3","skip","100000","89","30101500","59293300"
"same_binary_100k","m2-skip-same-3","3","skip","100000","90","28593800","59261700"
"same_binary_100k","m2-skip-same-3","3","skip","100000","91","28009000","59226700"
"same_binary_100k","m2-skip-same-3","3","skip","100000","92","28251600","58537300"
"same_binary_100k","m2-skip-same-3","3","skip","100000","93","26440200","59263600"
"same_binary_100k","m2-skip-same-3","3","skip","100000","94","29218400","61397100"
"same_binary_100k","m2-skip-same-3","3","skip","100000","95","29250200","62448400"
"same_binary_100k","m2-skip-same-3","3","skip","100000","96","28210700","60261900"
"same_binary_100k","m2-skip-same-3","3","skip","100000","97","27719000","60369200"
"same_binary_100k","m2-skip-same-3","3","skip","100000","98","27898000","60599900"
"same_binary_100k","m2-skip-same-3","3","skip","100000","99","29373500","64197300"
"same_binary_100k","m2-skip-same-3","3","skip","100000","100","28725300","59745000"
"same_binary_100k","m2-skip-same-3","3","skip","100000","101","28746200","62078200"
"same_binary_100k","m2-skip-same-3","3","skip","100000","102","28002200","62249000"
"same_binary_100k","m2-skip-same-3","3","skip","100000","103","28665200","60591400"
"same_binary_100k","m2-skip-same-3","3","skip","100000","104","33678700","70324400"
"same_binary_100k","m2-skip-same-3","3","skip","100000","105","30029700","63206900"
"same_binary_100k","m2-skip-same-3","3","skip","100000","106","29602000","61950600"
"same_binary_100k","m2-skip-same-3","3","skip","100000","107","29796400","64309800"
"same_binary_100k","m2-skip-same-3","3","skip","100000","108","29179000","63074200"
"same_binary_100k","m2-skip-same-3","3","skip","100000","109","29166800","61831100"
"same_binary_100k","m2-skip-same-3","3","skip","100000","110","32390600","65295400"
"same_binary_100k","m2-skip-same-3","3","skip","100000","111","29436800","63291900"
"same_binary_100k","m2-skip-same-3","3","skip","100000","112","28802600","62242100"
"same_binary_100k","m2-skip-same-3","3","skip","100000","113","28969200","62344400"
"same_binary_100k","m2-skip-same-3","3","skip","100000","114","29045900","61965800"
"same_binary_100k","m2-skip-same-3","3","skip","100000","115","29433000","61994100"
"same_binary_100k","m2-skip-same-3","3","skip","100000","116","30353600","62588400"
"same_binary_100k","m2-skip-same-3","3","skip","100000","117","29598800","64122500"
"same_binary_100k","m2-skip-same-3","3","skip","100000","118","29544600","62761900"
"same_binary_100k","m2-skip-same-3","3","skip","100000","119","30536300","62325600"
"same_binary_100k","m2-skip-same-3","3","skip","100000","120","32261300","71788600"
"same_binary_100k","m2-skip-same-3","3","skip","100000","121","29959900","65350600"
"same_binary_100k","m2-skip-same-3","3","skip","100000","122","30484300","67142300"
"same_binary_100k","m2-skip-same-3","3","skip","100000","123","29046300","63993100"
"same_binary_100k","m2-skip-same-3","3","skip","100000","124","29532800","63062400"
"same_binary_100k","m2-skip-same-3","3","skip","100000","125","30072500","63754700"
"same_binary_100k","m2-skip-same-3","3","skip","100000","126","30379800","63169700"
"same_binary_100k","m2-skip-same-3","3","skip","100000","127","29101500","63329900"
"same_binary_100k","m2-skip-same-3","3","skip","100000","128","28229000","63807000"
"same_binary_100k","m2-skip-same-3","3","skip","100000","129","33779800","63716200"
"same_binary_100k","m2-skip-same-3","3","skip","100000","130","29763400","64041700"
"same_binary_100k","m2-skip-same-3","3","skip","100000","131","31669200","63017300"
"same_binary_100k","m2-skip-same-3","3","skip","100000","132","30081000","65205000"
"same_binary_100k","m2-skip-same-3","3","skip","100000","133","28847100","63943500"
"same_binary_100k","m2-skip-same-3","3","skip","100000","134","29183300","63264000"
"same_binary_100k","m2-skip-same-3","3","skip","100000","135","29867200","64316100"
"same_binary_100k","m2-skip-same-3","3","skip","100000","136","34062200","71207300"
"same_binary_100k","m2-skip-same-3","3","skip","100000","137","32559100","72747400"
"same_binary_100k","m2-skip-same-3","3","skip","100000","138","31993900","70885700"
"same_binary_100k","m2-skip-same-3","3","skip","100000","139","32334400","70571900"
"same_binary_100k","m2-skip-same-3","3","skip","100000","140","31733800","68454000"
"same_binary_100k","m2-skip-same-3","3","skip","100000","141","33715300","70983900"
"same_binary_100k","m2-skip-same-3","3","skip","100000","142","31418500","70083300"
"same_binary_100k","m2-skip-same-3","3","skip","100000","143","33205700","69867400"
"same_binary_100k","m2-skip-same-3","3","skip","100000","144","35375200","73370000"
"same_binary_100k","m2-skip-same-3","3","skip","100000","145","32240500","71192500"
"same_binary_100k","m2-skip-same-3","3","skip","100000","146","35075800","75249100"
"same_binary_100k","m2-skip-same-3","3","skip","100000","147","32355500","70708000"
"same_binary_100k","m2-skip-same-3","3","skip","100000","148","31339700","70480700"
"same_binary_100k","m2-skip-same-3","3","skip","100000","149","28868400","62696600"
"same_binary_100k","m2-skip-same-3","3","skip","100000","150","28141500","64318000"
"same_binary_100k","m2-skip-same-3","3","skip","100000","151","29071000","63539700"
"same_binary_100k","m2-skip-same-3","3","skip","100000","152","28870400","63766800"
"same_binary_100k","m2-skip-same-3","3","skip","100000","153","28316500","63888300"
"same_binary_100k","m2-skip-same-3","3","skip","100000","154","27871400","63668600"
"same_binary_100k","m2-skip-same-3","3","skip","100000","155","27741200","64037900"
"same_binary_100k","m2-skip-same-3","3","skip","100000","156","29701100","66532800"
"same_binary_100k","m2-skip-same-3","3","skip","100000","157","28831800","62295400"
"same_binary_100k","m2-skip-same-3","3","skip","100000","158","28439500","63551400"
"same_binary_100k","m2-skip-same-3","3","skip","100000","159","28892900","63099100"
"same_binary_100k","m2-skip-same-3","3","skip","100000","160","28428100","62461300"
"same_binary_100k","m2-skip-same-3","3","skip","100000","161","30140000","63804300"
"same_binary_100k","m2-skip-same-3","3","skip","100000","162","28842600","63224800"
"same_binary_100k","m2-skip-same-3","3","skip","100000","163","28366500","66129800"
"same_binary_100k","m2-skip-same-3","3","skip","100000","164","29827300","64571900"
"same_binary_100k","m2-skip-same-3","3","skip","100000","165","27914400","64165900"
"same_binary_100k","m2-skip-same-3","3","skip","100000","166","28826000","66282500"
"same_binary_100k","m2-skip-same-3","3","skip","100000","167","30411100","64884000"
"same_binary_100k","m2-skip-same-3","3","skip","100000","168","28149100","63452900"
"same_binary_100k","m2-skip-same-3","3","skip","100000","169","29359100","63698000"
"same_binary_100k","m2-skip-same-3","3","skip","100000","170","28620800","62598000"
"same_binary_100k","m2-skip-same-3","3","skip","100000","171","28423000","63687700"
"same_binary_100k","m2-skip-same-3","3","skip","100000","172","27812100","62501300"
"same_binary_100k","m2-skip-same-3","3","skip","100000","173","28169600","62493100"
"same_binary_100k","m2-skip-same-3","3","skip","100000","174","28075400","64175700"
"same_binary_100k","m2-skip-same-3","3","skip","100000","175","28139100","65039100"
"same_binary_100k","m2-skip-same-3","3","skip","100000","176","29129400","65005100"
"same_binary_100k","m2-skip-same-3","3","skip","100000","177","28202500","65370600"
"same_binary_100k","m2-skip-same-3","3","skip","100000","178","29148800","64438500"
"same_binary_100k","m2-skip-same-3","3","skip","100000","179","28912500","65890400"
"same_binary_100k","m2-skip-same-3","3","skip","100000","180","27057800","63716200"
"same_binary_100k","m2-skip-same-3","3","skip","100000","181","29795000","63343500"
"same_binary_100k","m2-skip-same-3","3","skip","100000","182","29576600","63432200"
"same_binary_100k","m2-skip-same-3","3","skip","100000","183","28393500","64499100"
"same_binary_100k","m2-skip-same-3","3","skip","100000","184","29508300","63465100"
"same_binary_100k","m2-skip-same-3","3","skip","100000","185","29101300","65951700"
"same_binary_100k","m2-skip-same-3","3","skip","100000","186","28348400","62445400"
"same_binary_100k","m2-skip-same-3","3","skip","100000","187","31001500","63814800"
"same_binary_100k","m2-skip-same-3","3","skip","100000","188","29149600","63292300"
"same_binary_100k","m2-skip-same-3","3","skip","100000","189","29050500","63564300"
"same_binary_100k","m2-skip-same-3","3","skip","100000","190","28540500","63552800"
"same_binary_100k","m2-skip-same-3","3","skip","100000","191","28255900","63208800"
"same_binary_100k","m2-skip-same-3","3","skip","100000","192","28306600","63749700"
"same_binary_100k","m2-skip-same-3","3","skip","100000","193","33617100","63660900"
"same_binary_100k","m2-skip-same-3","3","skip","100000","194","29037500","64270300"
"same_binary_100k","m2-skip-same-3","3","skip","100000","195","28714900","64350600"
"same_binary_100k","m2-skip-same-3","3","skip","100000","196","31171600","65323500"
"same_binary_100k","m2-skip-same-3","3","skip","100000","197","27829600","64117000"
"same_binary_100k","m2-skip-same-3","3","skip","100000","198","29220900","63311700"
"same_binary_100k","m2-skip-same-3","3","skip","100000","199","28566100","63415700"
"same_binary_100k","m2-skip-same-3","3","skip","100000","200","30627600","70004500"
"same_binary_100k","m2-skip-same-3","3","skip","100000","201","33114800","71729400"
"same_binary_100k","m2-skip-same-3","3","skip","100000","202","29062100","63296400"
"same_binary_100k","m2-skip-same-3","3","skip","100000","203","28508600","62134400"
"same_binary_100k","m2-skip-same-3","3","skip","100000","204","29039400","65173500"
"same_binary_100k","m2-skip-same-3","3","skip","100000","205","28660600","64414000"
"same_binary_100k","m2-skip-same-3","3","skip","100000","206","28342200","63734600"
"same_binary_100k","m2-skip-same-3","3","skip","100000","207","32072000","68491100"
"same_binary_100k","m2-skip-same-3","3","skip","100000","208","31933400","67373100"
"same_binary_100k","m2-skip-same-3","3","skip","100000","209","27972500","65215300"
"same_binary_100k","m2-skip-same-3","3","skip","100000","210","32510500","70369500"
"same_binary_100k","m2-skip-same-3","3","skip","100000","211","32084400","70127200"
"same_binary_100k","m2-skip-same-3","3","skip","100000","212","32259300","71813500"
"same_binary_100k","m2-skip-same-3","3","skip","100000","213","32814900","69910600"
"same_binary_100k","m2-skip-same-3","3","skip","100000","214","33393800","69800200"
"same_binary_100k","m2-skip-same-3","3","skip","100000","215","32043400","71490200"
"same_binary_100k","m2-skip-same-3","3","skip","100000","216","30879000","65759100"
"same_binary_100k","m2-skip-same-3","3","skip","100000","217","28455700","63978600"
"same_binary_100k","m2-skip-same-3","3","skip","100000","218","28506200","63699500"
"same_binary_100k","m2-skip-same-3","3","skip","100000","219","28548900","64356500"
"same_binary_100k","m2-skip-same-3","3","skip","100000","220","29422100","63184900"
"same_binary_100k","m2-skip-same-3","3","skip","100000","221","32138400","71108200"
"same_binary_100k","m2-skip-same-3","3","skip","100000","222","34030300","70288100"
"same_binary_100k","m2-skip-same-3","3","skip","100000","223","31876100","70616800"
"same_binary_100k","m2-skip-same-3","3","skip","100000","224","33494500","73777000"
"same_binary_100k","m2-skip-same-3","3","skip","100000","225","32885600","71246400"
"same_binary_100k","m2-skip-same-3","3","skip","100000","226","30209600","66188900"
"same_binary_100k","m2-skip-same-3","3","skip","100000","227","29142200","66125800"
"same_binary_100k","m2-skip-same-3","3","skip","100000","228","29473000","64533300"
"same_binary_100k","m2-skip-same-3","3","skip","100000","229","29395700","65284800"
"same_binary_100k","m2-skip-same-3","3","skip","100000","230","30392600","65548500"
"same_binary_100k","m2-skip-same-3","3","skip","100000","231","30214600","67254700"
"same_binary_100k","m2-skip-same-3","3","skip","100000","232","29897600","65626700"
"same_binary_100k","m2-skip-same-3","3","skip","100000","233","30144400","63820300"
"same_binary_100k","m2-skip-same-3","3","skip","100000","234","30407500","63753200"
"same_binary_100k","m2-skip-same-3","3","skip","100000","235","30505400","64838400"
"same_binary_100k","m2-skip-same-3","3","skip","100000","236","30870300","66975800"
"same_binary_100k","m2-skip-same-3","3","skip","100000","237","30173500","63855900"
"same_binary_100k","m2-skip-same-3","3","skip","100000","238","31094200","65834500"
"same_binary_100k","m2-skip-same-3","3","skip","100000","239","30352400","65397600"
"same_binary_100k","m2-skip-same-3","3","skip","100000","240","29796400","64354300"
"same_binary_100k","m2-skip-same-3","3","skip","100000","241","31142500","64331200"
"same_binary_100k","m2-skip-same-3","3","skip","100000","242","29982300","65132900"
"same_binary_100k","m2-skip-same-3","3","skip","100000","243","29462900","63632700"
"same_binary_100k","m2-skip-same-3","3","skip","100000","244","30803100","66873900"
"same_binary_100k","m2-skip-same-3","3","skip","100000","245","30438100","67415100"
"same_binary_100k","m2-skip-same-3","3","skip","100000","246","30312600","66266600"
"same_binary_100k","m2-skip-same-3","3","skip","100000","247","30425100","66299000"
"same_binary_100k","m2-skip-same-3","3","skip","100000","248","30455700","70261900"
"same_binary_100k","m2-skip-same-3","3","skip","100000","249","30582600","62544200"
"same_binary_100k","m2-skip-same-3","3","skip","100000","250","30834300","64822500"
"same_binary_100k","m2-skip-same-3","3","skip","100000","251","30467300","65181700"
"same_binary_100k","m2-skip-same-3","3","skip","100000","252","32070400","63296200"
"same_binary_100k","m2-skip-same-3","3","skip","100000","253","29790600","63774600"
"same_binary_100k","m2-skip-same-3","3","skip","100000","254","30104700","64220700"
"same_binary_100k","m2-skip-same-3","3","skip","100000","255","29953100","62392400"
"same_binary_100k","m2-skip-same-3","3","skip","100000","256","29141700","66356100"
"same_binary_100k","m2-direct-same-4","4","direct","100000","65","28513600","56803500"
"same_binary_100k","m2-direct-same-4","4","direct","100000","66","28257800","66720000"
"same_binary_100k","m2-direct-same-4","4","direct","100000","67","34219500","66302400"
"same_binary_100k","m2-direct-same-4","4","direct","100000","68","33060700","72153600"
"same_binary_100k","m2-direct-same-4","4","direct","100000","69","31996600","67668700"
"same_binary_100k","m2-direct-same-4","4","direct","100000","70","32370900","69737700"
"same_binary_100k","m2-direct-same-4","4","direct","100000","71","31597500","67307700"
"same_binary_100k","m2-direct-same-4","4","direct","100000","72","31759000","67152600"
"same_binary_100k","m2-direct-same-4","4","direct","100000","73","34471600","68354500"
"same_binary_100k","m2-direct-same-4","4","direct","100000","74","33616300","66965700"
"same_binary_100k","m2-direct-same-4","4","direct","100000","75","30634800","68872700"
"same_binary_100k","m2-direct-same-4","4","direct","100000","76","29553200","69133900"
"same_binary_100k","m2-direct-same-4","4","direct","100000","77","33720100","68513700"
"same_binary_100k","m2-direct-same-4","4","direct","100000","78","34311200","66851000"
"same_binary_100k","m2-direct-same-4","4","direct","100000","79","31732300","68798300"
"same_binary_100k","m2-direct-same-4","4","direct","100000","80","32908900","69651100"
"same_binary_100k","m2-direct-same-4","4","direct","100000","81","33662400","67030500"
"same_binary_100k","m2-direct-same-4","4","direct","100000","82","29552500","63478500"
"same_binary_100k","m2-direct-same-4","4","direct","100000","83","28542900","60461400"
"same_binary_100k","m2-direct-same-4","4","direct","100000","84","30021000","61982600"
"same_binary_100k","m2-direct-same-4","4","direct","100000","85","28646900","61662700"
"same_binary_100k","m2-direct-same-4","4","direct","100000","86","28611500","59931800"
"same_binary_100k","m2-direct-same-4","4","direct","100000","87","28683100","59964200"
"same_binary_100k","m2-direct-same-4","4","direct","100000","88","28707000","59418600"
"same_binary_100k","m2-direct-same-4","4","direct","100000","89","28559400","59197000"
"same_binary_100k","m2-direct-same-4","4","direct","100000","90","28496400","60577400"
"same_binary_100k","m2-direct-same-4","4","direct","100000","91","28710400","60736500"
"same_binary_100k","m2-direct-same-4","4","direct","100000","92","28485900","57945400"
"same_binary_100k","m2-direct-same-4","4","direct","100000","93","27838400","58917000"
"same_binary_100k","m2-direct-same-4","4","direct","100000","94","29881700","62282000"
"same_binary_100k","m2-direct-same-4","4","direct","100000","95","30634500","62819300"
"same_binary_100k","m2-direct-same-4","4","direct","100000","96","29133100","61479000"
"same_binary_100k","m2-direct-same-4","4","direct","100000","97","30174400","61418600"
"same_binary_100k","m2-direct-same-4","4","direct","100000","98","29808900","61721800"
"same_binary_100k","m2-direct-same-4","4","direct","100000","99","30335900","62460900"
"same_binary_100k","m2-direct-same-4","4","direct","100000","100","30206900","61477900"
"same_binary_100k","m2-direct-same-4","4","direct","100000","101","29914100","62415300"
"same_binary_100k","m2-direct-same-4","4","direct","100000","102","29633900","61202500"
"same_binary_100k","m2-direct-same-4","4","direct","100000","103","29054000","62103800"
"same_binary_100k","m2-direct-same-4","4","direct","100000","104","39359500","71410100"
"same_binary_100k","m2-direct-same-4","4","direct","100000","105","30903200","62906300"
"same_binary_100k","m2-direct-same-4","4","direct","100000","106","31747800","64160800"
"same_binary_100k","m2-direct-same-4","4","direct","100000","107","31981200","63604900"
"same_binary_100k","m2-direct-same-4","4","direct","100000","108","30770400","61148900"
"same_binary_100k","m2-direct-same-4","4","direct","100000","109","29706500","60597700"
"same_binary_100k","m2-direct-same-4","4","direct","100000","110","29358300","59900200"
"same_binary_100k","m2-direct-same-4","4","direct","100000","111","29348300","59944700"
"same_binary_100k","m2-direct-same-4","4","direct","100000","112","30017300","60133100"
"same_binary_100k","m2-direct-same-4","4","direct","100000","113","29326800","60729600"
"same_binary_100k","m2-direct-same-4","4","direct","100000","114","29788200","62566800"
"same_binary_100k","m2-direct-same-4","4","direct","100000","115","30469000","60323900"
"same_binary_100k","m2-direct-same-4","4","direct","100000","116","31635500","64158300"
"same_binary_100k","m2-direct-same-4","4","direct","100000","117","31325400","65624100"
"same_binary_100k","m2-direct-same-4","4","direct","100000","118","34951300","70982500"
"same_binary_100k","m2-direct-same-4","4","direct","100000","119","35023800","73271800"
"same_binary_100k","m2-direct-same-4","4","direct","100000","120","36228300","70634600"
"same_binary_100k","m2-direct-same-4","4","direct","100000","121","36576400","72118800"
"same_binary_100k","m2-direct-same-4","4","direct","100000","122","36709000","77562700"
"same_binary_100k","m2-direct-same-4","4","direct","100000","123","35902600","76930600"
"same_binary_100k","m2-direct-same-4","4","direct","100000","124","35029100","70175100"
"same_binary_100k","m2-direct-same-4","4","direct","100000","125","36050600","71414700"
"same_binary_100k","m2-direct-same-4","4","direct","100000","126","34598400","64905800"
"same_binary_100k","m2-direct-same-4","4","direct","100000","127","28502400","60752800"
"same_binary_100k","m2-direct-same-4","4","direct","100000","128","29877600","59843100"
"same_binary_100k","m2-direct-same-4","4","direct","100000","129","34020300","61307300"
"same_binary_100k","m2-direct-same-4","4","direct","100000","130","29860000","61830300"
"same_binary_100k","m2-direct-same-4","4","direct","100000","131","30703600","61645000"
"same_binary_100k","m2-direct-same-4","4","direct","100000","132","29987100","60394800"
"same_binary_100k","m2-direct-same-4","4","direct","100000","133","31533900","64360500"
"same_binary_100k","m2-direct-same-4","4","direct","100000","134","34212800","75540400"
"same_binary_100k","m2-direct-same-4","4","direct","100000","135","35321800","73981100"
"same_binary_100k","m2-direct-same-4","4","direct","100000","136","37645500","72718900"
"same_binary_100k","m2-direct-same-4","4","direct","100000","137","34040300","70998700"
"same_binary_100k","m2-direct-same-4","4","direct","100000","138","34078800","71457400"
"same_binary_100k","m2-direct-same-4","4","direct","100000","139","34431500","73979700"
"same_binary_100k","m2-direct-same-4","4","direct","100000","140","34653800","72470000"
"same_binary_100k","m2-direct-same-4","4","direct","100000","141","34556500","72576800"
"same_binary_100k","m2-direct-same-4","4","direct","100000","142","40585600","69327500"
"same_binary_100k","m2-direct-same-4","4","direct","100000","143","29276300","60021100"
"same_binary_100k","m2-direct-same-4","4","direct","100000","144","30738500","64157300"
"same_binary_100k","m2-direct-same-4","4","direct","100000","145","28909300","60548400"
"same_binary_100k","m2-direct-same-4","4","direct","100000","146","30020800","63679400"
"same_binary_100k","m2-direct-same-4","4","direct","100000","147","29375700","60388700"
"same_binary_100k","m2-direct-same-4","4","direct","100000","148","28755300","60643400"
"same_binary_100k","m2-direct-same-4","4","direct","100000","149","28928800","60488800"
"same_binary_100k","m2-direct-same-4","4","direct","100000","150","29104400","60314200"
"same_binary_100k","m2-direct-same-4","4","direct","100000","151","29025000","60071500"
"same_binary_100k","m2-direct-same-4","4","direct","100000","152","30830400","60913000"
"same_binary_100k","m2-direct-same-4","4","direct","100000","153","28718500","60657500"
"same_binary_100k","m2-direct-same-4","4","direct","100000","154","28542000","60287900"
"same_binary_100k","m2-direct-same-4","4","direct","100000","155","29077900","61282500"
"same_binary_100k","m2-direct-same-4","4","direct","100000","156","29704800","62278100"
"same_binary_100k","m2-direct-same-4","4","direct","100000","157","29445400","60855000"
"same_binary_100k","m2-direct-same-4","4","direct","100000","158","28214200","60012200"
"same_binary_100k","m2-direct-same-4","4","direct","100000","159","29785900","64837100"
"same_binary_100k","m2-direct-same-4","4","direct","100000","160","29113500","66034800"
"same_binary_100k","m2-direct-same-4","4","direct","100000","161","30208200","65831600"
"same_binary_100k","m2-direct-same-4","4","direct","100000","162","30131100","70128500"
"same_binary_100k","m2-direct-same-4","4","direct","100000","163","30031300","65455300"
"same_binary_100k","m2-direct-same-4","4","direct","100000","164","28651300","60717300"
"same_binary_100k","m2-direct-same-4","4","direct","100000","165","28750600","63067800"
"same_binary_100k","m2-direct-same-4","4","direct","100000","166","29714600","61500200"
"same_binary_100k","m2-direct-same-4","4","direct","100000","167","28769600","60362600"
"same_binary_100k","m2-direct-same-4","4","direct","100000","168","28359900","61364000"
"same_binary_100k","m2-direct-same-4","4","direct","100000","169","30134500","64909300"
"same_binary_100k","m2-direct-same-4","4","direct","100000","170","31862300","65247900"
"same_binary_100k","m2-direct-same-4","4","direct","100000","171","31572200","65290800"
"same_binary_100k","m2-direct-same-4","4","direct","100000","172","29842100","65432000"
"same_binary_100k","m2-direct-same-4","4","direct","100000","173","29401300","64705100"
"same_binary_100k","m2-direct-same-4","4","direct","100000","174","28715200","60933000"
"same_binary_100k","m2-direct-same-4","4","direct","100000","175","28779900","61193000"
"same_binary_100k","m2-direct-same-4","4","direct","100000","176","29643700","61596400"
"same_binary_100k","m2-direct-same-4","4","direct","100000","177","28714600","61185200"
"same_binary_100k","m2-direct-same-4","4","direct","100000","178","30263300","62598100"
"same_binary_100k","m2-direct-same-4","4","direct","100000","179","29010400","61062200"
"same_binary_100k","m2-direct-same-4","4","direct","100000","180","28982700","60576200"
"same_binary_100k","m2-direct-same-4","4","direct","100000","181","29665000","65370900"
"same_binary_100k","m2-direct-same-4","4","direct","100000","182","30354800","65703400"
"same_binary_100k","m2-direct-same-4","4","direct","100000","183","30621400","66276700"
"same_binary_100k","m2-direct-same-4","4","direct","100000","184","30771900","65755500"
"same_binary_100k","m2-direct-same-4","4","direct","100000","185","29774300","63871500"
"same_binary_100k","m2-direct-same-4","4","direct","100000","186","29220300","63195600"
"same_binary_100k","m2-direct-same-4","4","direct","100000","187","29832300","65287500"
"same_binary_100k","m2-direct-same-4","4","direct","100000","188","29179200","64211600"
"same_binary_100k","m2-direct-same-4","4","direct","100000","189","33188400","73361500"
"same_binary_100k","m2-direct-same-4","4","direct","100000","190","33141900","71427900"
"same_binary_100k","m2-direct-same-4","4","direct","100000","191","39007200","73960400"
"same_binary_100k","m2-direct-same-4","4","direct","100000","192","33070800","73809300"
"same_binary_100k","m2-direct-same-4","4","direct","100000","193","38738100","76708600"
"same_binary_100k","m2-direct-same-4","4","direct","100000","194","33896900","73651500"
"same_binary_100k","m2-direct-same-4","4","direct","100000","195","34773500","72251600"
"same_binary_100k","m2-direct-same-4","4","direct","100000","196","28460300","60998800"
"same_binary_100k","m2-direct-same-4","4","direct","100000","197","28501000","60552600"
"same_binary_100k","m2-direct-same-4","4","direct","100000","198","28648100","60937800"
"same_binary_100k","m2-direct-same-4","4","direct","100000","199","29357800","60681700"
"same_binary_100k","m2-direct-same-4","4","direct","100000","200","29113800","61462500"
"same_binary_100k","m2-direct-same-4","4","direct","100000","201","30495800","72539200"
"same_binary_100k","m2-direct-same-4","4","direct","100000","202","34760500","66823200"
"same_binary_100k","m2-direct-same-4","4","direct","100000","203","30209700","66582200"
"same_binary_100k","m2-direct-same-4","4","direct","100000","204","34293200","76188800"
"same_binary_100k","m2-direct-same-4","4","direct","100000","205","34234400","72582300"
"same_binary_100k","m2-direct-same-4","4","direct","100000","206","34010700","72107500"
"same_binary_100k","m2-direct-same-4","4","direct","100000","207","33776400","74358400"
"same_binary_100k","m2-direct-same-4","4","direct","100000","208","35280100","73006800"
"same_binary_100k","m2-direct-same-4","4","direct","100000","209","34197900","72918000"
"same_binary_100k","m2-direct-same-4","4","direct","100000","210","28517200","62102900"
"same_binary_100k","m2-direct-same-4","4","direct","100000","211","30762000","62605300"
"same_binary_100k","m2-direct-same-4","4","direct","100000","212","28650200","60260800"
"same_binary_100k","m2-direct-same-4","4","direct","100000","213","28950000","60704200"
"same_binary_100k","m2-direct-same-4","4","direct","100000","214","29833200","60969300"
"same_binary_100k","m2-direct-same-4","4","direct","100000","215","27824300","61222200"
"same_binary_100k","m2-direct-same-4","4","direct","100000","216","29323700","61510600"
"same_binary_100k","m2-direct-same-4","4","direct","100000","217","29167100","61343200"
"same_binary_100k","m2-direct-same-4","4","direct","100000","218","29350800","60932500"
"same_binary_100k","m2-direct-same-4","4","direct","100000","219","30421800","61378400"
"same_binary_100k","m2-direct-same-4","4","direct","100000","220","30257600","62625900"
"same_binary_100k","m2-direct-same-4","4","direct","100000","221","29400100","63563000"
"same_binary_100k","m2-direct-same-4","4","direct","100000","222","32594000","74632500"
"same_binary_100k","m2-direct-same-4","4","direct","100000","223","34589500","74306600"
"same_binary_100k","m2-direct-same-4","4","direct","100000","224","30733200","72487700"
"same_binary_100k","m2-direct-same-4","4","direct","100000","225","32633100","64585100"
"same_binary_100k","m2-direct-same-4","4","direct","100000","226","30835400","64319800"
"same_binary_100k","m2-direct-same-4","4","direct","100000","227","30901700","64640800"
"same_binary_100k","m2-direct-same-4","4","direct","100000","228","31028400","64471600"
"same_binary_100k","m2-direct-same-4","4","direct","100000","229","31098800","67379200"
"same_binary_100k","m2-direct-same-4","4","direct","100000","230","30795300","64046900"
"same_binary_100k","m2-direct-same-4","4","direct","100000","231","33476500","64388000"
"same_binary_100k","m2-direct-same-4","4","direct","100000","232","31519200","64305000"
"same_binary_100k","m2-direct-same-4","4","direct","100000","233","30815100","64592100"
"same_binary_100k","m2-direct-same-4","4","direct","100000","234","30158500","61797600"
"same_binary_100k","m2-direct-same-4","4","direct","100000","235","31416300","64261300"
"same_binary_100k","m2-direct-same-4","4","direct","100000","236","32145500","63474500"
"same_binary_100k","m2-direct-same-4","4","direct","100000","237","29892900","61639000"
"same_binary_100k","m2-direct-same-4","4","direct","100000","238","30022900","62094600"
"same_binary_100k","m2-direct-same-4","4","direct","100000","239","30377300","61535500"
"same_binary_100k","m2-direct-same-4","4","direct","100000","240","30283400","62359000"
"same_binary_100k","m2-direct-same-4","4","direct","100000","241","32047400","63520900"
"same_binary_100k","m2-direct-same-4","4","direct","100000","242","30516400","62556400"
"same_binary_100k","m2-direct-same-4","4","direct","100000","243","32184500","68882900"
"same_binary_100k","m2-direct-same-4","4","direct","100000","244","31508600","64474000"
"same_binary_100k","m2-direct-same-4","4","direct","100000","245","31686100","65900800"
"same_binary_100k","m2-direct-same-4","4","direct","100000","246","32147200","65224500"
"same_binary_100k","m2-direct-same-4","4","direct","100000","247","32079300","65479700"
"same_binary_100k","m2-direct-same-4","4","direct","100000","248","33538300","67532200"
"same_binary_100k","m2-direct-same-4","4","direct","100000","249","31759400","65658300"
"same_binary_100k","m2-direct-same-4","4","direct","100000","250","31591100","65452500"
"same_binary_100k","m2-direct-same-4","4","direct","100000","251","33849400","65956200"
"same_binary_100k","m2-direct-same-4","4","direct","100000","252","31874700","65385300"
"same_binary_100k","m2-direct-same-4","4","direct","100000","253","32604300","65802900"
"same_binary_100k","m2-direct-same-4","4","direct","100000","254","31655400","64657600"
"same_binary_100k","m2-direct-same-4","4","direct","100000","255","31744700","65539400"
"same_binary_100k","m2-direct-same-4","4","direct","100000","256","31701500","64586100"
"same_binary_10k","m2-direct-10k","1","direct","10000","65","2373300","4747000"
"same_binary_10k","m2-direct-10k","1","direct","10000","66","2312200","4511800"
"same_binary_10k","m2-direct-10k","1","direct","10000","67","2506500","4812700"
"same_binary_10k","m2-direct-10k","1","direct","10000","68","2766100","4477700"
"same_binary_10k","m2-direct-10k","1","direct","10000","69","2268800","4730400"
"same_binary_10k","m2-direct-10k","1","direct","10000","70","2296400","4594900"
"same_binary_10k","m2-direct-10k","1","direct","10000","71","2362700","4587800"
"same_binary_10k","m2-direct-10k","1","direct","10000","72","2338700","4511900"
"same_binary_10k","m2-direct-10k","1","direct","10000","73","2251700","4471800"
"same_binary_10k","m2-direct-10k","1","direct","10000","74","2372400","4458500"
"same_binary_10k","m2-direct-10k","1","direct","10000","75","2262500","4504700"
"same_binary_10k","m2-direct-10k","1","direct","10000","76","2311000","6050200"
"same_binary_10k","m2-direct-10k","1","direct","10000","77","2782100","4625300"
"same_binary_10k","m2-direct-10k","1","direct","10000","78","2644100","4687500"
"same_binary_10k","m2-direct-10k","1","direct","10000","79","2315600","4476800"
"same_binary_10k","m2-direct-10k","1","direct","10000","80","2262100","4646400"
"same_binary_10k","m2-direct-10k","1","direct","10000","81","2691400","4675700"
"same_binary_10k","m2-direct-10k","1","direct","10000","82","2336100","4638700"
"same_binary_10k","m2-direct-10k","1","direct","10000","83","2242100","4425900"
"same_binary_10k","m2-direct-10k","1","direct","10000","84","2957000","5048200"
"same_binary_10k","m2-direct-10k","1","direct","10000","85","2407100","4777000"
"same_binary_10k","m2-direct-10k","1","direct","10000","86","2437600","4719600"
"same_binary_10k","m2-direct-10k","1","direct","10000","87","2436800","4972600"
"same_binary_10k","m2-direct-10k","1","direct","10000","88","2659500","4893000"
"same_binary_10k","m2-direct-10k","1","direct","10000","89","3135400","5271400"
"same_binary_10k","m2-direct-10k","1","direct","10000","90","2345300","5624400"
"same_binary_10k","m2-direct-10k","1","direct","10000","91","2354100","5190300"
"same_binary_10k","m2-direct-10k","1","direct","10000","92","2241300","4883600"
"same_binary_10k","m2-direct-10k","1","direct","10000","93","2651700","4749700"
"same_binary_10k","m2-direct-10k","1","direct","10000","94","2739000","5418100"
"same_binary_10k","m2-direct-10k","1","direct","10000","95","2719100","4800900"
"same_binary_10k","m2-direct-10k","1","direct","10000","96","2589600","4913000"
"same_binary_10k","m2-direct-10k","1","direct","10000","97","2638300","4681000"
"same_binary_10k","m2-direct-10k","1","direct","10000","98","2581200","4744300"
"same_binary_10k","m2-direct-10k","1","direct","10000","99","3050800","4753400"
"same_binary_10k","m2-direct-10k","1","direct","10000","100","2615900","4663200"
"same_binary_10k","m2-direct-10k","1","direct","10000","101","2344900","4520600"
"same_binary_10k","m2-direct-10k","1","direct","10000","102","2719600","4690400"
"same_binary_10k","m2-direct-10k","1","direct","10000","103","2399600","4612200"
"same_binary_10k","m2-direct-10k","1","direct","10000","104","2390300","4463900"
"same_binary_10k","m2-direct-10k","1","direct","10000","105","2546400","4563200"
"same_binary_10k","m2-direct-10k","1","direct","10000","106","2298400","4967000"
"same_binary_10k","m2-direct-10k","1","direct","10000","107","3335100","5951800"
"same_binary_10k","m2-direct-10k","1","direct","10000","108","2696600","5088700"
"same_binary_10k","m2-direct-10k","1","direct","10000","109","2573000","5138200"
"same_binary_10k","m2-direct-10k","1","direct","10000","110","2547700","6366700"
"same_binary_10k","m2-direct-10k","1","direct","10000","111","3040700","4763700"
"same_binary_10k","m2-direct-10k","1","direct","10000","112","3021600","5037400"
"same_binary_10k","m2-direct-10k","1","direct","10000","113","2384200","4659700"
"same_binary_10k","m2-direct-10k","1","direct","10000","114","2590200","4894900"
"same_binary_10k","m2-direct-10k","1","direct","10000","115","3354400","4889300"
"same_binary_10k","m2-direct-10k","1","direct","10000","116","3114700","4866700"
"same_binary_10k","m2-direct-10k","1","direct","10000","117","2397800","4664500"
"same_binary_10k","m2-direct-10k","1","direct","10000","118","2519600","5101600"
"same_binary_10k","m2-direct-10k","1","direct","10000","119","2481900","5080600"
"same_binary_10k","m2-direct-10k","1","direct","10000","120","2758600","4950000"
"same_binary_10k","m2-direct-10k","1","direct","10000","121","2576400","4645000"
"same_binary_10k","m2-direct-10k","1","direct","10000","122","2409900","4712500"
"same_binary_10k","m2-direct-10k","1","direct","10000","123","3143400","5197900"
"same_binary_10k","m2-direct-10k","1","direct","10000","124","3989600","5532000"
"same_binary_10k","m2-direct-10k","1","direct","10000","125","2465000","5051000"
"same_binary_10k","m2-direct-10k","1","direct","10000","126","2732500","4949400"
"same_binary_10k","m2-direct-10k","1","direct","10000","127","3044000","4968700"
"same_binary_10k","m2-direct-10k","1","direct","10000","128","3351300","5205900"
"same_binary_10k","m2-direct-10k","1","direct","10000","129","2696500","5385200"
"same_binary_10k","m2-direct-10k","1","direct","10000","130","2653400","5590600"
"same_binary_10k","m2-direct-10k","1","direct","10000","131","3765500","4935700"
"same_binary_10k","m2-direct-10k","1","direct","10000","132","2437300","4792200"
"same_binary_10k","m2-direct-10k","1","direct","10000","133","2678800","5498200"
"same_binary_10k","m2-direct-10k","1","direct","10000","134","2488600","4794000"
"same_binary_10k","m2-direct-10k","1","direct","10000","135","2476600","4876800"
"same_binary_10k","m2-direct-10k","1","direct","10000","136","2557300","4672900"
"same_binary_10k","m2-direct-10k","1","direct","10000","137","2421600","4738200"
"same_binary_10k","m2-direct-10k","1","direct","10000","138","2375900","4523500"
"same_binary_10k","m2-direct-10k","1","direct","10000","139","2752200","4766100"
"same_binary_10k","m2-direct-10k","1","direct","10000","140","3148600","4795900"
"same_binary_10k","m2-direct-10k","1","direct","10000","141","3000900","4825000"
"same_binary_10k","m2-direct-10k","1","direct","10000","142","2365400","4794500"
"same_binary_10k","m2-direct-10k","1","direct","10000","143","2395600","4845100"
"same_binary_10k","m2-direct-10k","1","direct","10000","144","2558500","4813800"
"same_binary_10k","m2-direct-10k","1","direct","10000","145","2428000","4789500"
"same_binary_10k","m2-direct-10k","1","direct","10000","146","2426800","4603100"
"same_binary_10k","m2-direct-10k","1","direct","10000","147","2405500","4580600"
"same_binary_10k","m2-direct-10k","1","direct","10000","148","2556100","4595500"
"same_binary_10k","m2-direct-10k","1","direct","10000","149","2523700","4608400"
"same_binary_10k","m2-direct-10k","1","direct","10000","150","2510300","4525300"
"same_binary_10k","m2-direct-10k","1","direct","10000","151","2365700","4516300"
"same_binary_10k","m2-direct-10k","1","direct","10000","152","2358300","4689100"
"same_binary_10k","m2-direct-10k","1","direct","10000","153","2403100","4530700"
"same_binary_10k","m2-direct-10k","1","direct","10000","154","2385200","4812400"
"same_binary_10k","m2-direct-10k","1","direct","10000","155","2517800","4644500"
"same_binary_10k","m2-direct-10k","1","direct","10000","156","2377400","4740400"
"same_binary_10k","m2-direct-10k","1","direct","10000","157","2374800","4539600"
"same_binary_10k","m2-direct-10k","1","direct","10000","158","2346600","4673000"
"same_binary_10k","m2-direct-10k","1","direct","10000","159","2488800","4631700"
"same_binary_10k","m2-direct-10k","1","direct","10000","160","2598400","5061100"
"same_binary_10k","m2-direct-10k","1","direct","10000","161","2709400","4603900"
"same_binary_10k","m2-direct-10k","1","direct","10000","162","2379800","4573500"
"same_binary_10k","m2-direct-10k","1","direct","10000","163","2636300","4698100"
"same_binary_10k","m2-direct-10k","1","direct","10000","164","2376000","4502300"
"same_binary_10k","m2-direct-10k","1","direct","10000","165","2557500","4583100"
"same_binary_10k","m2-direct-10k","1","direct","10000","166","2450400","4677000"
"same_binary_10k","m2-direct-10k","1","direct","10000","167","2607800","4814500"
"same_binary_10k","m2-direct-10k","1","direct","10000","168","2369700","4542800"
"same_binary_10k","m2-direct-10k","1","direct","10000","169","3418200","4726300"
"same_binary_10k","m2-direct-10k","1","direct","10000","170","3102200","4532700"
"same_binary_10k","m2-direct-10k","1","direct","10000","171","3518600","4844900"
"same_binary_10k","m2-direct-10k","1","direct","10000","172","2561900","4590100"
"same_binary_10k","m2-direct-10k","1","direct","10000","173","2580200","4528800"
"same_binary_10k","m2-direct-10k","1","direct","10000","174","2337700","4515000"
"same_binary_10k","m2-direct-10k","1","direct","10000","175","2365700","4553500"
"same_binary_10k","m2-direct-10k","1","direct","10000","176","2463300","4626400"
"same_binary_10k","m2-direct-10k","1","direct","10000","177","2367500","4931500"
"same_binary_10k","m2-direct-10k","1","direct","10000","178","2390300","4537900"
"same_binary_10k","m2-direct-10k","1","direct","10000","179","2428500","4888700"
"same_binary_10k","m2-direct-10k","1","direct","10000","180","2797500","4671400"
"same_binary_10k","m2-direct-10k","1","direct","10000","181","2588800","4811600"
"same_binary_10k","m2-direct-10k","1","direct","10000","182","2410100","4579200"
"same_binary_10k","m2-direct-10k","1","direct","10000","183","2361600","4778200"
"same_binary_10k","m2-direct-10k","1","direct","10000","184","2354100","4664700"
"same_binary_10k","m2-direct-10k","1","direct","10000","185","2578700","4965400"
"same_binary_10k","m2-direct-10k","1","direct","10000","186","2425500","4604100"
"same_binary_10k","m2-direct-10k","1","direct","10000","187","2377100","4576700"
"same_binary_10k","m2-direct-10k","1","direct","10000","188","2595500","4582400"
"same_binary_10k","m2-direct-10k","1","direct","10000","189","2344200","4601600"
"same_binary_10k","m2-direct-10k","1","direct","10000","190","2697300","4712200"
"same_binary_10k","m2-direct-10k","1","direct","10000","191","2477500","4716600"
"same_binary_10k","m2-direct-10k","1","direct","10000","192","2553300","4590300"
"same_binary_10k","m2-direct-10k","1","direct","10000","193","2594900","4680900"
"same_binary_10k","m2-direct-10k","1","direct","10000","194","2809600","5084300"
"same_binary_10k","m2-direct-10k","1","direct","10000","195","2444600","4716700"
"same_binary_10k","m2-direct-10k","1","direct","10000","196","2612500","4688600"
"same_binary_10k","m2-direct-10k","1","direct","10000","197","2453400","4677300"
"same_binary_10k","m2-direct-10k","1","direct","10000","198","2605800","4923500"
"same_binary_10k","m2-direct-10k","1","direct","10000","199","3035100","4773300"
"same_binary_10k","m2-direct-10k","1","direct","10000","200","3033900","4782000"
"same_binary_10k","m2-direct-10k","1","direct","10000","201","2535400","4673500"
"same_binary_10k","m2-direct-10k","1","direct","10000","202","2555100","4858800"
"same_binary_10k","m2-direct-10k","1","direct","10000","203","2498700","4707700"
"same_binary_10k","m2-direct-10k","1","direct","10000","204","2643700","4692700"
"same_binary_10k","m2-direct-10k","1","direct","10000","205","2490200","4688700"
"same_binary_10k","m2-direct-10k","1","direct","10000","206","2413000","4736100"
"same_binary_10k","m2-direct-10k","1","direct","10000","207","2486800","4747900"
"same_binary_10k","m2-direct-10k","1","direct","10000","208","2436200","4774400"
"same_binary_10k","m2-direct-10k","1","direct","10000","209","2447100","4711300"
"same_binary_10k","m2-direct-10k","1","direct","10000","210","2422800","4863100"
"same_binary_10k","m2-direct-10k","1","direct","10000","211","2922900","4922700"
"same_binary_10k","m2-direct-10k","1","direct","10000","212","2560400","4851000"
"same_binary_10k","m2-direct-10k","1","direct","10000","213","2421300","4729200"
"same_binary_10k","m2-direct-10k","1","direct","10000","214","2839300","5501200"
"same_binary_10k","m2-direct-10k","1","direct","10000","215","3083400","4983600"
"same_binary_10k","m2-direct-10k","1","direct","10000","216","2491800","5140600"
"same_binary_10k","m2-direct-10k","1","direct","10000","217","2559800","4787900"
"same_binary_10k","m2-direct-10k","1","direct","10000","218","3034200","4830600"
"same_binary_10k","m2-direct-10k","1","direct","10000","219","2845200","5139500"
"same_binary_10k","m2-direct-10k","1","direct","10000","220","2645200","5025600"
"same_binary_10k","m2-direct-10k","1","direct","10000","221","2580200","4813400"
"same_binary_10k","m2-direct-10k","1","direct","10000","222","2688800","4848800"
"same_binary_10k","m2-direct-10k","1","direct","10000","223","2522300","4970700"
"same_binary_10k","m2-direct-10k","1","direct","10000","224","2793300","5252200"
"same_binary_10k","m2-direct-10k","1","direct","10000","225","2518500","4794800"
"same_binary_10k","m2-direct-10k","1","direct","10000","226","2558600","4924300"
"same_binary_10k","m2-direct-10k","1","direct","10000","227","2523600","4822900"
"same_binary_10k","m2-direct-10k","1","direct","10000","228","2760000","4991100"
"same_binary_10k","m2-direct-10k","1","direct","10000","229","2595200","4872500"
"same_binary_10k","m2-direct-10k","1","direct","10000","230","2715000","4902300"
"same_binary_10k","m2-direct-10k","1","direct","10000","231","2567200","4795200"
"same_binary_10k","m2-direct-10k","1","direct","10000","232","3100500","5017500"
"same_binary_10k","m2-direct-10k","1","direct","10000","233","2567200","4946200"
"same_binary_10k","m2-direct-10k","1","direct","10000","234","2834900","4823300"
"same_binary_10k","m2-direct-10k","1","direct","10000","235","2541800","6416900"
"same_binary_10k","m2-direct-10k","1","direct","10000","236","2592900","6009200"
"same_binary_10k","m2-direct-10k","1","direct","10000","237","2895600","5478800"
"same_binary_10k","m2-direct-10k","1","direct","10000","238","3034800","5302800"
"same_binary_10k","m2-direct-10k","1","direct","10000","239","3216900","5423100"
"same_binary_10k","m2-direct-10k","1","direct","10000","240","3642300","5277000"
"same_binary_10k","m2-direct-10k","1","direct","10000","241","3209700","5253800"
"same_binary_10k","m2-direct-10k","1","direct","10000","242","2616300","5546500"
"same_binary_10k","m2-direct-10k","1","direct","10000","243","2971000","5430000"
"same_binary_10k","m2-direct-10k","1","direct","10000","244","2704200","4987200"
"same_binary_10k","m2-direct-10k","1","direct","10000","245","3194700","4995900"
"same_binary_10k","m2-direct-10k","1","direct","10000","246","2730800","4826200"
"same_binary_10k","m2-direct-10k","1","direct","10000","247","2544600","4899300"
"same_binary_10k","m2-direct-10k","1","direct","10000","248","2619100","4859000"
"same_binary_10k","m2-direct-10k","1","direct","10000","249","2624400","5026300"
"same_binary_10k","m2-direct-10k","1","direct","10000","250","2545100","5279300"
"same_binary_10k","m2-direct-10k","1","direct","10000","251","2549800","5046900"
"same_binary_10k","m2-direct-10k","1","direct","10000","252","2979600","5742400"
"same_binary_10k","m2-direct-10k","1","direct","10000","253","3548700","5784900"
"same_binary_10k","m2-direct-10k","1","direct","10000","254","2870800","5359500"
"same_binary_10k","m2-direct-10k","1","direct","10000","255","4352200","5989100"
"same_binary_10k","m2-direct-10k","1","direct","10000","256","3548300","5611700"
"same_binary_10k","m2-skip-10k","2","skip","10000","65","2305100","4606500"
"same_binary_10k","m2-skip-10k","2","skip","10000","66","2945900","5287900"
"same_binary_10k","m2-skip-10k","2","skip","10000","67","2396600","4952400"
"same_binary_10k","m2-skip-10k","2","skip","10000","68","2242200","4544800"
"same_binary_10k","m2-skip-10k","2","skip","10000","69","2190300","4744800"
"same_binary_10k","m2-skip-10k","2","skip","10000","70","2282100","4647800"
"same_binary_10k","m2-skip-10k","2","skip","10000","71","2223800","4804200"
"same_binary_10k","m2-skip-10k","2","skip","10000","72","2234200","4501600"
"same_binary_10k","m2-skip-10k","2","skip","10000","73","2176300","4460400"
"same_binary_10k","m2-skip-10k","2","skip","10000","74","2324400","4467700"
"same_binary_10k","m2-skip-10k","2","skip","10000","75","2185600","4455800"
"same_binary_10k","m2-skip-10k","2","skip","10000","76","2190800","4540400"
"same_binary_10k","m2-skip-10k","2","skip","10000","77","2229400","4509000"
"same_binary_10k","m2-skip-10k","2","skip","10000","78","2136600","4725200"
"same_binary_10k","m2-skip-10k","2","skip","10000","79","2201600","4634700"
"same_binary_10k","m2-skip-10k","2","skip","10000","80","2280300","4819300"
"same_binary_10k","m2-skip-10k","2","skip","10000","81","2238000","4464100"
"same_binary_10k","m2-skip-10k","2","skip","10000","82","2159800","4437500"
"same_binary_10k","m2-skip-10k","2","skip","10000","83","2409000","4479200"
"same_binary_10k","m2-skip-10k","2","skip","10000","84","2437900","4593600"
"same_binary_10k","m2-skip-10k","2","skip","10000","85","2491500","4554900"
"same_binary_10k","m2-skip-10k","2","skip","10000","86","2284100","4580300"
"same_binary_10k","m2-skip-10k","2","skip","10000","87","2256200","4649000"
"same_binary_10k","m2-skip-10k","2","skip","10000","88","2183300","4436900"
"same_binary_10k","m2-skip-10k","2","skip","10000","89","2281500","4731200"
"same_binary_10k","m2-skip-10k","2","skip","10000","90","2161700","4479000"
"same_binary_10k","m2-skip-10k","2","skip","10000","91","2172400","4589300"
"same_binary_10k","m2-skip-10k","2","skip","10000","92","2354200","4462400"
"same_binary_10k","m2-skip-10k","2","skip","10000","93","2208700","4548500"
"same_binary_10k","m2-skip-10k","2","skip","10000","94","2512800","5856100"
"same_binary_10k","m2-skip-10k","2","skip","10000","95","2265100","4585400"
"same_binary_10k","m2-skip-10k","2","skip","10000","96","2348700","4645600"
"same_binary_10k","m2-skip-10k","2","skip","10000","97","2364600","4631600"
"same_binary_10k","m2-skip-10k","2","skip","10000","98","2507800","4747300"
"same_binary_10k","m2-skip-10k","2","skip","10000","99","2420100","4575400"
"same_binary_10k","m2-skip-10k","2","skip","10000","100","2189400","4822300"
"same_binary_10k","m2-skip-10k","2","skip","10000","101","2300500","4554900"
"same_binary_10k","m2-skip-10k","2","skip","10000","102","2200900","4829800"
"same_binary_10k","m2-skip-10k","2","skip","10000","103","2302000","4524500"
"same_binary_10k","m2-skip-10k","2","skip","10000","104","2327900","4742200"
"same_binary_10k","m2-skip-10k","2","skip","10000","105","2477200","4529300"
"same_binary_10k","m2-skip-10k","2","skip","10000","106","2279200","4509500"
"same_binary_10k","m2-skip-10k","2","skip","10000","107","2207800","4773000"
"same_binary_10k","m2-skip-10k","2","skip","10000","108","2391300","4682200"
"same_binary_10k","m2-skip-10k","2","skip","10000","109","2639500","4631300"
"same_binary_10k","m2-skip-10k","2","skip","10000","110","2393700","4544800"
"same_binary_10k","m2-skip-10k","2","skip","10000","111","2533800","4626000"
"same_binary_10k","m2-skip-10k","2","skip","10000","112","2590000","4859800"
"same_binary_10k","m2-skip-10k","2","skip","10000","113","2402000","4775700"
"same_binary_10k","m2-skip-10k","2","skip","10000","114","2327100","4535900"
"same_binary_10k","m2-skip-10k","2","skip","10000","115","2245100","4655800"
"same_binary_10k","m2-skip-10k","2","skip","10000","116","2240500","4560300"
"same_binary_10k","m2-skip-10k","2","skip","10000","117","2236800","4731400"
"same_binary_10k","m2-skip-10k","2","skip","10000","118","2326200","4592600"
"same_binary_10k","m2-skip-10k","2","skip","10000","119","3003600","4797100"
"same_binary_10k","m2-skip-10k","2","skip","10000","120","2516000","4581600"
"same_binary_10k","m2-skip-10k","2","skip","10000","121","2272600","4563700"
"same_binary_10k","m2-skip-10k","2","skip","10000","122","2508800","4653400"
"same_binary_10k","m2-skip-10k","2","skip","10000","123","2801600","4656800"
"same_binary_10k","m2-skip-10k","2","skip","10000","124","2925000","4610300"
"same_binary_10k","m2-skip-10k","2","skip","10000","125","2260600","4581400"
"same_binary_10k","m2-skip-10k","2","skip","10000","126","2380400","4642600"
"same_binary_10k","m2-skip-10k","2","skip","10000","127","2285000","4529700"
"same_binary_10k","m2-skip-10k","2","skip","10000","128","2234000","4665200"
"same_binary_10k","m2-skip-10k","2","skip","10000","129","3122500","5024700"
"same_binary_10k","m2-skip-10k","2","skip","10000","130","3086100","4726800"
"same_binary_10k","m2-skip-10k","2","skip","10000","131","2385900","4698300"
"same_binary_10k","m2-skip-10k","2","skip","10000","132","2365700","5000100"
"same_binary_10k","m2-skip-10k","2","skip","10000","133","2597900","5631300"
"same_binary_10k","m2-skip-10k","2","skip","10000","134","2995200","5023400"
"same_binary_10k","m2-skip-10k","2","skip","10000","135","2513200","4862500"
"same_binary_10k","m2-skip-10k","2","skip","10000","136","2574200","5003400"
"same_binary_10k","m2-skip-10k","2","skip","10000","137","2361100","5137600"
"same_binary_10k","m2-skip-10k","2","skip","10000","138","2972100","5500600"
"same_binary_10k","m2-skip-10k","2","skip","10000","139","3411000","5232900"
"same_binary_10k","m2-skip-10k","2","skip","10000","140","2693100","4867800"
"same_binary_10k","m2-skip-10k","2","skip","10000","141","2536800","5806800"
"same_binary_10k","m2-skip-10k","2","skip","10000","142","2444500","5774400"
"same_binary_10k","m2-skip-10k","2","skip","10000","143","2434000","5236200"
"same_binary_10k","m2-skip-10k","2","skip","10000","144","2283800","4927400"
"same_binary_10k","m2-skip-10k","2","skip","10000","145","2645400","4732600"
"same_binary_10k","m2-skip-10k","2","skip","10000","146","2736900","4809700"
"same_binary_10k","m2-skip-10k","2","skip","10000","147","2311500","4699200"
"same_binary_10k","m2-skip-10k","2","skip","10000","148","2259300","4588400"
"same_binary_10k","m2-skip-10k","2","skip","10000","149","2334400","4713000"
"same_binary_10k","m2-skip-10k","2","skip","10000","150","2280800","4658300"
"same_binary_10k","m2-skip-10k","2","skip","10000","151","2315200","4917100"
"same_binary_10k","m2-skip-10k","2","skip","10000","152","2488500","4759200"
"same_binary_10k","m2-skip-10k","2","skip","10000","153","2437100","4871000"
"same_binary_10k","m2-skip-10k","2","skip","10000","154","2314800","4607100"
"same_binary_10k","m2-skip-10k","2","skip","10000","155","3134900","4920300"
"same_binary_10k","m2-skip-10k","2","skip","10000","156","2502100","4590800"
"same_binary_10k","m2-skip-10k","2","skip","10000","157","2309300","4569700"
"same_binary_10k","m2-skip-10k","2","skip","10000","158","2491100","4646900"
"same_binary_10k","m2-skip-10k","2","skip","10000","159","2341700","4707300"
"same_binary_10k","m2-skip-10k","2","skip","10000","160","2476800","4655700"
"same_binary_10k","m2-skip-10k","2","skip","10000","161","2307200","4584300"
"same_binary_10k","m2-skip-10k","2","skip","10000","162","2291900","4538900"
"same_binary_10k","m2-skip-10k","2","skip","10000","163","2369300","4675400"
"same_binary_10k","m2-skip-10k","2","skip","10000","164","2353000","4857400"
"same_binary_10k","m2-skip-10k","2","skip","10000","165","2571800","4647800"
"same_binary_10k","m2-skip-10k","2","skip","10000","166","2357000","4740000"
"same_binary_10k","m2-skip-10k","2","skip","10000","167","2321300","4672700"
"same_binary_10k","m2-skip-10k","2","skip","10000","168","2326900","4661300"
"same_binary_10k","m2-skip-10k","2","skip","10000","169","2375800","4710400"
"same_binary_10k","m2-skip-10k","2","skip","10000","170","2312900","4739000"
"same_binary_10k","m2-skip-10k","2","skip","10000","171","2412600","4744900"
"same_binary_10k","m2-skip-10k","2","skip","10000","172","2330400","4732200"
"same_binary_10k","m2-skip-10k","2","skip","10000","173","2349000","4671600"
"same_binary_10k","m2-skip-10k","2","skip","10000","174","2357600","4547900"
"same_binary_10k","m2-skip-10k","2","skip","10000","175","2464200","4560000"
"same_binary_10k","m2-skip-10k","2","skip","10000","176","2278800","4524500"
"same_binary_10k","m2-skip-10k","2","skip","10000","177","2388700","4650300"
"same_binary_10k","m2-skip-10k","2","skip","10000","178","2398100","4576700"
"same_binary_10k","m2-skip-10k","2","skip","10000","179","2284300","4795100"
"same_binary_10k","m2-skip-10k","2","skip","10000","180","2396100","4535400"
"same_binary_10k","m2-skip-10k","2","skip","10000","181","2355900","4678500"
"same_binary_10k","m2-skip-10k","2","skip","10000","182","2310000","4574200"
"same_binary_10k","m2-skip-10k","2","skip","10000","183","2319600","4723100"
"same_binary_10k","m2-skip-10k","2","skip","10000","184","2315100","4557700"
"same_binary_10k","m2-skip-10k","2","skip","10000","185","2290100","4511000"
"same_binary_10k","m2-skip-10k","2","skip","10000","186","2443100","4551400"
"same_binary_10k","m2-skip-10k","2","skip","10000","187","2324800","4563000"
"same_binary_10k","m2-skip-10k","2","skip","10000","188","2377100","4788900"
"same_binary_10k","m2-skip-10k","2","skip","10000","189","2474500","4704600"
"same_binary_10k","m2-skip-10k","2","skip","10000","190","2351700","4746300"
"same_binary_10k","m2-skip-10k","2","skip","10000","191","2522000","4760100"
"same_binary_10k","m2-skip-10k","2","skip","10000","192","2401600","4915100"
"same_binary_10k","m2-skip-10k","2","skip","10000","193","2837000","4747700"
"same_binary_10k","m2-skip-10k","2","skip","10000","194","2736500","5089100"
"same_binary_10k","m2-skip-10k","2","skip","10000","195","2751700","4775300"
"same_binary_10k","m2-skip-10k","2","skip","10000","196","2541800","4669000"
"same_binary_10k","m2-skip-10k","2","skip","10000","197","2624700","4717300"
"same_binary_10k","m2-skip-10k","2","skip","10000","198","2397000","4705900"
"same_binary_10k","m2-skip-10k","2","skip","10000","199","2639100","4797400"
"same_binary_10k","m2-skip-10k","2","skip","10000","200","2485100","4744000"
"same_binary_10k","m2-skip-10k","2","skip","10000","201","2575300","4685100"
"same_binary_10k","m2-skip-10k","2","skip","10000","202","2397900","4770000"
"same_binary_10k","m2-skip-10k","2","skip","10000","203","2547700","4791500"
"same_binary_10k","m2-skip-10k","2","skip","10000","204","2466200","4731300"
"same_binary_10k","m2-skip-10k","2","skip","10000","205","2358000","4959200"
"same_binary_10k","m2-skip-10k","2","skip","10000","206","2435900","4665500"
"same_binary_10k","m2-skip-10k","2","skip","10000","207","2384500","4841800"
"same_binary_10k","m2-skip-10k","2","skip","10000","208","2415100","4613500"
"same_binary_10k","m2-skip-10k","2","skip","10000","209","2371400","4802800"
"same_binary_10k","m2-skip-10k","2","skip","10000","210","2376600","4773200"
"same_binary_10k","m2-skip-10k","2","skip","10000","211","2412200","4883300"
"same_binary_10k","m2-skip-10k","2","skip","10000","212","2328700","4613100"
"same_binary_10k","m2-skip-10k","2","skip","10000","213","2407000","4919200"
"same_binary_10k","m2-skip-10k","2","skip","10000","214","2836000","5410100"
"same_binary_10k","m2-skip-10k","2","skip","10000","215","2536400","5031000"
"same_binary_10k","m2-skip-10k","2","skip","10000","216","2439500","4888700"
"same_binary_10k","m2-skip-10k","2","skip","10000","217","2514900","4965400"
"same_binary_10k","m2-skip-10k","2","skip","10000","218","2513200","4896200"
"same_binary_10k","m2-skip-10k","2","skip","10000","219","2446300","5099200"
"same_binary_10k","m2-skip-10k","2","skip","10000","220","2433800","4995800"
"same_binary_10k","m2-skip-10k","2","skip","10000","221","3367300","5169100"
"same_binary_10k","m2-skip-10k","2","skip","10000","222","3286500","5135300"
"same_binary_10k","m2-skip-10k","2","skip","10000","223","3301000","5881700"
"same_binary_10k","m2-skip-10k","2","skip","10000","224","3458400","5609200"
"same_binary_10k","m2-skip-10k","2","skip","10000","225","3130800","5440000"
"same_binary_10k","m2-skip-10k","2","skip","10000","226","2528200","5388100"
"same_binary_10k","m2-skip-10k","2","skip","10000","227","3096000","5420000"
"same_binary_10k","m2-skip-10k","2","skip","10000","228","2790600","6087300"
"same_binary_10k","m2-skip-10k","2","skip","10000","229","2538600","5377100"
"same_binary_10k","m2-skip-10k","2","skip","10000","230","2829900","5385100"
"same_binary_10k","m2-skip-10k","2","skip","10000","231","2869400","4863200"
"same_binary_10k","m2-skip-10k","2","skip","10000","232","2590600","5095300"
"same_binary_10k","m2-skip-10k","2","skip","10000","233","2543000","4852800"
"same_binary_10k","m2-skip-10k","2","skip","10000","234","2685700","4950400"
"same_binary_10k","m2-skip-10k","2","skip","10000","235","2502200","4868000"
"same_binary_10k","m2-skip-10k","2","skip","10000","236","2480100","5089800"
"same_binary_10k","m2-skip-10k","2","skip","10000","237","2536400","4806900"
"same_binary_10k","m2-skip-10k","2","skip","10000","238","2422600","4937100"
"same_binary_10k","m2-skip-10k","2","skip","10000","239","2460100","4766000"
"same_binary_10k","m2-skip-10k","2","skip","10000","240","2448400","5030500"
"same_binary_10k","m2-skip-10k","2","skip","10000","241","2543600","4986100"
"same_binary_10k","m2-skip-10k","2","skip","10000","242","2437500","5044500"
"same_binary_10k","m2-skip-10k","2","skip","10000","243","2429800","4758800"
"same_binary_10k","m2-skip-10k","2","skip","10000","244","2405000","5013500"
"same_binary_10k","m2-skip-10k","2","skip","10000","245","2578000","5094800"
"same_binary_10k","m2-skip-10k","2","skip","10000","246","2596600","5197600"
"same_binary_10k","m2-skip-10k","2","skip","10000","247","2479400","5025300"
"same_binary_10k","m2-skip-10k","2","skip","10000","248","2512500","5096800"
"same_binary_10k","m2-skip-10k","2","skip","10000","249","2578900","4951800"
"same_binary_10k","m2-skip-10k","2","skip","10000","250","2575400","5309900"
"same_binary_10k","m2-skip-10k","2","skip","10000","251","2511700","4849400"
"same_binary_10k","m2-skip-10k","2","skip","10000","252","2472200","5019500"
"same_binary_10k","m2-skip-10k","2","skip","10000","253","2814300","5330900"
"same_binary_10k","m2-skip-10k","2","skip","10000","254","2581400","5101500"
"same_binary_10k","m2-skip-10k","2","skip","10000","255","2610400","4978400"
"same_binary_10k","m2-skip-10k","2","skip","10000","256","2588300","5132100"
